
--- run 2026-09-04T20:40:27Z ---
System check starting...
Preparing loaders and cache...
Proactive Stale CAS cleanup starting...
Proactive Stale CAS cleanup: cleaning 100 kinds (timeout 2m0s)...
Proactive Stale CAS cleanup: account (1/100)...
Proactive Stale CAS cleanup: agent_architecture (2/100)...
Proactive Stale CAS cleanup: agent_feed (3/100)...
Proactive Stale CAS cleanup: agent_onboarding_preparation (4/100)...
Proactive Stale CAS cleanup: agent_skill (5/100)...
Proactive Stale CAS cleanup: agent_task (6/100)...
Proactive Stale CAS cleanup: api_spec (7/100)...
Proactive Stale CAS cleanup: auth_strategy (8/100)...
Proactive Stale CAS cleanup: base_sampler (10/100)...
Proactive Stale CAS cleanup: backlog_item (9/100)...
Proactive Stale CAS cleanup: brand (11/100)...
Proactive Stale CAS cleanup: capability (13/100)...
Proactive Stale CAS cleanup: bucketing_strategy (12/100)...
Proactive Stale CAS cleanup: capacity_advertisement (14/100)...
Proactive Stale CAS cleanup: command_spec (16/100)...
Proactive Stale CAS cleanup: certificate (15/100)...
Proactive Stale CAS cleanup: compute_advertisement (18/100)...
Proactive Stale CAS cleanup: component (17/100)...
Proactive Stale CAS cleanup: context_refresh_schedule (19/100)...
Proactive Stale CAS cleanup: convergence_session (20/100)...
Proactive Stale CAS cleanup: corporate_initiative (21/100)...
Proactive Stale CAS cleanup: criteria (22/100)...
Proactive Stale CAS cleanup: decision (23/100)...
Proactive Stale CAS cleanup: department (24/100)...
Proactive Stale CAS cleanup: digital_asset (25/100)...
Proactive Stale CAS cleanup: division (26/100)...
Proactive Stale CAS cleanup: doc_entry (27/100)...
Proactive Stale CAS cleanup: domain_registry (28/100)...
Proactive Stale CAS cleanup: fission_event (31/100)...
Proactive Stale CAS cleanup: field_registry (30/100)...
Proactive Stale CAS cleanup: evolution_management (29/100)...
Proactive Stale CAS cleanup: glossary_term (32/100)...
Proactive Stale CAS cleanup: glossary_term_relation (33/100)...
Proactive Stale CAS cleanup: goal (34/100)...
Proactive Stale CAS cleanup: import_tracking (35/100)...
Proactive Stale CAS cleanup: important_date (36/100)...
Proactive Stale CAS cleanup: inference_heuristic (37/100)...
Proactive Stale CAS cleanup: keystore_entry (38/100)...
Proactive Stale CAS cleanup: kind_synonym (39/100)...
Proactive Stale CAS cleanup: library (40/100)...
Proactive Stale CAS cleanup: list_metric_sampler (41/100)...
Proactive Stale CAS cleanup: mcp_spec (42/100)...
Proactive Stale CAS cleanup: metrics_feedback (44/100)...
Proactive Stale CAS cleanup: metadata_package (43/100)...
Proactive Stale CAS cleanup: milestone (45/100)...
Proactive Stale CAS cleanup: mission (46/100)...
Proactive Stale CAS cleanup: namespace (47/100)...
Proactive Stale CAS cleanup: namespace_registry (48/100)...
Proactive Stale CAS cleanup: object_spec (49/100)...
Proactive Stale CAS cleanup: ordered_list_metric_sampler (50/100)...
Proactive Stale CAS cleanup: organization (51/100)...
Proactive Stale CAS cleanup: organizational_change (52/100)...
Proactive Stale CAS cleanup: partnership (53/100)...
Proactive Stale CAS cleanup: persona (54/100)...
Proactive Stale CAS cleanup: pipeline (55/100)...
Proactive Stale CAS cleanup: pipeline_definition (56/100)...
Proactive Stale CAS cleanup: pipeline_stage (58/100)...
Proactive Stale CAS cleanup: pipeline_execution (57/100)...
Proactive Stale CAS cleanup: policy (59/100)...
Proactive Stale CAS cleanup: process_hygiene_rule (61/100)...
Proactive Stale CAS cleanup: priority_plan (60/100)...
Proactive Stale CAS cleanup: prompt_template (62/100)...
Proactive Stale CAS cleanup: provider_profile (63/100)...
Proactive Stale CAS cleanup: qa_success (64/100)...
Proactive Stale CAS cleanup: question (65/100)...
Proactive Stale CAS cleanup: remote_kernel (67/100)...
Proactive Stale CAS cleanup: release (66/100)...
Proactive Stale CAS cleanup: requirement (68/100)...
Proactive Stale CAS cleanup: resolver (69/100)...
Proactive Stale CAS cleanup: risk_blocker (70/100)...
Proactive Stale CAS cleanup: roadmap (71/100)...
Proactive Stale CAS cleanup: role (72/100)...
Proactive Stale CAS cleanup: rollback_report (73/100)...
Proactive Stale CAS cleanup: rule (74/100)...
Proactive Stale CAS cleanup: scalar_metric_sampler (76/100)...
Proactive Stale CAS cleanup: sampler_profile (75/100)...
Proactive Stale CAS cleanup: scenario (77/100)...
Proactive Stale CAS cleanup: scheduler_handler_binding (78/100)...
Proactive Stale CAS cleanup: shockwave_router (79/100)...
Proactive Stale CAS cleanup: stakeholder_profile (80/100)...
Proactive Stale CAS cleanup: status_history_metric_sampler (81/100)...
Proactive Stale CAS cleanup: strategic_context (82/100)...
Proactive Stale CAS cleanup: strategic_plan (83/100)...
Proactive Stale CAS cleanup: team (84/100)...
Proactive Stale CAS cleanup: team_configuration (85/100)...
Proactive Stale CAS cleanup: technical_debt (86/100)...
Proactive Stale CAS cleanup: technical_spec (87/100)...
Proactive Stale CAS cleanup: template (88/100)...
Proactive Stale CAS cleanup: test_case (89/100)...
Proactive Stale CAS cleanup: translation_manifest (91/100)...
Proactive Stale CAS cleanup: test_command_rule (90/100)...
Proactive Stale CAS cleanup: validation_rule (92/100)...
Proactive Stale CAS cleanup: vitality_report (95/100)...
Proactive Stale CAS cleanup: visual_plan (94/100)...
Proactive Stale CAS cleanup: vision (93/100)...
Proactive Stale CAS cleanup: vocabulary_scheme (96/100)...
Proactive Stale CAS cleanup: watchdog_registration (97/100)...
Proactive Stale CAS cleanup: workflow (98/100)...
Proactive Stale CAS cleanup: workstream (99/100)...
Proactive Stale CAS cleanup: workstream_transition (100/100)...
Loaders starting...
Loaders ready.
Loading object ID cache...
Warming CAS indexes...
Merging CAS indexes for 46 kinds...
CAS indexes warmed
Cache ready, starting validator...
Discovery starting...
Starting discovery across 100 kinds...
Validating 8857 objects (from docs/process/ via object ID cache)...
Progress: [=======                                           ] 15.9% (1405/8857, queue: 7436) 1.4k/s (validating, workers: 16, goroutines: 17) - 1s
Progress: [===================                               ] 38.1% (3371/8857, queue: 5470) 1.7k/s (validating, workers: 16, goroutines: 17) - 2s
Progress: [=========================                         ] 51.6% (4568/8857, queue: 4273) 1.5k/s (validating, workers: 16, goroutines: 17) - 3s
Progress: [===============================                   ] 63.8% (5651/8857, queue: 3174) 1.4k/s (validating, workers: 16, goroutines: 26) - 4s
Progress: [======================================            ] 77.5% (6864/8857, queue: 1977) 1.4k/s (validating, workers: 16, goroutines: 17) - 5s
Progress: [=============================================     ] 91.1% (8066/8857, queue: 767) 1.3k/s (validating, workers: 16, goroutines: 18) - 6s
Progress: [================================================= ] 99.7% (8831/8857, queue: 0) 1.4k/s (draining in-flight, workers: 16) - 6s
Progress: [==================================================] 100.0% (8857/8857, queue: 0) 1.1k/s (completed) - 8s

Validation completed: 8857/8857 objects (8857 succeeded, 0 failed)

--- run 2026-09-04T20:41:53Z ---
System check starting...
Preparing loaders and cache...
Proactive Stale CAS cleanup starting...
Proactive Stale CAS cleanup: cleaning 100 kinds (timeout 2m0s)...
Proactive Stale CAS cleanup: account (1/100)...
Proactive Stale CAS cleanup: agent_architecture (2/100)...
Proactive Stale CAS cleanup: agent_feed (3/100)...
Proactive Stale CAS cleanup: agent_onboarding_preparation (4/100)...
Proactive Stale CAS cleanup: agent_skill (5/100)...
Proactive Stale CAS cleanup: agent_task (6/100)...
Proactive Stale CAS cleanup: api_spec (7/100)...
Proactive Stale CAS cleanup: auth_strategy (8/100)...
Proactive Stale CAS cleanup: backlog_item (9/100)...
Proactive Stale CAS cleanup: base_sampler (10/100)...
Proactive Stale CAS cleanup: brand (11/100)...
Proactive Stale CAS cleanup: capability (13/100)...
Proactive Stale CAS cleanup: bucketing_strategy (12/100)...
Proactive Stale CAS cleanup: capacity_advertisement (14/100)...
Proactive Stale CAS cleanup: command_spec (16/100)...
Proactive Stale CAS cleanup: certificate (15/100)...
Proactive Stale CAS cleanup: component (17/100)...
Proactive Stale CAS cleanup: compute_advertisement (18/100)...
Proactive Stale CAS cleanup: context_refresh_schedule (19/100)...
Proactive Stale CAS cleanup: convergence_session (20/100)...
Proactive Stale CAS cleanup: corporate_initiative (21/100)...
Proactive Stale CAS cleanup: criteria (22/100)...
Proactive Stale CAS cleanup: decision (23/100)...
Proactive Stale CAS cleanup: department (24/100)...
Proactive Stale CAS cleanup: digital_asset (25/100)...
Proactive Stale CAS cleanup: division (26/100)...
Proactive Stale CAS cleanup: doc_entry (27/100)...
Proactive Stale CAS cleanup: domain_registry (28/100)...
Proactive Stale CAS cleanup: fission_event (31/100)...
Proactive Stale CAS cleanup: evolution_management (29/100)...
Proactive Stale CAS cleanup: field_registry (30/100)...
Proactive Stale CAS cleanup: glossary_term (32/100)...
Proactive Stale CAS cleanup: glossary_term_relation (33/100)...
Proactive Stale CAS cleanup: goal (34/100)...
Proactive Stale CAS cleanup: import_tracking (35/100)...
Proactive Stale CAS cleanup: important_date (36/100)...
Proactive Stale CAS cleanup: inference_heuristic (37/100)...
Proactive Stale CAS cleanup: keystore_entry (38/100)...
Proactive Stale CAS cleanup: kind_synonym (39/100)...
Proactive Stale CAS cleanup: list_metric_sampler (41/100)...
Proactive Stale CAS cleanup: library (40/100)...
Proactive Stale CAS cleanup: mcp_spec (42/100)...
Proactive Stale CAS cleanup: metrics_feedback (44/100)...
Proactive Stale CAS cleanup: metadata_package (43/100)...
Proactive Stale CAS cleanup: milestone (45/100)...
Proactive Stale CAS cleanup: mission (46/100)...
Proactive Stale CAS cleanup: namespace (47/100)...
Proactive Stale CAS cleanup: namespace_registry (48/100)...
Proactive Stale CAS cleanup: object_spec (49/100)...
Proactive Stale CAS cleanup: ordered_list_metric_sampler (50/100)...
Proactive Stale CAS cleanup: organization (51/100)...
Proactive Stale CAS cleanup: organizational_change (52/100)...
Proactive Stale CAS cleanup: partnership (53/100)...
Proactive Stale CAS cleanup: persona (54/100)...
Proactive Stale CAS cleanup: pipeline (55/100)...
Proactive Stale CAS cleanup: pipeline_definition (56/100)...
Proactive Stale CAS cleanup: pipeline_stage (58/100)...
Proactive Stale CAS cleanup: pipeline_execution (57/100)...
Proactive Stale CAS cleanup: policy (59/100)...
Proactive Stale CAS cleanup: process_hygiene_rule (61/100)...
Proactive Stale CAS cleanup: priority_plan (60/100)...
Proactive Stale CAS cleanup: provider_profile (63/100)...
Proactive Stale CAS cleanup: prompt_template (62/100)...
Proactive Stale CAS cleanup: qa_success (64/100)...
Proactive Stale CAS cleanup: question (65/100)...
Proactive Stale CAS cleanup: remote_kernel (67/100)...
Proactive Stale CAS cleanup: release (66/100)...
Proactive Stale CAS cleanup: requirement (68/100)...
Proactive Stale CAS cleanup: resolver (69/100)...
Proactive Stale CAS cleanup: risk_blocker (70/100)...
Proactive Stale CAS cleanup: roadmap (71/100)...
Proactive Stale CAS cleanup: role (72/100)...
Proactive Stale CAS cleanup: rollback_report (73/100)...
Proactive Stale CAS cleanup: rule (74/100)...
Proactive Stale CAS cleanup: scalar_metric_sampler (76/100)...
Proactive Stale CAS cleanup: sampler_profile (75/100)...
Proactive Stale CAS cleanup: scenario (77/100)...
Proactive Stale CAS cleanup: scheduler_handler_binding (78/100)...
Proactive Stale CAS cleanup: shockwave_router (79/100)...
Proactive Stale CAS cleanup: stakeholder_profile (80/100)...
Proactive Stale CAS cleanup: status_history_metric_sampler (81/100)...
Proactive Stale CAS cleanup: strategic_context (82/100)...
Proactive Stale CAS cleanup: strategic_plan (83/100)...
Proactive Stale CAS cleanup: team (84/100)...
Proactive Stale CAS cleanup: team_configuration (85/100)...
Proactive Stale CAS cleanup: technical_debt (86/100)...
Proactive Stale CAS cleanup: technical_spec (87/100)...
Proactive Stale CAS cleanup: template (88/100)...
Proactive Stale CAS cleanup: test_case (89/100)...
Proactive Stale CAS cleanup: translation_manifest (91/100)...
Proactive Stale CAS cleanup: test_command_rule (90/100)...
Proactive Stale CAS cleanup: validation_rule (92/100)...
Proactive Stale CAS cleanup: visual_plan (94/100)...
Proactive Stale CAS cleanup: vision (93/100)...
Proactive Stale CAS cleanup: vitality_report (95/100)...
Proactive Stale CAS cleanup: vocabulary_scheme (96/100)...
Proactive Stale CAS cleanup: watchdog_registration (97/100)...
Proactive Stale CAS cleanup: workflow (98/100)...
Proactive Stale CAS cleanup: workstream (99/100)...
Proactive Stale CAS cleanup: workstream_transition (100/100)...
Loaders starting...
Loaders ready.
Loading object ID cache...
Warming CAS indexes...
Merging CAS indexes for 46 kinds...
CAS indexes warmed
Cache ready, starting validator...
Discovery starting...
Starting discovery across 100 kinds...
Validating 8857 objects (from docs/process/ via object ID cache)...
Progress: [=========                                         ] 19.8% (1752/8857, queue: 7073) 1.7k/s (validating, workers: 16, goroutines: 25) - 1s
Progress: [===================                               ] 38.4% (3399/8857, queue: 5426) 1.7k/s (validating, workers: 16, goroutines: 26) - 2s
Progress: [=========================                         ] 51.6% (4572/8857, queue: 4263) 1.5k/s (validating, workers: 16, goroutines: 23) - 3s
Progress: [================================                  ] 65.4% (5790/8857, queue: 3036) 1.4k/s (validating, workers: 16, goroutines: 32) - 4s
Progress: [========================================          ] 81.0% (7178/8857, queue: 1663) 1.4k/s (validating, workers: 16, goroutines: 17) - 5s
Progress: [===============================================   ] 94.6% (8377/8857, queue: 449) 1.4k/s (validating, workers: 16, goroutines: 26) - 6s
Progress: [================================================= ] 99.7% (8830/8857, queue: 0) 1.4k/s (draining in-flight, workers: 16) - 6s
Progress: [==================================================] 100.0% (8857/8857, queue: 0) 1.1k/s (completed) - 8s

Validation completed: 8857/8857 objects (8857 succeeded, 0 failed)

--- run 2026-09-04T21:15:00Z ---
System check starting...
Preparing loaders and cache...
Proactive Stale CAS cleanup starting...
Proactive Stale CAS cleanup: cleaning 100 kinds (timeout 2m0s)...
Proactive Stale CAS cleanup: account (1/100)...
Proactive Stale CAS cleanup: agent_architecture (2/100)...
Proactive Stale CAS cleanup: agent_feed (3/100)...
Proactive Stale CAS cleanup: agent_onboarding_preparation (4/100)...
Proactive Stale CAS cleanup: agent_skill (5/100)...
Proactive Stale CAS cleanup: agent_task (6/100)...
Proactive Stale CAS cleanup: api_spec (7/100)...
Proactive Stale CAS cleanup: auth_strategy (8/100)...
Proactive Stale CAS cleanup: base_sampler (10/100)...
Proactive Stale CAS cleanup: backlog_item (9/100)...
Proactive Stale CAS cleanup: brand (11/100)...
Proactive Stale CAS cleanup: capability (13/100)...
Proactive Stale CAS cleanup: bucketing_strategy (12/100)...
Proactive Stale CAS cleanup: capacity_advertisement (14/100)...
Proactive Stale CAS cleanup: command_spec (16/100)...
Proactive Stale CAS cleanup: certificate (15/100)...
Proactive Stale CAS cleanup: compute_advertisement (18/100)...
Proactive Stale CAS cleanup: component (17/100)...
Proactive Stale CAS cleanup: context_refresh_schedule (19/100)...
Proactive Stale CAS cleanup: convergence_session (20/100)...
Proactive Stale CAS cleanup: corporate_initiative (21/100)...
Proactive Stale CAS cleanup: criteria (22/100)...
Proactive Stale CAS cleanup: decision (23/100)...
Proactive Stale CAS cleanup: department (24/100)...
Proactive Stale CAS cleanup: digital_asset (25/100)...
Proactive Stale CAS cleanup: division (26/100)...
Proactive Stale CAS cleanup: doc_entry (27/100)...
Proactive Stale CAS cleanup: domain_registry (28/100)...
Proactive Stale CAS cleanup: field_registry (30/100)...
Proactive Stale CAS cleanup: evolution_management (29/100)...
Proactive Stale CAS cleanup: fission_event (31/100)...
Proactive Stale CAS cleanup: glossary_term (32/100)...
Proactive Stale CAS cleanup: glossary_term_relation (33/100)...
Proactive Stale CAS cleanup: goal (34/100)...
Proactive Stale CAS cleanup: import_tracking (35/100)...
Proactive Stale CAS cleanup: important_date (36/100)...
Proactive Stale CAS cleanup: inference_heuristic (37/100)...
Proactive Stale CAS cleanup: keystore_entry (38/100)...
Proactive Stale CAS cleanup: kind_synonym (39/100)...
Proactive Stale CAS cleanup: library (40/100)...
Proactive Stale CAS cleanup: list_metric_sampler (41/100)...
Proactive Stale CAS cleanup: mcp_spec (42/100)...
Proactive Stale CAS cleanup: metadata_package (43/100)...
Proactive Stale CAS cleanup: metrics_feedback (44/100)...
Proactive Stale CAS cleanup: milestone (45/100)...
Proactive Stale CAS cleanup: mission (46/100)...
Proactive Stale CAS cleanup: namespace (47/100)...
Proactive Stale CAS cleanup: namespace_registry (48/100)...
Proactive Stale CAS cleanup: object_spec (49/100)...
Proactive Stale CAS cleanup: ordered_list_metric_sampler (50/100)...
Proactive Stale CAS cleanup: organization (51/100)...
Proactive Stale CAS cleanup: organizational_change (52/100)...
Proactive Stale CAS cleanup: partnership (53/100)...
Proactive Stale CAS cleanup: persona (54/100)...
Proactive Stale CAS cleanup: pipeline (55/100)...
Proactive Stale CAS cleanup: pipeline_definition (56/100)...
Proactive Stale CAS cleanup: pipeline_execution (57/100)...
Proactive Stale CAS cleanup: pipeline_stage (58/100)...
Proactive Stale CAS cleanup: policy (59/100)...
Proactive Stale CAS cleanup: process_hygiene_rule (61/100)...
Proactive Stale CAS cleanup: priority_plan (60/100)...
Proactive Stale CAS cleanup: provider_profile (63/100)...
Proactive Stale CAS cleanup: prompt_template (62/100)...
Proactive Stale CAS cleanup: qa_success (64/100)...
Proactive Stale CAS cleanup: question (65/100)...
Proactive Stale CAS cleanup: remote_kernel (67/100)...
Proactive Stale CAS cleanup: release (66/100)...
Proactive Stale CAS cleanup: requirement (68/100)...
Proactive Stale CAS cleanup: resolver (69/100)...
Proactive Stale CAS cleanup: risk_blocker (70/100)...
Proactive Stale CAS cleanup: roadmap (71/100)...
Proactive Stale CAS cleanup: role (72/100)...
Proactive Stale CAS cleanup: rollback_report (73/100)...
Proactive Stale CAS cleanup: rule (74/100)...
Proactive Stale CAS cleanup: scalar_metric_sampler (76/100)...
Proactive Stale CAS cleanup: sampler_profile (75/100)...
Proactive Stale CAS cleanup: scenario (77/100)...
Proactive Stale CAS cleanup: scheduler_handler_binding (78/100)...
Proactive Stale CAS cleanup: shockwave_router (79/100)...
Proactive Stale CAS cleanup: status_history_metric_sampler (81/100)...
Proactive Stale CAS cleanup: stakeholder_profile (80/100)...
Proactive Stale CAS cleanup: strategic_context (82/100)...
Proactive Stale CAS cleanup: strategic_plan (83/100)...
Proactive Stale CAS cleanup: team (84/100)...
Proactive Stale CAS cleanup: team_configuration (85/100)...
Proactive Stale CAS cleanup: technical_debt (86/100)...
Proactive Stale CAS cleanup: technical_spec (87/100)...
Proactive Stale CAS cleanup: template (88/100)...
Proactive Stale CAS cleanup: test_case (89/100)...
Proactive Stale CAS cleanup: test_command_rule (90/100)...
Proactive Stale CAS cleanup: translation_manifest (91/100)...
Proactive Stale CAS cleanup: validation_rule (92/100)...
Proactive Stale CAS cleanup: vision (93/100)...
Proactive Stale CAS cleanup: visual_plan (94/100)...
Proactive Stale CAS cleanup: vitality_report (95/100)...
Proactive Stale CAS cleanup: vocabulary_scheme (96/100)...
Proactive Stale CAS cleanup: watchdog_registration (97/100)...
Proactive Stale CAS cleanup: workflow (98/100)...
Proactive Stale CAS cleanup: workstream (99/100)...
Proactive Stale CAS cleanup: workstream_transition (100/100)...
Loaders starting...
Loading object ID cache...
Loaders ready.
Warming CAS indexes...
Merging CAS indexes for 45 kinds...
CAS indexes warmed
Cache ready, starting validator...
Discovery starting...
Starting discovery across 99 kinds...
Validating 8854 objects (from docs/process/ via object ID cache)...
Progress: [========                                          ] 17.0% (1509/8854, queue: 7316) 1.5k/s (validating, workers: 16, goroutines: 27) - 1s
Progress: [======================                            ] 44.5% (3937/8854, queue: 4883) 2.0k/s (validating, workers: 16, goroutines: 28) - 2s
Progress: [====================================              ] 72.5% (6420/8854, queue: 2417) 2.1k/s (validating, workers: 16, goroutines: 18) - 3s
Progress: [================================================  ] 96.2% (8514/8854, queue: 317) 2.1k/s (validating, workers: 16, goroutines: 18) - 4s
Progress: [================================================= ] 99.6% (8822/8854, queue: 0) 2.1k/s (draining in-flight, workers: 16) - 4s
Progress: [==================================================] 100.0% (8854/8854, queue: 0) 1.4k/s (completed) - 6s

Validation completed: 8854/8854 objects (8854 succeeded, 0 failed)

--- run 2026-09-04T21:20:04Z ---
System check starting...
Preparing loaders and cache...
Proactive Stale CAS cleanup starting...
Proactive Stale CAS cleanup: cleaning 100 kinds (timeout 2m0s)...
Proactive Stale CAS cleanup: account (1/100)...
Proactive Stale CAS cleanup: agent_architecture (2/100)...
Proactive Stale CAS cleanup: agent_feed (3/100)...
Proactive Stale CAS cleanup: agent_onboarding_preparation (4/100)...
Proactive Stale CAS cleanup: agent_skill (5/100)...
Proactive Stale CAS cleanup: agent_task (6/100)...
Proactive Stale CAS cleanup: api_spec (7/100)...
Proactive Stale CAS cleanup: auth_strategy (8/100)...
Proactive Stale CAS cleanup: backlog_item (9/100)...
Proactive Stale CAS cleanup: base_sampler (10/100)...
Proactive Stale CAS cleanup: brand (11/100)...
Proactive Stale CAS cleanup: bucketing_strategy (12/100)...
Proactive Stale CAS cleanup: capacity_advertisement (14/100)...
Proactive Stale CAS cleanup: capability (13/100)...
Proactive Stale CAS cleanup: command_spec (16/100)...
Proactive Stale CAS cleanup: certificate (15/100)...
Proactive Stale CAS cleanup: compute_advertisement (18/100)...
Proactive Stale CAS cleanup: component (17/100)...
Proactive Stale CAS cleanup: context_refresh_schedule (19/100)...
Proactive Stale CAS cleanup: convergence_session (20/100)...
Proactive Stale CAS cleanup: corporate_initiative (21/100)...
Proactive Stale CAS cleanup: criteria (22/100)...
Proactive Stale CAS cleanup: decision (23/100)...
Proactive Stale CAS cleanup: department (24/100)...
Proactive Stale CAS cleanup: digital_asset (25/100)...
Proactive Stale CAS cleanup: division (26/100)...
Proactive Stale CAS cleanup: doc_entry (27/100)...
Proactive Stale CAS cleanup: domain_registry (28/100)...
Proactive Stale CAS cleanup: field_registry (30/100)...
Proactive Stale CAS cleanup: evolution_management (29/100)...
Proactive Stale CAS cleanup: fission_event (31/100)...
Proactive Stale CAS cleanup: glossary_term (32/100)...
Proactive Stale CAS cleanup: glossary_term_relation (33/100)...
Proactive Stale CAS cleanup: goal (34/100)...
Proactive Stale CAS cleanup: import_tracking (35/100)...
Proactive Stale CAS cleanup: inference_heuristic (37/100)...
Proactive Stale CAS cleanup: important_date (36/100)...
Proactive Stale CAS cleanup: keystore_entry (38/100)...
Proactive Stale CAS cleanup: kind_synonym (39/100)...
Proactive Stale CAS cleanup: list_metric_sampler (41/100)...
Proactive Stale CAS cleanup: library (40/100)...
Proactive Stale CAS cleanup: mcp_spec (42/100)...
Proactive Stale CAS cleanup: metrics_feedback (44/100)...
Proactive Stale CAS cleanup: metadata_package (43/100)...
Proactive Stale CAS cleanup: milestone (45/100)...
Proactive Stale CAS cleanup: mission (46/100)...
Proactive Stale CAS cleanup: namespace (47/100)...
Proactive Stale CAS cleanup: namespace_registry (48/100)...
Proactive Stale CAS cleanup: object_spec (49/100)...
Proactive Stale CAS cleanup: ordered_list_metric_sampler (50/100)...
Proactive Stale CAS cleanup: organization (51/100)...
Proactive Stale CAS cleanup: organizational_change (52/100)...
Proactive Stale CAS cleanup: partnership (53/100)...
Proactive Stale CAS cleanup: persona (54/100)...
Proactive Stale CAS cleanup: pipeline (55/100)...
Proactive Stale CAS cleanup: pipeline_definition (56/100)...
Proactive Stale CAS cleanup: pipeline_stage (58/100)...
Proactive Stale CAS cleanup: pipeline_execution (57/100)...
Proactive Stale CAS cleanup: policy (59/100)...
Proactive Stale CAS cleanup: process_hygiene_rule (61/100)...
Proactive Stale CAS cleanup: priority_plan (60/100)...
Proactive Stale CAS cleanup: prompt_template (62/100)...
Proactive Stale CAS cleanup: provider_profile (63/100)...
Proactive Stale CAS cleanup: qa_success (64/100)...
Proactive Stale CAS cleanup: question (65/100)...
Proactive Stale CAS cleanup: release (66/100)...
Proactive Stale CAS cleanup: remote_kernel (67/100)...
Proactive Stale CAS cleanup: requirement (68/100)...
Proactive Stale CAS cleanup: resolver (69/100)...
Proactive Stale CAS cleanup: risk_blocker (70/100)...
Proactive Stale CAS cleanup: roadmap (71/100)...
Proactive Stale CAS cleanup: role (72/100)...
Proactive Stale CAS cleanup: rollback_report (73/100)...
Proactive Stale CAS cleanup: sampler_profile (75/100)...
Proactive Stale CAS cleanup: rule (74/100)...
Proactive Stale CAS cleanup: scalar_metric_sampler (76/100)...
Proactive Stale CAS cleanup: scenario (77/100)...
Proactive Stale CAS cleanup: scheduler_handler_binding (78/100)...
Proactive Stale CAS cleanup: shockwave_router (79/100)...
Proactive Stale CAS cleanup: status_history_metric_sampler (81/100)...
Proactive Stale CAS cleanup: stakeholder_profile (80/100)...
Proactive Stale CAS cleanup: strategic_context (82/100)...
Proactive Stale CAS cleanup: strategic_plan (83/100)...
Proactive Stale CAS cleanup: team (84/100)...
Proactive Stale CAS cleanup: team_configuration (85/100)...
Proactive Stale CAS cleanup: technical_debt (86/100)...
Proactive Stale CAS cleanup: technical_spec (87/100)...
Proactive Stale CAS cleanup: template (88/100)...
Proactive Stale CAS cleanup: test_case (89/100)...
Proactive Stale CAS cleanup: test_command_rule (90/100)...
Proactive Stale CAS cleanup: translation_manifest (91/100)...
Proactive Stale CAS cleanup: validation_rule (92/100)...
Proactive Stale CAS cleanup: vision (93/100)...
Proactive Stale CAS cleanup: vitality_report (95/100)...
Proactive Stale CAS cleanup: visual_plan (94/100)...
Proactive Stale CAS cleanup: vocabulary_scheme (96/100)...
Proactive Stale CAS cleanup: watchdog_registration (97/100)...
Proactive Stale CAS cleanup: workflow (98/100)...
Proactive Stale CAS cleanup: workstream (99/100)...
Proactive Stale CAS cleanup: workstream_transition (100/100)...
Loaders starting...
Loaders ready.
Loading object ID cache...
Warming CAS indexes...
Merging CAS indexes for 45 kinds...
CAS indexes warmed
Cache ready, starting validator...
Discovery starting...
Starting discovery across 100 kinds...
Validating 8855 objects (from docs/process/ via object ID cache)...
Progress: [================                                  ] 34.0% (3008/8855, queue: 5818) 3.0k/s (validating, workers: 16, goroutines: 29) - 1s
Progress: [=============================                     ] 59.7% (5283/8855, queue: 3540) 2.6k/s (validating, workers: 16, goroutines: 33) - 2s
Progress: [=======================================           ] 78.1% (6916/8855, queue: 1909) 2.3k/s (validating, workers: 16, goroutines: 29) - 3s
Progress: [================================================= ] 99.7% (8830/8855, queue: 0) 2.3k/s (draining in-flight, workers: 16) - 4s
Progress: [==================================================] 100.0% (8855/8855, queue: 0) 1.7k/s (completed) - 5s

Validation completed: 8855/8855 objects (8855 succeeded, 0 failed)

--- run 2026-09-04T21:25:00Z ---
System check starting...
Preparing loaders and cache...
Proactive Stale CAS cleanup starting...
Proactive Stale CAS cleanup: cleaning 100 kinds (timeout 2m0s)...
Proactive Stale CAS cleanup: account (1/100)...
Proactive Stale CAS cleanup: agent_architecture (2/100)...
Proactive Stale CAS cleanup: agent_feed (3/100)...
Proactive Stale CAS cleanup: agent_onboarding_preparation (4/100)...
Proactive Stale CAS cleanup: agent_skill (5/100)...
Proactive Stale CAS cleanup: agent_task (6/100)...
Proactive Stale CAS cleanup: api_spec (7/100)...
Proactive Stale CAS cleanup: auth_strategy (8/100)...
Proactive Stale CAS cleanup: backlog_item (9/100)...
Proactive Stale CAS cleanup: base_sampler (10/100)...
Proactive Stale CAS cleanup: brand (11/100)...
Proactive Stale CAS cleanup: capability (13/100)...
Proactive Stale CAS cleanup: bucketing_strategy (12/100)...
Proactive Stale CAS cleanup: capacity_advertisement (14/100)...
Proactive Stale CAS cleanup: command_spec (16/100)...
Proactive Stale CAS cleanup: certificate (15/100)...
Proactive Stale CAS cleanup: compute_advertisement (18/100)...
Proactive Stale CAS cleanup: component (17/100)...
Proactive Stale CAS cleanup: context_refresh_schedule (19/100)...
Proactive Stale CAS cleanup: convergence_session (20/100)...
Proactive Stale CAS cleanup: corporate_initiative (21/100)...
Proactive Stale CAS cleanup: criteria (22/100)...
Proactive Stale CAS cleanup: decision (23/100)...
Proactive Stale CAS cleanup: department (24/100)...
Proactive Stale CAS cleanup: digital_asset (25/100)...
Proactive Stale CAS cleanup: division (26/100)...
Proactive Stale CAS cleanup: doc_entry (27/100)...
Proactive Stale CAS cleanup: domain_registry (28/100)...
Proactive Stale CAS cleanup: field_registry (30/100)...
Proactive Stale CAS cleanup: evolution_management (29/100)...
Proactive Stale CAS cleanup: fission_event (31/100)...
Proactive Stale CAS cleanup: glossary_term (32/100)...
Proactive Stale CAS cleanup: glossary_term_relation (33/100)...
Proactive Stale CAS cleanup: goal (34/100)...
Proactive Stale CAS cleanup: import_tracking (35/100)...
Proactive Stale CAS cleanup: important_date (36/100)...
Proactive Stale CAS cleanup: inference_heuristic (37/100)...
Proactive Stale CAS cleanup: keystore_entry (38/100)...
Proactive Stale CAS cleanup: kind_synonym (39/100)...
Proactive Stale CAS cleanup: list_metric_sampler (41/100)...
Proactive Stale CAS cleanup: library (40/100)...
Proactive Stale CAS cleanup: mcp_spec (42/100)...
Proactive Stale CAS cleanup: metrics_feedback (44/100)...
Proactive Stale CAS cleanup: metadata_package (43/100)...
Proactive Stale CAS cleanup: milestone (45/100)...
Proactive Stale CAS cleanup: mission (46/100)...
Proactive Stale CAS cleanup: namespace (47/100)...
Proactive Stale CAS cleanup: namespace_registry (48/100)...
Proactive Stale CAS cleanup: ordered_list_metric_sampler (50/100)...
Proactive Stale CAS cleanup: object_spec (49/100)...
Proactive Stale CAS cleanup: organization (51/100)...
Proactive Stale CAS cleanup: organizational_change (52/100)...
Proactive Stale CAS cleanup: partnership (53/100)...
Proactive Stale CAS cleanup: persona (54/100)...
Proactive Stale CAS cleanup: pipeline (55/100)...
Proactive Stale CAS cleanup: pipeline_definition (56/100)...
Proactive Stale CAS cleanup: pipeline_stage (58/100)...
Proactive Stale CAS cleanup: pipeline_execution (57/100)...
Proactive Stale CAS cleanup: policy (59/100)...
Proactive Stale CAS cleanup: process_hygiene_rule (61/100)...
Proactive Stale CAS cleanup: priority_plan (60/100)...
Proactive Stale CAS cleanup: provider_profile (63/100)...
Proactive Stale CAS cleanup: prompt_template (62/100)...
Proactive Stale CAS cleanup: qa_success (64/100)...
Proactive Stale CAS cleanup: question (65/100)...
Proactive Stale CAS cleanup: remote_kernel (67/100)...
Proactive Stale CAS cleanup: release (66/100)...
Proactive Stale CAS cleanup: requirement (68/100)...
Proactive Stale CAS cleanup: resolver (69/100)...
Proactive Stale CAS cleanup: risk_blocker (70/100)...
Proactive Stale CAS cleanup: roadmap (71/100)...
Proactive Stale CAS cleanup: role (72/100)...
Proactive Stale CAS cleanup: rollback_report (73/100)...
Proactive Stale CAS cleanup: scalar_metric_sampler (76/100)...
Proactive Stale CAS cleanup: rule (74/100)...
Proactive Stale CAS cleanup: sampler_profile (75/100)...
Proactive Stale CAS cleanup: scenario (77/100)...
Proactive Stale CAS cleanup: scheduler_handler_binding (78/100)...
Proactive Stale CAS cleanup: shockwave_router (79/100)...
Proactive Stale CAS cleanup: status_history_metric_sampler (81/100)...
Proactive Stale CAS cleanup: stakeholder_profile (80/100)...
Proactive Stale CAS cleanup: strategic_context (82/100)...
Proactive Stale CAS cleanup: strategic_plan (83/100)...
Proactive Stale CAS cleanup: team (84/100)...
Proactive Stale CAS cleanup: team_configuration (85/100)...
Proactive Stale CAS cleanup: technical_debt (86/100)...
Proactive Stale CAS cleanup: technical_spec (87/100)...
Proactive Stale CAS cleanup: template (88/100)...
Proactive Stale CAS cleanup: test_case (89/100)...
Proactive Stale CAS cleanup: translation_manifest (91/100)...
Proactive Stale CAS cleanup: test_command_rule (90/100)...
Proactive Stale CAS cleanup: validation_rule (92/100)...
Proactive Stale CAS cleanup: vitality_report (95/100)...
Proactive Stale CAS cleanup: visual_plan (94/100)...
Proactive Stale CAS cleanup: vision (93/100)...
Proactive Stale CAS cleanup: vocabulary_scheme (96/100)...
Proactive Stale CAS cleanup: watchdog_registration (97/100)...
Proactive Stale CAS cleanup: workflow (98/100)...
Proactive Stale CAS cleanup: workstream (99/100)...
Proactive Stale CAS cleanup: workstream_transition (100/100)...
Loaders starting...
Loaders ready.
Loading object ID cache...
Warming CAS indexes...
Merging CAS indexes for 46 kinds...
CAS indexes warmed
Cache ready, starting validator...
Discovery starting...
Starting discovery across 100 kinds...
Validating 8859 objects (from docs/process/ via object ID cache)...
Progress: [===========                                       ] 23.6% (2088/8859, queue: 6739) 2.1k/s (validating, workers: 16, goroutines: 26) - 1s
Progress: [=======================                           ] 46.7% (4137/8859, queue: 4691) 2.1k/s (validating, workers: 16, goroutines: 32) - 2s
Progress: [==============================                    ] 61.1% (5409/8859, queue: 3434) 1.8k/s (validating, workers: 16, goroutines: 17) - 3s
Progress: [========================================          ] 81.9% (7253/8859, queue: 1590) 1.8k/s (validating, workers: 16, goroutines: 17) - 4s
Progress: [================================================= ] 99.8% (8839/8859, queue: 0) 1.9k/s (draining in-flight, workers: 16) - 5s
Progress: [==================================================] 100.0% (8859/8859, queue: 0) 1.4k/s (completed) - 6s

Validation completed: 8859/8859 objects (8859 succeeded, 0 failed)

--- run 2026-09-04T21:30:00Z ---
System check starting...
Preparing loaders and cache...
Proactive Stale CAS cleanup starting...
Proactive Stale CAS cleanup: cleaning 100 kinds (timeout 2m0s)...
Proactive Stale CAS cleanup: account (1/100)...
Proactive Stale CAS cleanup: agent_architecture (2/100)...
Proactive Stale CAS cleanup: agent_feed (3/100)...
Proactive Stale CAS cleanup: agent_onboarding_preparation (4/100)...
Proactive Stale CAS cleanup: agent_skill (5/100)...
Proactive Stale CAS cleanup: agent_task (6/100)...
Proactive Stale CAS cleanup: api_spec (7/100)...
Proactive Stale CAS cleanup: auth_strategy (8/100)...
Proactive Stale CAS cleanup: base_sampler (10/100)...
Proactive Stale CAS cleanup: backlog_item (9/100)...
Proactive Stale CAS cleanup: brand (11/100)...
Proactive Stale CAS cleanup: bucketing_strategy (12/100)...
Proactive Stale CAS cleanup: capacity_advertisement (14/100)...
Proactive Stale CAS cleanup: capability (13/100)...
Proactive Stale CAS cleanup: certificate (15/100)...
Proactive Stale CAS cleanup: command_spec (16/100)...
Proactive Stale CAS cleanup: compute_advertisement (18/100)...
Proactive Stale CAS cleanup: component (17/100)...
Proactive Stale CAS cleanup: context_refresh_schedule (19/100)...
Proactive Stale CAS cleanup: convergence_session (20/100)...
Proactive Stale CAS cleanup: corporate_initiative (21/100)...
Proactive Stale CAS cleanup: criteria (22/100)...
Proactive Stale CAS cleanup: decision (23/100)...
Proactive Stale CAS cleanup: department (24/100)...
Proactive Stale CAS cleanup: digital_asset (25/100)...
Proactive Stale CAS cleanup: division (26/100)...
Proactive Stale CAS cleanup: doc_entry (27/100)...
Proactive Stale CAS cleanup: domain_registry (28/100)...
Proactive Stale CAS cleanup: fission_event (31/100)...
Proactive Stale CAS cleanup: evolution_management (29/100)...
Proactive Stale CAS cleanup: field_registry (30/100)...
Proactive Stale CAS cleanup: glossary_term (32/100)...
Proactive Stale CAS cleanup: glossary_term_relation (33/100)...
Proactive Stale CAS cleanup: goal (34/100)...
Proactive Stale CAS cleanup: import_tracking (35/100)...
Proactive Stale CAS cleanup: important_date (36/100)...
Proactive Stale CAS cleanup: inference_heuristic (37/100)...
Proactive Stale CAS cleanup: keystore_entry (38/100)...
Proactive Stale CAS cleanup: kind_synonym (39/100)...
Proactive Stale CAS cleanup: list_metric_sampler (41/100)...
Proactive Stale CAS cleanup: library (40/100)...
Proactive Stale CAS cleanup: mcp_spec (42/100)...
Proactive Stale CAS cleanup: metrics_feedback (44/100)...
Proactive Stale CAS cleanup: metadata_package (43/100)...
Proactive Stale CAS cleanup: milestone (45/100)...
Proactive Stale CAS cleanup: mission (46/100)...
Proactive Stale CAS cleanup: namespace (47/100)...
Proactive Stale CAS cleanup: namespace_registry (48/100)...
Proactive Stale CAS cleanup: ordered_list_metric_sampler (50/100)...
Proactive Stale CAS cleanup: object_spec (49/100)...
Proactive Stale CAS cleanup: organization (51/100)...
Proactive Stale CAS cleanup: organizational_change (52/100)...
Proactive Stale CAS cleanup: partnership (53/100)...
Proactive Stale CAS cleanup: persona (54/100)...
Proactive Stale CAS cleanup: pipeline (55/100)...
Proactive Stale CAS cleanup: pipeline_definition (56/100)...
Proactive Stale CAS cleanup: pipeline_execution (57/100)...
Proactive Stale CAS cleanup: pipeline_stage (58/100)...
Proactive Stale CAS cleanup: policy (59/100)...
Proactive Stale CAS cleanup: priority_plan (60/100)...
Proactive Stale CAS cleanup: process_hygiene_rule (61/100)...
Proactive Stale CAS cleanup: provider_profile (63/100)...
Proactive Stale CAS cleanup: prompt_template (62/100)...
Proactive Stale CAS cleanup: qa_success (64/100)...
Proactive Stale CAS cleanup: question (65/100)...
Proactive Stale CAS cleanup: remote_kernel (67/100)...
Proactive Stale CAS cleanup: release (66/100)...
Proactive Stale CAS cleanup: requirement (68/100)...
Proactive Stale CAS cleanup: resolver (69/100)...
Proactive Stale CAS cleanup: risk_blocker (70/100)...
Proactive Stale CAS cleanup: roadmap (71/100)...
Proactive Stale CAS cleanup: role (72/100)...
Proactive Stale CAS cleanup: rollback_report (73/100)...
Proactive Stale CAS cleanup: sampler_profile (75/100)...
Proactive Stale CAS cleanup: rule (74/100)...
Proactive Stale CAS cleanup: scalar_metric_sampler (76/100)...
Proactive Stale CAS cleanup: scenario (77/100)...
Proactive Stale CAS cleanup: scheduler_handler_binding (78/100)...
Proactive Stale CAS cleanup: shockwave_router (79/100)...
Proactive Stale CAS cleanup: status_history_metric_sampler (81/100)...
Proactive Stale CAS cleanup: stakeholder_profile (80/100)...
Proactive Stale CAS cleanup: strategic_context (82/100)...
Proactive Stale CAS cleanup: strategic_plan (83/100)...
Proactive Stale CAS cleanup: team (84/100)...
Proactive Stale CAS cleanup: team_configuration (85/100)...
Proactive Stale CAS cleanup: technical_debt (86/100)...
Proactive Stale CAS cleanup: technical_spec (87/100)...
Proactive Stale CAS cleanup: template (88/100)...
Proactive Stale CAS cleanup: test_case (89/100)...
Proactive Stale CAS cleanup: translation_manifest (91/100)...
Proactive Stale CAS cleanup: test_command_rule (90/100)...
Proactive Stale CAS cleanup: validation_rule (92/100)...
Proactive Stale CAS cleanup: vitality_report (95/100)...
Proactive Stale CAS cleanup: vision (93/100)...
Proactive Stale CAS cleanup: visual_plan (94/100)...
Proactive Stale CAS cleanup: vocabulary_scheme (96/100)...
Proactive Stale CAS cleanup: watchdog_registration (97/100)...
Proactive Stale CAS cleanup: workflow (98/100)...
Proactive Stale CAS cleanup: workstream (99/100)...
Proactive Stale CAS cleanup: workstream_transition (100/100)...
Loaders starting...
Loaders ready.
Loading object ID cache...
Warming CAS indexes...
Merging CAS indexes for 46 kinds...
CAS indexes warmed
Cache ready, starting validator...
Discovery starting...
Starting discovery across 100 kinds...
Validating 8859 objects (from docs/process/ via object ID cache)...
Progress: [==============                                    ] 28.4% (2518/8859, queue: 6325) 2.5k/s (validating, workers: 16, goroutines: 17) - 1s
Progress: [===========================                       ] 55.8% (4944/8859, queue: 3899) 2.5k/s (validating, workers: 16, goroutines: 17) - 2s
Progress: [=====================================             ] 74.5% (6597/8859, queue: 2237) 2.2k/s (validating, workers: 16, goroutines: 26) - 3s
Progress: [===============================================   ] 95.6% (8473/8859, queue: 355) 2.1k/s (validating, workers: 16, goroutines: 25) - 4s
Progress: [================================================= ] 99.7% (8833/8859, queue: 0) 2.1k/s (draining in-flight, workers: 16) - 4s
Progress: [==================================================] 100.0% (8859/8859, queue: 0) 1.4k/s (completed) - 6s

Validation completed: 8859/8859 objects (8859 succeeded, 0 failed)

--- run 2026-09-04T21:35:00Z ---
System check starting...
Preparing loaders and cache...
Proactive Stale CAS cleanup starting...
Proactive Stale CAS cleanup: cleaning 100 kinds (timeout 2m0s)...
Proactive Stale CAS cleanup: account (1/100)...
Proactive Stale CAS cleanup: agent_architecture (2/100)...
Proactive Stale CAS cleanup: agent_feed (3/100)...
Proactive Stale CAS cleanup: agent_onboarding_preparation (4/100)...
Proactive Stale CAS cleanup: agent_skill (5/100)...
Proactive Stale CAS cleanup: agent_task (6/100)...
Proactive Stale CAS cleanup: api_spec (7/100)...
Proactive Stale CAS cleanup: auth_strategy (8/100)...
Proactive Stale CAS cleanup: base_sampler (10/100)...
Proactive Stale CAS cleanup: backlog_item (9/100)...
Proactive Stale CAS cleanup: brand (11/100)...
Proactive Stale CAS cleanup: capacity_advertisement (14/100)...
Proactive Stale CAS cleanup: bucketing_strategy (12/100)...
Proactive Stale CAS cleanup: capability (13/100)...
Proactive Stale CAS cleanup: command_spec (16/100)...
Proactive Stale CAS cleanup: certificate (15/100)...
Proactive Stale CAS cleanup: compute_advertisement (18/100)...
Proactive Stale CAS cleanup: component (17/100)...
Proactive Stale CAS cleanup: context_refresh_schedule (19/100)...
Proactive Stale CAS cleanup: convergence_session (20/100)...
Proactive Stale CAS cleanup: corporate_initiative (21/100)...
Proactive Stale CAS cleanup: criteria (22/100)...
Proactive Stale CAS cleanup: decision (23/100)...
Proactive Stale CAS cleanup: department (24/100)...
Proactive Stale CAS cleanup: digital_asset (25/100)...
Proactive Stale CAS cleanup: division (26/100)...
Proactive Stale CAS cleanup: doc_entry (27/100)...
Proactive Stale CAS cleanup: domain_registry (28/100)...
Proactive Stale CAS cleanup: fission_event (31/100)...
Proactive Stale CAS cleanup: evolution_management (29/100)...
Proactive Stale CAS cleanup: field_registry (30/100)...
Proactive Stale CAS cleanup: glossary_term (32/100)...
Proactive Stale CAS cleanup: glossary_term_relation (33/100)...
Proactive Stale CAS cleanup: goal (34/100)...
Proactive Stale CAS cleanup: import_tracking (35/100)...
Proactive Stale CAS cleanup: important_date (36/100)...
Proactive Stale CAS cleanup: inference_heuristic (37/100)...
Proactive Stale CAS cleanup: keystore_entry (38/100)...
Proactive Stale CAS cleanup: kind_synonym (39/100)...
Proactive Stale CAS cleanup: list_metric_sampler (41/100)...
Proactive Stale CAS cleanup: library (40/100)...
Proactive Stale CAS cleanup: mcp_spec (42/100)...
Proactive Stale CAS cleanup: metadata_package (43/100)...
Proactive Stale CAS cleanup: metrics_feedback (44/100)...
Proactive Stale CAS cleanup: milestone (45/100)...
Proactive Stale CAS cleanup: mission (46/100)...
Proactive Stale CAS cleanup: namespace (47/100)...
Proactive Stale CAS cleanup: namespace_registry (48/100)...
Proactive Stale CAS cleanup: ordered_list_metric_sampler (50/100)...
Proactive Stale CAS cleanup: object_spec (49/100)...
Proactive Stale CAS cleanup: organization (51/100)...
Proactive Stale CAS cleanup: organizational_change (52/100)...
Proactive Stale CAS cleanup: partnership (53/100)...
Proactive Stale CAS cleanup: persona (54/100)...
Proactive Stale CAS cleanup: pipeline (55/100)...
Proactive Stale CAS cleanup: pipeline_definition (56/100)...
Proactive Stale CAS cleanup: pipeline_stage (58/100)...
Proactive Stale CAS cleanup: pipeline_execution (57/100)...
Proactive Stale CAS cleanup: policy (59/100)...
Proactive Stale CAS cleanup: process_hygiene_rule (61/100)...
Proactive Stale CAS cleanup: priority_plan (60/100)...
Proactive Stale CAS cleanup: prompt_template (62/100)...
Proactive Stale CAS cleanup: provider_profile (63/100)...
Proactive Stale CAS cleanup: qa_success (64/100)...
Proactive Stale CAS cleanup: question (65/100)...
Proactive Stale CAS cleanup: release (66/100)...
Proactive Stale CAS cleanup: remote_kernel (67/100)...
Proactive Stale CAS cleanup: requirement (68/100)...
Proactive Stale CAS cleanup: resolver (69/100)...
Proactive Stale CAS cleanup: risk_blocker (70/100)...
Proactive Stale CAS cleanup: roadmap (71/100)...
Proactive Stale CAS cleanup: role (72/100)...
Proactive Stale CAS cleanup: rollback_report (73/100)...
Proactive Stale CAS cleanup: sampler_profile (75/100)...
Proactive Stale CAS cleanup: rule (74/100)...
Proactive Stale CAS cleanup: scalar_metric_sampler (76/100)...
Proactive Stale CAS cleanup: scenario (77/100)...
Proactive Stale CAS cleanup: scheduler_handler_binding (78/100)...
Proactive Stale CAS cleanup: shockwave_router (79/100)...
Proactive Stale CAS cleanup: status_history_metric_sampler (81/100)...
Proactive Stale CAS cleanup: stakeholder_profile (80/100)...
Proactive Stale CAS cleanup: strategic_context (82/100)...
Proactive Stale CAS cleanup: strategic_plan (83/100)...
Proactive Stale CAS cleanup: team (84/100)...
Proactive Stale CAS cleanup: team_configuration (85/100)...
Proactive Stale CAS cleanup: technical_debt (86/100)...
Proactive Stale CAS cleanup: technical_spec (87/100)...
Proactive Stale CAS cleanup: template (88/100)...
Proactive Stale CAS cleanup: test_case (89/100)...
Proactive Stale CAS cleanup: test_command_rule (90/100)...
Proactive Stale CAS cleanup: translation_manifest (91/100)...
Proactive Stale CAS cleanup: validation_rule (92/100)...
Proactive Stale CAS cleanup: vision (93/100)...
Proactive Stale CAS cleanup: visual_plan (94/100)...
Proactive Stale CAS cleanup: vitality_report (95/100)...
Proactive Stale CAS cleanup: vocabulary_scheme (96/100)...
Proactive Stale CAS cleanup: watchdog_registration (97/100)...
Proactive Stale CAS cleanup: workflow (98/100)...
Proactive Stale CAS cleanup: workstream (99/100)...
Proactive Stale CAS cleanup: workstream_transition (100/100)...
Loaders starting...
Loaders ready.
Loading object ID cache...
Warming CAS indexes...
Merging CAS indexes for 46 kinds...
CAS indexes warmed
Cache ready, starting validator...
Discovery starting...
Starting discovery across 100 kinds...
Validating 8859 objects (from docs/process/ via object ID cache)...
Progress: [======                                            ] 12.1% (1076/8859, queue: 7761) 1.1k/s (validating, workers: 16, goroutines: 21) - 1s
Progress: [============                                      ] 24.1% (2139/8859, queue: 6702) 1.1k/s (validating, workers: 16, goroutines: 17) - 2s
Progress: [==================                                ] 37.9% (3360/8859, queue: 5465) 1.1k/s (validating, workers: 16, goroutines: 33) - 3s
Progress: [=======================                           ] 47.4% (4195/8859, queue: 4644) 1.0k/s (validating, workers: 16, goroutines: 19) - 4s
Progress: [============================                      ] 57.7% (5115/8859, queue: 3726) 1.0k/s (validating, workers: 16, goroutines: 17) - 5s
Progress: [===================================               ] 71.3% (6317/8859, queue: 2510) 1.1k/s (validating, workers: 16, goroutines: 29) - 6s
Progress: [============================================      ] 89.9% (7960/8859, queue: 867) 1.1k/s (validating, workers: 16, goroutines: 29) - 7s
Progress: [================================================= ] 99.7% (8833/8859, queue: 0) 1.2k/s (draining in-flight, workers: 16) - 8s
Progress: [==================================================] 100.0% (8859/8859, queue: 0) 960/s (completed) - 9s

Validation completed: 8859/8859 objects (8859 succeeded, 0 failed)

--- run 2026-09-04T21:40:06Z ---
System check starting...
Preparing loaders and cache...
Proactive Stale CAS cleanup starting...
Proactive Stale CAS cleanup: cleaning 100 kinds (timeout 2m0s)...
Proactive Stale CAS cleanup: account (1/100)...
Proactive Stale CAS cleanup: agent_architecture (2/100)...
Proactive Stale CAS cleanup: agent_feed (3/100)...
Proactive Stale CAS cleanup: agent_onboarding_preparation (4/100)...
Proactive Stale CAS cleanup: agent_skill (5/100)...
Proactive Stale CAS cleanup: agent_task (6/100)...
Proactive Stale CAS cleanup: api_spec (7/100)...
Proactive Stale CAS cleanup: auth_strategy (8/100)...
Proactive Stale CAS cleanup: base_sampler (10/100)...
Proactive Stale CAS cleanup: backlog_item (9/100)...
Proactive Stale CAS cleanup: brand (11/100)...
Proactive Stale CAS cleanup: capability (13/100)...
Proactive Stale CAS cleanup: bucketing_strategy (12/100)...
Proactive Stale CAS cleanup: capacity_advertisement (14/100)...
Proactive Stale CAS cleanup: command_spec (16/100)...
Proactive Stale CAS cleanup: certificate (15/100)...
Proactive Stale CAS cleanup: compute_advertisement (18/100)...
Proactive Stale CAS cleanup: component (17/100)...
Proactive Stale CAS cleanup: context_refresh_schedule (19/100)...
Proactive Stale CAS cleanup: convergence_session (20/100)...
Proactive Stale CAS cleanup: corporate_initiative (21/100)...
Proactive Stale CAS cleanup: criteria (22/100)...
Proactive Stale CAS cleanup: decision (23/100)...
Proactive Stale CAS cleanup: digital_asset (25/100)...
Proactive Stale CAS cleanup: department (24/100)...
Proactive Stale CAS cleanup: division (26/100)...
Proactive Stale CAS cleanup: doc_entry (27/100)...
Proactive Stale CAS cleanup: domain_registry (28/100)...
Proactive Stale CAS cleanup: field_registry (30/100)...
Proactive Stale CAS cleanup: evolution_management (29/100)...
Proactive Stale CAS cleanup: fission_event (31/100)...
Proactive Stale CAS cleanup: glossary_term (32/100)...
Proactive Stale CAS cleanup: glossary_term_relation (33/100)...
Proactive Stale CAS cleanup: goal (34/100)...
Proactive Stale CAS cleanup: import_tracking (35/100)...
Proactive Stale CAS cleanup: inference_heuristic (37/100)...
Proactive Stale CAS cleanup: important_date (36/100)...
Proactive Stale CAS cleanup: keystore_entry (38/100)...
Proactive Stale CAS cleanup: kind_synonym (39/100)...
Proactive Stale CAS cleanup: list_metric_sampler (41/100)...
Proactive Stale CAS cleanup: library (40/100)...
Proactive Stale CAS cleanup: mcp_spec (42/100)...
Proactive Stale CAS cleanup: metrics_feedback (44/100)...
Proactive Stale CAS cleanup: metadata_package (43/100)...
Proactive Stale CAS cleanup: milestone (45/100)...
Proactive Stale CAS cleanup: mission (46/100)...
Proactive Stale CAS cleanup: namespace (47/100)...
Proactive Stale CAS cleanup: namespace_registry (48/100)...
Proactive Stale CAS cleanup: ordered_list_metric_sampler (50/100)...
Proactive Stale CAS cleanup: object_spec (49/100)...
Proactive Stale CAS cleanup: organization (51/100)...
Proactive Stale CAS cleanup: organizational_change (52/100)...
Proactive Stale CAS cleanup: partnership (53/100)...
Proactive Stale CAS cleanup: persona (54/100)...
Proactive Stale CAS cleanup: pipeline (55/100)...
Proactive Stale CAS cleanup: pipeline_definition (56/100)...
Proactive Stale CAS cleanup: pipeline_stage (58/100)...
Proactive Stale CAS cleanup: pipeline_execution (57/100)...
Proactive Stale CAS cleanup: policy (59/100)...
Proactive Stale CAS cleanup: process_hygiene_rule (61/100)...
Proactive Stale CAS cleanup: priority_plan (60/100)...
Proactive Stale CAS cleanup: provider_profile (63/100)...
Proactive Stale CAS cleanup: prompt_template (62/100)...
Proactive Stale CAS cleanup: qa_success (64/100)...
Proactive Stale CAS cleanup: question (65/100)...
Proactive Stale CAS cleanup: remote_kernel (67/100)...
Proactive Stale CAS cleanup: release (66/100)...
Proactive Stale CAS cleanup: requirement (68/100)...
Proactive Stale CAS cleanup: resolver (69/100)...
Proactive Stale CAS cleanup: risk_blocker (70/100)...
Proactive Stale CAS cleanup: roadmap (71/100)...
Proactive Stale CAS cleanup: role (72/100)...
Proactive Stale CAS cleanup: rollback_report (73/100)...
Proactive Stale CAS cleanup: sampler_profile (75/100)...
Proactive Stale CAS cleanup: rule (74/100)...
Proactive Stale CAS cleanup: scalar_metric_sampler (76/100)...
Proactive Stale CAS cleanup: scenario (77/100)...
Proactive Stale CAS cleanup: scheduler_handler_binding (78/100)...
Proactive Stale CAS cleanup: shockwave_router (79/100)...
Proactive Stale CAS cleanup: status_history_metric_sampler (81/100)...
Proactive Stale CAS cleanup: stakeholder_profile (80/100)...
Proactive Stale CAS cleanup: strategic_context (82/100)...
Proactive Stale CAS cleanup: strategic_plan (83/100)...
Proactive Stale CAS cleanup: team (84/100)...
Proactive Stale CAS cleanup: team_configuration (85/100)...
Proactive Stale CAS cleanup: technical_debt (86/100)...
Proactive Stale CAS cleanup: technical_spec (87/100)...
Proactive Stale CAS cleanup: template (88/100)...
Proactive Stale CAS cleanup: test_case (89/100)...
Proactive Stale CAS cleanup: translation_manifest (91/100)...
Proactive Stale CAS cleanup: test_command_rule (90/100)...
Proactive Stale CAS cleanup: validation_rule (92/100)...
Proactive Stale CAS cleanup: visual_plan (94/100)...
Proactive Stale CAS cleanup: vision (93/100)...
Proactive Stale CAS cleanup: vitality_report (95/100)...
Proactive Stale CAS cleanup: vocabulary_scheme (96/100)...
Proactive Stale CAS cleanup: watchdog_registration (97/100)...
Proactive Stale CAS cleanup: workflow (98/100)...
Proactive Stale CAS cleanup: workstream (99/100)...
Proactive Stale CAS cleanup: workstream_transition (100/100)...
Loaders starting...
Loaders ready.
Loading object ID cache...
Warming CAS indexes...
Merging CAS indexes for 46 kinds...
Cache ready, starting validator...
CAS indexes warmed
Discovery starting...
Starting discovery across 100 kinds...
Validating 8860 objects (from docs/process/ via object ID cache)...
Progress: [========                                          ] 16.5% (1460/8860, queue: 7371) 1.5k/s (validating, workers: 16, goroutines: 21) - 1s
Progress: [===================                               ] 38.6% (3421/8860, queue: 5408) 1.7k/s (validating, workers: 16, goroutines: 33) - 2s
Progress: [===========================                       ] 55.7% (4938/8860, queue: 3906) 1.6k/s (validating, workers: 16, goroutines: 17) - 3s
Progress: [=====================================             ] 75.6% (6695/8860, queue: 2134) 1.7k/s (validating, workers: 16, goroutines: 26) - 4s
Progress: [==============================================    ] 92.8% (8225/8860, queue: 619) 1.6k/s (validating, workers: 16, goroutines: 17) - 5s
Progress: [================================================= ] 99.8% (8838/8860, queue: 0) 1.6k/s (draining in-flight, workers: 16) - 5s
Progress: [==================================================] 100.0% (8860/8860, queue: 0) 1.2k/s (completed) - 7s

Validation completed: 8860/8860 objects (8860 succeeded, 0 failed)

--- run 2026-09-04T21:46:35Z ---
System check starting...
Preparing loaders and cache...
Proactive Stale CAS cleanup starting...
Proactive Stale CAS cleanup: cleaning 100 kinds (timeout 2m0s)...
Proactive Stale CAS cleanup: account (1/100)...
Proactive Stale CAS cleanup: agent_architecture (2/100)...
Proactive Stale CAS cleanup: agent_feed (3/100)...
Proactive Stale CAS cleanup: agent_onboarding_preparation (4/100)...
Proactive Stale CAS cleanup: agent_skill (5/100)...
Proactive Stale CAS cleanup: agent_task (6/100)...
Proactive Stale CAS cleanup: api_spec (7/100)...
Proactive Stale CAS cleanup: auth_strategy (8/100)...
Proactive Stale CAS cleanup: base_sampler (10/100)...
Proactive Stale CAS cleanup: backlog_item (9/100)...
Proactive Stale CAS cleanup: brand (11/100)...
Proactive Stale CAS cleanup: bucketing_strategy (12/100)...
Proactive Stale CAS cleanup: capacity_advertisement (14/100)...
Proactive Stale CAS cleanup: capability (13/100)...
Proactive Stale CAS cleanup: command_spec (16/100)...
Proactive Stale CAS cleanup: certificate (15/100)...
Proactive Stale CAS cleanup: compute_advertisement (18/100)...
Proactive Stale CAS cleanup: component (17/100)...
Proactive Stale CAS cleanup: context_refresh_schedule (19/100)...
Proactive Stale CAS cleanup: convergence_session (20/100)...
Proactive Stale CAS cleanup: corporate_initiative (21/100)...
Proactive Stale CAS cleanup: criteria (22/100)...
Proactive Stale CAS cleanup: decision (23/100)...
Proactive Stale CAS cleanup: department (24/100)...
Proactive Stale CAS cleanup: digital_asset (25/100)...
Proactive Stale CAS cleanup: division (26/100)...
Proactive Stale CAS cleanup: doc_entry (27/100)...
Proactive Stale CAS cleanup: domain_registry (28/100)...
Proactive Stale CAS cleanup: evolution_management (29/100)...
Proactive Stale CAS cleanup: fission_event (31/100)...
Proactive Stale CAS cleanup: field_registry (30/100)...
Proactive Stale CAS cleanup: glossary_term (32/100)...
Proactive Stale CAS cleanup: glossary_term_relation (33/100)...
Proactive Stale CAS cleanup: goal (34/100)...
Proactive Stale CAS cleanup: import_tracking (35/100)...
Proactive Stale CAS cleanup: inference_heuristic (37/100)...
Proactive Stale CAS cleanup: important_date (36/100)...
Proactive Stale CAS cleanup: keystore_entry (38/100)...
Proactive Stale CAS cleanup: kind_synonym (39/100)...
Proactive Stale CAS cleanup: list_metric_sampler (41/100)...
Proactive Stale CAS cleanup: library (40/100)...
Proactive Stale CAS cleanup: mcp_spec (42/100)...
Proactive Stale CAS cleanup: metadata_package (43/100)...
Proactive Stale CAS cleanup: metrics_feedback (44/100)...
Proactive Stale CAS cleanup: milestone (45/100)...
Proactive Stale CAS cleanup: mission (46/100)...
Proactive Stale CAS cleanup: namespace (47/100)...
Proactive Stale CAS cleanup: namespace_registry (48/100)...
Proactive Stale CAS cleanup: object_spec (49/100)...
Proactive Stale CAS cleanup: ordered_list_metric_sampler (50/100)...
Proactive Stale CAS cleanup: organization (51/100)...
Proactive Stale CAS cleanup: organizational_change (52/100)...
Proactive Stale CAS cleanup: partnership (53/100)...
Proactive Stale CAS cleanup: persona (54/100)...
Proactive Stale CAS cleanup: pipeline (55/100)...
Proactive Stale CAS cleanup: pipeline_definition (56/100)...
Proactive Stale CAS cleanup: pipeline_execution (57/100)...
Proactive Stale CAS cleanup: pipeline_stage (58/100)...
Proactive Stale CAS cleanup: policy (59/100)...
Proactive Stale CAS cleanup: process_hygiene_rule (61/100)...
Proactive Stale CAS cleanup: priority_plan (60/100)...
Proactive Stale CAS cleanup: prompt_template (62/100)...
Proactive Stale CAS cleanup: provider_profile (63/100)...
Proactive Stale CAS cleanup: qa_success (64/100)...
Proactive Stale CAS cleanup: question (65/100)...
Proactive Stale CAS cleanup: remote_kernel (67/100)...
Proactive Stale CAS cleanup: release (66/100)...
Proactive Stale CAS cleanup: requirement (68/100)...
Proactive Stale CAS cleanup: resolver (69/100)...
Proactive Stale CAS cleanup: risk_blocker (70/100)...
Proactive Stale CAS cleanup: roadmap (71/100)...
Proactive Stale CAS cleanup: role (72/100)...
Proactive Stale CAS cleanup: rollback_report (73/100)...
Proactive Stale CAS cleanup: rule (74/100)...
Proactive Stale CAS cleanup: scalar_metric_sampler (76/100)...
Proactive Stale CAS cleanup: sampler_profile (75/100)...
Proactive Stale CAS cleanup: scenario (77/100)...
Proactive Stale CAS cleanup: scheduler_handler_binding (78/100)...
Proactive Stale CAS cleanup: shockwave_router (79/100)...
Proactive Stale CAS cleanup: status_history_metric_sampler (81/100)...
Proactive Stale CAS cleanup: stakeholder_profile (80/100)...
Proactive Stale CAS cleanup: strategic_context (82/100)...
Proactive Stale CAS cleanup: strategic_plan (83/100)...
Proactive Stale CAS cleanup: team (84/100)...
Proactive Stale CAS cleanup: team_configuration (85/100)...
Proactive Stale CAS cleanup: technical_debt (86/100)...
Proactive Stale CAS cleanup: technical_spec (87/100)...
Proactive Stale CAS cleanup: template (88/100)...
Proactive Stale CAS cleanup: test_case (89/100)...
Proactive Stale CAS cleanup: translation_manifest (91/100)...
Proactive Stale CAS cleanup: test_command_rule (90/100)...
Proactive Stale CAS cleanup: validation_rule (92/100)...
Proactive Stale CAS cleanup: vision (93/100)...
Proactive Stale CAS cleanup: vitality_report (95/100)...
Proactive Stale CAS cleanup: visual_plan (94/100)...
Proactive Stale CAS cleanup: vocabulary_scheme (96/100)...
Proactive Stale CAS cleanup: watchdog_registration (97/100)...
Proactive Stale CAS cleanup: workflow (98/100)...
Proactive Stale CAS cleanup: workstream (99/100)...
Proactive Stale CAS cleanup: workstream_transition (100/100)...
Loaders starting...
Loaders ready.
Loading object ID cache...
Warming CAS indexes...
Merging CAS indexes for 46 kinds...
CAS indexes warmed
Cache ready, starting validator...
Discovery starting...
Starting discovery across 100 kinds...
Validating 8870 objects (from docs/process/ via object ID cache)...
Progress: [=                                                 ] 2.3% (206/8870, queue: 8647) 196/s (validating, workers: 16, goroutines: 18) - 1s
Progress: [=                                                 ] 2.9% (260/8870, queue: 8594) 127/s (validating, workers: 16, goroutines: 17) - 2s
Progress: [=                                                 ] 3.6% (316/8870, queue: 8534) 104/s (validating, workers: 16, goroutines: 21) - 3s
Progress: [==                                                ] 4.5% (401/8870, queue: 8453) 99/s (validating, workers: 16, goroutines: 17) - 4s
Progress: [==                                                ] 5.2% (460/8870, queue: 8394) 91/s (validating, workers: 16, goroutines: 17) - 5s
Progress: [==                                                ] 5.9% (522/8870, queue: 8331) 86/s (validating, workers: 16, goroutines: 18) - 6s
Progress: [===                                               ] 6.6% (586/8870, queue: 8267) 83/s (validating, workers: 16, goroutines: 18) - 7s
Progress: [===                                               ] 7.6% (671/8870, queue: 8183) 83/s (validating, workers: 16, goroutines: 17) - 8s
Progress: [====                                              ] 8.3% (736/8870, queue: 8118) 81/s (validating, workers: 16, goroutines: 17) - 9s
Progress: [====                                              ] 8.8% (781/8870, queue: 8073) 78/s (validating, workers: 16, goroutines: 17) - 10s
Progress: [====                                              ] 9.2% (812/8870, queue: 8042) 73/s (validating, workers: 16, goroutines: 17) - 11s
Progress: [====                                              ] 9.4% (836/8870, queue: 8018) 69/s (validating, workers: 16, goroutines: 17) - 12s
Progress: [====                                              ] 9.7% (859/8870, queue: 7995) 66/s (validating, workers: 16, goroutines: 17) - 13s
Progress: [=====                                             ] 10.1% (895/8870, queue: 7959) 64/s (validating, workers: 16, goroutines: 17) - 14s
Progress: [=====                                             ] 10.5% (928/8870, queue: 7926) 62/s (validating, workers: 16, goroutines: 17) - 15s
Progress: [=====                                             ] 11.0% (974/8870, queue: 7879) 61/s (validating, workers: 16, goroutines: 18) - 16s
Progress: [======                                            ] 12.3% (1091/8870, queue: 7763) 64/s (validating, workers: 16, goroutines: 17) - 17s
Progress: [=======                                           ] 14.5% (1286/8870, queue: 7567) 71/s (validating, workers: 16, goroutines: 18) - 18s
Progress: [==========                                        ] 21.6% (1920/8870, queue: 6925) 101/s (validating, workers: 16, goroutines: 21) - 19s
Progress: [=============                                     ] 27.2% (2413/8870, queue: 6440) 120/s (validating, workers: 16, goroutines: 18) - 20s
Progress: [================                                  ] 32.8% (2911/8870, queue: 5943) 138/s (validating, workers: 16, goroutines: 17) - 21s
Progress: [==================                                ] 36.5% (3237/8870, queue: 5611) 147/s (validating, workers: 16, goroutines: 23) - 22s
Progress: [====================                              ] 40.1% (3558/8870, queue: 5296) 154/s (validating, workers: 16, goroutines: 17) - 23s
Progress: [=======================                           ] 46.3% (4103/8870, queue: 4751) 171/s (validating, workers: 16, goroutines: 17) - 24s
Progress: [=========================                         ] 51.2% (4538/8870, queue: 4315) 181/s (validating, workers: 16, goroutines: 18) - 25s
Progress: [===========================                       ] 55.4% (4912/8870, queue: 3930) 189/s (validating, workers: 16, goroutines: 25) - 26s
Progress: [=============================                     ] 59.7% (5293/8870, queue: 3560) 196/s (validating, workers: 16, goroutines: 18) - 27s
Progress: [=================================                 ] 66.5% (5902/8870, queue: 2951) 210/s (validating, workers: 16, goroutines: 18) - 28s
Progress: [====================================              ] 72.1% (6393/8870, queue: 2460) 220/s (validating, workers: 16, goroutines: 18) - 29s
Progress: [=======================================           ] 78.4% (6958/8870, queue: 1895) 232/s (validating, workers: 16, goroutines: 18) - 30s
Progress: [=========================================         ] 82.8% (7347/8870, queue: 1507) 237/s (validating, workers: 16, goroutines: 17) - 31s
Progress: [===========================================       ] 86.6% (7685/8870, queue: 1169) 240/s (validating, workers: 16, goroutines: 17) - 32s
Progress: [=============================================     ] 91.7% (8137/8870, queue: 717) 246/s (validating, workers: 16, goroutines: 17) - 33s
Progress: [===============================================   ] 95.1% (8433/8870, queue: 420) 248/s (validating, workers: 16, goroutines: 18) - 34s
Progress: [================================================= ] 99.8% (8854/8870, queue: 0) 253/s (draining in-flight, workers: 16) - 35s
Progress: [==================================================] 100.0% (8870/8870, queue: 0) 238/s (completed) - 37s

Validation completed: 8870/8870 objects (8870 succeeded, 0 failed)

--- run 2026-09-04T21:55:26Z ---
System check starting...
Preparing loaders and cache...
Proactive Stale CAS cleanup starting...
Proactive Stale CAS cleanup: cleaning 100 kinds (timeout 2m0s)...
Proactive Stale CAS cleanup: account (1/100)...
Proactive Stale CAS cleanup: agent_architecture (2/100)...
Proactive Stale CAS cleanup: agent_feed (3/100)...
Proactive Stale CAS cleanup: agent_onboarding_preparation (4/100)...
Proactive Stale CAS cleanup: agent_skill (5/100)...
Proactive Stale CAS cleanup: agent_task (6/100)...
Proactive Stale CAS cleanup: api_spec (7/100)...
Proactive Stale CAS cleanup: auth_strategy (8/100)...
Proactive Stale CAS cleanup: base_sampler (10/100)...
Proactive Stale CAS cleanup: backlog_item (9/100)...
Proactive Stale CAS cleanup: brand (11/100)...
Proactive Stale CAS cleanup: bucketing_strategy (12/100)...
Proactive Stale CAS cleanup: capability (13/100)...
Proactive Stale CAS cleanup: capacity_advertisement (14/100)...
Proactive Stale CAS cleanup: command_spec (16/100)...
Proactive Stale CAS cleanup: certificate (15/100)...
Proactive Stale CAS cleanup: compute_advertisement (18/100)...
Proactive Stale CAS cleanup: component (17/100)...
Proactive Stale CAS cleanup: context_refresh_schedule (19/100)...
Proactive Stale CAS cleanup: convergence_session (20/100)...
Proactive Stale CAS cleanup: corporate_initiative (21/100)...
Proactive Stale CAS cleanup: criteria (22/100)...
Proactive Stale CAS cleanup: decision (23/100)...
Proactive Stale CAS cleanup: department (24/100)...
Proactive Stale CAS cleanup: digital_asset (25/100)...
Proactive Stale CAS cleanup: division (26/100)...
Proactive Stale CAS cleanup: doc_entry (27/100)...
Proactive Stale CAS cleanup: domain_registry (28/100)...
Proactive Stale CAS cleanup: field_registry (30/100)...
Proactive Stale CAS cleanup: evolution_management (29/100)...
Proactive Stale CAS cleanup: fission_event (31/100)...
Proactive Stale CAS cleanup: glossary_term (32/100)...
Proactive Stale CAS cleanup: glossary_term_relation (33/100)...
Proactive Stale CAS cleanup: goal (34/100)...
Proactive Stale CAS cleanup: import_tracking (35/100)...
Proactive Stale CAS cleanup: important_date (36/100)...
Proactive Stale CAS cleanup: inference_heuristic (37/100)...
Proactive Stale CAS cleanup: keystore_entry (38/100)...
Proactive Stale CAS cleanup: kind_synonym (39/100)...
Proactive Stale CAS cleanup: list_metric_sampler (41/100)...
Proactive Stale CAS cleanup: library (40/100)...
Proactive Stale CAS cleanup: mcp_spec (42/100)...
Proactive Stale CAS cleanup: metrics_feedback (44/100)...
Proactive Stale CAS cleanup: metadata_package (43/100)...
Proactive Stale CAS cleanup: milestone (45/100)...
Proactive Stale CAS cleanup: mission (46/100)...
Proactive Stale CAS cleanup: namespace (47/100)...
Proactive Stale CAS cleanup: namespace_registry (48/100)...
Proactive Stale CAS cleanup: ordered_list_metric_sampler (50/100)...
Proactive Stale CAS cleanup: object_spec (49/100)...
Proactive Stale CAS cleanup: organization (51/100)...
Proactive Stale CAS cleanup: organizational_change (52/100)...
Proactive Stale CAS cleanup: partnership (53/100)...
Proactive Stale CAS cleanup: persona (54/100)...
Proactive Stale CAS cleanup: pipeline (55/100)...
Proactive Stale CAS cleanup: pipeline_definition (56/100)...
Proactive Stale CAS cleanup: pipeline_stage (58/100)...
Proactive Stale CAS cleanup: pipeline_execution (57/100)...
Proactive Stale CAS cleanup: policy (59/100)...
Proactive Stale CAS cleanup: process_hygiene_rule (61/100)...
Proactive Stale CAS cleanup: priority_plan (60/100)...
Proactive Stale CAS cleanup: provider_profile (63/100)...
Proactive Stale CAS cleanup: prompt_template (62/100)...
Proactive Stale CAS cleanup: qa_success (64/100)...
Proactive Stale CAS cleanup: question (65/100)...
Proactive Stale CAS cleanup: release (66/100)...
Proactive Stale CAS cleanup: remote_kernel (67/100)...
Proactive Stale CAS cleanup: requirement (68/100)...
Proactive Stale CAS cleanup: resolver (69/100)...
Proactive Stale CAS cleanup: risk_blocker (70/100)...
Proactive Stale CAS cleanup: roadmap (71/100)...
Proactive Stale CAS cleanup: role (72/100)...
Proactive Stale CAS cleanup: rollback_report (73/100)...
Proactive Stale CAS cleanup: rule (74/100)...
Proactive Stale CAS cleanup: sampler_profile (75/100)...
Proactive Stale CAS cleanup: scalar_metric_sampler (76/100)...
Proactive Stale CAS cleanup: scenario (77/100)...
Proactive Stale CAS cleanup: scheduler_handler_binding (78/100)...
Proactive Stale CAS cleanup: shockwave_router (79/100)...
Proactive Stale CAS cleanup: status_history_metric_sampler (81/100)...
Proactive Stale CAS cleanup: stakeholder_profile (80/100)...
Proactive Stale CAS cleanup: strategic_context (82/100)...
Proactive Stale CAS cleanup: strategic_plan (83/100)...
Proactive Stale CAS cleanup: team (84/100)...
Proactive Stale CAS cleanup: team_configuration (85/100)...
Proactive Stale CAS cleanup: technical_debt (86/100)...
Proactive Stale CAS cleanup: technical_spec (87/100)...
Proactive Stale CAS cleanup: template (88/100)...
Proactive Stale CAS cleanup: test_case (89/100)...
Proactive Stale CAS cleanup: translation_manifest (91/100)...
Proactive Stale CAS cleanup: test_command_rule (90/100)...
Proactive Stale CAS cleanup: validation_rule (92/100)...
Proactive Stale CAS cleanup: vision (93/100)...
Proactive Stale CAS cleanup: vitality_report (95/100)...
Proactive Stale CAS cleanup: visual_plan (94/100)...
Proactive Stale CAS cleanup: vocabulary_scheme (96/100)...
Proactive Stale CAS cleanup: watchdog_registration (97/100)...
Proactive Stale CAS cleanup: workflow (98/100)...
Proactive Stale CAS cleanup: workstream (99/100)...
Proactive Stale CAS cleanup: workstream_transition (100/100)...
Loaders starting...
Loaders ready.
Loading object ID cache...
Warming CAS indexes...
Merging CAS indexes for 46 kinds...
CAS indexes warmed
Cache ready, starting validator...
Discovery starting...
Starting discovery across 100 kinds...
Validating 8909 objects (from docs/process/ via object ID cache)...
Progress: [                                                  ] 0.9% (77/8909, queue: 8815) 76/s (validating, workers: 16, goroutines: 18) - 1s
Progress: [                                                  ] 1.3% (116/8909, queue: 8777) 58/s (validating, workers: 16, goroutines: 17) - 2s
Progress: [                                                  ] 1.6% (146/8909, queue: 8747) 48/s (validating, workers: 16, goroutines: 17) - 3s
Progress: [                                                  ] 1.9% (173/8909, queue: 8720) 43/s (validating, workers: 16, goroutines: 17) - 4s
Progress: [=                                                 ] 2.2% (199/8909, queue: 8693) 40/s (validating, workers: 16, goroutines: 18) - 5s
Progress: [=                                                 ] 2.8% (246/8909, queue: 8646) 41/s (validating, workers: 16, goroutines: 18) - 6s
Progress: [=                                                 ] 3.1% (280/8909, queue: 8613) 40/s (validating, workers: 16, goroutines: 17) - 7s
Progress: [=                                                 ] 3.6% (323/8909, queue: 8570) 40/s (validating, workers: 16, goroutines: 17) - 8s
Progress: [==                                                ] 4.1% (365/8909, queue: 8528) 41/s (validating, workers: 16, goroutines: 17) - 9s
Progress: [==                                                ] 4.5% (403/8909, queue: 8490) 40/s (validating, workers: 16, goroutines: 17) - 10s
Progress: [==                                                ] 5.0% (448/8909, queue: 8445) 41/s (validating, workers: 16, goroutines: 17) - 11s
Progress: [==                                                ] 5.4% (477/8909, queue: 8415) 40/s (validating, workers: 16, goroutines: 18) - 12s
Progress: [==                                                ] 5.7% (505/8909, queue: 8388) 39/s (validating, workers: 16, goroutines: 17) - 13s
Progress: [===                                               ] 6.0% (535/8909, queue: 8358) 38/s (validating, workers: 16, goroutines: 17) - 14s
Progress: [===                                               ] 6.2% (552/8909, queue: 8340) 37/s (validating, workers: 16, goroutines: 18) - 15s
Progress: [===                                               ] 6.5% (577/8909, queue: 8315) 36/s (validating, workers: 16, goroutines: 18) - 16s
Progress: [===                                               ] 6.7% (593/8909, queue: 8300) 35/s (validating, workers: 16, goroutines: 17) - 17s
Progress: [===                                               ] 6.9% (616/8909, queue: 8277) 34/s (validating, workers: 16, goroutines: 17) - 18s
Progress: [===                                               ] 7.2% (638/8909, queue: 8255) 34/s (validating, workers: 16, goroutines: 17) - 19s
Progress: [===                                               ] 7.4% (660/8909, queue: 8233) 33/s (validating, workers: 16, goroutines: 17) - 20s
Progress: [===                                               ] 7.6% (674/8909, queue: 8218) 32/s (validating, workers: 16, goroutines: 18) - 21s
Progress: [===                                               ] 7.6% (680/8909, queue: 8212) 31/s (validating, workers: 16, goroutines: 18) - 22s
Progress: [===                                               ] 7.7% (688/8909, queue: 8205) 26/s (validating, workers: 16, goroutines: 17) - 26s
Progress: [===                                               ] 8.0% (709/8909, queue: 8184) 26/s (validating, workers: 16, goroutines: 17) - 27s
Progress: [====                                              ] 8.1% (722/8909, queue: 8170) 26/s (validating, workers: 16, goroutines: 18) - 28s
Progress: [====                                              ] 8.2% (732/8909, queue: 8161) 25/s (validating, workers: 16, goroutines: 17) - 29s
Progress: [====                                              ] 8.4% (747/8909, queue: 8145) 25/s (validating, workers: 16, goroutines: 18) - 30s
Progress: [====                                              ] 8.6% (766/8909, queue: 8125) 25/s (validating, workers: 16, goroutines: 19) - 31s
Progress: [====                                              ] 8.6% (768/8909, queue: 8124) 24/s (validating, workers: 16, goroutines: 18) - 32s
Progress: [====                                              ] 8.7% (778/8909, queue: 8115) 24/s (validating, workers: 16, goroutines: 17) - 33s
Progress: [====                                              ] 9.0% (806/8909, queue: 8086) 24/s (validating, workers: 16, goroutines: 18) - 34s
Progress: [====                                              ] 9.5% (842/8909, queue: 8051) 24/s (validating, workers: 16, goroutines: 17) - 35s
Progress: [====                                              ] 9.7% (863/8909, queue: 8029) 24/s (validating, workers: 16, goroutines: 18) - 36s
Progress: [=====                                             ] 10.0% (894/8909, queue: 7998) 24/s (validating, workers: 16, goroutines: 18) - 37s
Progress: [=====                                             ] 10.5% (932/8909, queue: 7960) 25/s (validating, workers: 16, goroutines: 18) - 38s
Progress: [=====                                             ] 10.8% (964/8909, queue: 7929) 25/s (validating, workers: 16, goroutines: 17) - 39s
Progress: [=====                                             ] 11.1% (988/8909, queue: 7905) 25/s (validating, workers: 16, goroutines: 17) - 40s
Progress: [=====                                             ] 11.4% (1013/8909, queue: 7880) 25/s (validating, workers: 16, goroutines: 17) - 41s
Progress: [=====                                             ] 11.7% (1041/8909, queue: 7851) 25/s (validating, workers: 16, goroutines: 18) - 42s
Progress: [=====                                             ] 11.9% (1064/8909, queue: 7828) 25/s (validating, workers: 16, goroutines: 18) - 43s
Progress: [======                                            ] 12.3% (1098/8909, queue: 7795) 25/s (validating, workers: 16, goroutines: 17) - 44s
Progress: [======                                            ] 12.5% (1116/8909, queue: 7777) 25/s (validating, workers: 16, goroutines: 17) - 45s
Progress: [======                                            ] 12.7% (1133/8909, queue: 7759) 25/s (validating, workers: 16, goroutines: 18) - 46s
Progress: [======                                            ] 13.0% (1156/8909, queue: 7737) 25/s (validating, workers: 16, goroutines: 17) - 47s
Progress: [======                                            ] 13.2% (1173/8909, queue: 7719) 24/s (validating, workers: 16, goroutines: 18) - 48s
Progress: [======                                            ] 13.4% (1194/8909, queue: 7698) 24/s (validating, workers: 16, goroutines: 18) - 49s
Progress: [======                                            ] 13.7% (1223/8909, queue: 7670) 24/s (validating, workers: 16, goroutines: 17) - 50s
Progress: [=======                                           ] 14.1% (1252/8909, queue: 7640) 25/s (validating, workers: 16, goroutines: 18) - 51s
Progress: [=======                                           ] 14.5% (1295/8909, queue: 7598) 25/s (validating, workers: 16, goroutines: 17) - 52s
Progress: [=======                                           ] 14.8% (1321/8909, queue: 7572) 25/s (validating, workers: 16, goroutines: 17) - 53s
Progress: [=======                                           ] 15.0% (1340/8909, queue: 7551) 25/s (validating, workers: 16, goroutines: 19) - 54s
Progress: [=======                                           ] 15.3% (1362/8909, queue: 7531) 25/s (validating, workers: 16, goroutines: 17) - 55s
Progress: [=======                                           ] 15.5% (1378/8909, queue: 7514) 25/s (validating, workers: 16, goroutines: 18) - 56s
Progress: [=======                                           ] 15.6% (1392/8909, queue: 7501) 24/s (validating, workers: 16, goroutines: 17) - 57s
Progress: [=======                                           ] 15.8% (1412/8909, queue: 7481) 24/s (validating, workers: 16, goroutines: 17) - 58s
Progress: [========                                          ] 16.1% (1433/8909, queue: 7460) 24/s (validating, workers: 16, goroutines: 17) - 59s
Progress: [========                                          ] 16.3% (1451/8909, queue: 7441) 24/s (validating, workers: 16, goroutines: 18) - 1m0s
Progress: [========                                          ] 16.4% (1458/8909, queue: 7434) 24/s (validating, workers: 16, goroutines: 18) - 1m1s
Progress: [========                                          ] 16.6% (1477/8909, queue: 7415) 24/s (validating, workers: 16, goroutines: 18) - 1m2s
Progress: [========                                          ] 16.8% (1497/8909, queue: 7396) 24/s (validating, workers: 16, goroutines: 17) - 1m3s
Progress: [========                                          ] 17.0% (1511/8909, queue: 7382) 24/s (validating, workers: 16, goroutines: 17) - 1m4s
Progress: [========                                          ] 17.2% (1535/8909, queue: 7357) 24/s (validating, workers: 16, goroutines: 18) - 1m5s
Progress: [========                                          ] 17.6% (1569/8909, queue: 7323) 24/s (validating, workers: 16, goroutines: 18) - 1m6s
Progress: [========                                          ] 17.9% (1594/8909, queue: 7299) 24/s (validating, workers: 16, goroutines: 17) - 1m7s
Progress: [=========                                         ] 18.2% (1620/8909, queue: 7272) 24/s (validating, workers: 16, goroutines: 18) - 1m8s
Progress: [=========                                         ] 18.4% (1639/8909, queue: 7253) 24/s (validating, workers: 16, goroutines: 18) - 1m9s
Progress: [=========                                         ] 18.6% (1656/8909, queue: 7237) 24/s (validating, workers: 16, goroutines: 17) - 1m10s
Progress: [=========                                         ] 18.7% (1664/8909, queue: 7228) 23/s (validating, workers: 16, goroutines: 18) - 1m11s
Progress: [=========                                         ] 18.7% (1667/8909, queue: 7226) 23/s (validating, workers: 16, goroutines: 17) - 1m12s
Progress: [=========                                         ] 19.1% (1699/8909, queue: 7194) 23/s (validating, workers: 16, goroutines: 17) - 1m13s
Progress: [=========                                         ] 19.4% (1726/8909, queue: 7166) 23/s (validating, workers: 16, goroutines: 18) - 1m14s
Progress: [=========                                         ] 19.8% (1766/8909, queue: 7126) 24/s (validating, workers: 16, goroutines: 18) - 1m15s
Progress: [==========                                        ] 20.4% (1817/8909, queue: 7075) 24/s (validating, workers: 16, goroutines: 18) - 1m16s
Progress: [==========                                        ] 20.7% (1844/8909, queue: 7049) 24/s (validating, workers: 16, goroutines: 17) - 1m17s
Progress: [==========                                        ] 20.9% (1866/8909, queue: 7026) 24/s (validating, workers: 16, goroutines: 18) - 1m18s
Progress: [==========                                        ] 21.5% (1913/8909, queue: 6980) 24/s (validating, workers: 16, goroutines: 17) - 1m19s
Progress: [==========                                        ] 21.8% (1938/8909, queue: 6954) 24/s (validating, workers: 16, goroutines: 18) - 1m20s
Progress: [===========                                       ] 22.1% (1965/8909, queue: 6927) 24/s (validating, workers: 16, goroutines: 18) - 1m21s
Progress: [===========                                       ] 22.3% (1989/8909, queue: 6903) 24/s (validating, workers: 16, goroutines: 18) - 1m22s
Progress: [===========                                       ] 22.8% (2030/8909, queue: 6863) 24/s (validating, workers: 16, goroutines: 17) - 1m23s
Progress: [===========                                       ] 23.2% (2064/8909, queue: 6829) 25/s (validating, workers: 16, goroutines: 17) - 1m24s
Progress: [===========                                       ] 23.6% (2105/8909, queue: 6787) 25/s (validating, workers: 16, goroutines: 18) - 1m25s
Progress: [===========                                       ] 24.0% (2138/8909, queue: 6754) 25/s (validating, workers: 16, goroutines: 18) - 1m26s
Progress: [============                                      ] 24.3% (2162/8909, queue: 6730) 25/s (validating, workers: 16, goroutines: 18) - 1m27s
Progress: [============                                      ] 24.5% (2183/8909, queue: 6710) 25/s (validating, workers: 16, goroutines: 17) - 1m28s
Progress: [============                                      ] 24.9% (2218/8909, queue: 6675) 25/s (validating, workers: 16, goroutines: 17) - 1m29s
Progress: [============                                      ] 25.3% (2251/8909, queue: 6641) 25/s (validating, workers: 16, goroutines: 18) - 1m30s
Progress: [============                                      ] 25.6% (2284/8909, queue: 6609) 25/s (validating, workers: 16, goroutines: 17) - 1m31s
Progress: [============                                      ] 26.0% (2312/8909, queue: 6580) 25/s (validating, workers: 16, goroutines: 18) - 1m32s
Progress: [=============                                     ] 26.3% (2347/8909, queue: 6546) 25/s (validating, workers: 16, goroutines: 17) - 1m33s
Progress: [=============                                     ] 26.7% (2375/8909, queue: 6517) 25/s (validating, workers: 16, goroutines: 18) - 1m34s
Progress: [=============                                     ] 27.1% (2414/8909, queue: 6479) 25/s (validating, workers: 16, goroutines: 17) - 1m35s
Progress: [=============                                     ] 27.5% (2452/8909, queue: 6441) 26/s (validating, workers: 16, goroutines: 17) - 1m36s
Progress: [==============                                    ] 28.0% (2495/8909, queue: 6398) 26/s (validating, workers: 16, goroutines: 17) - 1m37s
Progress: [==============                                    ] 28.6% (2551/8909, queue: 6342) 26/s (validating, workers: 16, goroutines: 17) - 1m38s
Progress: [==============                                    ] 29.3% (2610/8909, queue: 6282) 26/s (validating, workers: 16, goroutines: 18) - 1m39s
Progress: [==============                                    ] 29.8% (2659/8909, queue: 6234) 27/s (validating, workers: 16, goroutines: 17) - 1m40s
Progress: [===============                                   ] 30.4% (2708/8909, queue: 6185) 27/s (validating, workers: 16, goroutines: 17) - 1m41s
Progress: [===============                                   ] 30.8% (2740/8909, queue: 6153) 27/s (validating, workers: 16, goroutines: 17) - 1m42s
Progress: [===============                                   ] 31.0% (2766/8909, queue: 6127) 27/s (validating, workers: 16, goroutines: 17) - 1m43s
Progress: [===============                                   ] 31.3% (2789/8909, queue: 6104) 27/s (validating, workers: 16, goroutines: 17) - 1m44s
Progress: [===============                                   ] 31.5% (2808/8909, queue: 6084) 27/s (validating, workers: 16, goroutines: 18) - 1m45s
Progress: [===============                                   ] 31.8% (2833/8909, queue: 6060) 27/s (validating, workers: 16, goroutines: 17) - 1m46s
Progress: [================                                  ] 32.2% (2870/8909, queue: 6023) 27/s (validating, workers: 16, goroutines: 17) - 1m47s
Progress: [================                                  ] 32.8% (2922/8909, queue: 5971) 27/s (validating, workers: 16, goroutines: 17) - 1m48s
Progress: [================                                  ] 33.7% (2999/8909, queue: 5892) 28/s (validating, workers: 16, goroutines: 19) - 1m49s
Progress: [=================                                 ] 34.5% (3078/8909, queue: 5815) 28/s (validating, workers: 16, goroutines: 17) - 1m50s
Progress: [=================                                 ] 35.6% (3173/8909, queue: 5720) 29/s (validating, workers: 16, goroutines: 17) - 1m51s
Progress: [==================                                ] 36.7% (3268/8909, queue: 5624) 29/s (validating, workers: 16, goroutines: 18) - 1m52s
Progress: [==================                                ] 37.3% (3319/8909, queue: 5574) 29/s (validating, workers: 16, goroutines: 17) - 1m53s
Progress: [==================                                ] 37.5% (3340/8909, queue: 5552) 29/s (validating, workers: 16, goroutines: 18) - 1m54s
Progress: [==================                                ] 37.7% (3359/8909, queue: 5534) 29/s (validating, workers: 16, goroutines: 17) - 1m55s
Progress: [===================                               ] 38.3% (3409/8909, queue: 5481) 29/s (validating, workers: 16, goroutines: 20) - 1m56s
Progress: [===================                               ] 38.6% (3443/8909, queue: 5447) 29/s (validating, workers: 16, goroutines: 20) - 1m57s
Progress: [===================                               ] 38.8% (3459/8909, queue: 5434) 29/s (validating, workers: 16, goroutines: 17) - 1m58s
Progress: [===================                               ] 39.3% (3500/8909, queue: 5393) 29/s (validating, workers: 16, goroutines: 17) - 1m59s
Progress: [===================                               ] 39.8% (3544/8909, queue: 5348) 30/s (validating, workers: 16, goroutines: 18) - 2m0s
Progress: [====================                              ] 40.5% (3608/8909, queue: 5284) 30/s (validating, workers: 16, goroutines: 18) - 2m1s
Progress: [====================                              ] 40.7% (3625/8909, queue: 5267) 30/s (validating, workers: 16, goroutines: 18) - 2m2s
Progress: [====================                              ] 41.0% (3650/8909, queue: 5242) 30/s (validating, workers: 16, goroutines: 18) - 2m3s
Progress: [====================                              ] 41.2% (3668/8909, queue: 5225) 30/s (validating, workers: 16, goroutines: 17) - 2m4s
Progress: [====================                              ] 41.4% (3691/8909, queue: 5202) 30/s (validating, workers: 16, goroutines: 17) - 2m5s
Progress: [====================                              ] 41.6% (3707/8909, queue: 5184) 29/s (validating, workers: 16, goroutines: 19) - 2m6s
Progress: [====================                              ] 41.8% (3721/8909, queue: 5171) 29/s (validating, workers: 16, goroutines: 18) - 2m7s
Progress: [====================                              ] 41.9% (3736/8909, queue: 5155) 29/s (validating, workers: 16, goroutines: 19) - 2m8s
Progress: [=====================                             ] 42.1% (3754/8909, queue: 5138) 29/s (validating, workers: 16, goroutines: 18) - 2m9s
Progress: [=====================                             ] 42.4% (3774/8909, queue: 5117) 29/s (validating, workers: 16, goroutines: 19) - 2m10s
Progress: [=====================                             ] 42.7% (3805/8909, queue: 5088) 29/s (validating, workers: 16, goroutines: 17) - 2m11s
Progress: [=====================                             ] 43.2% (3848/8909, queue: 5045) 29/s (validating, workers: 16, goroutines: 17) - 2m12s
Progress: [=====================                             ] 43.5% (3876/8909, queue: 5017) 29/s (validating, workers: 16, goroutines: 17) - 2m13s
Progress: [=====================                             ] 43.7% (3895/8909, queue: 4998) 29/s (validating, workers: 16, goroutines: 17) - 2m14s
Progress: [=====================                             ] 44.0% (3918/8909, queue: 4973) 29/s (validating, workers: 16, goroutines: 19) - 2m15s
Progress: [======================                            ] 44.2% (3942/8909, queue: 4951) 29/s (validating, workers: 16, goroutines: 17) - 2m16s
Progress: [======================                            ] 44.4% (3959/8909, queue: 4934) 29/s (validating, workers: 16, goroutines: 17) - 2m17s
Progress: [======================                            ] 44.8% (3988/8909, queue: 4904) 29/s (validating, workers: 16, goroutines: 18) - 2m18s
Progress: [======================                            ] 45.0% (4011/8909, queue: 4880) 29/s (validating, workers: 16, goroutines: 19) - 2m19s
Progress: [======================                            ] 45.2% (4027/8909, queue: 4865) 29/s (validating, workers: 16, goroutines: 18) - 2m20s
Progress: [======================                            ] 45.6% (4059/8909, queue: 4834) 29/s (validating, workers: 16, goroutines: 17) - 2m21s
Progress: [======================                            ] 45.9% (4085/8909, queue: 4808) 29/s (validating, workers: 16, goroutines: 17) - 2m22s
Progress: [=======================                           ] 46.2% (4116/8909, queue: 4777) 29/s (validating, workers: 16, goroutines: 17) - 2m23s
Progress: [=======================                           ] 46.6% (4151/8909, queue: 4739) 29/s (validating, workers: 16, goroutines: 20) - 2m24s
Progress: [=======================                           ] 46.9% (4175/8909, queue: 4716) 29/s (validating, workers: 16, goroutines: 19) - 2m25s
Progress: [=======================                           ] 47.1% (4195/8909, queue: 4697) 29/s (validating, workers: 16, goroutines: 18) - 2m26s
Progress: [=======================                           ] 47.3% (4214/8909, queue: 4679) 29/s (validating, workers: 16, goroutines: 17) - 2m27s
Progress: [=======================                           ] 47.6% (4237/8909, queue: 4656) 29/s (validating, workers: 16, goroutines: 17) - 2m28s
Progress: [=======================                           ] 47.9% (4270/8909, queue: 4622) 29/s (validating, workers: 16, goroutines: 18) - 2m29s
Progress: [========================                          ] 48.2% (4293/8909, queue: 4599) 29/s (validating, workers: 16, goroutines: 18) - 2m30s
Progress: [========================                          ] 48.5% (4317/8909, queue: 4576) 29/s (validating, workers: 16, goroutines: 17) - 2m31s
Progress: [========================                          ] 48.7% (4342/8909, queue: 4551) 29/s (validating, workers: 16, goroutines: 17) - 2m32s
Progress: [========================                          ] 49.0% (4363/8909, queue: 4530) 29/s (validating, workers: 16, goroutines: 17) - 2m33s
Progress: [========================                          ] 49.3% (4388/8909, queue: 4504) 28/s (validating, workers: 16, goroutines: 18) - 2m34s
Progress: [========================                          ] 49.6% (4421/8909, queue: 4472) 29/s (validating, workers: 16, goroutines: 17) - 2m35s
Progress: [=========================                         ] 50.1% (4461/8909, queue: 4432) 29/s (validating, workers: 16, goroutines: 17) - 2m36s
Progress: [=========================                         ] 50.4% (4490/8909, queue: 4403) 29/s (validating, workers: 16, goroutines: 17) - 2m37s
Progress: [=========================                         ] 50.8% (4528/8909, queue: 4364) 29/s (validating, workers: 16, goroutines: 18) - 2m38s
Progress: [=========================                         ] 51.1% (4555/8909, queue: 4337) 29/s (validating, workers: 16, goroutines: 18) - 2m39s
Progress: [=========================                         ] 51.3% (4573/8909, queue: 4318) 29/s (validating, workers: 16, goroutines: 19) - 2m40s
Progress: [=========================                         ] 51.8% (4613/8909, queue: 4279) 29/s (validating, workers: 16, goroutines: 18) - 2m41s
Progress: [==========================                        ] 52.6% (4688/8909, queue: 4205) 29/s (validating, workers: 16, goroutines: 17) - 2m42s
Progress: [==========================                        ] 53.2% (4737/8909, queue: 4153) 29/s (validating, workers: 16, goroutines: 20) - 2m43s
Progress: [==========================                        ] 53.7% (4785/8909, queue: 4108) 29/s (validating, workers: 16, goroutines: 17) - 2m44s
Progress: [===========================                       ] 54.2% (4831/8909, queue: 4061) 29/s (validating, workers: 16, goroutines: 18) - 2m45s
Progress: [===========================                       ] 54.9% (4894/8909, queue: 3999) 29/s (validating, workers: 16, goroutines: 17) - 2m46s
Progress: [===========================                       ] 55.3% (4925/8909, queue: 3968) 29/s (validating, workers: 16, goroutines: 17) - 2m47s
Progress: [===========================                       ] 55.7% (4960/8909, queue: 3933) 30/s (validating, workers: 16, goroutines: 17) - 2m48s
Progress: [============================                      ] 56.2% (5008/8909, queue: 3884) 30/s (validating, workers: 16, goroutines: 18) - 2m49s
Progress: [============================                      ] 56.8% (5061/8909, queue: 3832) 30/s (validating, workers: 16, goroutines: 17) - 2m50s
Progress: [============================                      ] 57.4% (5115/8909, queue: 3777) 30/s (validating, workers: 16, goroutines: 18) - 2m51s
Progress: [=============================                     ] 58.1% (5176/8909, queue: 3717) 30/s (validating, workers: 16, goroutines: 17) - 2m52s
Progress: [=============================                     ] 58.7% (5230/8909, queue: 3663) 30/s (validating, workers: 16, goroutines: 17) - 2m53s
Progress: [=============================                     ] 59.3% (5282/8909, queue: 3611) 30/s (validating, workers: 16, goroutines: 17) - 2m54s
Progress: [==============================                    ] 60.4% (5378/8909, queue: 3514) 31/s (validating, workers: 16, goroutines: 18) - 2m55s
Progress: [==============================                    ] 61.1% (5442/8909, queue: 3451) 31/s (validating, workers: 16, goroutines: 17) - 2m56s
Progress: [==============================                    ] 61.8% (5502/8909, queue: 3391) 31/s (validating, workers: 16, goroutines: 17) - 2m57s
Progress: [===============================                   ] 62.5% (5565/8909, queue: 3328) 31/s (validating, workers: 16, goroutines: 17) - 2m58s
Progress: [===============================                   ] 63.1% (5619/8909, queue: 3274) 31/s (validating, workers: 16, goroutines: 17) - 2m59s
Progress: [===============================                   ] 63.7% (5675/8909, queue: 3218) 32/s (validating, workers: 16, goroutines: 17) - 3m0s
Progress: [================================                  ] 64.5% (5748/8909, queue: 3144) 32/s (validating, workers: 16, goroutines: 18) - 3m1s
Progress: [================================                  ] 64.8% (5770/8909, queue: 3122) 32/s (validating, workers: 16, goroutines: 18) - 3m2s
Progress: [================================                  ] 65.0% (5788/8909, queue: 3103) 32/s (validating, workers: 16, goroutines: 19) - 3m3s
Progress: [================================                  ] 65.3% (5816/8909, queue: 3076) 32/s (validating, workers: 16, goroutines: 18) - 3m4s
Progress: [================================                  ] 65.6% (5847/8909, queue: 3046) 32/s (validating, workers: 16, goroutines: 17) - 3m5s
Progress: [================================                  ] 65.9% (5874/8909, queue: 3019) 32/s (validating, workers: 16, goroutines: 17) - 3m6s
Progress: [=================================                 ] 66.4% (5913/8909, queue: 2980) 32/s (validating, workers: 16, goroutines: 17) - 3m7s
Progress: [=================================                 ] 66.7% (5944/8909, queue: 2948) 32/s (validating, workers: 16, goroutines: 18) - 3m8s
Progress: [=================================                 ] 67.0% (5971/8909, queue: 2922) 32/s (validating, workers: 16, goroutines: 17) - 3m9s
Progress: [=================================                 ] 67.5% (6018/8909, queue: 2875) 32/s (validating, workers: 16, goroutines: 17) - 3m10s
Progress: [==================================                ] 68.1% (6068/8909, queue: 2825) 32/s (validating, workers: 16, goroutines: 17) - 3m11s
Progress: [==================================                ] 68.6% (6112/8909, queue: 2781) 32/s (validating, workers: 16, goroutines: 17) - 3m12s
Progress: [==================================                ] 69.1% (6160/8909, queue: 2733) 32/s (validating, workers: 16, goroutines: 17) - 3m13s
Progress: [==================================                ] 69.7% (6206/8909, queue: 2687) 32/s (validating, workers: 16, goroutines: 17) - 3m14s
Progress: [===================================               ] 70.2% (6251/8909, queue: 2642) 32/s (validating, workers: 16, goroutines: 17) - 3m15s
Progress: [===================================               ] 70.8% (6305/8909, queue: 2588) 32/s (validating, workers: 16, goroutines: 17) - 3m16s
Progress: [===================================               ] 71.3% (6352/8909, queue: 2541) 32/s (validating, workers: 16, goroutines: 17) - 3m17s
Progress: [===================================               ] 71.9% (6406/8909, queue: 2486) 32/s (validating, workers: 16, goroutines: 18) - 3m18s
Progress: [====================================              ] 72.2% (6435/8909, queue: 2458) 32/s (validating, workers: 16, goroutines: 17) - 3m19s
Progress: [====================================              ] 72.8% (6483/8909, queue: 2410) 32/s (validating, workers: 16, goroutines: 17) - 3m20s
Progress: [====================================              ] 73.4% (6538/8909, queue: 2355) 33/s (validating, workers: 16, goroutines: 17) - 3m21s
Progress: [====================================              ] 74.0% (6592/8909, queue: 2300) 33/s (validating, workers: 16, goroutines: 18) - 3m22s
Progress: [=====================================             ] 74.5% (6636/8909, queue: 2256) 33/s (validating, workers: 16, goroutines: 18) - 3m23s
Progress: [=====================================             ] 74.9% (6675/8909, queue: 2218) 33/s (validating, workers: 16, goroutines: 17) - 3m24s
Progress: [=====================================             ] 75.4% (6720/8909, queue: 2173) 33/s (validating, workers: 16, goroutines: 17) - 3m25s
Progress: [======================================            ] 76.1% (6779/8909, queue: 2114) 33/s (validating, workers: 16, goroutines: 17) - 3m26s
Progress: [======================================            ] 76.7% (6837/8909, queue: 2056) 33/s (validating, workers: 16, goroutines: 17) - 3m27s
Progress: [======================================            ] 77.6% (6917/8909, queue: 1975) 33/s (validating, workers: 16, goroutines: 18) - 3m28s
Progress: [=======================================           ] 78.5% (6994/8909, queue: 1899) 33/s (validating, workers: 16, goroutines: 17) - 3m29s
Progress: [=======================================           ] 79.1% (7047/8909, queue: 1846) 34/s (validating, workers: 16, goroutines: 17) - 3m30s
Progress: [=======================================           ] 79.4% (7072/8909, queue: 1821) 34/s (validating, workers: 16, goroutines: 17) - 3m31s
Progress: [=======================================           ] 79.7% (7100/8909, queue: 1792) 33/s (validating, workers: 16, goroutines: 18) - 3m32s
Progress: [========================================          ] 80.3% (7154/8909, queue: 1739) 34/s (validating, workers: 16, goroutines: 17) - 3m33s
Progress: [========================================          ] 80.7% (7193/8909, queue: 1700) 34/s (validating, workers: 16, goroutines: 17) - 3m34s
Progress: [========================================          ] 81.2% (7231/8909, queue: 1661) 34/s (validating, workers: 16, goroutines: 18) - 3m35s
Progress: [========================================          ] 81.4% (7251/8909, queue: 1642) 34/s (validating, workers: 16, goroutines: 17) - 3m36s
Progress: [========================================          ] 81.7% (7280/8909, queue: 1613) 34/s (validating, workers: 16, goroutines: 17) - 3m37s
Progress: [=========================================         ] 82.3% (7328/8909, queue: 1565) 34/s (validating, workers: 16, goroutines: 17) - 3m38s
Progress: [=========================================         ] 82.6% (7357/8909, queue: 1536) 34/s (validating, workers: 16, goroutines: 17) - 3m39s
Progress: [=========================================         ] 82.9% (7382/8909, queue: 1511) 34/s (validating, workers: 16, goroutines: 17) - 3m40s
Progress: [=========================================         ] 83.5% (7435/8909, queue: 1458) 34/s (validating, workers: 16, goroutines: 17) - 3m41s
Progress: [=========================================         ] 83.8% (7463/8909, queue: 1430) 34/s (validating, workers: 16, goroutines: 17) - 3m42s
Progress: [==========================================        ] 84.1% (7493/8909, queue: 1399) 34/s (validating, workers: 16, goroutines: 18) - 3m43s
Progress: [==========================================        ] 84.6% (7538/8909, queue: 1354) 34/s (validating, workers: 16, goroutines: 18) - 3m44s
Progress: [==========================================        ] 85.4% (7605/8909, queue: 1288) 34/s (validating, workers: 16, goroutines: 17) - 3m45s
Progress: [==========================================        ] 85.7% (7639/8909, queue: 1254) 34/s (validating, workers: 16, goroutines: 17) - 3m46s
Progress: [===========================================       ] 86.1% (7668/8909, queue: 1224) 34/s (validating, workers: 16, goroutines: 18) - 3m47s
Progress: [===========================================       ] 86.4% (7700/8909, queue: 1192) 34/s (validating, workers: 16, goroutines: 18) - 3m48s
Progress: [===========================================       ] 86.8% (7730/8909, queue: 1163) 34/s (validating, workers: 16, goroutines: 17) - 3m49s
Progress: [===========================================       ] 87.1% (7760/8909, queue: 1132) 34/s (validating, workers: 16, goroutines: 18) - 3m50s
Progress: [===========================================       ] 87.4% (7787/8909, queue: 1106) 34/s (validating, workers: 16, goroutines: 17) - 3m51s
Progress: [===========================================       ] 87.8% (7826/8909, queue: 1067) 34/s (validating, workers: 16, goroutines: 17) - 3m52s
Progress: [============================================      ] 88.7% (7905/8909, queue: 988) 34/s (validating, workers: 16, goroutines: 17) - 3m53s
Progress: [============================================      ] 89.2% (7950/8909, queue: 943) 34/s (validating, workers: 16, goroutines: 17) - 3m54s
Progress: [============================================      ] 89.7% (7991/8909, queue: 902) 34/s (validating, workers: 16, goroutines: 17) - 3m55s
Progress: [=============================================     ] 90.3% (8042/8909, queue: 851) 34/s (validating, workers: 16, goroutines: 17) - 3m56s
Progress: [=============================================     ] 91.0% (8108/8909, queue: 785) 34/s (validating, workers: 16, goroutines: 17) - 3m57s
Progress: [=============================================     ] 91.7% (8172/8909, queue: 720) 34/s (validating, workers: 16, goroutines: 18) - 3m58s
Progress: [==============================================    ] 92.4% (8232/8909, queue: 661) 34/s (validating, workers: 16, goroutines: 17) - 3m59s
Progress: [==============================================    ] 93.0% (8287/8909, queue: 605) 35/s (validating, workers: 16, goroutines: 18) - 4m0s
Progress: [==============================================    ] 93.7% (8346/8909, queue: 547) 35/s (validating, workers: 16, goroutines: 17) - 4m1s
Progress: [===============================================   ] 94.3% (8402/8909, queue: 491) 35/s (validating, workers: 16, goroutines: 17) - 4m2s
Progress: [===============================================   ] 94.9% (8457/8909, queue: 436) 35/s (validating, workers: 16, goroutines: 17) - 4m3s
Progress: [===============================================   ] 95.5% (8506/8909, queue: 386) 35/s (validating, workers: 16, goroutines: 18) - 4m4s
Progress: [===============================================   ] 96.0% (8549/8909, queue: 344) 35/s (validating, workers: 16, goroutines: 17) - 4m5s
Progress: [================================================  ] 96.5% (8594/8909, queue: 299) 35/s (validating, workers: 16, goroutines: 17) - 4m6s
Progress: [================================================  ] 96.9% (8637/8909, queue: 256) 35/s (validating, workers: 16, goroutines: 17) - 4m7s
Progress: [================================================  ] 97.5% (8685/8909, queue: 207) 35/s (validating, workers: 16, goroutines: 18) - 4m8s
Progress: [================================================= ] 98.0% (8734/8909, queue: 159) 35/s (validating, workers: 16, goroutines: 17) - 4m9s
Progress: [================================================= ] 98.5% (8774/8909, queue: 118) 35/s (validating, workers: 16, goroutines: 18) - 4m10s
Progress: [================================================= ] 99.0% (8823/8909, queue: 70) 35/s (validating, workers: 16, goroutines: 17) - 4m11s
Progress: [================================================= ] 99.8% (8891/8909, queue: 0) 35/s (draining in-flight, workers: 16) - 4m12s
Progress: [================================================= ] 99.8% (8893/8909, queue: 0) 35/s (draining in-flight, workers: 16) - 4m12s
Progress: [==================================================] 100.0% (8909/8909, queue: 0) 35/s (completed) - 4m14s

Validation completed: 8909/8909 objects (8909 succeeded, 0 failed)

--- run 2026-09-04T22:06:52Z ---
System check starting...
Preparing loaders and cache...
Proactive Stale CAS cleanup starting...
Proactive Stale CAS cleanup: cleaning 100 kinds (timeout 2m0s)...
Proactive Stale CAS cleanup: account (1/100)...
Proactive Stale CAS cleanup: agent_architecture (2/100)...
Proactive Stale CAS cleanup: agent_feed (3/100)...
Proactive Stale CAS cleanup: agent_onboarding_preparation (4/100)...
Proactive Stale CAS cleanup: agent_skill (5/100)...
Proactive Stale CAS cleanup: agent_task (6/100)...
Proactive Stale CAS cleanup: api_spec (7/100)...
Proactive Stale CAS cleanup: auth_strategy (8/100)...
Proactive Stale CAS cleanup: base_sampler (10/100)...
Proactive Stale CAS cleanup: backlog_item (9/100)...
Proactive Stale CAS cleanup: brand (11/100)...
Proactive Stale CAS cleanup: capability (13/100)...
Proactive Stale CAS cleanup: bucketing_strategy (12/100)...
Proactive Stale CAS cleanup: capacity_advertisement (14/100)...
Proactive Stale CAS cleanup: command_spec (16/100)...
Proactive Stale CAS cleanup: certificate (15/100)...
Proactive Stale CAS cleanup: component (17/100)...
Proactive Stale CAS cleanup: compute_advertisement (18/100)...
Proactive Stale CAS cleanup: context_refresh_schedule (19/100)...
Proactive Stale CAS cleanup: convergence_session (20/100)...
Proactive Stale CAS cleanup: corporate_initiative (21/100)...
Proactive Stale CAS cleanup: criteria (22/100)...
Proactive Stale CAS cleanup: decision (23/100)...
Proactive Stale CAS cleanup: department (24/100)...
Proactive Stale CAS cleanup: digital_asset (25/100)...
Proactive Stale CAS cleanup: division (26/100)...
Proactive Stale CAS cleanup: doc_entry (27/100)...
Proactive Stale CAS cleanup: domain_registry (28/100)...
Proactive Stale CAS cleanup: evolution_management (29/100)...
Proactive Stale CAS cleanup: fission_event (31/100)...
Proactive Stale CAS cleanup: field_registry (30/100)...
Proactive Stale CAS cleanup: glossary_term (32/100)...
Proactive Stale CAS cleanup: glossary_term_relation (33/100)...
Proactive Stale CAS cleanup: goal (34/100)...
Proactive Stale CAS cleanup: import_tracking (35/100)...
Proactive Stale CAS cleanup: important_date (36/100)...
Proactive Stale CAS cleanup: inference_heuristic (37/100)...
Proactive Stale CAS cleanup: keystore_entry (38/100)...
Proactive Stale CAS cleanup: kind_synonym (39/100)...
Proactive Stale CAS cleanup: library (40/100)...
Proactive Stale CAS cleanup: list_metric_sampler (41/100)...
Proactive Stale CAS cleanup: mcp_spec (42/100)...
Proactive Stale CAS cleanup: metrics_feedback (44/100)...
Proactive Stale CAS cleanup: metadata_package (43/100)...
Proactive Stale CAS cleanup: milestone (45/100)...
Proactive Stale CAS cleanup: mission (46/100)...
Proactive Stale CAS cleanup: namespace (47/100)...
Proactive Stale CAS cleanup: namespace_registry (48/100)...
Proactive Stale CAS cleanup: object_spec (49/100)...
Proactive Stale CAS cleanup: ordered_list_metric_sampler (50/100)...
Proactive Stale CAS cleanup: organization (51/100)...
Proactive Stale CAS cleanup: organizational_change (52/100)...
Proactive Stale CAS cleanup: partnership (53/100)...
Proactive Stale CAS cleanup: persona (54/100)...
Proactive Stale CAS cleanup: pipeline (55/100)...
Proactive Stale CAS cleanup: pipeline_definition (56/100)...
Proactive Stale CAS cleanup: pipeline_execution (57/100)...
Proactive Stale CAS cleanup: pipeline_stage (58/100)...
Proactive Stale CAS cleanup: policy (59/100)...
Proactive Stale CAS cleanup: priority_plan (60/100)...
Proactive Stale CAS cleanup: process_hygiene_rule (61/100)...
Proactive Stale CAS cleanup: provider_profile (63/100)...
Proactive Stale CAS cleanup: prompt_template (62/100)...
Proactive Stale CAS cleanup: qa_success (64/100)...
Proactive Stale CAS cleanup: question (65/100)...
Proactive Stale CAS cleanup: remote_kernel (67/100)...
Proactive Stale CAS cleanup: release (66/100)...
Proactive Stale CAS cleanup: requirement (68/100)...
Proactive Stale CAS cleanup: resolver (69/100)...
Proactive Stale CAS cleanup: risk_blocker (70/100)...
Proactive Stale CAS cleanup: roadmap (71/100)...
Proactive Stale CAS cleanup: role (72/100)...
Proactive Stale CAS cleanup: rollback_report (73/100)...
Proactive Stale CAS cleanup: rule (74/100)...
Proactive Stale CAS cleanup: scalar_metric_sampler (76/100)...
Proactive Stale CAS cleanup: sampler_profile (75/100)...
Proactive Stale CAS cleanup: scenario (77/100)...
Proactive Stale CAS cleanup: scheduler_handler_binding (78/100)...
Proactive Stale CAS cleanup: shockwave_router (79/100)...
Proactive Stale CAS cleanup: status_history_metric_sampler (81/100)...
Proactive Stale CAS cleanup: stakeholder_profile (80/100)...
Proactive Stale CAS cleanup: strategic_context (82/100)...
Proactive Stale CAS cleanup: strategic_plan (83/100)...
Proactive Stale CAS cleanup: team (84/100)...
Proactive Stale CAS cleanup: team_configuration (85/100)...
Proactive Stale CAS cleanup: technical_debt (86/100)...
Proactive Stale CAS cleanup: technical_spec (87/100)...
Proactive Stale CAS cleanup: template (88/100)...
Proactive Stale CAS cleanup: test_case (89/100)...
Proactive Stale CAS cleanup: test_command_rule (90/100)...
Proactive Stale CAS cleanup: translation_manifest (91/100)...
Proactive Stale CAS cleanup: validation_rule (92/100)...
Proactive Stale CAS cleanup: vitality_report (95/100)...
Proactive Stale CAS cleanup: vision (93/100)...
Proactive Stale CAS cleanup: visual_plan (94/100)...
Proactive Stale CAS cleanup: vocabulary_scheme (96/100)...
Proactive Stale CAS cleanup: watchdog_registration (97/100)...
Proactive Stale CAS cleanup: workflow (98/100)...
Proactive Stale CAS cleanup: workstream (99/100)...
Proactive Stale CAS cleanup: workstream_transition (100/100)...
Loaders starting...
Loaders ready.
Loading object ID cache...
Warming CAS indexes...
Merging CAS indexes for 46 kinds...
CAS indexes warmed
Cache ready, starting validator...
Discovery starting...
Starting discovery across 100 kinds...
Validating 8928 objects (from docs/process/ via object ID cache)...
Progress: [=                                                 ] 2.4% (211/8928, queue: 8701) 207/s (validating, workers: 16, goroutines: 17) - 1s
Progress: [=                                                 ] 3.0% (269/8928, queue: 8642) 133/s (validating, workers: 16, goroutines: 18) - 2s
Progress: [=                                                 ] 3.5% (314/8928, queue: 8598) 104/s (validating, workers: 16, goroutines: 17) - 3s
Progress: [==                                                ] 4.1% (363/8928, queue: 8548) 90/s (validating, workers: 16, goroutines: 18) - 4s
Progress: [==                                                ] 4.6% (408/8928, queue: 8504) 81/s (validating, workers: 16, goroutines: 17) - 5s
Progress: [==                                                ] 4.9% (438/8928, queue: 8474) 73/s (validating, workers: 16, goroutines: 17) - 6s
Progress: [==                                                ] 5.3% (476/8928, queue: 8436) 68/s (validating, workers: 16, goroutines: 17) - 7s
Progress: [==                                                ] 5.6% (502/8928, queue: 8410) 63/s (validating, workers: 16, goroutines: 17) - 8s
Progress: [===                                               ] 6.1% (546/8928, queue: 8366) 61/s (validating, workers: 16, goroutines: 17) - 9s
Progress: [===                                               ] 6.7% (594/8928, queue: 8318) 59/s (validating, workers: 16, goroutines: 17) - 10s
Progress: [===                                               ] 6.9% (616/8928, queue: 8296) 56/s (validating, workers: 16, goroutines: 17) - 11s
Progress: [===                                               ] 7.3% (648/8928, queue: 8264) 54/s (validating, workers: 16, goroutines: 17) - 12s
Progress: [===                                               ] 7.6% (681/8928, queue: 8231) 52/s (validating, workers: 16, goroutines: 17) - 13s
Progress: [===                                               ] 7.9% (707/8928, queue: 8205) 50/s (validating, workers: 16, goroutines: 17) - 14s
Progress: [====                                              ] 8.2% (733/8928, queue: 8179) 49/s (validating, workers: 16, goroutines: 17) - 15s
Progress: [====                                              ] 8.6% (771/8928, queue: 8141) 48/s (validating, workers: 16, goroutines: 17) - 16s
Progress: [====                                              ] 9.0% (800/8928, queue: 8112) 47/s (validating, workers: 16, goroutines: 17) - 17s
Progress: [====                                              ] 9.2% (824/8928, queue: 8087) 46/s (validating, workers: 16, goroutines: 18) - 18s
Progress: [====                                              ] 9.6% (853/8928, queue: 8059) 45/s (validating, workers: 16, goroutines: 17) - 19s
Progress: [====                                              ] 9.9% (882/8928, queue: 8030) 44/s (validating, workers: 16, goroutines: 17) - 20s
Progress: [=====                                             ] 10.3% (920/8928, queue: 7992) 44/s (validating, workers: 16, goroutines: 17) - 21s
Progress: [=====                                             ] 11.1% (992/8928, queue: 7920) 45/s (validating, workers: 16, goroutines: 17) - 22s
Progress: [=====                                             ] 11.7% (1048/8928, queue: 7864) 46/s (validating, workers: 16, goroutines: 17) - 23s
Progress: [======                                            ] 12.2% (1087/8928, queue: 7825) 45/s (validating, workers: 16, goroutines: 17) - 24s
Progress: [======                                            ] 12.7% (1135/8928, queue: 7776) 45/s (validating, workers: 16, goroutines: 18) - 25s
Progress: [======                                            ] 13.2% (1181/8928, queue: 7731) 45/s (validating, workers: 16, goroutines: 17) - 26s
Progress: [======                                            ] 13.8% (1229/8928, queue: 7682) 45/s (validating, workers: 16, goroutines: 18) - 27s
Progress: [=======                                           ] 14.1% (1263/8928, queue: 7649) 45/s (validating, workers: 16, goroutines: 17) - 28s
Progress: [=======                                           ] 14.7% (1316/8928, queue: 7596) 45/s (validating, workers: 16, goroutines: 17) - 29s
Progress: [=======                                           ] 15.0% (1340/8928, queue: 7572) 45/s (validating, workers: 16, goroutines: 17) - 30s
Progress: [=======                                           ] 15.4% (1379/8928, queue: 7532) 44/s (validating, workers: 16, goroutines: 18) - 31s
Progress: [========                                          ] 16.2% (1443/8928, queue: 7469) 45/s (validating, workers: 16, goroutines: 17) - 32s
Progress: [========                                          ] 16.7% (1492/8928, queue: 7420) 45/s (validating, workers: 16, goroutines: 17) - 33s
Progress: [========                                          ] 17.0% (1520/8928, queue: 7392) 45/s (validating, workers: 16, goroutines: 17) - 34s
Progress: [========                                          ] 17.3% (1542/8928, queue: 7370) 44/s (validating, workers: 16, goroutines: 17) - 35s
Progress: [========                                          ] 17.5% (1564/8928, queue: 7347) 43/s (validating, workers: 16, goroutines: 18) - 36s
Progress: [========                                          ] 17.9% (1600/8928, queue: 7311) 43/s (validating, workers: 16, goroutines: 18) - 37s
Progress: [=========                                         ] 18.5% (1652/8928, queue: 7259) 43/s (validating, workers: 16, goroutines: 18) - 38s
Progress: [=========                                         ] 19.0% (1692/8928, queue: 7220) 43/s (validating, workers: 16, goroutines: 17) - 39s
Progress: [=========                                         ] 19.4% (1731/8928, queue: 7180) 43/s (validating, workers: 16, goroutines: 18) - 40s
Progress: [=========                                         ] 20.0% (1783/8928, queue: 7129) 43/s (validating, workers: 16, goroutines: 17) - 41s
Progress: [==========                                        ] 20.6% (1835/8928, queue: 7077) 44/s (validating, workers: 16, goroutines: 17) - 42s
Progress: [==========                                        ] 20.9% (1866/8928, queue: 7046) 43/s (validating, workers: 16, goroutines: 17) - 43s
Progress: [==========                                        ] 21.2% (1895/8928, queue: 7017) 43/s (validating, workers: 16, goroutines: 17) - 44s
Progress: [==========                                        ] 21.7% (1933/8928, queue: 6979) 43/s (validating, workers: 16, goroutines: 17) - 45s
Progress: [==========                                        ] 22.0% (1961/8928, queue: 6950) 43/s (validating, workers: 16, goroutines: 18) - 46s
Progress: [===========                                       ] 22.2% (1982/8928, queue: 6930) 42/s (validating, workers: 16, goroutines: 17) - 47s
Progress: [===========                                       ] 22.5% (2013/8928, queue: 6899) 42/s (validating, workers: 16, goroutines: 17) - 48s
Progress: [===========                                       ] 22.8% (2038/8928, queue: 6874) 42/s (validating, workers: 16, goroutines: 17) - 49s
Progress: [===========                                       ] 23.1% (2063/8928, queue: 6849) 41/s (validating, workers: 16, goroutines: 17) - 50s
Progress: [===========                                       ] 23.5% (2102/8928, queue: 6810) 41/s (validating, workers: 16, goroutines: 17) - 51s
Progress: [============                                      ] 24.3% (2166/8928, queue: 6746) 42/s (validating, workers: 16, goroutines: 17) - 52s
Progress: [============                                      ] 24.8% (2217/8928, queue: 6694) 42/s (validating, workers: 16, goroutines: 18) - 53s
Progress: [============                                      ] 25.1% (2243/8928, queue: 6669) 42/s (validating, workers: 16, goroutines: 17) - 54s
Progress: [============                                      ] 25.4% (2272/8928, queue: 6640) 41/s (validating, workers: 16, goroutines: 17) - 55s
Progress: [============                                      ] 25.9% (2314/8928, queue: 6598) 41/s (validating, workers: 16, goroutines: 17) - 56s
Progress: [=============                                     ] 26.6% (2374/8928, queue: 6537) 42/s (validating, workers: 16, goroutines: 18) - 57s
Progress: [=============                                     ] 27.2% (2427/8928, queue: 6484) 42/s (validating, workers: 16, goroutines: 18) - 58s
Progress: [=============                                     ] 27.6% (2467/8928, queue: 6445) 42/s (validating, workers: 16, goroutines: 17) - 59s
Progress: [==============                                    ] 28.1% (2508/8928, queue: 6404) 42/s (validating, workers: 16, goroutines: 17) - 1m0s
Progress: [==============                                    ] 28.8% (2573/8928, queue: 6339) 42/s (validating, workers: 16, goroutines: 17) - 1m1s
Progress: [==============                                    ] 29.4% (2624/8928, queue: 6287) 42/s (validating, workers: 16, goroutines: 18) - 1m2s
Progress: [==============                                    ] 29.9% (2671/8928, queue: 6241) 42/s (validating, workers: 16, goroutines: 17) - 1m3s
Progress: [===============                                   ] 30.3% (2708/8928, queue: 6204) 42/s (validating, workers: 16, goroutines: 17) - 1m4s
Progress: [===============                                   ] 30.8% (2747/8928, queue: 6164) 42/s (validating, workers: 16, goroutines: 18) - 1m5s
Progress: [===============                                   ] 31.3% (2794/8928, queue: 6118) 42/s (validating, workers: 16, goroutines: 17) - 1m6s
Progress: [===============                                   ] 31.9% (2846/8928, queue: 6065) 42/s (validating, workers: 16, goroutines: 18) - 1m7s
Progress: [================                                  ] 32.4% (2893/8928, queue: 6019) 43/s (validating, workers: 16, goroutines: 17) - 1m8s
Progress: [================                                  ] 33.1% (2953/8928, queue: 5958) 43/s (validating, workers: 16, goroutines: 18) - 1m9s
Progress: [================                                  ] 33.3% (2973/8928, queue: 5939) 42/s (validating, workers: 16, goroutines: 17) - 1m10s
Progress: [================                                  ] 33.8% (3019/8928, queue: 5893) 43/s (validating, workers: 16, goroutines: 17) - 1m11s
Progress: [=================                                 ] 34.5% (3081/8928, queue: 5831) 43/s (validating, workers: 16, goroutines: 17) - 1m12s
Progress: [=================                                 ] 34.9% (3114/8928, queue: 5798) 43/s (validating, workers: 16, goroutines: 17) - 1m13s
Progress: [=================                                 ] 35.2% (3144/8928, queue: 5767) 42/s (validating, workers: 16, goroutines: 18) - 1m14s
Progress: [==================                                ] 36.1% (3224/8928, queue: 5687) 43/s (validating, workers: 16, goroutines: 18) - 1m15s
Progress: [==================                                ] 36.8% (3288/8928, queue: 5624) 43/s (validating, workers: 16, goroutines: 17) - 1m16s
Progress: [==================                                ] 37.4% (3339/8928, queue: 5573) 43/s (validating, workers: 16, goroutines: 17) - 1m17s
Progress: [==================                                ] 37.7% (3363/8928, queue: 5549) 43/s (validating, workers: 16, goroutines: 17) - 1m18s
Progress: [===================                               ] 38.0% (3397/8928, queue: 5514) 43/s (validating, workers: 16, goroutines: 18) - 1m19s
Progress: [===================                               ] 38.3% (3422/8928, queue: 5489) 43/s (validating, workers: 16, goroutines: 18) - 1m20s
Progress: [===================                               ] 38.7% (3451/8928, queue: 5461) 43/s (validating, workers: 16, goroutines: 17) - 1m21s
Progress: [===================                               ] 39.1% (3492/8928, queue: 5420) 43/s (validating, workers: 16, goroutines: 17) - 1m22s
Progress: [===================                               ] 39.3% (3513/8928, queue: 5399) 42/s (validating, workers: 16, goroutines: 17) - 1m23s
Progress: [===================                               ] 39.8% (3550/8928, queue: 5362) 42/s (validating, workers: 16, goroutines: 17) - 1m24s
Progress: [====================                              ] 40.3% (3596/8928, queue: 5316) 42/s (validating, workers: 16, goroutines: 17) - 1m25s
Progress: [====================                              ] 41.0% (3662/8928, queue: 5250) 43/s (validating, workers: 16, goroutines: 17) - 1m26s
Progress: [====================                              ] 41.4% (3695/8928, queue: 5216) 42/s (validating, workers: 16, goroutines: 18) - 1m27s
Progress: [=====================                             ] 42.0% (3752/8928, queue: 5160) 43/s (validating, workers: 16, goroutines: 17) - 1m28s
Progress: [=====================                             ] 42.3% (3778/8928, queue: 5134) 42/s (validating, workers: 16, goroutines: 17) - 1m29s
Progress: [=====================                             ] 42.9% (3826/8928, queue: 5085) 42/s (validating, workers: 16, goroutines: 18) - 1m30s
Progress: [=====================                             ] 43.6% (3895/8928, queue: 5017) 43/s (validating, workers: 16, goroutines: 17) - 1m31s
Progress: [======================                            ] 44.6% (3979/8928, queue: 4933) 43/s (validating, workers: 16, goroutines: 17) - 1m32s
Progress: [======================                            ] 45.0% (4018/8928, queue: 4894) 43/s (validating, workers: 16, goroutines: 17) - 1m33s
Progress: [======================                            ] 45.5% (4060/8928, queue: 4852) 43/s (validating, workers: 16, goroutines: 17) - 1m34s
Progress: [=======================                           ] 46.1% (4112/8928, queue: 4800) 43/s (validating, workers: 16, goroutines: 17) - 1m35s
Progress: [=======================                           ] 46.8% (4176/8928, queue: 4735) 43/s (validating, workers: 16, goroutines: 18) - 1m36s
Progress: [=======================                           ] 47.6% (4251/8928, queue: 4660) 44/s (validating, workers: 16, goroutines: 18) - 1m37s
Progress: [========================                          ] 48.1% (4294/8928, queue: 4618) 44/s (validating, workers: 16, goroutines: 17) - 1m38s
Progress: [========================                          ] 48.6% (4341/8928, queue: 4570) 44/s (validating, workers: 16, goroutines: 18) - 1m39s
Progress: [========================                          ] 49.0% (4379/8928, queue: 4533) 44/s (validating, workers: 16, goroutines: 17) - 1m40s
Progress: [========================                          ] 49.6% (4429/8928, queue: 4482) 44/s (validating, workers: 16, goroutines: 18) - 1m41s
Progress: [========================                          ] 49.9% (4456/8928, queue: 4456) 44/s (validating, workers: 16, goroutines: 17) - 1m42s
Progress: [=========================                         ] 50.3% (4491/8928, queue: 4421) 44/s (validating, workers: 16, goroutines: 17) - 1m43s
Progress: [=========================                         ] 50.7% (4524/8928, queue: 4387) 43/s (validating, workers: 16, goroutines: 18) - 1m44s
Progress: [=========================                         ] 51.0% (4551/8928, queue: 4361) 43/s (validating, workers: 16, goroutines: 17) - 1m45s
Progress: [=========================                         ] 51.3% (4579/8928, queue: 4333) 43/s (validating, workers: 16, goroutines: 17) - 1m46s
Progress: [=========================                         ] 51.6% (4607/8928, queue: 4305) 43/s (validating, workers: 16, goroutines: 17) - 1m47s
Progress: [==========================                        ] 52.1% (4654/8928, queue: 4258) 43/s (validating, workers: 16, goroutines: 17) - 1m48s
Progress: [==========================                        ] 52.9% (4721/8928, queue: 4191) 43/s (validating, workers: 16, goroutines: 17) - 1m49s
Progress: [==========================                        ] 53.5% (4775/8928, queue: 4137) 43/s (validating, workers: 16, goroutines: 17) - 1m50s
Progress: [===========================                       ] 54.2% (4835/8928, queue: 4077) 44/s (validating, workers: 16, goroutines: 17) - 1m51s
Progress: [===========================                       ] 54.6% (4878/8928, queue: 4033) 44/s (validating, workers: 16, goroutines: 18) - 1m52s
Progress: [===========================                       ] 55.3% (4935/8928, queue: 3976) 44/s (validating, workers: 16, goroutines: 18) - 1m53s
Progress: [============================                      ] 56.1% (5007/8928, queue: 3905) 44/s (validating, workers: 16, goroutines: 17) - 1m54s
Progress: [============================                      ] 56.6% (5055/8928, queue: 3856) 44/s (validating, workers: 16, goroutines: 18) - 1m55s
Progress: [============================                      ] 57.1% (5099/8928, queue: 3813) 44/s (validating, workers: 16, goroutines: 17) - 1m56s
Progress: [============================                      ] 57.5% (5137/8928, queue: 3774) 44/s (validating, workers: 16, goroutines: 18) - 1m57s
Progress: [============================                      ] 57.8% (5162/8928, queue: 3750) 44/s (validating, workers: 16, goroutines: 17) - 1m58s
Progress: [=============================                     ] 58.1% (5188/8928, queue: 3723) 44/s (validating, workers: 16, goroutines: 18) - 1m59s
Progress: [=============================                     ] 58.5% (5226/8928, queue: 3685) 44/s (validating, workers: 16, goroutines: 18) - 2m0s
Progress: [=============================                     ] 59.0% (5271/8928, queue: 3640) 44/s (validating, workers: 16, goroutines: 18) - 2m1s
Progress: [=============================                     ] 59.5% (5308/8928, queue: 3603) 43/s (validating, workers: 16, goroutines: 18) - 2m2s
Progress: [=============================                     ] 59.8% (5341/8928, queue: 3570) 43/s (validating, workers: 16, goroutines: 18) - 2m3s
Progress: [==============================                    ] 60.3% (5382/8928, queue: 3530) 43/s (validating, workers: 16, goroutines: 17) - 2m4s
Progress: [==============================                    ] 60.5% (5405/8928, queue: 3507) 43/s (validating, workers: 16, goroutines: 17) - 2m5s
Progress: [==============================                    ] 60.8% (5429/8928, queue: 3482) 43/s (validating, workers: 16, goroutines: 18) - 2m6s
Progress: [==============================                    ] 61.1% (5456/8928, queue: 3455) 43/s (validating, workers: 16, goroutines: 18) - 2m7s
Progress: [==============================                    ] 61.6% (5497/8928, queue: 3414) 43/s (validating, workers: 16, goroutines: 18) - 2m8s
Progress: [===============================                   ] 62.0% (5538/8928, queue: 3373) 43/s (validating, workers: 16, goroutines: 18) - 2m9s
Progress: [===============================                   ] 62.4% (5568/8928, queue: 3344) 43/s (validating, workers: 16, goroutines: 17) - 2m10s
Progress: [===============================                   ] 62.8% (5606/8928, queue: 3306) 43/s (validating, workers: 16, goroutines: 17) - 2m11s
Progress: [===============================                   ] 63.2% (5640/8928, queue: 3272) 43/s (validating, workers: 16, goroutines: 17) - 2m12s
Progress: [===============================                   ] 63.4% (5661/8928, queue: 3249) 43/s (validating, workers: 16, goroutines: 19) - 2m13s
Progress: [===============================                   ] 63.7% (5683/8928, queue: 3228) 42/s (validating, workers: 16, goroutines: 18) - 2m14s
Progress: [================================                  ] 64.2% (5731/8928, queue: 3180) 42/s (validating, workers: 16, goroutines: 18) - 2m15s
Progress: [================================                  ] 64.5% (5761/8928, queue: 3150) 42/s (validating, workers: 16, goroutines: 18) - 2m16s
Progress: [================================                  ] 64.8% (5788/8928, queue: 3124) 42/s (validating, workers: 16, goroutines: 17) - 2m17s
Progress: [================================                  ] 65.1% (5810/8928, queue: 3102) 42/s (validating, workers: 16, goroutines: 17) - 2m18s
Progress: [================================                  ] 65.6% (5854/8928, queue: 3057) 42/s (validating, workers: 16, goroutines: 18) - 2m19s
Progress: [=================================                 ] 66.1% (5900/8928, queue: 3011) 42/s (validating, workers: 16, goroutines: 18) - 2m20s
Progress: [=================================                 ] 66.5% (5941/8928, queue: 2971) 42/s (validating, workers: 16, goroutines: 17) - 2m21s
Progress: [=================================                 ] 66.9% (5969/8928, queue: 2941) 42/s (validating, workers: 16, goroutines: 19) - 2m22s
Progress: [=================================                 ] 67.2% (6000/8928, queue: 2912) 42/s (validating, workers: 16, goroutines: 17) - 2m23s
Progress: [=================================                 ] 67.9% (6061/8928, queue: 2850) 42/s (validating, workers: 16, goroutines: 18) - 2m24s
Progress: [==================================                ] 68.3% (6095/8928, queue: 2817) 42/s (validating, workers: 16, goroutines: 17) - 2m25s
Progress: [==================================                ] 68.6% (6121/8928, queue: 2791) 42/s (validating, workers: 16, goroutines: 17) - 2m26s
Progress: [==================================                ] 69.1% (6172/8928, queue: 2739) 42/s (validating, workers: 16, goroutines: 18) - 2m27s
Progress: [==================================                ] 69.8% (6232/8928, queue: 2680) 42/s (validating, workers: 16, goroutines: 17) - 2m28s
Progress: [===================================               ] 70.4% (6284/8928, queue: 2628) 42/s (validating, workers: 16, goroutines: 17) - 2m29s
Progress: [====================================              ] 73.6% (6568/8928, queue: 2343) 44/s (validating, workers: 16, goroutines: 18) - 2m30s
Progress: [======================================            ] 76.2% (6801/8928, queue: 2095) 45/s (validating, workers: 16, goroutines: 26) - 2m31s
Progress: [======================================            ] 78.0% (6962/8928, queue: 1950) 46/s (validating, workers: 16, goroutines: 17) - 2m32s
Progress: [=======================================           ] 78.9% (7045/8928, queue: 1866) 46/s (validating, workers: 16, goroutines: 18) - 2m33s
Progress: [========================================          ] 80.0% (7143/8928, queue: 1768) 46/s (validating, workers: 16, goroutines: 18) - 2m34s
Progress: [========================================          ] 81.5% (7278/8928, queue: 1633) 47/s (validating, workers: 16, goroutines: 18) - 2m35s
Progress: [=========================================         ] 82.5% (7362/8928, queue: 1550) 47/s (validating, workers: 16, goroutines: 17) - 2m36s
Progress: [==========================================        ] 85.3% (7616/8928, queue: 1295) 49/s (validating, workers: 16, goroutines: 18) - 2m37s
Progress: [============================================      ] 88.3% (7887/8928, queue: 1024) 50/s (validating, workers: 16, goroutines: 18) - 2m38s
Progress: [=============================================     ] 91.7% (8184/8928, queue: 727) 51/s (validating, workers: 16, goroutines: 18) - 2m39s
Progress: [==============================================    ] 92.3% (8238/8928, queue: 673) 51/s (validating, workers: 16, goroutines: 18) - 2m40s
Progress: [==============================================    ] 93.1% (8312/8928, queue: 599) 52/s (validating, workers: 16, goroutines: 18) - 2m41s
Progress: [==============================================    ] 93.8% (8371/8928, queue: 541) 52/s (validating, workers: 16, goroutines: 17) - 2m42s
Progress: [===============================================   ] 94.2% (8411/8928, queue: 501) 52/s (validating, workers: 16, goroutines: 17) - 2m43s
Progress: [===============================================   ] 95.5% (8522/8928, queue: 390) 52/s (validating, workers: 16, goroutines: 17) - 2m44s
Progress: [================================================  ] 97.2% (8677/8928, queue: 234) 53/s (validating, workers: 16, goroutines: 18) - 2m45s
Progress: [================================================= ] 99.8% (8910/8928, queue: 0) 54/s (draining in-flight, workers: 16) - 2m46s
Progress: [==================================================] 100.0% (8928/8928, queue: 0) 53/s (completed) - 2m47s

Validation completed: 8928/8928 objects (8928 succeeded, 0 failed)

--- run 2026-09-04T22:10:15Z ---
System check starting...
Preparing loaders and cache...
Proactive Stale CAS cleanup starting...
Proactive Stale CAS cleanup: cleaning 100 kinds (timeout 2m0s)...
Proactive Stale CAS cleanup: account (1/100)...
Proactive Stale CAS cleanup: agent_architecture (2/100)...
Proactive Stale CAS cleanup: agent_feed (3/100)...
Proactive Stale CAS cleanup: agent_onboarding_preparation (4/100)...
Proactive Stale CAS cleanup: agent_skill (5/100)...
Proactive Stale CAS cleanup: agent_task (6/100)...
Proactive Stale CAS cleanup: api_spec (7/100)...
Proactive Stale CAS cleanup: auth_strategy (8/100)...
Proactive Stale CAS cleanup: backlog_item (9/100)...
Proactive Stale CAS cleanup: base_sampler (10/100)...
Proactive Stale CAS cleanup: brand (11/100)...
Proactive Stale CAS cleanup: capability (13/100)...
Proactive Stale CAS cleanup: bucketing_strategy (12/100)...
Proactive Stale CAS cleanup: capacity_advertisement (14/100)...
Proactive Stale CAS cleanup: command_spec (16/100)...
Proactive Stale CAS cleanup: certificate (15/100)...
Proactive Stale CAS cleanup: compute_advertisement (18/100)...
Proactive Stale CAS cleanup: component (17/100)...
Proactive Stale CAS cleanup: context_refresh_schedule (19/100)...
Proactive Stale CAS cleanup: convergence_session (20/100)...
Proactive Stale CAS cleanup: corporate_initiative (21/100)...
Proactive Stale CAS cleanup: criteria (22/100)...
Proactive Stale CAS cleanup: decision (23/100)...
Proactive Stale CAS cleanup: department (24/100)...
Proactive Stale CAS cleanup: digital_asset (25/100)...
Proactive Stale CAS cleanup: division (26/100)...
Proactive Stale CAS cleanup: doc_entry (27/100)...
Proactive Stale CAS cleanup: domain_registry (28/100)...
Proactive Stale CAS cleanup: fission_event (31/100)...
Proactive Stale CAS cleanup: field_registry (30/100)...
Proactive Stale CAS cleanup: evolution_management (29/100)...
Proactive Stale CAS cleanup: glossary_term (32/100)...
Proactive Stale CAS cleanup: glossary_term_relation (33/100)...
Proactive Stale CAS cleanup: goal (34/100)...
Proactive Stale CAS cleanup: import_tracking (35/100)...
Proactive Stale CAS cleanup: important_date (36/100)...
Proactive Stale CAS cleanup: inference_heuristic (37/100)...
Proactive Stale CAS cleanup: keystore_entry (38/100)...
Proactive Stale CAS cleanup: kind_synonym (39/100)...
Proactive Stale CAS cleanup: list_metric_sampler (41/100)...
Proactive Stale CAS cleanup: library (40/100)...
Proactive Stale CAS cleanup: mcp_spec (42/100)...
Proactive Stale CAS cleanup: metrics_feedback (44/100)...
Proactive Stale CAS cleanup: metadata_package (43/100)...
Proactive Stale CAS cleanup: milestone (45/100)...
Proactive Stale CAS cleanup: mission (46/100)...
Proactive Stale CAS cleanup: namespace (47/100)...
Proactive Stale CAS cleanup: namespace_registry (48/100)...
Proactive Stale CAS cleanup: object_spec (49/100)...
Proactive Stale CAS cleanup: ordered_list_metric_sampler (50/100)...
Proactive Stale CAS cleanup: organization (51/100)...
Proactive Stale CAS cleanup: organizational_change (52/100)...
Proactive Stale CAS cleanup: partnership (53/100)...
Proactive Stale CAS cleanup: persona (54/100)...
Proactive Stale CAS cleanup: pipeline (55/100)...
Proactive Stale CAS cleanup: pipeline_definition (56/100)...
Proactive Stale CAS cleanup: pipeline_stage (58/100)...
Proactive Stale CAS cleanup: pipeline_execution (57/100)...
Proactive Stale CAS cleanup: policy (59/100)...
Proactive Stale CAS cleanup: process_hygiene_rule (61/100)...
Proactive Stale CAS cleanup: priority_plan (60/100)...
Proactive Stale CAS cleanup: provider_profile (63/100)...
Proactive Stale CAS cleanup: prompt_template (62/100)...
Proactive Stale CAS cleanup: qa_success (64/100)...
Proactive Stale CAS cleanup: question (65/100)...
Proactive Stale CAS cleanup: remote_kernel (67/100)...
Proactive Stale CAS cleanup: release (66/100)...
Proactive Stale CAS cleanup: requirement (68/100)...
Proactive Stale CAS cleanup: resolver (69/100)...
Proactive Stale CAS cleanup: risk_blocker (70/100)...
Proactive Stale CAS cleanup: roadmap (71/100)...
Proactive Stale CAS cleanup: role (72/100)...
Proactive Stale CAS cleanup: rollback_report (73/100)...
Proactive Stale CAS cleanup: sampler_profile (75/100)...
Proactive Stale CAS cleanup: scalar_metric_sampler (76/100)...
Proactive Stale CAS cleanup: rule (74/100)...
Proactive Stale CAS cleanup: scenario (77/100)...
Proactive Stale CAS cleanup: scheduler_handler_binding (78/100)...
Proactive Stale CAS cleanup: shockwave_router (79/100)...
Proactive Stale CAS cleanup: status_history_metric_sampler (81/100)...
Proactive Stale CAS cleanup: stakeholder_profile (80/100)...
Proactive Stale CAS cleanup: strategic_context (82/100)...
Proactive Stale CAS cleanup: strategic_plan (83/100)...
Proactive Stale CAS cleanup: team (84/100)...
Proactive Stale CAS cleanup: team_configuration (85/100)...
Proactive Stale CAS cleanup: technical_debt (86/100)...
Proactive Stale CAS cleanup: technical_spec (87/100)...
Proactive Stale CAS cleanup: template (88/100)...
Proactive Stale CAS cleanup: test_case (89/100)...
Proactive Stale CAS cleanup: test_command_rule (90/100)...
Proactive Stale CAS cleanup: translation_manifest (91/100)...
Proactive Stale CAS cleanup: validation_rule (92/100)...
Proactive Stale CAS cleanup: vision (93/100)...
Proactive Stale CAS cleanup: vitality_report (95/100)...
Proactive Stale CAS cleanup: visual_plan (94/100)...
Proactive Stale CAS cleanup: vocabulary_scheme (96/100)...
Proactive Stale CAS cleanup: watchdog_registration (97/100)...
Proactive Stale CAS cleanup: workflow (98/100)...
Proactive Stale CAS cleanup: workstream (99/100)...
Proactive Stale CAS cleanup: workstream_transition (100/100)...
Loaders starting...
Loaders ready.
Loading object ID cache...
Warming CAS indexes...
Merging CAS indexes for 46 kinds...
CAS indexes warmed
Cache ready, starting validator...
Discovery starting...
Starting discovery across 100 kinds...
Validating 8928 objects (from docs/process/ via object ID cache)...
Progress: [===========                                       ] 23.5% (2095/8928, queue: 6817) 2.1k/s (validating, workers: 16, goroutines: 17) - 1s
Progress: [========================                          ] 49.1% (4380/8928, queue: 4523) 2.2k/s (validating, workers: 16, goroutines: 26) - 2s
Progress: [=================================                 ] 66.1% (5905/8928, queue: 2991) 2.0k/s (validating, workers: 16, goroutines: 32) - 3s
Progress: [==========================================        ] 84.6% (7554/8928, queue: 1342) 1.9k/s (validating, workers: 16, goroutines: 29) - 4s
Progress: [============================================      ] 89.8% (8016/8928, queue: 896) 1.6k/s (validating, workers: 16, goroutines: 17) - 5s
Progress: [================================================  ] 96.1% (8581/8928, queue: 321) 1.4k/s (validating, workers: 16, goroutines: 33) - 6s
Progress: [================================================= ] 99.8% (8907/8928, queue: 0) 1.3k/s (draining in-flight, workers: 16) - 7s
Progress: [==================================================] 100.0% (8928/8928, queue: 0) 1.1k/s (completed) - 8s

Validation completed: 8928/8928 objects (8928 succeeded, 0 failed)

--- run 2026-09-04T22:15:02Z ---
System check starting...
Preparing loaders and cache...
Proactive Stale CAS cleanup starting...
Proactive Stale CAS cleanup: cleaning 100 kinds (timeout 2m0s)...
Proactive Stale CAS cleanup: account (1/100)...
Proactive Stale CAS cleanup: agent_architecture (2/100)...
Proactive Stale CAS cleanup: agent_feed (3/100)...
Proactive Stale CAS cleanup: agent_onboarding_preparation (4/100)...
Proactive Stale CAS cleanup: agent_skill (5/100)...
Proactive Stale CAS cleanup: agent_task (6/100)...
Proactive Stale CAS cleanup: api_spec (7/100)...
Proactive Stale CAS cleanup: auth_strategy (8/100)...
Proactive Stale CAS cleanup: backlog_item (9/100)...
Proactive Stale CAS cleanup: base_sampler (10/100)...
Proactive Stale CAS cleanup: brand (11/100)...
Proactive Stale CAS cleanup: capability (13/100)...
Proactive Stale CAS cleanup: bucketing_strategy (12/100)...
Proactive Stale CAS cleanup: capacity_advertisement (14/100)...
Proactive Stale CAS cleanup: command_spec (16/100)...
Proactive Stale CAS cleanup: certificate (15/100)...
Proactive Stale CAS cleanup: compute_advertisement (18/100)...
Proactive Stale CAS cleanup: component (17/100)...
Proactive Stale CAS cleanup: context_refresh_schedule (19/100)...
Proactive Stale CAS cleanup: convergence_session (20/100)...
Proactive Stale CAS cleanup: corporate_initiative (21/100)...
Proactive Stale CAS cleanup: criteria (22/100)...
Proactive Stale CAS cleanup: decision (23/100)...
Proactive Stale CAS cleanup: digital_asset (25/100)...
Proactive Stale CAS cleanup: department (24/100)...
Proactive Stale CAS cleanup: division (26/100)...
Proactive Stale CAS cleanup: doc_entry (27/100)...
Proactive Stale CAS cleanup: domain_registry (28/100)...
Proactive Stale CAS cleanup: evolution_management (29/100)...
Proactive Stale CAS cleanup: field_registry (30/100)...
Proactive Stale CAS cleanup: fission_event (31/100)...
Proactive Stale CAS cleanup: glossary_term (32/100)...
Proactive Stale CAS cleanup: glossary_term_relation (33/100)...
Proactive Stale CAS cleanup: goal (34/100)...
Proactive Stale CAS cleanup: import_tracking (35/100)...
Proactive Stale CAS cleanup: important_date (36/100)...
Proactive Stale CAS cleanup: inference_heuristic (37/100)...
Proactive Stale CAS cleanup: keystore_entry (38/100)...
Proactive Stale CAS cleanup: kind_synonym (39/100)...
Proactive Stale CAS cleanup: list_metric_sampler (41/100)...
Proactive Stale CAS cleanup: library (40/100)...
Proactive Stale CAS cleanup: mcp_spec (42/100)...
Proactive Stale CAS cleanup: metrics_feedback (44/100)...
Proactive Stale CAS cleanup: metadata_package (43/100)...
Proactive Stale CAS cleanup: milestone (45/100)...
Proactive Stale CAS cleanup: mission (46/100)...
Proactive Stale CAS cleanup: namespace (47/100)...
Proactive Stale CAS cleanup: namespace_registry (48/100)...
Proactive Stale CAS cleanup: object_spec (49/100)...
Proactive Stale CAS cleanup: ordered_list_metric_sampler (50/100)...
Proactive Stale CAS cleanup: organization (51/100)...
Proactive Stale CAS cleanup: organizational_change (52/100)...
Proactive Stale CAS cleanup: partnership (53/100)...
Proactive Stale CAS cleanup: persona (54/100)...
Proactive Stale CAS cleanup: pipeline_definition (56/100)...
Proactive Stale CAS cleanup: pipeline (55/100)...
Proactive Stale CAS cleanup: pipeline_stage (58/100)...
Proactive Stale CAS cleanup: pipeline_execution (57/100)...
Proactive Stale CAS cleanup: policy (59/100)...
Proactive Stale CAS cleanup: priority_plan (60/100)...
Proactive Stale CAS cleanup: process_hygiene_rule (61/100)...
Proactive Stale CAS cleanup: provider_profile (63/100)...
Proactive Stale CAS cleanup: prompt_template (62/100)...
Proactive Stale CAS cleanup: qa_success (64/100)...
Proactive Stale CAS cleanup: question (65/100)...
Proactive Stale CAS cleanup: remote_kernel (67/100)...
Proactive Stale CAS cleanup: release (66/100)...
Proactive Stale CAS cleanup: requirement (68/100)...
Proactive Stale CAS cleanup: resolver (69/100)...
Proactive Stale CAS cleanup: risk_blocker (70/100)...
Proactive Stale CAS cleanup: roadmap (71/100)...
Proactive Stale CAS cleanup: role (72/100)...
Proactive Stale CAS cleanup: rollback_report (73/100)...
Proactive Stale CAS cleanup: rule (74/100)...
Proactive Stale CAS cleanup: sampler_profile (75/100)...
Proactive Stale CAS cleanup: scalar_metric_sampler (76/100)...
Proactive Stale CAS cleanup: scenario (77/100)...
Proactive Stale CAS cleanup: scheduler_handler_binding (78/100)...
Proactive Stale CAS cleanup: shockwave_router (79/100)...
Proactive Stale CAS cleanup: stakeholder_profile (80/100)...
Proactive Stale CAS cleanup: status_history_metric_sampler (81/100)...
Proactive Stale CAS cleanup: strategic_context (82/100)...
Proactive Stale CAS cleanup: strategic_plan (83/100)...
Proactive Stale CAS cleanup: team (84/100)...
Proactive Stale CAS cleanup: team_configuration (85/100)...
Proactive Stale CAS cleanup: technical_debt (86/100)...
Proactive Stale CAS cleanup: technical_spec (87/100)...
Proactive Stale CAS cleanup: template (88/100)...
Proactive Stale CAS cleanup: test_case (89/100)...
Proactive Stale CAS cleanup: test_command_rule (90/100)...
Proactive Stale CAS cleanup: translation_manifest (91/100)...
Proactive Stale CAS cleanup: validation_rule (92/100)...
Proactive Stale CAS cleanup: visual_plan (94/100)...
Proactive Stale CAS cleanup: vision (93/100)...
Proactive Stale CAS cleanup: vitality_report (95/100)...
Proactive Stale CAS cleanup: vocabulary_scheme (96/100)...
Proactive Stale CAS cleanup: watchdog_registration (97/100)...
Proactive Stale CAS cleanup: workflow (98/100)...
Proactive Stale CAS cleanup: workstream (99/100)...
Proactive Stale CAS cleanup: workstream_transition (100/100)...
Loaders starting...
Loaders ready.
Loading object ID cache...
Warming CAS indexes...
Merging CAS indexes for 46 kinds...
CAS indexes warmed
Cache ready, starting validator...
Discovery starting...
Starting discovery across 100 kinds...
Validating 8928 objects (from docs/process/ via object ID cache)...
Progress: [==========                                        ] 20.9% (1863/8928, queue: 7039) 1.8k/s (validating, workers: 16, goroutines: 26) - 1s
Progress: [=====================                             ] 43.7% (3904/8928, queue: 5008) 1.9k/s (validating, workers: 16, goroutines: 17) - 2s
Progress: [===============================                   ] 63.6% (5674/8928, queue: 3233) 1.9k/s (validating, workers: 16, goroutines: 22) - 3s
Progress: [=========================================         ] 83.7% (7476/8928, queue: 1420) 1.9k/s (validating, workers: 16, goroutines: 33) - 4s
Progress: [================================================= ] 99.8% (8909/8928, queue: 0) 1.8k/s (draining in-flight, workers: 16) - 5s
Progress: [================================================= ] 99.9% (8917/8928, queue: 0) 1.8k/s (draining in-flight, workers: 16) - 5s
Progress: [================================================= ] 99.9% (8919/8928, queue: 0) 1.8k/s (draining in-flight, workers: 16) - 5s
Progress: [==================================================] 100.0% (8928/8928, queue: 0) 1.2k/s (completed) - 7s

Validation completed: 8928/8928 objects (8928 succeeded, 0 failed)

--- run 2026-09-04T22:20:00Z ---
System check starting...
Preparing loaders and cache...
Proactive Stale CAS cleanup starting...
Proactive Stale CAS cleanup: cleaning 100 kinds (timeout 2m0s)...
Proactive Stale CAS cleanup: account (1/100)...
Proactive Stale CAS cleanup: agent_architecture (2/100)...
Proactive Stale CAS cleanup: agent_feed (3/100)...
Proactive Stale CAS cleanup: agent_onboarding_preparation (4/100)...
Proactive Stale CAS cleanup: agent_skill (5/100)...
Proactive Stale CAS cleanup: agent_task (6/100)...
Proactive Stale CAS cleanup: api_spec (7/100)...
Proactive Stale CAS cleanup: auth_strategy (8/100)...
Proactive Stale CAS cleanup: base_sampler (10/100)...
Proactive Stale CAS cleanup: backlog_item (9/100)...
Proactive Stale CAS cleanup: brand (11/100)...
Proactive Stale CAS cleanup: capacity_advertisement (14/100)...
Proactive Stale CAS cleanup: bucketing_strategy (12/100)...
Proactive Stale CAS cleanup: capability (13/100)...
Proactive Stale CAS cleanup: command_spec (16/100)...
Proactive Stale CAS cleanup: certificate (15/100)...
Proactive Stale CAS cleanup: compute_advertisement (18/100)...
Proactive Stale CAS cleanup: component (17/100)...
Proactive Stale CAS cleanup: context_refresh_schedule (19/100)...
Proactive Stale CAS cleanup: convergence_session (20/100)...
Proactive Stale CAS cleanup: corporate_initiative (21/100)...
Proactive Stale CAS cleanup: criteria (22/100)...
Proactive Stale CAS cleanup: decision (23/100)...
Proactive Stale CAS cleanup: department (24/100)...
Proactive Stale CAS cleanup: digital_asset (25/100)...
Proactive Stale CAS cleanup: division (26/100)...
Proactive Stale CAS cleanup: doc_entry (27/100)...
Proactive Stale CAS cleanup: domain_registry (28/100)...
Proactive Stale CAS cleanup: field_registry (30/100)...
Proactive Stale CAS cleanup: evolution_management (29/100)...
Proactive Stale CAS cleanup: fission_event (31/100)...
Proactive Stale CAS cleanup: glossary_term (32/100)...
Proactive Stale CAS cleanup: glossary_term_relation (33/100)...
Proactive Stale CAS cleanup: goal (34/100)...
Proactive Stale CAS cleanup: import_tracking (35/100)...
Proactive Stale CAS cleanup: inference_heuristic (37/100)...
Proactive Stale CAS cleanup: important_date (36/100)...
Proactive Stale CAS cleanup: keystore_entry (38/100)...
Proactive Stale CAS cleanup: kind_synonym (39/100)...
Proactive Stale CAS cleanup: list_metric_sampler (41/100)...
Proactive Stale CAS cleanup: library (40/100)...
Proactive Stale CAS cleanup: mcp_spec (42/100)...
Proactive Stale CAS cleanup: metrics_feedback (44/100)...
Proactive Stale CAS cleanup: metadata_package (43/100)...
Proactive Stale CAS cleanup: milestone (45/100)...
Proactive Stale CAS cleanup: mission (46/100)...
Proactive Stale CAS cleanup: namespace (47/100)...
Proactive Stale CAS cleanup: namespace_registry (48/100)...
Proactive Stale CAS cleanup: ordered_list_metric_sampler (50/100)...
Proactive Stale CAS cleanup: object_spec (49/100)...
Proactive Stale CAS cleanup: organization (51/100)...
Proactive Stale CAS cleanup: organizational_change (52/100)...
Proactive Stale CAS cleanup: partnership (53/100)...
Proactive Stale CAS cleanup: persona (54/100)...
Proactive Stale CAS cleanup: pipeline (55/100)...
Proactive Stale CAS cleanup: pipeline_definition (56/100)...
Proactive Stale CAS cleanup: pipeline_stage (58/100)...
Proactive Stale CAS cleanup: pipeline_execution (57/100)...
Proactive Stale CAS cleanup: policy (59/100)...
Proactive Stale CAS cleanup: process_hygiene_rule (61/100)...
Proactive Stale CAS cleanup: priority_plan (60/100)...
Proactive Stale CAS cleanup: provider_profile (63/100)...
Proactive Stale CAS cleanup: prompt_template (62/100)...
Proactive Stale CAS cleanup: qa_success (64/100)...
Proactive Stale CAS cleanup: question (65/100)...
Proactive Stale CAS cleanup: remote_kernel (67/100)...
Proactive Stale CAS cleanup: release (66/100)...
Proactive Stale CAS cleanup: requirement (68/100)...
Proactive Stale CAS cleanup: resolver (69/100)...
Proactive Stale CAS cleanup: risk_blocker (70/100)...
Proactive Stale CAS cleanup: roadmap (71/100)...
Proactive Stale CAS cleanup: role (72/100)...
Proactive Stale CAS cleanup: rollback_report (73/100)...
Proactive Stale CAS cleanup: sampler_profile (75/100)...
Proactive Stale CAS cleanup: rule (74/100)...
Proactive Stale CAS cleanup: scalar_metric_sampler (76/100)...
Proactive Stale CAS cleanup: scenario (77/100)...
Proactive Stale CAS cleanup: scheduler_handler_binding (78/100)...
Proactive Stale CAS cleanup: shockwave_router (79/100)...
Proactive Stale CAS cleanup: status_history_metric_sampler (81/100)...
Proactive Stale CAS cleanup: stakeholder_profile (80/100)...
Proactive Stale CAS cleanup: strategic_context (82/100)...
Proactive Stale CAS cleanup: strategic_plan (83/100)...
Proactive Stale CAS cleanup: team (84/100)...
Proactive Stale CAS cleanup: team_configuration (85/100)...
Proactive Stale CAS cleanup: technical_debt (86/100)...
Proactive Stale CAS cleanup: technical_spec (87/100)...
Proactive Stale CAS cleanup: template (88/100)...
Proactive Stale CAS cleanup: test_case (89/100)...
Proactive Stale CAS cleanup: translation_manifest (91/100)...
Proactive Stale CAS cleanup: test_command_rule (90/100)...
Proactive Stale CAS cleanup: validation_rule (92/100)...
Proactive Stale CAS cleanup: vitality_report (95/100)...
Proactive Stale CAS cleanup: vision (93/100)...
Proactive Stale CAS cleanup: visual_plan (94/100)...
Proactive Stale CAS cleanup: vocabulary_scheme (96/100)...
Proactive Stale CAS cleanup: watchdog_registration (97/100)...
Proactive Stale CAS cleanup: workflow (98/100)...
Proactive Stale CAS cleanup: workstream (99/100)...
Proactive Stale CAS cleanup: workstream_transition (100/100)...
Loaders starting...
Loaders ready.
Loading object ID cache...
Warming CAS indexes...
Merging CAS indexes for 46 kinds...
CAS indexes warmed
Cache ready, starting validator...
Discovery starting...
Starting discovery across 100 kinds...
Validating 8928 objects (from docs/process/ via object ID cache)...
Progress: [==================================================] 100.0% (8928/8928, queue: 0) 6.6k/s (completed) - 1s

Validation completed: 8928/8928 objects (8928 succeeded, 0 failed)

--- run 2026-09-04T22:25:00Z ---
System check starting...
Preparing loaders and cache...
Proactive Stale CAS cleanup starting...
Proactive Stale CAS cleanup: cleaning 100 kinds (timeout 2m0s)...
Proactive Stale CAS cleanup: account (1/100)...
Proactive Stale CAS cleanup: agent_architecture (2/100)...
Proactive Stale CAS cleanup: agent_feed (3/100)...
Proactive Stale CAS cleanup: agent_onboarding_preparation (4/100)...
Proactive Stale CAS cleanup: agent_skill (5/100)...
Proactive Stale CAS cleanup: agent_task (6/100)...
Proactive Stale CAS cleanup: api_spec (7/100)...
Proactive Stale CAS cleanup: auth_strategy (8/100)...
Proactive Stale CAS cleanup: backlog_item (9/100)...
Proactive Stale CAS cleanup: base_sampler (10/100)...
Proactive Stale CAS cleanup: brand (11/100)...
Proactive Stale CAS cleanup: capability (13/100)...
Proactive Stale CAS cleanup: bucketing_strategy (12/100)...
Proactive Stale CAS cleanup: capacity_advertisement (14/100)...
Proactive Stale CAS cleanup: command_spec (16/100)...
Proactive Stale CAS cleanup: certificate (15/100)...
Proactive Stale CAS cleanup: compute_advertisement (18/100)...
Proactive Stale CAS cleanup: component (17/100)...
Proactive Stale CAS cleanup: context_refresh_schedule (19/100)...
Proactive Stale CAS cleanup: convergence_session (20/100)...
Proactive Stale CAS cleanup: corporate_initiative (21/100)...
Proactive Stale CAS cleanup: criteria (22/100)...
Proactive Stale CAS cleanup: decision (23/100)...
Proactive Stale CAS cleanup: digital_asset (25/100)...
Proactive Stale CAS cleanup: department (24/100)...
Proactive Stale CAS cleanup: division (26/100)...
Proactive Stale CAS cleanup: doc_entry (27/100)...
Proactive Stale CAS cleanup: domain_registry (28/100)...
Proactive Stale CAS cleanup: fission_event (31/100)...
Proactive Stale CAS cleanup: evolution_management (29/100)...
Proactive Stale CAS cleanup: field_registry (30/100)...
Proactive Stale CAS cleanup: glossary_term (32/100)...
Proactive Stale CAS cleanup: glossary_term_relation (33/100)...
Proactive Stale CAS cleanup: goal (34/100)...
Proactive Stale CAS cleanup: import_tracking (35/100)...
Proactive Stale CAS cleanup: important_date (36/100)...
Proactive Stale CAS cleanup: inference_heuristic (37/100)...
Proactive Stale CAS cleanup: keystore_entry (38/100)...
Proactive Stale CAS cleanup: kind_synonym (39/100)...
Proactive Stale CAS cleanup: list_metric_sampler (41/100)...
Proactive Stale CAS cleanup: library (40/100)...
Proactive Stale CAS cleanup: mcp_spec (42/100)...
Proactive Stale CAS cleanup: metrics_feedback (44/100)...
Proactive Stale CAS cleanup: metadata_package (43/100)...
Proactive Stale CAS cleanup: milestone (45/100)...
Proactive Stale CAS cleanup: mission (46/100)...
Proactive Stale CAS cleanup: namespace (47/100)...
Proactive Stale CAS cleanup: namespace_registry (48/100)...
Proactive Stale CAS cleanup: ordered_list_metric_sampler (50/100)...
Proactive Stale CAS cleanup: object_spec (49/100)...
Proactive Stale CAS cleanup: organization (51/100)...
Proactive Stale CAS cleanup: organizational_change (52/100)...
Proactive Stale CAS cleanup: partnership (53/100)...
Proactive Stale CAS cleanup: persona (54/100)...
Proactive Stale CAS cleanup: pipeline (55/100)...
Proactive Stale CAS cleanup: pipeline_definition (56/100)...
Proactive Stale CAS cleanup: pipeline_stage (58/100)...
Proactive Stale CAS cleanup: pipeline_execution (57/100)...
Proactive Stale CAS cleanup: policy (59/100)...
Proactive Stale CAS cleanup: process_hygiene_rule (61/100)...
Proactive Stale CAS cleanup: priority_plan (60/100)...
Proactive Stale CAS cleanup: provider_profile (63/100)...
Proactive Stale CAS cleanup: prompt_template (62/100)...
Proactive Stale CAS cleanup: qa_success (64/100)...
Proactive Stale CAS cleanup: question (65/100)...
Proactive Stale CAS cleanup: remote_kernel (67/100)...
Proactive Stale CAS cleanup: release (66/100)...
Proactive Stale CAS cleanup: requirement (68/100)...
Proactive Stale CAS cleanup: resolver (69/100)...
Proactive Stale CAS cleanup: risk_blocker (70/100)...
Proactive Stale CAS cleanup: roadmap (71/100)...
Proactive Stale CAS cleanup: role (72/100)...
Proactive Stale CAS cleanup: rollback_report (73/100)...
Proactive Stale CAS cleanup: sampler_profile (75/100)...
Proactive Stale CAS cleanup: rule (74/100)...
Proactive Stale CAS cleanup: scalar_metric_sampler (76/100)...
Proactive Stale CAS cleanup: scenario (77/100)...
Proactive Stale CAS cleanup: scheduler_handler_binding (78/100)...
Proactive Stale CAS cleanup: shockwave_router (79/100)...
Proactive Stale CAS cleanup: status_history_metric_sampler (81/100)...
Proactive Stale CAS cleanup: stakeholder_profile (80/100)...
Proactive Stale CAS cleanup: strategic_context (82/100)...
Proactive Stale CAS cleanup: strategic_plan (83/100)...
Proactive Stale CAS cleanup: team (84/100)...
Proactive Stale CAS cleanup: team_configuration (85/100)...
Proactive Stale CAS cleanup: technical_debt (86/100)...
Proactive Stale CAS cleanup: technical_spec (87/100)...
Proactive Stale CAS cleanup: template (88/100)...
Proactive Stale CAS cleanup: test_case (89/100)...
Proactive Stale CAS cleanup: translation_manifest (91/100)...
Proactive Stale CAS cleanup: test_command_rule (90/100)...
Proactive Stale CAS cleanup: validation_rule (92/100)...
Proactive Stale CAS cleanup: vitality_report (95/100)...
Proactive Stale CAS cleanup: vision (93/100)...
Proactive Stale CAS cleanup: visual_plan (94/100)...
Proactive Stale CAS cleanup: vocabulary_scheme (96/100)...
Proactive Stale CAS cleanup: watchdog_registration (97/100)...
Proactive Stale CAS cleanup: workflow (98/100)...
Proactive Stale CAS cleanup: workstream (99/100)...
Proactive Stale CAS cleanup: workstream_transition (100/100)...
Loaders starting...
Loading object ID cache...
Loaders ready.
Warming CAS indexes...
Merging CAS indexes for 46 kinds...
CAS indexes warmed
Cache ready, starting validator...
Discovery starting...
Starting discovery across 100 kinds...
Validating 8955 objects (from docs/process/ via object ID cache)...
Progress: [================================================= ] 99.9% (8942/8955, queue: 0) (draining in-flight, workers: 1) - 0s
Progress: [==================================================] 100.0% (8955/8955, queue: 0) 6.1k/s (completed) - 1s

Validation completed: 8955/8955 objects (8955 succeeded, 0 failed)

--- run 2026-09-04T22:30:00Z ---
System check starting...
Preparing loaders and cache...
Proactive Stale CAS cleanup starting...
Proactive Stale CAS cleanup: cleaning 100 kinds (timeout 2m0s)...
Proactive Stale CAS cleanup: account (1/100)...
Proactive Stale CAS cleanup: agent_architecture (2/100)...
Proactive Stale CAS cleanup: agent_feed (3/100)...
Proactive Stale CAS cleanup: agent_onboarding_preparation (4/100)...
Proactive Stale CAS cleanup: agent_skill (5/100)...
Proactive Stale CAS cleanup: agent_task (6/100)...
Proactive Stale CAS cleanup: api_spec (7/100)...
Proactive Stale CAS cleanup: auth_strategy (8/100)...
Proactive Stale CAS cleanup: base_sampler (10/100)...
Proactive Stale CAS cleanup: backlog_item (9/100)...
Proactive Stale CAS cleanup: brand (11/100)...
Proactive Stale CAS cleanup: capacity_advertisement (14/100)...
Proactive Stale CAS cleanup: capability (13/100)...
Proactive Stale CAS cleanup: bucketing_strategy (12/100)...
Proactive Stale CAS cleanup: command_spec (16/100)...
Proactive Stale CAS cleanup: certificate (15/100)...
Proactive Stale CAS cleanup: compute_advertisement (18/100)...
Proactive Stale CAS cleanup: component (17/100)...
Proactive Stale CAS cleanup: context_refresh_schedule (19/100)...
Proactive Stale CAS cleanup: convergence_session (20/100)...
Proactive Stale CAS cleanup: corporate_initiative (21/100)...
Proactive Stale CAS cleanup: criteria (22/100)...
Proactive Stale CAS cleanup: decision (23/100)...
Proactive Stale CAS cleanup: digital_asset (25/100)...
Proactive Stale CAS cleanup: department (24/100)...
Proactive Stale CAS cleanup: division (26/100)...
Proactive Stale CAS cleanup: doc_entry (27/100)...
Proactive Stale CAS cleanup: domain_registry (28/100)...
Proactive Stale CAS cleanup: field_registry (30/100)...
Proactive Stale CAS cleanup: evolution_management (29/100)...
Proactive Stale CAS cleanup: fission_event (31/100)...
Proactive Stale CAS cleanup: glossary_term (32/100)...
Proactive Stale CAS cleanup: glossary_term_relation (33/100)...
Proactive Stale CAS cleanup: goal (34/100)...
Proactive Stale CAS cleanup: import_tracking (35/100)...
Proactive Stale CAS cleanup: important_date (36/100)...
Proactive Stale CAS cleanup: inference_heuristic (37/100)...
Proactive Stale CAS cleanup: keystore_entry (38/100)...
Proactive Stale CAS cleanup: kind_synonym (39/100)...
Proactive Stale CAS cleanup: library (40/100)...
Proactive Stale CAS cleanup: list_metric_sampler (41/100)...
Proactive Stale CAS cleanup: mcp_spec (42/100)...
Proactive Stale CAS cleanup: metrics_feedback (44/100)...
Proactive Stale CAS cleanup: metadata_package (43/100)...
Proactive Stale CAS cleanup: milestone (45/100)...
Proactive Stale CAS cleanup: mission (46/100)...
Proactive Stale CAS cleanup: namespace (47/100)...
Proactive Stale CAS cleanup: namespace_registry (48/100)...
Proactive Stale CAS cleanup: ordered_list_metric_sampler (50/100)...
Proactive Stale CAS cleanup: object_spec (49/100)...
Proactive Stale CAS cleanup: organization (51/100)...
Proactive Stale CAS cleanup: organizational_change (52/100)...
Proactive Stale CAS cleanup: partnership (53/100)...
Proactive Stale CAS cleanup: persona (54/100)...
Proactive Stale CAS cleanup: pipeline (55/100)...
Proactive Stale CAS cleanup: pipeline_definition (56/100)...
Proactive Stale CAS cleanup: pipeline_stage (58/100)...
Proactive Stale CAS cleanup: pipeline_execution (57/100)...
Proactive Stale CAS cleanup: policy (59/100)...
Proactive Stale CAS cleanup: process_hygiene_rule (61/100)...
Proactive Stale CAS cleanup: priority_plan (60/100)...
Proactive Stale CAS cleanup: provider_profile (63/100)...
Proactive Stale CAS cleanup: prompt_template (62/100)...
Proactive Stale CAS cleanup: qa_success (64/100)...
Proactive Stale CAS cleanup: question (65/100)...
Proactive Stale CAS cleanup: remote_kernel (67/100)...
Proactive Stale CAS cleanup: release (66/100)...
Proactive Stale CAS cleanup: requirement (68/100)...
Proactive Stale CAS cleanup: resolver (69/100)...
Proactive Stale CAS cleanup: risk_blocker (70/100)...
Proactive Stale CAS cleanup: roadmap (71/100)...
Proactive Stale CAS cleanup: role (72/100)...
Proactive Stale CAS cleanup: rollback_report (73/100)...
Proactive Stale CAS cleanup: scalar_metric_sampler (76/100)...
Proactive Stale CAS cleanup: rule (74/100)...
Proactive Stale CAS cleanup: sampler_profile (75/100)...
Proactive Stale CAS cleanup: scenario (77/100)...
Proactive Stale CAS cleanup: scheduler_handler_binding (78/100)...
Proactive Stale CAS cleanup: shockwave_router (79/100)...
Proactive Stale CAS cleanup: status_history_metric_sampler (81/100)...
Proactive Stale CAS cleanup: stakeholder_profile (80/100)...
Proactive Stale CAS cleanup: strategic_context (82/100)...
Proactive Stale CAS cleanup: strategic_plan (83/100)...
Proactive Stale CAS cleanup: team (84/100)...
Proactive Stale CAS cleanup: team_configuration (85/100)...
Proactive Stale CAS cleanup: technical_debt (86/100)...
Proactive Stale CAS cleanup: technical_spec (87/100)...
Proactive Stale CAS cleanup: template (88/100)...
Proactive Stale CAS cleanup: test_case (89/100)...
Proactive Stale CAS cleanup: translation_manifest (91/100)...
Proactive Stale CAS cleanup: test_command_rule (90/100)...
Proactive Stale CAS cleanup: validation_rule (92/100)...
Proactive Stale CAS cleanup: vitality_report (95/100)...
Proactive Stale CAS cleanup: vision (93/100)...
Proactive Stale CAS cleanup: visual_plan (94/100)...
Proactive Stale CAS cleanup: vocabulary_scheme (96/100)...
Proactive Stale CAS cleanup: watchdog_registration (97/100)...
Proactive Stale CAS cleanup: workflow (98/100)...
Proactive Stale CAS cleanup: workstream (99/100)...
Proactive Stale CAS cleanup: workstream_transition (100/100)...
Loaders starting...
Loaders ready.
Loading object ID cache...
Warming CAS indexes...
Merging CAS indexes for 46 kinds...
CAS indexes warmed
Cache ready, starting validator...
Discovery starting...
Starting discovery across 100 kinds...
Validating 8928 objects (from docs/process/ via object ID cache)...
Progress: [==================================================] 100.0% (8928/8928, queue: 0) 6.6k/s (completed) - 1s

Validation completed: 8928/8928 objects (8928 succeeded, 0 failed)

--- run 2026-09-04T22:35:00Z ---
System check starting...
Preparing loaders and cache...
Proactive Stale CAS cleanup starting...
Proactive Stale CAS cleanup: cleaning 100 kinds (timeout 2m0s)...
Proactive Stale CAS cleanup: account (1/100)...
Proactive Stale CAS cleanup: agent_architecture (2/100)...
Proactive Stale CAS cleanup: agent_feed (3/100)...
Proactive Stale CAS cleanup: agent_onboarding_preparation (4/100)...
Proactive Stale CAS cleanup: agent_skill (5/100)...
Proactive Stale CAS cleanup: agent_task (6/100)...
Proactive Stale CAS cleanup: api_spec (7/100)...
Proactive Stale CAS cleanup: auth_strategy (8/100)...
Proactive Stale CAS cleanup: base_sampler (10/100)...
Proactive Stale CAS cleanup: backlog_item (9/100)...
Proactive Stale CAS cleanup: brand (11/100)...
Proactive Stale CAS cleanup: bucketing_strategy (12/100)...
Proactive Stale CAS cleanup: capacity_advertisement (14/100)...
Proactive Stale CAS cleanup: capability (13/100)...
Proactive Stale CAS cleanup: command_spec (16/100)...
Proactive Stale CAS cleanup: certificate (15/100)...
Proactive Stale CAS cleanup: compute_advertisement (18/100)...
Proactive Stale CAS cleanup: component (17/100)...
Proactive Stale CAS cleanup: context_refresh_schedule (19/100)...
Proactive Stale CAS cleanup: convergence_session (20/100)...
Proactive Stale CAS cleanup: corporate_initiative (21/100)...
Proactive Stale CAS cleanup: criteria (22/100)...
Proactive Stale CAS cleanup: decision (23/100)...
Proactive Stale CAS cleanup: digital_asset (25/100)...
Proactive Stale CAS cleanup: department (24/100)...
Proactive Stale CAS cleanup: division (26/100)...
Proactive Stale CAS cleanup: doc_entry (27/100)...
Proactive Stale CAS cleanup: domain_registry (28/100)...
Proactive Stale CAS cleanup: evolution_management (29/100)...
Proactive Stale CAS cleanup: fission_event (31/100)...
Proactive Stale CAS cleanup: field_registry (30/100)...
Proactive Stale CAS cleanup: glossary_term (32/100)...
Proactive Stale CAS cleanup: glossary_term_relation (33/100)...
Proactive Stale CAS cleanup: goal (34/100)...
Proactive Stale CAS cleanup: import_tracking (35/100)...
Proactive Stale CAS cleanup: inference_heuristic (37/100)...
Proactive Stale CAS cleanup: important_date (36/100)...
Proactive Stale CAS cleanup: keystore_entry (38/100)...
Proactive Stale CAS cleanup: kind_synonym (39/100)...
Proactive Stale CAS cleanup: list_metric_sampler (41/100)...
Proactive Stale CAS cleanup: library (40/100)...
Proactive Stale CAS cleanup: mcp_spec (42/100)...
Proactive Stale CAS cleanup: metrics_feedback (44/100)...
Proactive Stale CAS cleanup: metadata_package (43/100)...
Proactive Stale CAS cleanup: milestone (45/100)...
Proactive Stale CAS cleanup: mission (46/100)...
Proactive Stale CAS cleanup: namespace (47/100)...
Proactive Stale CAS cleanup: namespace_registry (48/100)...
Proactive Stale CAS cleanup: ordered_list_metric_sampler (50/100)...
Proactive Stale CAS cleanup: object_spec (49/100)...
Proactive Stale CAS cleanup: organization (51/100)...
Proactive Stale CAS cleanup: organizational_change (52/100)...
Proactive Stale CAS cleanup: partnership (53/100)...
Proactive Stale CAS cleanup: persona (54/100)...
Proactive Stale CAS cleanup: pipeline (55/100)...
Proactive Stale CAS cleanup: pipeline_definition (56/100)...
Proactive Stale CAS cleanup: pipeline_stage (58/100)...
Proactive Stale CAS cleanup: pipeline_execution (57/100)...
Proactive Stale CAS cleanup: policy (59/100)...
Proactive Stale CAS cleanup: process_hygiene_rule (61/100)...
Proactive Stale CAS cleanup: priority_plan (60/100)...
Proactive Stale CAS cleanup: provider_profile (63/100)...
Proactive Stale CAS cleanup: prompt_template (62/100)...
Proactive Stale CAS cleanup: qa_success (64/100)...
Proactive Stale CAS cleanup: question (65/100)...
Proactive Stale CAS cleanup: remote_kernel (67/100)...
Proactive Stale CAS cleanup: release (66/100)...
Proactive Stale CAS cleanup: requirement (68/100)...
Proactive Stale CAS cleanup: resolver (69/100)...
Proactive Stale CAS cleanup: risk_blocker (70/100)...
Proactive Stale CAS cleanup: roadmap (71/100)...
Proactive Stale CAS cleanup: role (72/100)...
Proactive Stale CAS cleanup: rollback_report (73/100)...
Proactive Stale CAS cleanup: sampler_profile (75/100)...
Proactive Stale CAS cleanup: rule (74/100)...
Proactive Stale CAS cleanup: scalar_metric_sampler (76/100)...
Proactive Stale CAS cleanup: scenario (77/100)...
Proactive Stale CAS cleanup: scheduler_handler_binding (78/100)...
Proactive Stale CAS cleanup: shockwave_router (79/100)...
Proactive Stale CAS cleanup: status_history_metric_sampler (81/100)...
Proactive Stale CAS cleanup: stakeholder_profile (80/100)...
Proactive Stale CAS cleanup: strategic_context (82/100)...
Proactive Stale CAS cleanup: strategic_plan (83/100)...
Proactive Stale CAS cleanup: team (84/100)...
Proactive Stale CAS cleanup: team_configuration (85/100)...
Proactive Stale CAS cleanup: technical_debt (86/100)...
Proactive Stale CAS cleanup: technical_spec (87/100)...
Proactive Stale CAS cleanup: template (88/100)...
Proactive Stale CAS cleanup: test_case (89/100)...
Proactive Stale CAS cleanup: test_command_rule (90/100)...
Proactive Stale CAS cleanup: translation_manifest (91/100)...
Proactive Stale CAS cleanup: validation_rule (92/100)...
Proactive Stale CAS cleanup: visual_plan (94/100)...
Proactive Stale CAS cleanup: vision (93/100)...
Proactive Stale CAS cleanup: vitality_report (95/100)...
Proactive Stale CAS cleanup: vocabulary_scheme (96/100)...
Proactive Stale CAS cleanup: watchdog_registration (97/100)...
Proactive Stale CAS cleanup: workflow (98/100)...
Proactive Stale CAS cleanup: workstream (99/100)...
Proactive Stale CAS cleanup: workstream_transition (100/100)...
Loaders starting...
Loaders ready.
Loading object ID cache...
Warming CAS indexes...
Merging CAS indexes for 46 kinds...
CAS indexes warmed
Cache ready, starting validator...
Discovery starting...
Starting discovery across 100 kinds...
Validating 8928 objects (from docs/process/ via object ID cache)...
Progress: [==================================================] 100.0% (8928/8928, queue: 0) 6.2k/s (completed) - 1s

Validation completed: 8928/8928 objects (8928 succeeded, 0 failed)

--- run 2026-09-04T22:40:00Z ---
System check starting...
Preparing loaders and cache...
Proactive Stale CAS cleanup starting...
Proactive Stale CAS cleanup: cleaning 100 kinds (timeout 2m0s)...
Proactive Stale CAS cleanup: account (1/100)...
Proactive Stale CAS cleanup: agent_architecture (2/100)...
Proactive Stale CAS cleanup: agent_feed (3/100)...
Proactive Stale CAS cleanup: agent_onboarding_preparation (4/100)...
Proactive Stale CAS cleanup: agent_skill (5/100)...
Proactive Stale CAS cleanup: agent_task (6/100)...
Proactive Stale CAS cleanup: api_spec (7/100)...
Proactive Stale CAS cleanup: auth_strategy (8/100)...
Proactive Stale CAS cleanup: backlog_item (9/100)...
Proactive Stale CAS cleanup: base_sampler (10/100)...
Proactive Stale CAS cleanup: brand (11/100)...
Proactive Stale CAS cleanup: bucketing_strategy (12/100)...
Proactive Stale CAS cleanup: capacity_advertisement (14/100)...
Proactive Stale CAS cleanup: capability (13/100)...
Proactive Stale CAS cleanup: command_spec (16/100)...
Proactive Stale CAS cleanup: certificate (15/100)...
Proactive Stale CAS cleanup: compute_advertisement (18/100)...
Proactive Stale CAS cleanup: component (17/100)...
Proactive Stale CAS cleanup: context_refresh_schedule (19/100)...
Proactive Stale CAS cleanup: convergence_session (20/100)...
Proactive Stale CAS cleanup: corporate_initiative (21/100)...
Proactive Stale CAS cleanup: criteria (22/100)...
Proactive Stale CAS cleanup: decision (23/100)...
Proactive Stale CAS cleanup: department (24/100)...
Proactive Stale CAS cleanup: digital_asset (25/100)...
Proactive Stale CAS cleanup: division (26/100)...
Proactive Stale CAS cleanup: doc_entry (27/100)...
Proactive Stale CAS cleanup: domain_registry (28/100)...
Proactive Stale CAS cleanup: field_registry (30/100)...
Proactive Stale CAS cleanup: evolution_management (29/100)...
Proactive Stale CAS cleanup: fission_event (31/100)...
Proactive Stale CAS cleanup: glossary_term (32/100)...
Proactive Stale CAS cleanup: glossary_term_relation (33/100)...
Proactive Stale CAS cleanup: goal (34/100)...
Proactive Stale CAS cleanup: import_tracking (35/100)...
Proactive Stale CAS cleanup: important_date (36/100)...
Proactive Stale CAS cleanup: inference_heuristic (37/100)...
Proactive Stale CAS cleanup: keystore_entry (38/100)...
Proactive Stale CAS cleanup: kind_synonym (39/100)...
Proactive Stale CAS cleanup: library (40/100)...
Proactive Stale CAS cleanup: list_metric_sampler (41/100)...
Proactive Stale CAS cleanup: mcp_spec (42/100)...
Proactive Stale CAS cleanup: metadata_package (43/100)...
Proactive Stale CAS cleanup: metrics_feedback (44/100)...
Proactive Stale CAS cleanup: milestone (45/100)...
Proactive Stale CAS cleanup: mission (46/100)...
Proactive Stale CAS cleanup: namespace (47/100)...
Proactive Stale CAS cleanup: namespace_registry (48/100)...
Proactive Stale CAS cleanup: ordered_list_metric_sampler (50/100)...
Proactive Stale CAS cleanup: object_spec (49/100)...
Proactive Stale CAS cleanup: organization (51/100)...
Proactive Stale CAS cleanup: organizational_change (52/100)...
Proactive Stale CAS cleanup: partnership (53/100)...
Proactive Stale CAS cleanup: persona (54/100)...
Proactive Stale CAS cleanup: pipeline (55/100)...
Proactive Stale CAS cleanup: pipeline_definition (56/100)...
Proactive Stale CAS cleanup: pipeline_execution (57/100)...
Proactive Stale CAS cleanup: pipeline_stage (58/100)...
Proactive Stale CAS cleanup: policy (59/100)...
Proactive Stale CAS cleanup: priority_plan (60/100)...
Proactive Stale CAS cleanup: process_hygiene_rule (61/100)...
Proactive Stale CAS cleanup: prompt_template (62/100)...
Proactive Stale CAS cleanup: provider_profile (63/100)...
Proactive Stale CAS cleanup: qa_success (64/100)...
Proactive Stale CAS cleanup: question (65/100)...
Proactive Stale CAS cleanup: remote_kernel (67/100)...
Proactive Stale CAS cleanup: release (66/100)...
Proactive Stale CAS cleanup: requirement (68/100)...
Proactive Stale CAS cleanup: resolver (69/100)...
Proactive Stale CAS cleanup: risk_blocker (70/100)...
Proactive Stale CAS cleanup: roadmap (71/100)...
Proactive Stale CAS cleanup: role (72/100)...
Proactive Stale CAS cleanup: rollback_report (73/100)...
Proactive Stale CAS cleanup: scalar_metric_sampler (76/100)...
Proactive Stale CAS cleanup: rule (74/100)...
Proactive Stale CAS cleanup: sampler_profile (75/100)...
Proactive Stale CAS cleanup: scenario (77/100)...
Proactive Stale CAS cleanup: scheduler_handler_binding (78/100)...
Proactive Stale CAS cleanup: shockwave_router (79/100)...
Proactive Stale CAS cleanup: stakeholder_profile (80/100)...
Proactive Stale CAS cleanup: status_history_metric_sampler (81/100)...
Proactive Stale CAS cleanup: strategic_context (82/100)...
Proactive Stale CAS cleanup: strategic_plan (83/100)...
Proactive Stale CAS cleanup: team (84/100)...
Proactive Stale CAS cleanup: team_configuration (85/100)...
Proactive Stale CAS cleanup: technical_debt (86/100)...
Proactive Stale CAS cleanup: technical_spec (87/100)...
Proactive Stale CAS cleanup: template (88/100)...
Proactive Stale CAS cleanup: test_case (89/100)...
Proactive Stale CAS cleanup: test_command_rule (90/100)...
Proactive Stale CAS cleanup: translation_manifest (91/100)...
Proactive Stale CAS cleanup: validation_rule (92/100)...
Proactive Stale CAS cleanup: visual_plan (94/100)...
Proactive Stale CAS cleanup: vision (93/100)...
Proactive Stale CAS cleanup: vitality_report (95/100)...
Proactive Stale CAS cleanup: vocabulary_scheme (96/100)...
Proactive Stale CAS cleanup: watchdog_registration (97/100)...
Proactive Stale CAS cleanup: workflow (98/100)...
Proactive Stale CAS cleanup: workstream (99/100)...
Proactive Stale CAS cleanup: workstream_transition (100/100)...
Loaders starting...
Loaders ready.
Loading object ID cache...
Warming CAS indexes...
Merging CAS indexes for 46 kinds...
CAS indexes warmed
Cache ready, starting validator...
Discovery starting...
Starting discovery across 100 kinds...
Validating 8928 objects (from docs/process/ via object ID cache)...
Progress: [==================================================] 100.0% (8928/8928, queue: 0) 6.3k/s (completed) - 1s

Validation completed: 8928/8928 objects (8928 succeeded, 0 failed)

--- run 2026-09-04T22:45:00Z ---
System check starting...
Preparing loaders and cache...
Proactive Stale CAS cleanup starting...
Proactive Stale CAS cleanup: cleaning 100 kinds (timeout 2m0s)...
Proactive Stale CAS cleanup: account (1/100)...
Proactive Stale CAS cleanup: agent_architecture (2/100)...
Proactive Stale CAS cleanup: agent_feed (3/100)...
Proactive Stale CAS cleanup: agent_onboarding_preparation (4/100)...
Proactive Stale CAS cleanup: agent_skill (5/100)...
Proactive Stale CAS cleanup: agent_task (6/100)...
Proactive Stale CAS cleanup: api_spec (7/100)...
Proactive Stale CAS cleanup: auth_strategy (8/100)...
Proactive Stale CAS cleanup: base_sampler (10/100)...
Proactive Stale CAS cleanup: backlog_item (9/100)...
Proactive Stale CAS cleanup: brand (11/100)...
Proactive Stale CAS cleanup: capacity_advertisement (14/100)...
Proactive Stale CAS cleanup: bucketing_strategy (12/100)...
Proactive Stale CAS cleanup: capability (13/100)...
Proactive Stale CAS cleanup: certificate (15/100)...
Proactive Stale CAS cleanup: command_spec (16/100)...
Proactive Stale CAS cleanup: compute_advertisement (18/100)...
Proactive Stale CAS cleanup: component (17/100)...
Proactive Stale CAS cleanup: context_refresh_schedule (19/100)...
Proactive Stale CAS cleanup: convergence_session (20/100)...
Proactive Stale CAS cleanup: corporate_initiative (21/100)...
Proactive Stale CAS cleanup: criteria (22/100)...
Proactive Stale CAS cleanup: decision (23/100)...
Proactive Stale CAS cleanup: department (24/100)...
Proactive Stale CAS cleanup: digital_asset (25/100)...
Proactive Stale CAS cleanup: division (26/100)...
Proactive Stale CAS cleanup: doc_entry (27/100)...
Proactive Stale CAS cleanup: domain_registry (28/100)...
Proactive Stale CAS cleanup: evolution_management (29/100)...
Proactive Stale CAS cleanup: fission_event (31/100)...
Proactive Stale CAS cleanup: field_registry (30/100)...
Proactive Stale CAS cleanup: glossary_term (32/100)...
Proactive Stale CAS cleanup: glossary_term_relation (33/100)...
Proactive Stale CAS cleanup: goal (34/100)...
Proactive Stale CAS cleanup: import_tracking (35/100)...
Proactive Stale CAS cleanup: inference_heuristic (37/100)...
Proactive Stale CAS cleanup: important_date (36/100)...
Proactive Stale CAS cleanup: keystore_entry (38/100)...
Proactive Stale CAS cleanup: kind_synonym (39/100)...
Proactive Stale CAS cleanup: library (40/100)...
Proactive Stale CAS cleanup: list_metric_sampler (41/100)...
Proactive Stale CAS cleanup: metrics_feedback (44/100)...
Proactive Stale CAS cleanup: mcp_spec (42/100)...
Proactive Stale CAS cleanup: metadata_package (43/100)...
Proactive Stale CAS cleanup: milestone (45/100)...
Proactive Stale CAS cleanup: mission (46/100)...
Proactive Stale CAS cleanup: namespace (47/100)...
Proactive Stale CAS cleanup: namespace_registry (48/100)...
Proactive Stale CAS cleanup: object_spec (49/100)...
Proactive Stale CAS cleanup: ordered_list_metric_sampler (50/100)...
Proactive Stale CAS cleanup: organization (51/100)...
Proactive Stale CAS cleanup: organizational_change (52/100)...
Proactive Stale CAS cleanup: partnership (53/100)...
Proactive Stale CAS cleanup: persona (54/100)...
Proactive Stale CAS cleanup: pipeline (55/100)...
Proactive Stale CAS cleanup: pipeline_definition (56/100)...
Proactive Stale CAS cleanup: pipeline_stage (58/100)...
Proactive Stale CAS cleanup: pipeline_execution (57/100)...
Proactive Stale CAS cleanup: policy (59/100)...
Proactive Stale CAS cleanup: priority_plan (60/100)...
Proactive Stale CAS cleanup: process_hygiene_rule (61/100)...
Proactive Stale CAS cleanup: prompt_template (62/100)...
Proactive Stale CAS cleanup: provider_profile (63/100)...
Proactive Stale CAS cleanup: qa_success (64/100)...
Proactive Stale CAS cleanup: question (65/100)...
Proactive Stale CAS cleanup: release (66/100)...
Proactive Stale CAS cleanup: remote_kernel (67/100)...
Proactive Stale CAS cleanup: requirement (68/100)...
Proactive Stale CAS cleanup: resolver (69/100)...
Proactive Stale CAS cleanup: risk_blocker (70/100)...
Proactive Stale CAS cleanup: roadmap (71/100)...
Proactive Stale CAS cleanup: role (72/100)...
Proactive Stale CAS cleanup: rollback_report (73/100)...
Proactive Stale CAS cleanup: sampler_profile (75/100)...
Proactive Stale CAS cleanup: rule (74/100)...
Proactive Stale CAS cleanup: scalar_metric_sampler (76/100)...
Proactive Stale CAS cleanup: scenario (77/100)...
Proactive Stale CAS cleanup: scheduler_handler_binding (78/100)...
Proactive Stale CAS cleanup: shockwave_router (79/100)...
Proactive Stale CAS cleanup: stakeholder_profile (80/100)...
Proactive Stale CAS cleanup: status_history_metric_sampler (81/100)...
Proactive Stale CAS cleanup: strategic_context (82/100)...
Proactive Stale CAS cleanup: strategic_plan (83/100)...
Proactive Stale CAS cleanup: team (84/100)...
Proactive Stale CAS cleanup: team_configuration (85/100)...
Proactive Stale CAS cleanup: technical_debt (86/100)...
Proactive Stale CAS cleanup: technical_spec (87/100)...
Proactive Stale CAS cleanup: template (88/100)...
Proactive Stale CAS cleanup: test_case (89/100)...
Proactive Stale CAS cleanup: test_command_rule (90/100)...
Proactive Stale CAS cleanup: translation_manifest (91/100)...
Proactive Stale CAS cleanup: validation_rule (92/100)...
Proactive Stale CAS cleanup: vision (93/100)...
Proactive Stale CAS cleanup: vitality_report (95/100)...
Proactive Stale CAS cleanup: visual_plan (94/100)...
Proactive Stale CAS cleanup: watchdog_registration (97/100)...
Proactive Stale CAS cleanup: vocabulary_scheme (96/100)...
Proactive Stale CAS cleanup: workflow (98/100)...
Proactive Stale CAS cleanup: workstream (99/100)...
Proactive Stale CAS cleanup: workstream_transition (100/100)...
Loaders starting...
Loaders ready.
Loading object ID cache...
Warming CAS indexes...
Merging CAS indexes for 46 kinds...
CAS indexes warmed
Cache ready, starting validator...
Discovery starting...
Starting discovery across 100 kinds...
Validating 8928 objects (from docs/process/ via object ID cache)...
Progress: [==================================================] 100.0% (8928/8928, queue: 0) 6.0k/s (completed) - 1s

Validation completed: 8928/8928 objects (8928 succeeded, 0 failed)

--- run 2026-09-04T22:50:00Z ---
System check starting...
Preparing loaders and cache...
Proactive Stale CAS cleanup starting...
Proactive Stale CAS cleanup: cleaning 100 kinds (timeout 2m0s)...
Proactive Stale CAS cleanup: account (1/100)...
Proactive Stale CAS cleanup: agent_architecture (2/100)...
Proactive Stale CAS cleanup: agent_feed (3/100)...
Proactive Stale CAS cleanup: agent_onboarding_preparation (4/100)...
Proactive Stale CAS cleanup: agent_skill (5/100)...
Proactive Stale CAS cleanup: agent_task (6/100)...
Proactive Stale CAS cleanup: api_spec (7/100)...
Proactive Stale CAS cleanup: auth_strategy (8/100)...
Proactive Stale CAS cleanup: base_sampler (10/100)...
Proactive Stale CAS cleanup: backlog_item (9/100)...
Proactive Stale CAS cleanup: brand (11/100)...
Proactive Stale CAS cleanup: capacity_advertisement (14/100)...
Proactive Stale CAS cleanup: bucketing_strategy (12/100)...
Proactive Stale CAS cleanup: capability (13/100)...
Proactive Stale CAS cleanup: command_spec (16/100)...
Proactive Stale CAS cleanup: certificate (15/100)...
Proactive Stale CAS cleanup: compute_advertisement (18/100)...
Proactive Stale CAS cleanup: component (17/100)...
Proactive Stale CAS cleanup: context_refresh_schedule (19/100)...
Proactive Stale CAS cleanup: convergence_session (20/100)...
Proactive Stale CAS cleanup: corporate_initiative (21/100)...
Proactive Stale CAS cleanup: criteria (22/100)...
Proactive Stale CAS cleanup: decision (23/100)...
Proactive Stale CAS cleanup: digital_asset (25/100)...
Proactive Stale CAS cleanup: department (24/100)...
Proactive Stale CAS cleanup: division (26/100)...
Proactive Stale CAS cleanup: doc_entry (27/100)...
Proactive Stale CAS cleanup: domain_registry (28/100)...
Proactive Stale CAS cleanup: fission_event (31/100)...
Proactive Stale CAS cleanup: evolution_management (29/100)...
Proactive Stale CAS cleanup: field_registry (30/100)...
Proactive Stale CAS cleanup: glossary_term (32/100)...
Proactive Stale CAS cleanup: glossary_term_relation (33/100)...
Proactive Stale CAS cleanup: goal (34/100)...
Proactive Stale CAS cleanup: import_tracking (35/100)...
Proactive Stale CAS cleanup: inference_heuristic (37/100)...
Proactive Stale CAS cleanup: important_date (36/100)...
Proactive Stale CAS cleanup: keystore_entry (38/100)...
Proactive Stale CAS cleanup: kind_synonym (39/100)...
Proactive Stale CAS cleanup: list_metric_sampler (41/100)...
Proactive Stale CAS cleanup: library (40/100)...
Proactive Stale CAS cleanup: mcp_spec (42/100)...
Proactive Stale CAS cleanup: metrics_feedback (44/100)...
Proactive Stale CAS cleanup: metadata_package (43/100)...
Proactive Stale CAS cleanup: milestone (45/100)...
Proactive Stale CAS cleanup: mission (46/100)...
Proactive Stale CAS cleanup: namespace (47/100)...
Proactive Stale CAS cleanup: namespace_registry (48/100)...
Proactive Stale CAS cleanup: ordered_list_metric_sampler (50/100)...
Proactive Stale CAS cleanup: object_spec (49/100)...
Proactive Stale CAS cleanup: organization (51/100)...
Proactive Stale CAS cleanup: organizational_change (52/100)...
Proactive Stale CAS cleanup: partnership (53/100)...
Proactive Stale CAS cleanup: persona (54/100)...
Proactive Stale CAS cleanup: pipeline (55/100)...
Proactive Stale CAS cleanup: pipeline_definition (56/100)...
Proactive Stale CAS cleanup: pipeline_stage (58/100)...
Proactive Stale CAS cleanup: pipeline_execution (57/100)...
Proactive Stale CAS cleanup: policy (59/100)...
Proactive Stale CAS cleanup: process_hygiene_rule (61/100)...
Proactive Stale CAS cleanup: priority_plan (60/100)...
Proactive Stale CAS cleanup: provider_profile (63/100)...
Proactive Stale CAS cleanup: prompt_template (62/100)...
Proactive Stale CAS cleanup: qa_success (64/100)...
Proactive Stale CAS cleanup: question (65/100)...
Proactive Stale CAS cleanup: release (66/100)...
Proactive Stale CAS cleanup: remote_kernel (67/100)...
Proactive Stale CAS cleanup: requirement (68/100)...
Proactive Stale CAS cleanup: resolver (69/100)...
Proactive Stale CAS cleanup: risk_blocker (70/100)...
Proactive Stale CAS cleanup: roadmap (71/100)...
Proactive Stale CAS cleanup: role (72/100)...
Proactive Stale CAS cleanup: rollback_report (73/100)...
Proactive Stale CAS cleanup: sampler_profile (75/100)...
Proactive Stale CAS cleanup: rule (74/100)...
Proactive Stale CAS cleanup: scalar_metric_sampler (76/100)...
Proactive Stale CAS cleanup: scenario (77/100)...
Proactive Stale CAS cleanup: scheduler_handler_binding (78/100)...
Proactive Stale CAS cleanup: shockwave_router (79/100)...
Proactive Stale CAS cleanup: stakeholder_profile (80/100)...
Proactive Stale CAS cleanup: status_history_metric_sampler (81/100)...
Proactive Stale CAS cleanup: strategic_context (82/100)...
Proactive Stale CAS cleanup: strategic_plan (83/100)...
Proactive Stale CAS cleanup: team (84/100)...
Proactive Stale CAS cleanup: team_configuration (85/100)...
Proactive Stale CAS cleanup: technical_debt (86/100)...
Proactive Stale CAS cleanup: technical_spec (87/100)...
Proactive Stale CAS cleanup: template (88/100)...
Proactive Stale CAS cleanup: test_case (89/100)...
Proactive Stale CAS cleanup: translation_manifest (91/100)...
Proactive Stale CAS cleanup: test_command_rule (90/100)...
Proactive Stale CAS cleanup: validation_rule (92/100)...
Proactive Stale CAS cleanup: vision (93/100)...
Proactive Stale CAS cleanup: vitality_report (95/100)...
Proactive Stale CAS cleanup: visual_plan (94/100)...
Proactive Stale CAS cleanup: vocabulary_scheme (96/100)...
Proactive Stale CAS cleanup: watchdog_registration (97/100)...
Proactive Stale CAS cleanup: workflow (98/100)...
Proactive Stale CAS cleanup: workstream (99/100)...
Proactive Stale CAS cleanup: workstream_transition (100/100)...
Loaders starting...
Loaders ready.
Loading object ID cache...
Warming CAS indexes...
Merging CAS indexes for 46 kinds...
CAS indexes warmed
Cache ready, starting validator...
Discovery starting...
Starting discovery across 100 kinds...
Validating 8928 objects (from docs/process/ via object ID cache)...
Progress: [==================================================] 100.0% (8928/8928, queue: 0) 6.6k/s (completed) - 1s

Validation completed: 8928/8928 objects (8928 succeeded, 0 failed)

--- run 2026-09-04T22:55:00Z ---
System check starting...
Preparing loaders and cache...
Proactive Stale CAS cleanup starting...
Proactive Stale CAS cleanup: cleaning 100 kinds (timeout 2m0s)...
Proactive Stale CAS cleanup: account (1/100)...
Proactive Stale CAS cleanup: agent_architecture (2/100)...
Proactive Stale CAS cleanup: agent_feed (3/100)...
Proactive Stale CAS cleanup: agent_onboarding_preparation (4/100)...
Proactive Stale CAS cleanup: agent_skill (5/100)...
Proactive Stale CAS cleanup: agent_task (6/100)...
Proactive Stale CAS cleanup: api_spec (7/100)...
Proactive Stale CAS cleanup: auth_strategy (8/100)...
Proactive Stale CAS cleanup: brand (11/100)...
Proactive Stale CAS cleanup: backlog_item (9/100)...
Proactive Stale CAS cleanup: base_sampler (10/100)...
Proactive Stale CAS cleanup: capacity_advertisement (14/100)...
Proactive Stale CAS cleanup: bucketing_strategy (12/100)...
Proactive Stale CAS cleanup: capability (13/100)...
Proactive Stale CAS cleanup: command_spec (16/100)...
Proactive Stale CAS cleanup: certificate (15/100)...
Proactive Stale CAS cleanup: compute_advertisement (18/100)...
Proactive Stale CAS cleanup: component (17/100)...
Proactive Stale CAS cleanup: context_refresh_schedule (19/100)...
Proactive Stale CAS cleanup: convergence_session (20/100)...
Proactive Stale CAS cleanup: corporate_initiative (21/100)...
Proactive Stale CAS cleanup: criteria (22/100)...
Proactive Stale CAS cleanup: decision (23/100)...
Proactive Stale CAS cleanup: department (24/100)...
Proactive Stale CAS cleanup: digital_asset (25/100)...
Proactive Stale CAS cleanup: division (26/100)...
Proactive Stale CAS cleanup: doc_entry (27/100)...
Proactive Stale CAS cleanup: domain_registry (28/100)...
Proactive Stale CAS cleanup: field_registry (30/100)...
Proactive Stale CAS cleanup: fission_event (31/100)...
Proactive Stale CAS cleanup: evolution_management (29/100)...
Proactive Stale CAS cleanup: glossary_term (32/100)...
Proactive Stale CAS cleanup: glossary_term_relation (33/100)...
Proactive Stale CAS cleanup: goal (34/100)...
Proactive Stale CAS cleanup: import_tracking (35/100)...
Proactive Stale CAS cleanup: inference_heuristic (37/100)...
Proactive Stale CAS cleanup: important_date (36/100)...
Proactive Stale CAS cleanup: keystore_entry (38/100)...
Proactive Stale CAS cleanup: kind_synonym (39/100)...
Proactive Stale CAS cleanup: list_metric_sampler (41/100)...
Proactive Stale CAS cleanup: library (40/100)...
Proactive Stale CAS cleanup: mcp_spec (42/100)...
Proactive Stale CAS cleanup: metrics_feedback (44/100)...
Proactive Stale CAS cleanup: metadata_package (43/100)...
Proactive Stale CAS cleanup: milestone (45/100)...
Proactive Stale CAS cleanup: mission (46/100)...
Proactive Stale CAS cleanup: namespace (47/100)...
Proactive Stale CAS cleanup: namespace_registry (48/100)...
Proactive Stale CAS cleanup: ordered_list_metric_sampler (50/100)...
Proactive Stale CAS cleanup: object_spec (49/100)...
Proactive Stale CAS cleanup: organization (51/100)...
Proactive Stale CAS cleanup: organizational_change (52/100)...
Proactive Stale CAS cleanup: partnership (53/100)...
Proactive Stale CAS cleanup: persona (54/100)...
Proactive Stale CAS cleanup: pipeline (55/100)...
Proactive Stale CAS cleanup: pipeline_definition (56/100)...
Proactive Stale CAS cleanup: pipeline_stage (58/100)...
Proactive Stale CAS cleanup: pipeline_execution (57/100)...
Proactive Stale CAS cleanup: policy (59/100)...
Proactive Stale CAS cleanup: process_hygiene_rule (61/100)...
Proactive Stale CAS cleanup: priority_plan (60/100)...
Proactive Stale CAS cleanup: provider_profile (63/100)...
Proactive Stale CAS cleanup: prompt_template (62/100)...
Proactive Stale CAS cleanup: qa_success (64/100)...
Proactive Stale CAS cleanup: question (65/100)...
Proactive Stale CAS cleanup: release (66/100)...
Proactive Stale CAS cleanup: remote_kernel (67/100)...
Proactive Stale CAS cleanup: requirement (68/100)...
Proactive Stale CAS cleanup: resolver (69/100)...
Proactive Stale CAS cleanup: risk_blocker (70/100)...
Proactive Stale CAS cleanup: roadmap (71/100)...
Proactive Stale CAS cleanup: role (72/100)...
Proactive Stale CAS cleanup: rollback_report (73/100)...
Proactive Stale CAS cleanup: rule (74/100)...
Proactive Stale CAS cleanup: scalar_metric_sampler (76/100)...
Proactive Stale CAS cleanup: sampler_profile (75/100)...
Proactive Stale CAS cleanup: scenario (77/100)...
Proactive Stale CAS cleanup: scheduler_handler_binding (78/100)...
Proactive Stale CAS cleanup: shockwave_router (79/100)...
Proactive Stale CAS cleanup: status_history_metric_sampler (81/100)...
Proactive Stale CAS cleanup: stakeholder_profile (80/100)...
Proactive Stale CAS cleanup: strategic_context (82/100)...
Proactive Stale CAS cleanup: strategic_plan (83/100)...
Proactive Stale CAS cleanup: team (84/100)...
Proactive Stale CAS cleanup: team_configuration (85/100)...
Proactive Stale CAS cleanup: technical_debt (86/100)...
Proactive Stale CAS cleanup: technical_spec (87/100)...
Proactive Stale CAS cleanup: template (88/100)...
Proactive Stale CAS cleanup: test_case (89/100)...
Proactive Stale CAS cleanup: test_command_rule (90/100)...
Proactive Stale CAS cleanup: translation_manifest (91/100)...
Proactive Stale CAS cleanup: validation_rule (92/100)...
Proactive Stale CAS cleanup: visual_plan (94/100)...
Proactive Stale CAS cleanup: vision (93/100)...
Proactive Stale CAS cleanup: vitality_report (95/100)...
Proactive Stale CAS cleanup: vocabulary_scheme (96/100)...
Proactive Stale CAS cleanup: watchdog_registration (97/100)...
Proactive Stale CAS cleanup: workflow (98/100)...
Proactive Stale CAS cleanup: workstream (99/100)...
Proactive Stale CAS cleanup: workstream_transition (100/100)...
Loaders starting...
Loaders ready.
Loading object ID cache...
Warming CAS indexes...
Merging CAS indexes for 46 kinds...
CAS indexes warmed
Cache ready, starting validator...
Discovery starting...
Starting discovery across 100 kinds...
Validating 8956 objects (from docs/process/ via object ID cache)...
Progress: [=========                                         ] 19.8% (1777/8956, queue: 7148) 1.8k/s (validating, workers: 16, goroutines: 26) - 1s
Progress: [====================                              ] 41.2% (3691/8956, queue: 5233) 1.8k/s (validating, workers: 16, goroutines: 33) - 2s
Progress: [============================                      ] 57.4% (5145/8956, queue: 3794) 1.7k/s (validating, workers: 16, goroutines: 18) - 3s
Progress: [======================================            ] 77.0% (6892/8956, queue: 2038) 1.7k/s (validating, workers: 16, goroutines: 29) - 4s
Progress: [===============================================   ] 94.2% (8435/8956, queue: 505) 1.7k/s (validating, workers: 16, goroutines: 17) - 5s
Progress: [================================================= ] 99.8% (8938/8956, queue: 0) 1.7k/s (draining in-flight, workers: 16) - 5s
Progress: [==================================================] 100.0% (8956/8956, queue: 0) 1.2k/s (completed) - 7s

Validation completed: 8956/8956 objects (8956 succeeded, 0 failed)

--- run 2026-09-04T23:00:00Z ---
System check starting...
Preparing loaders and cache...
Proactive Stale CAS cleanup starting...
Proactive Stale CAS cleanup: cleaning 100 kinds (timeout 2m0s)...
Proactive Stale CAS cleanup: account (1/100)...
Proactive Stale CAS cleanup: agent_architecture (2/100)...
Proactive Stale CAS cleanup: agent_feed (3/100)...
Proactive Stale CAS cleanup: agent_onboarding_preparation (4/100)...
Proactive Stale CAS cleanup: agent_skill (5/100)...
Proactive Stale CAS cleanup: agent_task (6/100)...
Proactive Stale CAS cleanup: api_spec (7/100)...
Proactive Stale CAS cleanup: auth_strategy (8/100)...
Proactive Stale CAS cleanup: base_sampler (10/100)...
Proactive Stale CAS cleanup: backlog_item (9/100)...
Proactive Stale CAS cleanup: brand (11/100)...
Proactive Stale CAS cleanup: bucketing_strategy (12/100)...
Proactive Stale CAS cleanup: capacity_advertisement (14/100)...
Proactive Stale CAS cleanup: capability (13/100)...
Proactive Stale CAS cleanup: command_spec (16/100)...
Proactive Stale CAS cleanup: certificate (15/100)...
Proactive Stale CAS cleanup: component (17/100)...
Proactive Stale CAS cleanup: compute_advertisement (18/100)...
Proactive Stale CAS cleanup: context_refresh_schedule (19/100)...
Proactive Stale CAS cleanup: convergence_session (20/100)...
Proactive Stale CAS cleanup: corporate_initiative (21/100)...
Proactive Stale CAS cleanup: criteria (22/100)...
Proactive Stale CAS cleanup: decision (23/100)...
Proactive Stale CAS cleanup: digital_asset (25/100)...
Proactive Stale CAS cleanup: department (24/100)...
Proactive Stale CAS cleanup: division (26/100)...
Proactive Stale CAS cleanup: doc_entry (27/100)...
Proactive Stale CAS cleanup: domain_registry (28/100)...
Proactive Stale CAS cleanup: fission_event (31/100)...
Proactive Stale CAS cleanup: evolution_management (29/100)...
Proactive Stale CAS cleanup: field_registry (30/100)...
Proactive Stale CAS cleanup: glossary_term (32/100)...
Proactive Stale CAS cleanup: glossary_term_relation (33/100)...
Proactive Stale CAS cleanup: goal (34/100)...
Proactive Stale CAS cleanup: import_tracking (35/100)...
Proactive Stale CAS cleanup: inference_heuristic (37/100)...
Proactive Stale CAS cleanup: important_date (36/100)...
Proactive Stale CAS cleanup: keystore_entry (38/100)...
Proactive Stale CAS cleanup: kind_synonym (39/100)...
Proactive Stale CAS cleanup: list_metric_sampler (41/100)...
Proactive Stale CAS cleanup: library (40/100)...
Proactive Stale CAS cleanup: mcp_spec (42/100)...
Proactive Stale CAS cleanup: metrics_feedback (44/100)...
Proactive Stale CAS cleanup: metadata_package (43/100)...
Proactive Stale CAS cleanup: milestone (45/100)...
Proactive Stale CAS cleanup: mission (46/100)...
Proactive Stale CAS cleanup: namespace (47/100)...
Proactive Stale CAS cleanup: namespace_registry (48/100)...
Proactive Stale CAS cleanup: ordered_list_metric_sampler (50/100)...
Proactive Stale CAS cleanup: object_spec (49/100)...
Proactive Stale CAS cleanup: organization (51/100)...
Proactive Stale CAS cleanup: organizational_change (52/100)...
Proactive Stale CAS cleanup: partnership (53/100)...
Proactive Stale CAS cleanup: persona (54/100)...
Proactive Stale CAS cleanup: pipeline (55/100)...
Proactive Stale CAS cleanup: pipeline_definition (56/100)...
Proactive Stale CAS cleanup: pipeline_execution (57/100)...
Proactive Stale CAS cleanup: pipeline_stage (58/100)...
Proactive Stale CAS cleanup: policy (59/100)...
Proactive Stale CAS cleanup: priority_plan (60/100)...
Proactive Stale CAS cleanup: process_hygiene_rule (61/100)...
Proactive Stale CAS cleanup: provider_profile (63/100)...
Proactive Stale CAS cleanup: prompt_template (62/100)...
Proactive Stale CAS cleanup: qa_success (64/100)...
Proactive Stale CAS cleanup: question (65/100)...
Proactive Stale CAS cleanup: release (66/100)...
Proactive Stale CAS cleanup: remote_kernel (67/100)...
Proactive Stale CAS cleanup: requirement (68/100)...
Proactive Stale CAS cleanup: resolver (69/100)...
Proactive Stale CAS cleanup: risk_blocker (70/100)...
Proactive Stale CAS cleanup: roadmap (71/100)...
Proactive Stale CAS cleanup: role (72/100)...
Proactive Stale CAS cleanup: rollback_report (73/100)...
Proactive Stale CAS cleanup: rule (74/100)...
Proactive Stale CAS cleanup: scalar_metric_sampler (76/100)...
Proactive Stale CAS cleanup: sampler_profile (75/100)...
Proactive Stale CAS cleanup: scenario (77/100)...
Proactive Stale CAS cleanup: scheduler_handler_binding (78/100)...
Proactive Stale CAS cleanup: shockwave_router (79/100)...
Proactive Stale CAS cleanup: status_history_metric_sampler (81/100)...
Proactive Stale CAS cleanup: stakeholder_profile (80/100)...
Proactive Stale CAS cleanup: strategic_context (82/100)...
Proactive Stale CAS cleanup: strategic_plan (83/100)...
Proactive Stale CAS cleanup: team (84/100)...
Proactive Stale CAS cleanup: team_configuration (85/100)...
Proactive Stale CAS cleanup: technical_debt (86/100)...
Proactive Stale CAS cleanup: technical_spec (87/100)...
Proactive Stale CAS cleanup: template (88/100)...
Proactive Stale CAS cleanup: test_case (89/100)...
Proactive Stale CAS cleanup: translation_manifest (91/100)...
Proactive Stale CAS cleanup: test_command_rule (90/100)...
Proactive Stale CAS cleanup: validation_rule (92/100)...
Proactive Stale CAS cleanup: vitality_report (95/100)...
Proactive Stale CAS cleanup: visual_plan (94/100)...
Proactive Stale CAS cleanup: vision (93/100)...
Proactive Stale CAS cleanup: vocabulary_scheme (96/100)...
Proactive Stale CAS cleanup: watchdog_registration (97/100)...
Proactive Stale CAS cleanup: workflow (98/100)...
Proactive Stale CAS cleanup: workstream (99/100)...
Proactive Stale CAS cleanup: workstream_transition (100/100)...
Loaders starting...
Loaders ready.
Loading object ID cache...
Warming CAS indexes...
Merging CAS indexes for 46 kinds...
CAS indexes warmed
Cache ready, starting validator...
Discovery starting...
Starting discovery across 100 kinds...
Validating 8956 objects (from docs/process/ via object ID cache)...
Progress: [========                                          ] 17.3% (1550/8956, queue: 7390) 1.5k/s (validating, workers: 16, goroutines: 17) - 1s
Progress: [====================                              ] 40.8% (3658/8956, queue: 5272) 1.8k/s (validating, workers: 16, goroutines: 26) - 2s
Progress: [==============================                    ] 60.2% (5389/8956, queue: 3549) 1.8k/s (validating, workers: 16, goroutines: 24) - 3s
Progress: [========================================          ] 80.3% (7195/8956, queue: 1745) 1.8k/s (validating, workers: 16, goroutines: 17) - 4s
Progress: [================================================= ] 99.7% (8927/8956, queue: 0) 1.9k/s (draining in-flight, workers: 16) - 5s
Progress: [==================================================] 100.0% (8956/8956, queue: 0) 1.5k/s (completed) - 6s

Validation completed: 8956/8956 objects (8956 succeeded, 0 failed)

--- run 2026-09-04T23:05:00Z ---
System check starting...
Preparing loaders and cache...
Proactive Stale CAS cleanup starting...
Proactive Stale CAS cleanup: cleaning 100 kinds (timeout 2m0s)...
Proactive Stale CAS cleanup: account (1/100)...
Proactive Stale CAS cleanup: agent_architecture (2/100)...
Proactive Stale CAS cleanup: agent_feed (3/100)...
Proactive Stale CAS cleanup: agent_onboarding_preparation (4/100)...
Proactive Stale CAS cleanup: agent_skill (5/100)...
Proactive Stale CAS cleanup: agent_task (6/100)...
Proactive Stale CAS cleanup: api_spec (7/100)...
Proactive Stale CAS cleanup: auth_strategy (8/100)...
Proactive Stale CAS cleanup: backlog_item (9/100)...
Proactive Stale CAS cleanup: base_sampler (10/100)...
Proactive Stale CAS cleanup: brand (11/100)...
Proactive Stale CAS cleanup: bucketing_strategy (12/100)...
Proactive Stale CAS cleanup: capability (13/100)...
Proactive Stale CAS cleanup: capacity_advertisement (14/100)...
Proactive Stale CAS cleanup: command_spec (16/100)...
Proactive Stale CAS cleanup: certificate (15/100)...
Proactive Stale CAS cleanup: compute_advertisement (18/100)...
Proactive Stale CAS cleanup: component (17/100)...
Proactive Stale CAS cleanup: context_refresh_schedule (19/100)...
Proactive Stale CAS cleanup: convergence_session (20/100)...
Proactive Stale CAS cleanup: corporate_initiative (21/100)...
Proactive Stale CAS cleanup: criteria (22/100)...
Proactive Stale CAS cleanup: decision (23/100)...
Proactive Stale CAS cleanup: department (24/100)...
Proactive Stale CAS cleanup: digital_asset (25/100)...
Proactive Stale CAS cleanup: division (26/100)...
Proactive Stale CAS cleanup: doc_entry (27/100)...
Proactive Stale CAS cleanup: domain_registry (28/100)...
Proactive Stale CAS cleanup: evolution_management (29/100)...
Proactive Stale CAS cleanup: fission_event (31/100)...
Proactive Stale CAS cleanup: field_registry (30/100)...
Proactive Stale CAS cleanup: glossary_term (32/100)...
Proactive Stale CAS cleanup: glossary_term_relation (33/100)...
Proactive Stale CAS cleanup: goal (34/100)...
Proactive Stale CAS cleanup: import_tracking (35/100)...
Proactive Stale CAS cleanup: important_date (36/100)...
Proactive Stale CAS cleanup: inference_heuristic (37/100)...
Proactive Stale CAS cleanup: keystore_entry (38/100)...
Proactive Stale CAS cleanup: kind_synonym (39/100)...
Proactive Stale CAS cleanup: library (40/100)...
Proactive Stale CAS cleanup: list_metric_sampler (41/100)...
Proactive Stale CAS cleanup: mcp_spec (42/100)...
Proactive Stale CAS cleanup: metrics_feedback (44/100)...
Proactive Stale CAS cleanup: metadata_package (43/100)...
Proactive Stale CAS cleanup: milestone (45/100)...
Proactive Stale CAS cleanup: mission (46/100)...
Proactive Stale CAS cleanup: namespace (47/100)...
Proactive Stale CAS cleanup: namespace_registry (48/100)...
Proactive Stale CAS cleanup: ordered_list_metric_sampler (50/100)...
Proactive Stale CAS cleanup: object_spec (49/100)...
Proactive Stale CAS cleanup: organization (51/100)...
Proactive Stale CAS cleanup: organizational_change (52/100)...
Proactive Stale CAS cleanup: partnership (53/100)...
Proactive Stale CAS cleanup: persona (54/100)...
Proactive Stale CAS cleanup: pipeline (55/100)...
Proactive Stale CAS cleanup: pipeline_definition (56/100)...
Proactive Stale CAS cleanup: pipeline_stage (58/100)...
Proactive Stale CAS cleanup: pipeline_execution (57/100)...
Proactive Stale CAS cleanup: policy (59/100)...
Proactive Stale CAS cleanup: priority_plan (60/100)...
Proactive Stale CAS cleanup: process_hygiene_rule (61/100)...
Proactive Stale CAS cleanup: prompt_template (62/100)...
Proactive Stale CAS cleanup: provider_profile (63/100)...
Proactive Stale CAS cleanup: qa_success (64/100)...
Proactive Stale CAS cleanup: question (65/100)...
Proactive Stale CAS cleanup: release (66/100)...
Proactive Stale CAS cleanup: remote_kernel (67/100)...
Proactive Stale CAS cleanup: requirement (68/100)...
Proactive Stale CAS cleanup: resolver (69/100)...
Proactive Stale CAS cleanup: risk_blocker (70/100)...
Proactive Stale CAS cleanup: roadmap (71/100)...
Proactive Stale CAS cleanup: role (72/100)...
Proactive Stale CAS cleanup: rollback_report (73/100)...
Proactive Stale CAS cleanup: rule (74/100)...
Proactive Stale CAS cleanup: sampler_profile (75/100)...
Proactive Stale CAS cleanup: scalar_metric_sampler (76/100)...
Proactive Stale CAS cleanup: scenario (77/100)...
Proactive Stale CAS cleanup: scheduler_handler_binding (78/100)...
Proactive Stale CAS cleanup: shockwave_router (79/100)...
Proactive Stale CAS cleanup: status_history_metric_sampler (81/100)...
Proactive Stale CAS cleanup: stakeholder_profile (80/100)...
Proactive Stale CAS cleanup: strategic_context (82/100)...
Proactive Stale CAS cleanup: strategic_plan (83/100)...
Proactive Stale CAS cleanup: team (84/100)...
Proactive Stale CAS cleanup: team_configuration (85/100)...
Proactive Stale CAS cleanup: technical_debt (86/100)...
Proactive Stale CAS cleanup: technical_spec (87/100)...
Proactive Stale CAS cleanup: template (88/100)...
Proactive Stale CAS cleanup: test_case (89/100)...
Proactive Stale CAS cleanup: test_command_rule (90/100)...
Proactive Stale CAS cleanup: translation_manifest (91/100)...
Proactive Stale CAS cleanup: validation_rule (92/100)...
Proactive Stale CAS cleanup: vision (93/100)...
Proactive Stale CAS cleanup: vitality_report (95/100)...
Proactive Stale CAS cleanup: visual_plan (94/100)...
Proactive Stale CAS cleanup: vocabulary_scheme (96/100)...
Proactive Stale CAS cleanup: watchdog_registration (97/100)...
Proactive Stale CAS cleanup: workflow (98/100)...
Proactive Stale CAS cleanup: workstream (99/100)...
Proactive Stale CAS cleanup: workstream_transition (100/100)...
Loaders starting...
Loaders ready.
Loading object ID cache...
Warming CAS indexes...
Merging CAS indexes for 46 kinds...
CAS indexes warmed
Cache ready, starting validator...
Discovery starting...
Starting discovery across 100 kinds...
Validating 8956 objects (from docs/process/ via object ID cache)...
Progress: [====                                              ] 9.1% (819/8956, queue: 8110) 814/s (validating, workers: 16, goroutines: 28) - 1s
Progress: [=========                                         ] 19.6% (1759/8956, queue: 7181) 877/s (validating, workers: 16, goroutines: 17) - 2s
Progress: [==================                                ] 37.4% (3348/8956, queue: 5592) 1.1k/s (validating, workers: 16, goroutines: 17) - 3s
Progress: [=============================                     ] 58.7% (5255/8956, queue: 3675) 1.3k/s (validating, workers: 16, goroutines: 27) - 4s
Progress: [=====================================             ] 74.7% (6694/8956, queue: 2245) 1.3k/s (validating, workers: 16, goroutines: 18) - 5s
Progress: [==========================================        ] 84.1% (7535/8956, queue: 1389) 1.3k/s (validating, workers: 16, goroutines: 27) - 6s
Progress: [================================================  ] 97.6% (8745/8956, queue: 194) 1.2k/s (validating, workers: 16, goroutines: 24) - 7s
Progress: [================================================= ] 99.7% (8927/8956, queue: 0) 1.2k/s (draining in-flight, workers: 16) - 7s
Progress: [================================================= ] 100.0% (8955/8956, queue: 0) 1.1k/s (draining in-flight, workers: 16) - 8s
Progress: [==================================================] 100.0% (8956/8956, queue: 0) 724/s (completed) - 12s

Validation completed: 8956/8956 objects (8956 succeeded, 0 failed)

--- run 2026-09-04T23:10:08Z ---
System check starting...
Preparing loaders and cache...
Proactive Stale CAS cleanup starting...
Proactive Stale CAS cleanup: cleaning 100 kinds (timeout 2m0s)...
Proactive Stale CAS cleanup: account (1/100)...
Proactive Stale CAS cleanup: agent_architecture (2/100)...
Proactive Stale CAS cleanup: agent_feed (3/100)...
Proactive Stale CAS cleanup: agent_onboarding_preparation (4/100)...
Proactive Stale CAS cleanup: agent_skill (5/100)...
Proactive Stale CAS cleanup: agent_task (6/100)...
Proactive Stale CAS cleanup: api_spec (7/100)...
Proactive Stale CAS cleanup: auth_strategy (8/100)...
Proactive Stale CAS cleanup: base_sampler (10/100)...
Proactive Stale CAS cleanup: backlog_item (9/100)...
Proactive Stale CAS cleanup: brand (11/100)...
Proactive Stale CAS cleanup: capability (13/100)...
Proactive Stale CAS cleanup: bucketing_strategy (12/100)...
Proactive Stale CAS cleanup: capacity_advertisement (14/100)...
Proactive Stale CAS cleanup: certificate (15/100)...
Proactive Stale CAS cleanup: command_spec (16/100)...
Proactive Stale CAS cleanup: component (17/100)...
Proactive Stale CAS cleanup: compute_advertisement (18/100)...
Proactive Stale CAS cleanup: context_refresh_schedule (19/100)...
Proactive Stale CAS cleanup: convergence_session (20/100)...
Proactive Stale CAS cleanup: corporate_initiative (21/100)...
Proactive Stale CAS cleanup: criteria (22/100)...
Proactive Stale CAS cleanup: decision (23/100)...
Proactive Stale CAS cleanup: digital_asset (25/100)...
Proactive Stale CAS cleanup: department (24/100)...
Proactive Stale CAS cleanup: division (26/100)...
Proactive Stale CAS cleanup: doc_entry (27/100)...
Proactive Stale CAS cleanup: domain_registry (28/100)...
Proactive Stale CAS cleanup: fission_event (31/100)...
Proactive Stale CAS cleanup: evolution_management (29/100)...
Proactive Stale CAS cleanup: field_registry (30/100)...
Proactive Stale CAS cleanup: glossary_term (32/100)...
Proactive Stale CAS cleanup: glossary_term_relation (33/100)...
Proactive Stale CAS cleanup: goal (34/100)...
Proactive Stale CAS cleanup: import_tracking (35/100)...
Proactive Stale CAS cleanup: inference_heuristic (37/100)...
Proactive Stale CAS cleanup: important_date (36/100)...
Proactive Stale CAS cleanup: keystore_entry (38/100)...
Proactive Stale CAS cleanup: kind_synonym (39/100)...
Proactive Stale CAS cleanup: library (40/100)...
Proactive Stale CAS cleanup: list_metric_sampler (41/100)...
Proactive Stale CAS cleanup: mcp_spec (42/100)...
Proactive Stale CAS cleanup: metrics_feedback (44/100)...
Proactive Stale CAS cleanup: metadata_package (43/100)...
Proactive Stale CAS cleanup: milestone (45/100)...
Proactive Stale CAS cleanup: mission (46/100)...
Proactive Stale CAS cleanup: namespace (47/100)...
Proactive Stale CAS cleanup: namespace_registry (48/100)...
Proactive Stale CAS cleanup: ordered_list_metric_sampler (50/100)...
Proactive Stale CAS cleanup: object_spec (49/100)...
Proactive Stale CAS cleanup: organization (51/100)...
Proactive Stale CAS cleanup: organizational_change (52/100)...
Proactive Stale CAS cleanup: partnership (53/100)...
Proactive Stale CAS cleanup: persona (54/100)...
Proactive Stale CAS cleanup: pipeline (55/100)...
Proactive Stale CAS cleanup: pipeline_definition (56/100)...
Proactive Stale CAS cleanup: pipeline_stage (58/100)...
Proactive Stale CAS cleanup: pipeline_execution (57/100)...
Proactive Stale CAS cleanup: policy (59/100)...
Proactive Stale CAS cleanup: priority_plan (60/100)...
Proactive Stale CAS cleanup: process_hygiene_rule (61/100)...
Proactive Stale CAS cleanup: provider_profile (63/100)...
Proactive Stale CAS cleanup: prompt_template (62/100)...
Proactive Stale CAS cleanup: qa_success (64/100)...
Proactive Stale CAS cleanup: question (65/100)...
Proactive Stale CAS cleanup: release (66/100)...
Proactive Stale CAS cleanup: remote_kernel (67/100)...
Proactive Stale CAS cleanup: requirement (68/100)...
Proactive Stale CAS cleanup: resolver (69/100)...
Proactive Stale CAS cleanup: risk_blocker (70/100)...
Proactive Stale CAS cleanup: roadmap (71/100)...
Proactive Stale CAS cleanup: role (72/100)...
Proactive Stale CAS cleanup: rollback_report (73/100)...
Proactive Stale CAS cleanup: sampler_profile (75/100)...
Proactive Stale CAS cleanup: rule (74/100)...
Proactive Stale CAS cleanup: scalar_metric_sampler (76/100)...
Proactive Stale CAS cleanup: scenario (77/100)...
Proactive Stale CAS cleanup: scheduler_handler_binding (78/100)...
Proactive Stale CAS cleanup: shockwave_router (79/100)...
Proactive Stale CAS cleanup: status_history_metric_sampler (81/100)...
Proactive Stale CAS cleanup: stakeholder_profile (80/100)...
Proactive Stale CAS cleanup: strategic_context (82/100)...
Proactive Stale CAS cleanup: strategic_plan (83/100)...
Proactive Stale CAS cleanup: team (84/100)...
Proactive Stale CAS cleanup: team_configuration (85/100)...
Proactive Stale CAS cleanup: technical_debt (86/100)...
Proactive Stale CAS cleanup: technical_spec (87/100)...
Proactive Stale CAS cleanup: template (88/100)...
Proactive Stale CAS cleanup: test_case (89/100)...
Proactive Stale CAS cleanup: test_command_rule (90/100)...
Proactive Stale CAS cleanup: translation_manifest (91/100)...
Proactive Stale CAS cleanup: validation_rule (92/100)...
Proactive Stale CAS cleanup: vision (93/100)...
Proactive Stale CAS cleanup: vitality_report (95/100)...
Proactive Stale CAS cleanup: visual_plan (94/100)...
Proactive Stale CAS cleanup: vocabulary_scheme (96/100)...
Proactive Stale CAS cleanup: watchdog_registration (97/100)...
Proactive Stale CAS cleanup: workflow (98/100)...
Proactive Stale CAS cleanup: workstream (99/100)...
Proactive Stale CAS cleanup: workstream_transition (100/100)...
Loaders starting...
Loaders ready.
Loading object ID cache...
Warming CAS indexes...
Merging CAS indexes for 46 kinds...
CAS indexes warmed
Cache ready, starting validator...
Discovery starting...
Starting discovery across 100 kinds...
Validating 8931 objects (from docs/process/ via object ID cache)...
Progress: [                                                  ] 0.6% (51/8931, queue: 8864) 47/s (validating, workers: 16, goroutines: 17) - 1s
Progress: [                                                  ] 0.8% (69/8931, queue: 8846) 33/s (validating, workers: 16, goroutines: 17) - 2s
Progress: [                                                  ] 1.2% (105/8931, queue: 8810) 34/s (validating, workers: 16, goroutines: 17) - 3s
Progress: [                                                  ] 1.6% (144/8931, queue: 8769) 35/s (validating, workers: 16, goroutines: 19) - 4s
Progress: [                                                  ] 2.0% (177/8931, queue: 8738) 35/s (validating, workers: 16, goroutines: 17) - 5s
Progress: [=                                                 ] 2.3% (208/8931, queue: 8706) 34/s (validating, workers: 16, goroutines: 18) - 6s
Progress: [=                                                 ] 2.6% (231/8931, queue: 8684) 33/s (validating, workers: 16, goroutines: 17) - 7s
Progress: [=                                                 ] 2.8% (254/8931, queue: 8659) 31/s (validating, workers: 16, goroutines: 19) - 8s
Progress: [=                                                 ] 3.4% (303/8931, queue: 8611) 33/s (validating, workers: 16, goroutines: 18) - 9s
Progress: [=                                                 ] 3.7% (332/8931, queue: 8583) 33/s (validating, workers: 16, goroutines: 17) - 10s
Progress: [==                                                ] 4.1% (362/8931, queue: 8552) 33/s (validating, workers: 16, goroutines: 18) - 11s
Progress: [==                                                ] 4.3% (386/8931, queue: 8528) 32/s (validating, workers: 16, goroutines: 18) - 12s
Progress: [==                                                ] 4.6% (414/8931, queue: 8500) 32/s (validating, workers: 16, goroutines: 18) - 13s
Progress: [==                                                ] 4.9% (438/8931, queue: 8476) 31/s (validating, workers: 16, goroutines: 18) - 14s
Progress: [==                                                ] 5.3% (474/8931, queue: 8441) 31/s (validating, workers: 16, goroutines: 17) - 15s
Progress: [==                                                ] 5.7% (511/8931, queue: 8403) 32/s (validating, workers: 16, goroutines: 18) - 16s
Progress: [==                                                ] 5.9% (531/8931, queue: 8384) 31/s (validating, workers: 16, goroutines: 17) - 17s
Progress: [===                                               ] 6.2% (552/8931, queue: 8362) 31/s (validating, workers: 16, goroutines: 18) - 18s
Progress: [===                                               ] 6.5% (584/8931, queue: 8331) 31/s (validating, workers: 16, goroutines: 17) - 19s
Progress: [===                                               ] 7.0% (627/8931, queue: 8288) 31/s (validating, workers: 16, goroutines: 17) - 20s
Progress: [===                                               ] 7.5% (667/8931, queue: 8248) 32/s (validating, workers: 16, goroutines: 17) - 21s
Progress: [===                                               ] 7.8% (693/8931, queue: 8221) 31/s (validating, workers: 16, goroutines: 18) - 22s
Progress: [====                                              ] 8.0% (715/8931, queue: 8199) 31/s (validating, workers: 16, goroutines: 18) - 23s
Progress: [====                                              ] 8.4% (749/8931, queue: 8166) 31/s (validating, workers: 16, goroutines: 17) - 24s
Progress: [====                                              ] 9.0% (804/8931, queue: 8110) 32/s (validating, workers: 16, goroutines: 18) - 25s
Progress: [====                                              ] 9.7% (863/8931, queue: 8051) 33/s (validating, workers: 16, goroutines: 18) - 26s
Progress: [=====                                             ] 10.1% (898/8931, queue: 8017) 33/s (validating, workers: 16, goroutines: 17) - 27s
Progress: [=====                                             ] 10.3% (919/8931, queue: 7996) 33/s (validating, workers: 16, goroutines: 17) - 28s
Progress: [=====                                             ] 10.6% (943/8931, queue: 7972) 32/s (validating, workers: 16, goroutines: 17) - 29s
Progress: [=====                                             ] 10.9% (970/8931, queue: 7945) 32/s (validating, workers: 16, goroutines: 17) - 30s
Progress: [=====                                             ] 11.2% (1001/8931, queue: 7914) 32/s (validating, workers: 16, goroutines: 17) - 31s
Progress: [=====                                             ] 11.7% (1046/8931, queue: 7868) 33/s (validating, workers: 16, goroutines: 18) - 32s
Progress: [=====                                             ] 11.8% (1055/8931, queue: 7860) 32/s (validating, workers: 16, goroutines: 17) - 33s
Progress: [=====                                             ] 12.0% (1071/8931, queue: 7844) 31/s (validating, workers: 16, goroutines: 17) - 34s
Progress: [======                                            ] 12.1% (1080/8931, queue: 7834) 31/s (validating, workers: 16, goroutines: 18) - 35s
Progress: [======                                            ] 12.2% (1091/8931, queue: 7822) 30/s (validating, workers: 16, goroutines: 19) - 36s
Progress: [======                                            ] 12.4% (1104/8931, queue: 7810) 30/s (validating, workers: 16, goroutines: 18) - 37s
Progress: [======                                            ] 12.6% (1124/8931, queue: 7791) 30/s (validating, workers: 16, goroutines: 17) - 38s
Progress: [======                                            ] 12.6% (1126/8931, queue: 7788) 29/s (validating, workers: 16, goroutines: 18) - 39s
Progress: [======                                            ] 12.7% (1132/8931, queue: 7782) 28/s (validating, workers: 16, goroutines: 18) - 40s
Progress: [======                                            ] 12.8% (1143/8931, queue: 7771) 28/s (validating, workers: 16, goroutines: 18) - 41s
Progress: [======                                            ] 13.0% (1158/8931, queue: 7756) 28/s (validating, workers: 16, goroutines: 18) - 42s
Progress: [======                                            ] 13.3% (1187/8931, queue: 7727) 28/s (validating, workers: 16, goroutines: 18) - 43s
Progress: [======                                            ] 13.6% (1211/8931, queue: 7703) 27/s (validating, workers: 16, goroutines: 18) - 44s
Progress: [======                                            ] 13.9% (1242/8931, queue: 7672) 28/s (validating, workers: 16, goroutines: 18) - 45s
Progress: [=======                                           ] 14.2% (1267/8931, queue: 7648) 27/s (validating, workers: 16, goroutines: 17) - 46s
Progress: [=======                                           ] 14.5% (1295/8931, queue: 7619) 27/s (validating, workers: 16, goroutines: 18) - 47s
Progress: [=======                                           ] 14.7% (1317/8931, queue: 7598) 27/s (validating, workers: 16, goroutines: 17) - 48s
Progress: [=======                                           ] 15.0% (1336/8931, queue: 7579) 27/s (validating, workers: 16, goroutines: 17) - 49s
Progress: [=======                                           ] 15.3% (1362/8931, queue: 7553) 27/s (validating, workers: 16, goroutines: 17) - 50s
Progress: [=======                                           ] 15.6% (1395/8931, queue: 7517) 27/s (validating, workers: 16, goroutines: 20) - 51s
Progress: [========                                          ] 16.0% (1430/8931, queue: 7484) 27/s (validating, workers: 16, goroutines: 18) - 52s
Progress: [========                                          ] 16.3% (1452/8931, queue: 7462) 27/s (validating, workers: 16, goroutines: 18) - 53s
Progress: [========                                          ] 16.5% (1471/8931, queue: 7443) 27/s (validating, workers: 16, goroutines: 18) - 54s
Progress: [========                                          ] 16.7% (1491/8931, queue: 7423) 27/s (validating, workers: 16, goroutines: 18) - 55s
Progress: [========                                          ] 17.0% (1518/8931, queue: 7397) 27/s (validating, workers: 16, goroutines: 17) - 56s
Progress: [========                                          ] 17.3% (1541/8931, queue: 7374) 27/s (validating, workers: 16, goroutines: 17) - 57s
Progress: [========                                          ] 17.6% (1573/8931, queue: 7341) 27/s (validating, workers: 16, goroutines: 18) - 58s
Progress: [========                                          ] 17.9% (1597/8931, queue: 7318) 27/s (validating, workers: 16, goroutines: 17) - 59s
Progress: [=========                                         ] 18.1% (1615/8931, queue: 7299) 27/s (validating, workers: 16, goroutines: 18) - 1m0s
Progress: [=========                                         ] 18.3% (1637/8931, queue: 7277) 27/s (validating, workers: 16, goroutines: 18) - 1m1s
Progress: [=========                                         ] 18.6% (1660/8931, queue: 7255) 27/s (validating, workers: 16, goroutines: 17) - 1m2s
Progress: [=========                                         ] 19.0% (1694/8931, queue: 7221) 27/s (validating, workers: 16, goroutines: 17) - 1m3s
Progress: [=========                                         ] 19.3% (1723/8931, queue: 7192) 27/s (validating, workers: 16, goroutines: 17) - 1m4s
Progress: [=========                                         ] 19.6% (1748/8931, queue: 7166) 27/s (validating, workers: 16, goroutines: 18) - 1m5s
Progress: [=========                                         ] 19.9% (1775/8931, queue: 7140) 27/s (validating, workers: 16, goroutines: 17) - 1m6s
Progress: [==========                                        ] 20.1% (1795/8931, queue: 7120) 27/s (validating, workers: 16, goroutines: 17) - 1m7s
Progress: [==========                                        ] 20.4% (1821/8931, queue: 7093) 27/s (validating, workers: 16, goroutines: 18) - 1m8s
Progress: [==========                                        ] 20.7% (1848/8931, queue: 7066) 27/s (validating, workers: 16, goroutines: 18) - 1m9s
Progress: [==========                                        ] 21.2% (1897/8931, queue: 7018) 27/s (validating, workers: 16, goroutines: 17) - 1m10s
Progress: [==========                                        ] 21.6% (1928/8931, queue: 6986) 27/s (validating, workers: 16, goroutines: 18) - 1m11s
Progress: [==========                                        ] 21.8% (1944/8931, queue: 6970) 27/s (validating, workers: 16, goroutines: 18) - 1m12s
Progress: [===========                                       ] 22.2% (1982/8931, queue: 6933) 27/s (validating, workers: 16, goroutines: 17) - 1m13s
Progress: [===========                                       ] 22.7% (2023/8931, queue: 6892) 27/s (validating, workers: 16, goroutines: 17) - 1m14s
Progress: [===========                                       ] 23.0% (2051/8931, queue: 6864) 27/s (validating, workers: 16, goroutines: 17) - 1m15s
Progress: [===========                                       ] 23.4% (2088/8931, queue: 6827) 27/s (validating, workers: 16, goroutines: 17) - 1m16s
Progress: [===========                                       ] 23.6% (2111/8931, queue: 6803) 27/s (validating, workers: 16, goroutines: 18) - 1m17s
Progress: [===========                                       ] 24.0% (2141/8931, queue: 6774) 27/s (validating, workers: 16, goroutines: 17) - 1m18s
Progress: [============                                      ] 24.3% (2173/8931, queue: 6742) 27/s (validating, workers: 16, goroutines: 17) - 1m19s
Progress: [============                                      ] 24.6% (2199/8931, queue: 6716) 27/s (validating, workers: 16, goroutines: 17) - 1m20s
Progress: [============                                      ] 25.1% (2244/8931, queue: 6671) 28/s (validating, workers: 16, goroutines: 17) - 1m21s
Progress: [============                                      ] 25.6% (2283/8931, queue: 6632) 28/s (validating, workers: 16, goroutines: 17) - 1m22s
Progress: [============                                      ] 26.0% (2318/8931, queue: 6596) 28/s (validating, workers: 16, goroutines: 18) - 1m23s
Progress: [=============                                     ] 26.5% (2365/8931, queue: 6550) 28/s (validating, workers: 16, goroutines: 17) - 1m24s
Progress: [=============                                     ] 27.0% (2408/8931, queue: 6506) 28/s (validating, workers: 16, goroutines: 18) - 1m25s
Progress: [=============                                     ] 27.4% (2448/8931, queue: 6466) 28/s (validating, workers: 16, goroutines: 18) - 1m26s
Progress: [=============                                     ] 27.7% (2471/8931, queue: 6444) 28/s (validating, workers: 16, goroutines: 17) - 1m27s
Progress: [=============                                     ] 27.9% (2489/8931, queue: 6426) 28/s (validating, workers: 16, goroutines: 17) - 1m28s
Progress: [==============                                    ] 28.1% (2511/8931, queue: 6403) 28/s (validating, workers: 16, goroutines: 18) - 1m29s
Progress: [==============                                    ] 28.4% (2535/8931, queue: 6380) 28/s (validating, workers: 16, goroutines: 17) - 1m30s
Progress: [==============                                    ] 28.7% (2563/8931, queue: 6352) 28/s (validating, workers: 16, goroutines: 17) - 1m31s
Progress: [==============                                    ] 29.1% (2597/8931, queue: 6317) 28/s (validating, workers: 16, goroutines: 18) - 1m32s
Progress: [==============                                    ] 29.5% (2631/8931, queue: 6284) 28/s (validating, workers: 16, goroutines: 17) - 1m33s
Progress: [==============                                    ] 29.9% (2672/8931, queue: 6242) 28/s (validating, workers: 16, goroutines: 18) - 1m34s
Progress: [===============                                   ] 30.3% (2707/8931, queue: 6208) 28/s (validating, workers: 16, goroutines: 17) - 1m35s
Progress: [===============                                   ] 30.6% (2736/8931, queue: 6179) 28/s (validating, workers: 16, goroutines: 17) - 1m36s
Progress: [===============                                   ] 30.9% (2762/8931, queue: 6152) 28/s (validating, workers: 16, goroutines: 18) - 1m37s
Progress: [===============                                   ] 31.2% (2790/8931, queue: 6123) 28/s (validating, workers: 16, goroutines: 19) - 1m38s
Progress: [===============                                   ] 31.5% (2812/8931, queue: 6103) 28/s (validating, workers: 16, goroutines: 17) - 1m39s
Progress: [===============                                   ] 31.7% (2834/8931, queue: 6081) 28/s (validating, workers: 16, goroutines: 17) - 1m40s
Progress: [===============                                   ] 32.0% (2857/8931, queue: 6057) 28/s (validating, workers: 16, goroutines: 18) - 1m41s
Progress: [================                                  ] 32.3% (2883/8931, queue: 6031) 28/s (validating, workers: 16, goroutines: 18) - 1m42s
Progress: [================                                  ] 32.7% (2916/8931, queue: 5997) 28/s (validating, workers: 16, goroutines: 19) - 1m43s
Progress: [================                                  ] 33.0% (2948/8931, queue: 5967) 28/s (validating, workers: 16, goroutines: 17) - 1m44s
Progress: [================                                  ] 33.2% (2969/8931, queue: 5946) 28/s (validating, workers: 16, goroutines: 17) - 1m45s
Progress: [================                                  ] 33.6% (2997/8931, queue: 5918) 28/s (validating, workers: 16, goroutines: 17) - 1m46s
Progress: [================                                  ] 33.8% (3023/8931, queue: 5892) 28/s (validating, workers: 16, goroutines: 17) - 1m47s
Progress: [=================                                 ] 34.2% (3053/8931, queue: 5862) 28/s (validating, workers: 16, goroutines: 17) - 1m48s
Progress: [=================                                 ] 34.5% (3081/8931, queue: 5834) 28/s (validating, workers: 16, goroutines: 17) - 1m49s
Progress: [=================                                 ] 34.8% (3111/8931, queue: 5803) 28/s (validating, workers: 16, goroutines: 18) - 1m50s
Progress: [=================                                 ] 35.2% (3145/8931, queue: 5770) 28/s (validating, workers: 16, goroutines: 17) - 1m51s
Progress: [=================                                 ] 35.6% (3177/8931, queue: 5738) 28/s (validating, workers: 16, goroutines: 17) - 1m52s
Progress: [=================                                 ] 35.9% (3209/8931, queue: 5705) 28/s (validating, workers: 16, goroutines: 18) - 1m53s
Progress: [==================                                ] 36.6% (3273/8931, queue: 5641) 29/s (validating, workers: 16, goroutines: 18) - 1m54s
Progress: [==================                                ] 37.1% (3309/8931, queue: 5606) 29/s (validating, workers: 16, goroutines: 17) - 1m55s
Progress: [==================                                ] 37.4% (3338/8931, queue: 5576) 29/s (validating, workers: 16, goroutines: 18) - 1m56s
Progress: [==================                                ] 37.7% (3363/8931, queue: 5551) 29/s (validating, workers: 16, goroutines: 18) - 1m57s
Progress: [==================                                ] 38.0% (3393/8931, queue: 5522) 29/s (validating, workers: 16, goroutines: 17) - 1m58s
Progress: [===================                               ] 38.2% (3414/8931, queue: 5501) 29/s (validating, workers: 16, goroutines: 17) - 1m59s
Progress: [===================                               ] 38.5% (3436/8931, queue: 5479) 29/s (validating, workers: 16, goroutines: 17) - 2m0s
Progress: [===================                               ] 38.9% (3470/8931, queue: 5445) 29/s (validating, workers: 16, goroutines: 17) - 2m1s
Progress: [===================                               ] 39.1% (3493/8931, queue: 5421) 29/s (validating, workers: 16, goroutines: 18) - 2m2s
Progress: [===================                               ] 39.4% (3522/8931, queue: 5392) 29/s (validating, workers: 16, goroutines: 18) - 2m3s
Progress: [===================                               ] 39.7% (3542/8931, queue: 5373) 29/s (validating, workers: 16, goroutines: 17) - 2m4s
Progress: [===================                               ] 39.9% (3564/8931, queue: 5351) 28/s (validating, workers: 16, goroutines: 17) - 2m5s
Progress: [====================                              ] 40.2% (3591/8931, queue: 5323) 28/s (validating, workers: 16, goroutines: 18) - 2m6s
Progress: [====================                              ] 40.5% (3619/8931, queue: 5295) 28/s (validating, workers: 16, goroutines: 18) - 2m7s
Progress: [====================                              ] 40.9% (3651/8931, queue: 5264) 29/s (validating, workers: 16, goroutines: 17) - 2m8s
Progress: [====================                              ] 41.3% (3690/8931, queue: 5224) 29/s (validating, workers: 16, goroutines: 18) - 2m9s
Progress: [====================                              ] 41.7% (3720/8931, queue: 5195) 29/s (validating, workers: 16, goroutines: 17) - 2m10s
Progress: [====================                              ] 41.9% (3743/8931, queue: 5172) 29/s (validating, workers: 16, goroutines: 17) - 2m11s
Progress: [=====================                             ] 42.2% (3768/8931, queue: 5147) 29/s (validating, workers: 16, goroutines: 17) - 2m12s
Progress: [=====================                             ] 42.5% (3800/8931, queue: 5113) 29/s (validating, workers: 16, goroutines: 19) - 2m13s
Progress: [=====================                             ] 42.9% (3827/8931, queue: 5088) 29/s (validating, workers: 16, goroutines: 17) - 2m14s
Progress: [=====================                             ] 43.1% (3853/8931, queue: 5060) 29/s (validating, workers: 16, goroutines: 19) - 2m15s
Progress: [=====================                             ] 43.4% (3880/8931, queue: 5035) 29/s (validating, workers: 16, goroutines: 17) - 2m16s
Progress: [=====================                             ] 43.8% (3910/8931, queue: 5005) 29/s (validating, workers: 16, goroutines: 17) - 2m17s
Progress: [======================                            ] 44.0% (3933/8931, queue: 4982) 28/s (validating, workers: 16, goroutines: 17) - 2m18s
Progress: [======================                            ] 44.3% (3960/8931, queue: 4955) 28/s (validating, workers: 16, goroutines: 17) - 2m19s
Progress: [======================                            ] 44.8% (4000/8931, queue: 4915) 29/s (validating, workers: 16, goroutines: 17) - 2m20s
Progress: [======================                            ] 45.2% (4034/8931, queue: 4880) 29/s (validating, workers: 16, goroutines: 18) - 2m21s
Progress: [======================                            ] 45.5% (4065/8931, queue: 4850) 29/s (validating, workers: 16, goroutines: 17) - 2m22s
Progress: [======================                            ] 45.9% (4102/8931, queue: 4813) 29/s (validating, workers: 16, goroutines: 17) - 2m23s
Progress: [=======================                           ] 46.3% (4131/8931, queue: 4784) 29/s (validating, workers: 16, goroutines: 17) - 2m24s
Progress: [=======================                           ] 46.5% (4155/8931, queue: 4760) 29/s (validating, workers: 16, goroutines: 17) - 2m25s
Progress: [=======================                           ] 46.8% (4180/8931, queue: 4732) 29/s (validating, workers: 16, goroutines: 20) - 2m26s
Progress: [=======================                           ] 47.1% (4209/8931, queue: 4705) 29/s (validating, workers: 16, goroutines: 18) - 2m27s
Progress: [=======================                           ] 47.4% (4236/8931, queue: 4677) 29/s (validating, workers: 16, goroutines: 19) - 2m28s
Progress: [=======================                           ] 47.7% (4263/8931, queue: 4650) 29/s (validating, workers: 16, goroutines: 19) - 2m29s
Progress: [=======================                           ] 48.0% (4283/8931, queue: 4631) 29/s (validating, workers: 16, goroutines: 18) - 2m30s
Progress: [========================                          ] 48.2% (4301/8931, queue: 4614) 28/s (validating, workers: 16, goroutines: 17) - 2m31s
Progress: [========================                          ] 48.5% (4329/8931, queue: 4586) 28/s (validating, workers: 16, goroutines: 17) - 2m32s
Progress: [========================                          ] 48.6% (4343/8931, queue: 4571) 28/s (validating, workers: 16, goroutines: 18) - 2m33s
Progress: [========================                          ] 48.8% (4362/8931, queue: 4552) 28/s (validating, workers: 16, goroutines: 18) - 2m34s
Progress: [========================                          ] 49.0% (4374/8931, queue: 4540) 28/s (validating, workers: 16, goroutines: 18) - 2m35s
Progress: [========================                          ] 49.1% (4388/8931, queue: 4526) 28/s (validating, workers: 16, goroutines: 18) - 2m36s
Progress: [========================                          ] 49.3% (4400/8931, queue: 4514) 28/s (validating, workers: 16, goroutines: 18) - 2m37s
Progress: [========================                          ] 49.4% (4413/8931, queue: 4501) 28/s (validating, workers: 16, goroutines: 18) - 2m38s
Progress: [========================                          ] 49.7% (4436/8931, queue: 4477) 28/s (validating, workers: 16, goroutines: 19) - 2m39s
Progress: [========================                          ] 49.8% (4449/8931, queue: 4464) 28/s (validating, workers: 16, goroutines: 19) - 2m40s
Progress: [=========================                         ] 50.0% (4466/8931, queue: 4447) 28/s (validating, workers: 16, goroutines: 19) - 2m41s
Progress: [=========================                         ] 50.2% (4484/8931, queue: 4430) 28/s (validating, workers: 16, goroutines: 18) - 2m42s
Progress: [=========================                         ] 50.5% (4512/8931, queue: 4403) 28/s (validating, workers: 16, goroutines: 17) - 2m43s
Progress: [=========================                         ] 50.7% (4530/8931, queue: 4384) 28/s (validating, workers: 16, goroutines: 18) - 2m44s
Progress: [=========================                         ] 50.9% (4545/8931, queue: 4369) 28/s (validating, workers: 16, goroutines: 18) - 2m45s
Progress: [=========================                         ] 51.1% (4560/8931, queue: 4354) 27/s (validating, workers: 16, goroutines: 18) - 2m46s
Progress: [=========================                         ] 51.3% (4585/8931, queue: 4330) 27/s (validating, workers: 16, goroutines: 17) - 2m47s
Progress: [=========================                         ] 51.6% (4612/8931, queue: 4301) 27/s (validating, workers: 16, goroutines: 19) - 2m48s
Progress: [=========================                         ] 51.8% (4626/8931, queue: 4288) 27/s (validating, workers: 16, goroutines: 18) - 2m49s
Progress: [==========================                        ] 52.0% (4645/8931, queue: 4270) 27/s (validating, workers: 16, goroutines: 17) - 2m50s
Progress: [==========================                        ] 52.2% (4665/8931, queue: 4250) 27/s (validating, workers: 16, goroutines: 17) - 2m51s
Progress: [==========================                        ] 52.4% (4684/8931, queue: 4230) 27/s (validating, workers: 16, goroutines: 18) - 2m52s
Progress: [==========================                        ] 52.7% (4709/8931, queue: 4205) 27/s (validating, workers: 16, goroutines: 18) - 2m53s
Progress: [==========================                        ] 53.0% (4732/8931, queue: 4183) 27/s (validating, workers: 16, goroutines: 17) - 2m54s
Progress: [==========================                        ] 53.2% (4752/8931, queue: 4163) 27/s (validating, workers: 16, goroutines: 17) - 2m55s
Progress: [==========================                        ] 53.5% (4778/8931, queue: 4134) 27/s (validating, workers: 16, goroutines: 20) - 2m56s
Progress: [==========================                        ] 53.8% (4804/8931, queue: 4109) 27/s (validating, workers: 16, goroutines: 19) - 2m57s
Progress: [===========================                       ] 54.1% (4836/8931, queue: 4078) 27/s (validating, workers: 16, goroutines: 18) - 2m58s
Progress: [===========================                       ] 54.4% (4858/8931, queue: 4057) 27/s (validating, workers: 16, goroutines: 17) - 2m59s
Progress: [===========================                       ] 54.6% (4878/8931, queue: 4037) 27/s (validating, workers: 16, goroutines: 17) - 3m0s
Progress: [===========================                       ] 54.9% (4906/8931, queue: 4009) 27/s (validating, workers: 16, goroutines: 17) - 3m1s
Progress: [===========================                       ] 55.2% (4932/8931, queue: 3980) 27/s (validating, workers: 16, goroutines: 20) - 3m2s
Progress: [===========================                       ] 55.5% (4958/8931, queue: 3955) 27/s (validating, workers: 16, goroutines: 19) - 3m3s
Progress: [===========================                       ] 55.8% (4981/8931, queue: 3933) 27/s (validating, workers: 16, goroutines: 18) - 3m4s
Progress: [===========================                       ] 56.0% (4999/8931, queue: 3915) 27/s (validating, workers: 16, goroutines: 18) - 3m5s
Progress: [============================                      ] 56.3% (5024/8931, queue: 3890) 27/s (validating, workers: 16, goroutines: 18) - 3m6s
Progress: [============================                      ] 56.7% (5062/8931, queue: 3852) 27/s (validating, workers: 16, goroutines: 18) - 3m7s
Progress: [============================                      ] 57.1% (5097/8931, queue: 3816) 27/s (validating, workers: 16, goroutines: 19) - 3m8s
Progress: [============================                      ] 57.4% (5128/8931, queue: 3787) 27/s (validating, workers: 16, goroutines: 17) - 3m9s
Progress: [============================                      ] 57.8% (5158/8931, queue: 3757) 27/s (validating, workers: 16, goroutines: 17) - 3m10s
Progress: [=============================                     ] 58.2% (5194/8931, queue: 3720) 27/s (validating, workers: 16, goroutines: 18) - 3m11s
Progress: [=============================                     ] 58.5% (5222/8931, queue: 3693) 27/s (validating, workers: 16, goroutines: 17) - 3m12s
Progress: [=============================                     ] 58.7% (5242/8931, queue: 3672) 27/s (validating, workers: 16, goroutines: 18) - 3m13s
Progress: [=============================                     ] 59.0% (5271/8931, queue: 3644) 27/s (validating, workers: 16, goroutines: 17) - 3m14s
Progress: [=============================                     ] 59.4% (5307/8931, queue: 3607) 27/s (validating, workers: 16, goroutines: 18) - 3m15s
Progress: [=============================                     ] 59.7% (5336/8931, queue: 3579) 27/s (validating, workers: 16, goroutines: 17) - 3m16s
Progress: [==============================                    ] 60.1% (5366/8931, queue: 3547) 27/s (validating, workers: 16, goroutines: 19) - 3m17s
Progress: [==============================                    ] 60.4% (5390/8931, queue: 3525) 27/s (validating, workers: 16, goroutines: 17) - 3m18s
Progress: [==============================                    ] 60.9% (5442/8931, queue: 3473) 27/s (validating, workers: 16, goroutines: 17) - 3m19s
Progress: [==============================                    ] 61.6% (5504/8931, queue: 3411) 28/s (validating, workers: 16, goroutines: 17) - 3m20s
Progress: [===============================                   ] 62.2% (5556/8931, queue: 3358) 28/s (validating, workers: 16, goroutines: 18) - 3m21s
Progress: [===============================                   ] 62.8% (5607/8931, queue: 3308) 28/s (validating, workers: 16, goroutines: 17) - 3m22s
Progress: [===============================                   ] 63.4% (5660/8931, queue: 3255) 28/s (validating, workers: 16, goroutines: 17) - 3m23s
Progress: [===============================                   ] 63.9% (5711/8931, queue: 3204) 28/s (validating, workers: 16, goroutines: 17) - 3m24s
Progress: [================================                  ] 64.6% (5767/8931, queue: 3148) 28/s (validating, workers: 16, goroutines: 17) - 3m25s
Progress: [================================                  ] 65.0% (5801/8931, queue: 3114) 28/s (validating, workers: 16, goroutines: 17) - 3m26s
Progress: [================================                  ] 65.3% (5831/8931, queue: 3084) 28/s (validating, workers: 16, goroutines: 17) - 3m27s
Progress: [================================                  ] 65.7% (5865/8931, queue: 3050) 28/s (validating, workers: 16, goroutines: 17) - 3m28s
Progress: [=================================                 ] 66.0% (5898/8931, queue: 3017) 28/s (validating, workers: 16, goroutines: 17) - 3m29s
Progress: [=================================                 ] 67.0% (5987/8931, queue: 2926) 28/s (validating, workers: 16, goroutines: 19) - 3m30s
Progress: [=================================                 ] 68.0% (6070/8931, queue: 2845) 29/s (validating, workers: 16, goroutines: 17) - 3m31s
Progress: [==================================                ] 68.7% (6132/8931, queue: 2783) 29/s (validating, workers: 16, goroutines: 17) - 3m32s
Progress: [==================================                ] 69.2% (6179/8931, queue: 2736) 29/s (validating, workers: 16, goroutines: 17) - 3m33s
Progress: [==================================                ] 69.7% (6226/8931, queue: 2688) 29/s (validating, workers: 16, goroutines: 18) - 3m34s
Progress: [===================================               ] 70.1% (6265/8931, queue: 2650) 29/s (validating, workers: 16, goroutines: 17) - 3m35s
Progress: [===================================               ] 70.5% (6294/8931, queue: 2621) 29/s (validating, workers: 16, goroutines: 17) - 3m36s
Progress: [===================================               ] 70.8% (6319/8931, queue: 2594) 29/s (validating, workers: 16, goroutines: 19) - 3m37s
Progress: [===================================               ] 71.1% (6352/8931, queue: 2562) 29/s (validating, workers: 16, goroutines: 18) - 3m38s
Progress: [===================================               ] 71.7% (6401/8931, queue: 2514) 29/s (validating, workers: 16, goroutines: 17) - 3m39s
Progress: [====================================              ] 72.5% (6477/8931, queue: 2438) 29/s (validating, workers: 16, goroutines: 17) - 3m40s
Progress: [====================================              ] 73.6% (6569/8931, queue: 2346) 30/s (validating, workers: 16, goroutines: 17) - 3m41s
Progress: [=====================================             ] 74.5% (6652/8931, queue: 2263) 30/s (validating, workers: 16, goroutines: 17) - 3m42s
Progress: [=====================================             ] 75.2% (6719/8931, queue: 2196) 30/s (validating, workers: 16, goroutines: 17) - 3m43s
Progress: [=====================================             ] 76.0% (6785/8931, queue: 2130) 30/s (validating, workers: 16, goroutines: 17) - 3m44s
Progress: [======================================            ] 76.5% (6835/8931, queue: 2080) 30/s (validating, workers: 16, goroutines: 17) - 3m45s
Progress: [======================================            ] 77.5% (6924/8931, queue: 1990) 31/s (validating, workers: 16, goroutines: 18) - 3m46s
Progress: [=======================================           ] 78.1% (6973/8931, queue: 1942) 31/s (validating, workers: 16, goroutines: 17) - 3m47s
Progress: [=======================================           ] 78.4% (7001/8931, queue: 1914) 31/s (validating, workers: 16, goroutines: 17) - 3m48s
Progress: [=======================================           ] 78.9% (7047/8931, queue: 1868) 31/s (validating, workers: 16, goroutines: 17) - 3m49s
Progress: [=======================================           ] 79.5% (7097/8931, queue: 1818) 31/s (validating, workers: 16, goroutines: 17) - 3m50s
Progress: [=======================================           ] 79.9% (7139/8931, queue: 1776) 31/s (validating, workers: 16, goroutines: 17) - 3m51s
Progress: [========================================          ] 80.4% (7181/8931, queue: 1732) 31/s (validating, workers: 16, goroutines: 19) - 3m52s
Progress: [========================================          ] 80.8% (7217/8931, queue: 1698) 31/s (validating, workers: 16, goroutines: 17) - 3m53s
Progress: [========================================          ] 81.2% (7248/8931, queue: 1667) 31/s (validating, workers: 16, goroutines: 17) - 3m54s
Progress: [========================================          ] 81.6% (7286/8931, queue: 1629) 31/s (validating, workers: 16, goroutines: 17) - 3m55s
Progress: [========================================          ] 82.0% (7319/8931, queue: 1596) 31/s (validating, workers: 16, goroutines: 17) - 3m56s
Progress: [=========================================         ] 82.2% (7343/8931, queue: 1572) 31/s (validating, workers: 16, goroutines: 17) - 3m57s
Progress: [=========================================         ] 82.7% (7384/8931, queue: 1531) 31/s (validating, workers: 16, goroutines: 17) - 3m58s
Progress: [=========================================         ] 83.1% (7424/8931, queue: 1491) 31/s (validating, workers: 16, goroutines: 17) - 3m59s
Progress: [=========================================         ] 83.6% (7464/8931, queue: 1451) 31/s (validating, workers: 16, goroutines: 17) - 4m0s
Progress: [==========================================        ] 84.0% (7506/8931, queue: 1409) 31/s (validating, workers: 16, goroutines: 17) - 4m1s
Progress: [==========================================        ] 84.8% (7570/8931, queue: 1345) 31/s (validating, workers: 16, goroutines: 17) - 4m2s
Progress: [==========================================        ] 85.4% (7628/8931, queue: 1287) 31/s (validating, workers: 16, goroutines: 17) - 4m3s
Progress: [===========================================       ] 86.2% (7695/8931, queue: 1219) 32/s (validating, workers: 16, goroutines: 18) - 4m4s
Progress: [===========================================       ] 87.2% (7789/8931, queue: 1126) 32/s (validating, workers: 16, goroutines: 17) - 4m5s
Progress: [============================================      ] 88.2% (7880/8931, queue: 1035) 32/s (validating, workers: 16, goroutines: 17) - 4m6s
Progress: [============================================      ] 89.2% (7962/8931, queue: 952) 32/s (validating, workers: 16, goroutines: 18) - 4m7s
Progress: [============================================      ] 89.4% (7988/8931, queue: 927) 32/s (validating, workers: 16, goroutines: 17) - 4m8s
Progress: [============================================      ] 90.0% (8036/8931, queue: 878) 32/s (validating, workers: 16, goroutines: 18) - 4m9s
Progress: [=============================================     ] 90.8% (8106/8931, queue: 809) 32/s (validating, workers: 16, goroutines: 17) - 4m10s
Progress: [=============================================     ] 91.2% (8148/8931, queue: 767) 32/s (validating, workers: 16, goroutines: 17) - 4m11s
Progress: [=============================================     ] 91.8% (8202/8931, queue: 712) 33/s (validating, workers: 16, goroutines: 18) - 4m12s
Progress: [==============================================    ] 92.4% (8256/8931, queue: 659) 33/s (validating, workers: 16, goroutines: 17) - 4m13s
Progress: [==============================================    ] 93.0% (8305/8931, queue: 609) 33/s (validating, workers: 16, goroutines: 18) - 4m14s
Progress: [==============================================    ] 93.4% (8346/8931, queue: 568) 33/s (validating, workers: 16, goroutines: 18) - 4m15s
Progress: [==============================================    ] 93.8% (8375/8931, queue: 540) 33/s (validating, workers: 16, goroutines: 17) - 4m16s
Progress: [===============================================   ] 94.2% (8415/8931, queue: 500) 33/s (validating, workers: 16, goroutines: 17) - 4m17s
Progress: [===============================================   ] 94.9% (8475/8931, queue: 440) 33/s (validating, workers: 16, goroutines: 17) - 4m18s
Progress: [===============================================   ] 95.6% (8539/8931, queue: 375) 33/s (validating, workers: 16, goroutines: 17) - 4m19s
Progress: [================================================  ] 96.3% (8597/8931, queue: 318) 33/s (validating, workers: 16, goroutines: 17) - 4m20s
Progress: [================================================  ] 96.8% (8648/8931, queue: 267) 33/s (validating, workers: 16, goroutines: 17) - 4m21s
Progress: [================================================  ] 97.2% (8681/8931, queue: 234) 33/s (validating, workers: 16, goroutines: 17) - 4m22s
Progress: [================================================  ] 97.7% (8723/8931, queue: 192) 33/s (validating, workers: 16, goroutines: 17) - 4m23s
Progress: [================================================= ] 98.1% (8760/8931, queue: 155) 33/s (validating, workers: 16, goroutines: 17) - 4m24s
Progress: [================================================= ] 98.4% (8786/8931, queue: 129) 33/s (validating, workers: 16, goroutines: 17) - 4m25s
Progress: [================================================= ] 98.8% (8823/8931, queue: 92) 33/s (validating, workers: 16, goroutines: 17) - 4m26s
Progress: [================================================= ] 99.0% (8845/8931, queue: 70) 33/s (validating, workers: 16, goroutines: 17) - 4m27s
Progress: [================================================= ] 99.3% (8872/8931, queue: 43) 33/s (validating, workers: 16, goroutines: 17) - 4m28s
Progress: [================================================= ] 99.8% (8914/8931, queue: 0) 33/s (draining in-flight, workers: 16) - 4m29s
Progress: [================================================= ] 99.8% (8916/8931, queue: 0) 33/s (draining in-flight, workers: 16) - 4m29s
Progress: [==================================================] 100.0% (8931/8931, queue: 0) 33/s (completed) - 4m31s

Validation completed: 8931/8931 objects (8931 succeeded, 0 failed)

--- run 2026-09-04T23:20:02Z ---
System check starting...
Preparing loaders and cache...
Proactive Stale CAS cleanup starting...
Proactive Stale CAS cleanup: cleaning 100 kinds (timeout 2m0s)...
Proactive Stale CAS cleanup: account (1/100)...
Proactive Stale CAS cleanup: agent_architecture (2/100)...
Proactive Stale CAS cleanup: agent_feed (3/100)...
Proactive Stale CAS cleanup: agent_onboarding_preparation (4/100)...
Proactive Stale CAS cleanup: agent_skill (5/100)...
Proactive Stale CAS cleanup: agent_task (6/100)...
Proactive Stale CAS cleanup: api_spec (7/100)...
Proactive Stale CAS cleanup: auth_strategy (8/100)...
Proactive Stale CAS cleanup: base_sampler (10/100)...
Proactive Stale CAS cleanup: backlog_item (9/100)...
Proactive Stale CAS cleanup: brand (11/100)...
Proactive Stale CAS cleanup: capability (13/100)...
Proactive Stale CAS cleanup: bucketing_strategy (12/100)...
Proactive Stale CAS cleanup: capacity_advertisement (14/100)...
Proactive Stale CAS cleanup: certificate (15/100)...
Proactive Stale CAS cleanup: command_spec (16/100)...
Proactive Stale CAS cleanup: compute_advertisement (18/100)...
Proactive Stale CAS cleanup: component (17/100)...
Proactive Stale CAS cleanup: context_refresh_schedule (19/100)...
Proactive Stale CAS cleanup: convergence_session (20/100)...
Proactive Stale CAS cleanup: corporate_initiative (21/100)...
Proactive Stale CAS cleanup: criteria (22/100)...
Proactive Stale CAS cleanup: decision (23/100)...
Proactive Stale CAS cleanup: digital_asset (25/100)...
Proactive Stale CAS cleanup: department (24/100)...
Proactive Stale CAS cleanup: division (26/100)...
Proactive Stale CAS cleanup: doc_entry (27/100)...
Proactive Stale CAS cleanup: domain_registry (28/100)...
Proactive Stale CAS cleanup: evolution_management (29/100)...
Proactive Stale CAS cleanup: fission_event (31/100)...
Proactive Stale CAS cleanup: field_registry (30/100)...
Proactive Stale CAS cleanup: glossary_term (32/100)...
Proactive Stale CAS cleanup: glossary_term_relation (33/100)...
Proactive Stale CAS cleanup: goal (34/100)...
Proactive Stale CAS cleanup: import_tracking (35/100)...
Proactive Stale CAS cleanup: important_date (36/100)...
Proactive Stale CAS cleanup: inference_heuristic (37/100)...
Proactive Stale CAS cleanup: keystore_entry (38/100)...
Proactive Stale CAS cleanup: kind_synonym (39/100)...
Proactive Stale CAS cleanup: library (40/100)...
Proactive Stale CAS cleanup: list_metric_sampler (41/100)...
Proactive Stale CAS cleanup: mcp_spec (42/100)...
Proactive Stale CAS cleanup: metadata_package (43/100)...
Proactive Stale CAS cleanup: metrics_feedback (44/100)...
Proactive Stale CAS cleanup: milestone (45/100)...
Proactive Stale CAS cleanup: mission (46/100)...
Proactive Stale CAS cleanup: namespace (47/100)...
Proactive Stale CAS cleanup: namespace_registry (48/100)...
Proactive Stale CAS cleanup: object_spec (49/100)...
Proactive Stale CAS cleanup: ordered_list_metric_sampler (50/100)...
Proactive Stale CAS cleanup: organization (51/100)...
Proactive Stale CAS cleanup: organizational_change (52/100)...
Proactive Stale CAS cleanup: partnership (53/100)...
Proactive Stale CAS cleanup: persona (54/100)...
Proactive Stale CAS cleanup: pipeline (55/100)...
Proactive Stale CAS cleanup: pipeline_definition (56/100)...
Proactive Stale CAS cleanup: pipeline_stage (58/100)...
Proactive Stale CAS cleanup: pipeline_execution (57/100)...
Proactive Stale CAS cleanup: policy (59/100)...
Proactive Stale CAS cleanup: process_hygiene_rule (61/100)...
Proactive Stale CAS cleanup: priority_plan (60/100)...
Proactive Stale CAS cleanup: provider_profile (63/100)...
Proactive Stale CAS cleanup: prompt_template (62/100)...
Proactive Stale CAS cleanup: qa_success (64/100)...
Proactive Stale CAS cleanup: question (65/100)...
Proactive Stale CAS cleanup: release (66/100)...
Proactive Stale CAS cleanup: remote_kernel (67/100)...
Proactive Stale CAS cleanup: requirement (68/100)...
Proactive Stale CAS cleanup: resolver (69/100)...
Proactive Stale CAS cleanup: risk_blocker (70/100)...
Proactive Stale CAS cleanup: roadmap (71/100)...
Proactive Stale CAS cleanup: role (72/100)...
Proactive Stale CAS cleanup: rollback_report (73/100)...
Proactive Stale CAS cleanup: scalar_metric_sampler (76/100)...
Proactive Stale CAS cleanup: rule (74/100)...
Proactive Stale CAS cleanup: sampler_profile (75/100)...
Proactive Stale CAS cleanup: scenario (77/100)...
Proactive Stale CAS cleanup: scheduler_handler_binding (78/100)...
Proactive Stale CAS cleanup: shockwave_router (79/100)...
Proactive Stale CAS cleanup: status_history_metric_sampler (81/100)...
Proactive Stale CAS cleanup: stakeholder_profile (80/100)...
Proactive Stale CAS cleanup: strategic_context (82/100)...
Proactive Stale CAS cleanup: strategic_plan (83/100)...
Proactive Stale CAS cleanup: team (84/100)...
Proactive Stale CAS cleanup: team_configuration (85/100)...
Proactive Stale CAS cleanup: technical_debt (86/100)...
Proactive Stale CAS cleanup: technical_spec (87/100)...
Proactive Stale CAS cleanup: template (88/100)...
Proactive Stale CAS cleanup: test_case (89/100)...
Proactive Stale CAS cleanup: translation_manifest (91/100)...
Proactive Stale CAS cleanup: test_command_rule (90/100)...
Proactive Stale CAS cleanup: validation_rule (92/100)...
Proactive Stale CAS cleanup: vision (93/100)...
Proactive Stale CAS cleanup: visual_plan (94/100)...
Proactive Stale CAS cleanup: vitality_report (95/100)...
Proactive Stale CAS cleanup: vocabulary_scheme (96/100)...
Proactive Stale CAS cleanup: watchdog_registration (97/100)...
Proactive Stale CAS cleanup: workflow (98/100)...
Proactive Stale CAS cleanup: workstream (99/100)...
Proactive Stale CAS cleanup: workstream_transition (100/100)...
Loaders starting...
Loaders ready.
Loading object ID cache...
Warming CAS indexes...
Merging CAS indexes for 46 kinds...
CAS indexes warmed
Cache ready, starting validator...
Discovery starting...
Starting discovery across 100 kinds...
Discovering objects... 8846 found (2s)
Validating 8972 objects (from docs/process/ via object ID cache)...
Progress: [                                                  ] 1.0% (91/8972, queue: 8864) 90/s (validating, workers: 16, goroutines: 17) - 1s
Progress: [                                                  ] 1.3% (113/8972, queue: 8842) 56/s (validating, workers: 16, goroutines: 17) - 2s
Progress: [                                                  ] 1.8% (159/8972, queue: 8794) 53/s (validating, workers: 16, goroutines: 19) - 3s
Progress: [=                                                 ] 2.3% (206/8972, queue: 8748) 51/s (validating, workers: 16, goroutines: 18) - 4s
Progress: [=                                                 ] 2.6% (230/8972, queue: 8725) 46/s (validating, workers: 16, goroutines: 17) - 5s
Progress: [=                                                 ] 2.9% (264/8972, queue: 8690) 44/s (validating, workers: 16, goroutines: 18) - 6s
Progress: [=                                                 ] 3.3% (297/8972, queue: 8658) 42/s (validating, workers: 16, goroutines: 17) - 7s
Progress: [=                                                 ] 3.7% (329/8972, queue: 8625) 41/s (validating, workers: 16, goroutines: 18) - 8s
Progress: [==                                                ] 4.0% (362/8972, queue: 8593) 40/s (validating, workers: 16, goroutines: 17) - 9s
Progress: [==                                                ] 4.3% (385/8972, queue: 8569) 38/s (validating, workers: 16, goroutines: 18) - 10s
Progress: [==                                                ] 4.6% (411/8972, queue: 8543) 37/s (validating, workers: 16, goroutines: 18) - 11s
Progress: [==                                                ] 5.0% (445/8972, queue: 8510) 37/s (validating, workers: 16, goroutines: 17) - 12s
Progress: [==                                                ] 5.2% (468/8972, queue: 8486) 36/s (validating, workers: 16, goroutines: 18) - 13s
Progress: [==                                                ] 5.5% (496/8972, queue: 8459) 35/s (validating, workers: 16, goroutines: 17) - 14s
Progress: [==                                                ] 5.8% (522/8972, queue: 8433) 35/s (validating, workers: 16, goroutines: 17) - 15s
Progress: [===                                               ] 6.2% (552/8972, queue: 8402) 34/s (validating, workers: 16, goroutines: 18) - 16s
Progress: [===                                               ] 7.0% (631/8972, queue: 8324) 37/s (validating, workers: 16, goroutines: 17) - 17s
Progress: [===                                               ] 7.4% (660/8972, queue: 8294) 37/s (validating, workers: 16, goroutines: 18) - 18s
Progress: [===                                               ] 7.6% (685/8972, queue: 8269) 36/s (validating, workers: 16, goroutines: 18) - 19s
Progress: [===                                               ] 7.9% (712/8972, queue: 8243) 36/s (validating, workers: 16, goroutines: 17) - 20s
Progress: [====                                              ] 8.2% (734/8972, queue: 8221) 35/s (validating, workers: 16, goroutines: 17) - 21s
Progress: [====                                              ] 8.4% (758/8972, queue: 8196) 34/s (validating, workers: 16, goroutines: 17) - 22s
Progress: [====                                              ] 8.6% (776/8972, queue: 8178) 34/s (validating, workers: 16, goroutines: 18) - 23s
Progress: [====                                              ] 8.9% (802/8972, queue: 8152) 33/s (validating, workers: 16, goroutines: 18) - 24s
Progress: [====                                              ] 9.2% (821/8972, queue: 8133) 33/s (validating, workers: 16, goroutines: 18) - 25s
Progress: [====                                              ] 9.5% (853/8972, queue: 8101) 33/s (validating, workers: 16, goroutines: 18) - 26s
Progress: [====                                              ] 9.8% (881/8972, queue: 8073) 33/s (validating, workers: 16, goroutines: 18) - 27s
Progress: [====                                              ] 10.0% (895/8972, queue: 8059) 32/s (validating, workers: 16, goroutines: 18) - 28s
Progress: [=====                                             ] 10.0% (900/8972, queue: 8054) 31/s (validating, workers: 16, goroutines: 18) - 29s
Progress: [=====                                             ] 10.2% (913/8972, queue: 8041) 30/s (validating, workers: 16, goroutines: 18) - 30s
Progress: [=====                                             ] 10.3% (924/8972, queue: 8031) 30/s (validating, workers: 16, goroutines: 17) - 31s
Progress: [=====                                             ] 10.5% (941/8972, queue: 8013) 29/s (validating, workers: 16, goroutines: 18) - 32s
Progress: [=====                                             ] 10.6% (950/8972, queue: 8004) 29/s (validating, workers: 16, goroutines: 18) - 33s
Progress: [=====                                             ] 10.7% (958/8972, queue: 7996) 28/s (validating, workers: 16, goroutines: 18) - 34s
Progress: [=====                                             ] 10.8% (969/8972, queue: 7985) 28/s (validating, workers: 16, goroutines: 18) - 35s
Progress: [=====                                             ] 10.9% (982/8972, queue: 7972) 27/s (validating, workers: 16, goroutines: 18) - 36s
Progress: [=====                                             ] 11.1% (997/8972, queue: 7957) 27/s (validating, workers: 16, goroutines: 18) - 37s
Progress: [=====                                             ] 11.4% (1027/8972, queue: 7927) 27/s (validating, workers: 16, goroutines: 18) - 38s
Progress: [=====                                             ] 11.7% (1054/8972, queue: 7901) 27/s (validating, workers: 16, goroutines: 17) - 39s
Progress: [======                                            ] 12.1% (1086/8972, queue: 7869) 27/s (validating, workers: 16, goroutines: 17) - 40s
Progress: [======                                            ] 12.5% (1124/8972, queue: 7830) 27/s (validating, workers: 16, goroutines: 18) - 41s
Progress: [======                                            ] 13.3% (1190/8972, queue: 7765) 28/s (validating, workers: 16, goroutines: 17) - 42s
Progress: [======                                            ] 13.9% (1246/8972, queue: 7709) 29/s (validating, workers: 16, goroutines: 17) - 43s
Progress: [=======                                           ] 14.2% (1270/8972, queue: 7685) 29/s (validating, workers: 16, goroutines: 17) - 44s
Progress: [=======                                           ] 14.5% (1297/8972, queue: 7656) 29/s (validating, workers: 16, goroutines: 19) - 45s
Progress: [=======                                           ] 14.8% (1329/8972, queue: 7625) 29/s (validating, workers: 16, goroutines: 18) - 46s
Progress: [=======                                           ] 15.1% (1353/8972, queue: 7602) 29/s (validating, workers: 16, goroutines: 17) - 47s
Progress: [=======                                           ] 15.4% (1383/8972, queue: 7572) 29/s (validating, workers: 16, goroutines: 17) - 48s
Progress: [=======                                           ] 15.9% (1423/8972, queue: 7532) 29/s (validating, workers: 16, goroutines: 17) - 49s
Progress: [========                                          ] 16.3% (1466/8972, queue: 7488) 29/s (validating, workers: 16, goroutines: 18) - 50s
Progress: [========                                          ] 17.0% (1524/8972, queue: 7431) 30/s (validating, workers: 16, goroutines: 17) - 51s
Progress: [========                                          ] 17.3% (1551/8972, queue: 7404) 30/s (validating, workers: 16, goroutines: 17) - 52s
Progress: [========                                          ] 17.5% (1574/8972, queue: 7381) 30/s (validating, workers: 16, goroutines: 17) - 53s
Progress: [========                                          ] 17.9% (1606/8972, queue: 7349) 30/s (validating, workers: 16, goroutines: 17) - 54s
Progress: [=========                                         ] 18.5% (1664/8972, queue: 7291) 30/s (validating, workers: 16, goroutines: 17) - 55s
Progress: [=========                                         ] 19.2% (1721/8972, queue: 7234) 31/s (validating, workers: 16, goroutines: 17) - 56s
Progress: [=========                                         ] 19.5% (1750/8972, queue: 7205) 31/s (validating, workers: 16, goroutines: 17) - 57s
Progress: [=========                                         ] 19.8% (1772/8972, queue: 7183) 31/s (validating, workers: 16, goroutines: 17) - 58s
Progress: [=========                                         ] 20.0% (1791/8972, queue: 7162) 30/s (validating, workers: 16, goroutines: 19) - 59s
Progress: [==========                                        ] 20.4% (1826/8972, queue: 7129) 30/s (validating, workers: 16, goroutines: 17) - 1m0s
Progress: [==========                                        ] 20.7% (1853/8972, queue: 7102) 30/s (validating, workers: 16, goroutines: 17) - 1m1s
Progress: [==========                                        ] 21.0% (1884/8972, queue: 7070) 30/s (validating, workers: 16, goroutines: 18) - 1m2s
Progress: [==========                                        ] 21.3% (1912/8972, queue: 7043) 30/s (validating, workers: 16, goroutines: 17) - 1m3s
Progress: [==========                                        ] 21.5% (1931/8972, queue: 7024) 30/s (validating, workers: 16, goroutines: 17) - 1m4s
Progress: [==========                                        ] 21.8% (1957/8972, queue: 6997) 30/s (validating, workers: 16, goroutines: 18) - 1m5s
Progress: [===========                                       ] 22.0% (1977/8972, queue: 6978) 30/s (validating, workers: 16, goroutines: 17) - 1m6s
Progress: [===========                                       ] 22.3% (2000/8972, queue: 6954) 30/s (validating, workers: 16, goroutines: 18) - 1m7s
Progress: [===========                                       ] 22.5% (2019/8972, queue: 6934) 30/s (validating, workers: 16, goroutines: 19) - 1m8s
Progress: [===========                                       ] 22.8% (2046/8972, queue: 6909) 30/s (validating, workers: 16, goroutines: 17) - 1m9s
Progress: [===========                                       ] 23.1% (2073/8972, queue: 6882) 30/s (validating, workers: 16, goroutines: 17) - 1m10s
Progress: [===========                                       ] 23.5% (2106/8972, queue: 6849) 30/s (validating, workers: 16, goroutines: 17) - 1m11s
Progress: [============                                      ] 24.0% (2155/8972, queue: 6799) 30/s (validating, workers: 16, goroutines: 18) - 1m12s
Progress: [============                                      ] 24.4% (2187/8972, queue: 6767) 30/s (validating, workers: 16, goroutines: 18) - 1m13s
Progress: [============                                      ] 24.8% (2222/8972, queue: 6731) 30/s (validating, workers: 16, goroutines: 19) - 1m14s
Progress: [============                                      ] 25.0% (2247/8972, queue: 6707) 30/s (validating, workers: 16, goroutines: 18) - 1m15s
Progress: [============                                      ] 25.2% (2261/8972, queue: 6693) 30/s (validating, workers: 16, goroutines: 18) - 1m16s
Progress: [============                                      ] 25.3% (2270/8972, queue: 6684) 29/s (validating, workers: 16, goroutines: 18) - 1m17s
Progress: [============                                      ] 25.4% (2279/8972, queue: 6676) 29/s (validating, workers: 16, goroutines: 17) - 1m18s
Progress: [============                                      ] 25.5% (2291/8972, queue: 6663) 29/s (validating, workers: 16, goroutines: 18) - 1m19s
Progress: [============                                      ] 25.7% (2308/8972, queue: 6646) 29/s (validating, workers: 16, goroutines: 18) - 1m20s
Progress: [============                                      ] 25.9% (2327/8972, queue: 6627) 29/s (validating, workers: 16, goroutines: 18) - 1m21s
Progress: [=============                                     ] 26.2% (2349/8972, queue: 6605) 29/s (validating, workers: 16, goroutines: 18) - 1m22s
Progress: [=============                                     ] 26.3% (2364/8972, queue: 6590) 28/s (validating, workers: 16, goroutines: 18) - 1m23s
Progress: [=============                                     ] 26.5% (2375/8972, queue: 6579) 28/s (validating, workers: 16, goroutines: 18) - 1m24s
Progress: [=============                                     ] 26.6% (2387/8972, queue: 6567) 28/s (validating, workers: 16, goroutines: 18) - 1m25s
Progress: [=============                                     ] 26.8% (2402/8972, queue: 6552) 28/s (validating, workers: 16, goroutines: 18) - 1m26s
Progress: [=============                                     ] 26.9% (2415/8972, queue: 6539) 28/s (validating, workers: 16, goroutines: 18) - 1m27s
Progress: [=============                                     ] 27.1% (2429/8972, queue: 6526) 28/s (validating, workers: 16, goroutines: 17) - 1m28s
Progress: [=============                                     ] 27.3% (2445/8972, queue: 6510) 27/s (validating, workers: 16, goroutines: 17) - 1m29s
Progress: [=============                                     ] 27.5% (2463/8972, queue: 6491) 27/s (validating, workers: 16, goroutines: 18) - 1m30s
Progress: [=============                                     ] 27.6% (2478/8972, queue: 6476) 27/s (validating, workers: 16, goroutines: 18) - 1m31s
Progress: [=============                                     ] 27.8% (2495/8972, queue: 6460) 27/s (validating, workers: 16, goroutines: 17) - 1m32s
Progress: [=============                                     ] 28.0% (2510/8972, queue: 6443) 27/s (validating, workers: 16, goroutines: 19) - 1m33s
Progress: [==============                                    ] 28.2% (2527/8972, queue: 6427) 27/s (validating, workers: 16, goroutines: 18) - 1m34s
Progress: [==============                                    ] 28.4% (2544/8972, queue: 6411) 27/s (validating, workers: 16, goroutines: 17) - 1m35s
Progress: [==============                                    ] 28.5% (2555/8972, queue: 6398) 27/s (validating, workers: 16, goroutines: 19) - 1m36s
Progress: [==============                                    ] 28.7% (2572/8972, queue: 6382) 27/s (validating, workers: 16, goroutines: 18) - 1m37s
Progress: [==============                                    ] 28.9% (2594/8972, queue: 6360) 26/s (validating, workers: 16, goroutines: 18) - 1m38s
Progress: [==============                                    ] 29.1% (2608/8972, queue: 6346) 26/s (validating, workers: 16, goroutines: 18) - 1m39s
Progress: [==============                                    ] 29.3% (2631/8972, queue: 6323) 26/s (validating, workers: 16, goroutines: 18) - 1m40s
Progress: [==============                                    ] 29.6% (2653/8972, queue: 6301) 26/s (validating, workers: 16, goroutines: 18) - 1m41s
Progress: [==============                                    ] 29.8% (2676/8972, queue: 6278) 26/s (validating, workers: 16, goroutines: 18) - 1m42s
Progress: [===============                                   ] 30.1% (2704/8972, queue: 6251) 26/s (validating, workers: 16, goroutines: 17) - 1m43s
Progress: [===============                                   ] 30.3% (2723/8972, queue: 6231) 26/s (validating, workers: 16, goroutines: 18) - 1m44s
Progress: [===============                                   ] 30.6% (2747/8972, queue: 6208) 26/s (validating, workers: 16, goroutines: 17) - 1m45s
Progress: [===============                                   ] 30.9% (2772/8972, queue: 6183) 26/s (validating, workers: 16, goroutines: 17) - 1m46s
Progress: [===============                                   ] 31.2% (2796/8972, queue: 6159) 26/s (validating, workers: 16, goroutines: 17) - 1m47s
Progress: [===============                                   ] 31.4% (2814/8972, queue: 6140) 26/s (validating, workers: 16, goroutines: 18) - 1m48s
Progress: [===============                                   ] 31.7% (2842/8972, queue: 6112) 26/s (validating, workers: 16, goroutines: 18) - 1m49s
Progress: [================                                  ] 32.1% (2877/8972, queue: 6078) 26/s (validating, workers: 16, goroutines: 17) - 1m50s
Progress: [================                                  ] 32.3% (2895/8972, queue: 6060) 26/s (validating, workers: 16, goroutines: 17) - 1m51s
Progress: [================                                  ] 32.5% (2918/8972, queue: 6035) 26/s (validating, workers: 16, goroutines: 19) - 1m52s
Progress: [================                                  ] 33.1% (2967/8972, queue: 5988) 26/s (validating, workers: 16, goroutines: 17) - 1m53s
Progress: [================                                  ] 33.6% (3017/8972, queue: 5938) 26/s (validating, workers: 16, goroutines: 17) - 1m54s
Progress: [=================                                 ] 34.1% (3062/8972, queue: 5892) 27/s (validating, workers: 16, goroutines: 18) - 1m55s
Progress: [=================                                 ] 34.5% (3097/8972, queue: 5858) 27/s (validating, workers: 16, goroutines: 17) - 1m56s
Progress: [=================                                 ] 35.0% (3138/8972, queue: 5817) 27/s (validating, workers: 16, goroutines: 17) - 1m57s
Progress: [=================                                 ] 35.4% (3174/8972, queue: 5781) 27/s (validating, workers: 16, goroutines: 17) - 1m58s
Progress: [=================                                 ] 35.8% (3210/8972, queue: 5744) 27/s (validating, workers: 16, goroutines: 18) - 1m59s
Progress: [==================                                ] 36.3% (3254/8972, queue: 5701) 27/s (validating, workers: 16, goroutines: 17) - 2m0s
Progress: [==================                                ] 36.6% (3286/8972, queue: 5669) 27/s (validating, workers: 16, goroutines: 17) - 2m1s
Progress: [==================                                ] 36.9% (3313/8972, queue: 5642) 27/s (validating, workers: 16, goroutines: 17) - 2m2s
Progress: [==================                                ] 37.2% (3336/8972, queue: 5618) 27/s (validating, workers: 16, goroutines: 18) - 2m3s
Progress: [==================                                ] 37.5% (3367/8972, queue: 5587) 27/s (validating, workers: 16, goroutines: 18) - 2m4s
Progress: [===================                               ] 38.0% (3412/8972, queue: 5543) 27/s (validating, workers: 16, goroutines: 17) - 2m5s
Progress: [===================                               ] 38.6% (3460/8972, queue: 5495) 27/s (validating, workers: 16, goroutines: 17) - 2m6s
Progress: [===================                               ] 39.0% (3496/8972, queue: 5458) 28/s (validating, workers: 16, goroutines: 18) - 2m7s
Progress: [===================                               ] 39.4% (3535/8972, queue: 5419) 28/s (validating, workers: 16, goroutines: 18) - 2m8s
Progress: [===================                               ] 39.9% (3577/8972, queue: 5377) 28/s (validating, workers: 16, goroutines: 18) - 2m9s
Progress: [====================                              ] 40.4% (3626/8972, queue: 5328) 28/s (validating, workers: 16, goroutines: 18) - 2m10s
Progress: [====================                              ] 40.8% (3660/8972, queue: 5294) 28/s (validating, workers: 16, goroutines: 18) - 2m11s
Progress: [====================                              ] 41.2% (3695/8972, queue: 5258) 28/s (validating, workers: 16, goroutines: 19) - 2m12s
Progress: [====================                              ] 41.7% (3743/8972, queue: 5212) 28/s (validating, workers: 16, goroutines: 17) - 2m13s
Progress: [=====================                             ] 42.1% (3778/8972, queue: 5176) 28/s (validating, workers: 16, goroutines: 18) - 2m14s
Progress: [=====================                             ] 42.6% (3822/8972, queue: 5133) 28/s (validating, workers: 16, goroutines: 17) - 2m15s
Progress: [=====================                             ] 42.9% (3851/8972, queue: 5103) 28/s (validating, workers: 16, goroutines: 18) - 2m16s
Progress: [=====================                             ] 43.5% (3899/8972, queue: 5056) 28/s (validating, workers: 16, goroutines: 17) - 2m17s
Progress: [=====================                             ] 43.9% (3937/8972, queue: 5018) 29/s (validating, workers: 16, goroutines: 17) - 2m18s
Progress: [======================                            ] 44.3% (3979/8972, queue: 4975) 29/s (validating, workers: 16, goroutines: 18) - 2m19s
Progress: [======================                            ] 44.7% (4007/8972, queue: 4948) 29/s (validating, workers: 16, goroutines: 17) - 2m20s
Progress: [======================                            ] 44.9% (4031/8972, queue: 4924) 29/s (validating, workers: 16, goroutines: 17) - 2m21s
Progress: [======================                            ] 45.3% (4066/8972, queue: 4889) 29/s (validating, workers: 16, goroutines: 17) - 2m22s
Progress: [======================                            ] 45.6% (4093/8972, queue: 4862) 29/s (validating, workers: 16, goroutines: 17) - 2m23s
Progress: [======================                            ] 45.9% (4115/8972, queue: 4840) 29/s (validating, workers: 16, goroutines: 17) - 2m24s
Progress: [=======================                           ] 46.2% (4145/8972, queue: 4810) 29/s (validating, workers: 16, goroutines: 17) - 2m25s
Progress: [=======================                           ] 46.5% (4171/8972, queue: 4783) 29/s (validating, workers: 16, goroutines: 18) - 2m26s
Progress: [=======================                           ] 47.0% (4221/8972, queue: 4734) 29/s (validating, workers: 16, goroutines: 17) - 2m27s
Progress: [=======================                           ] 47.5% (4265/8972, queue: 4689) 29/s (validating, workers: 16, goroutines: 18) - 2m28s
Progress: [========================                          ] 48.1% (4313/8972, queue: 4642) 29/s (validating, workers: 16, goroutines: 17) - 2m29s
Progress: [========================                          ] 48.4% (4346/8972, queue: 4609) 29/s (validating, workers: 16, goroutines: 17) - 2m30s
Progress: [========================                          ] 48.7% (4372/8972, queue: 4583) 29/s (validating, workers: 16, goroutines: 17) - 2m31s
Progress: [========================                          ] 49.2% (4415/8972, queue: 4539) 29/s (validating, workers: 16, goroutines: 18) - 2m32s
Progress: [========================                          ] 49.9% (4479/8972, queue: 4476) 29/s (validating, workers: 16, goroutines: 17) - 2m33s
Progress: [=========================                         ] 50.5% (4533/8972, queue: 4421) 29/s (validating, workers: 16, goroutines: 18) - 2m34s
Progress: [=========================                         ] 50.8% (4554/8972, queue: 4401) 29/s (validating, workers: 16, goroutines: 17) - 2m35s
Progress: [=========================                         ] 51.2% (4598/8972, queue: 4356) 29/s (validating, workers: 16, goroutines: 18) - 2m36s
Progress: [=========================                         ] 51.6% (4629/8972, queue: 4326) 29/s (validating, workers: 16, goroutines: 17) - 2m37s
Progress: [=========================                         ] 51.9% (4653/8972, queue: 4301) 29/s (validating, workers: 16, goroutines: 18) - 2m38s
Progress: [==========================                        ] 52.2% (4679/8972, queue: 4276) 29/s (validating, workers: 16, goroutines: 17) - 2m39s
Progress: [==========================                        ] 52.4% (4702/8972, queue: 4252) 29/s (validating, workers: 16, goroutines: 18) - 2m40s
Progress: [==========================                        ] 52.6% (4722/8972, queue: 4233) 29/s (validating, workers: 16, goroutines: 17) - 2m41s
Progress: [==========================                        ] 52.8% (4740/8972, queue: 4214) 29/s (validating, workers: 16, goroutines: 18) - 2m42s
Progress: [==========================                        ] 53.2% (4770/8972, queue: 4184) 29/s (validating, workers: 16, goroutines: 18) - 2m43s
Progress: [==========================                        ] 53.4% (4790/8972, queue: 4165) 29/s (validating, workers: 16, goroutines: 17) - 2m44s
Progress: [==========================                        ] 53.6% (4807/8972, queue: 4145) 29/s (validating, workers: 16, goroutines: 20) - 2m45s
Progress: [==========================                        ] 53.8% (4824/8972, queue: 4131) 29/s (validating, workers: 16, goroutines: 17) - 2m46s
Progress: [===========================                       ] 54.1% (4852/8972, queue: 4103) 29/s (validating, workers: 16, goroutines: 17) - 2m47s
Progress: [===========================                       ] 54.4% (4879/8972, queue: 4075) 29/s (validating, workers: 16, goroutines: 18) - 2m48s
Progress: [===========================                       ] 54.7% (4904/8972, queue: 4050) 29/s (validating, workers: 16, goroutines: 18) - 2m49s
Progress: [===========================                       ] 55.0% (4933/8972, queue: 4021) 29/s (validating, workers: 16, goroutines: 18) - 2m50s
Progress: [===========================                       ] 55.4% (4969/8972, queue: 3986) 29/s (validating, workers: 16, goroutines: 17) - 2m51s
Progress: [===========================                       ] 55.7% (4999/8972, queue: 3955) 29/s (validating, workers: 16, goroutines: 18) - 2m52s
Progress: [===========================                       ] 56.0% (5023/8972, queue: 3931) 29/s (validating, workers: 16, goroutines: 18) - 2m53s
Progress: [============================                      ] 56.2% (5042/8972, queue: 3913) 29/s (validating, workers: 16, goroutines: 17) - 2m54s
Progress: [============================                      ] 56.4% (5061/8972, queue: 3893) 29/s (validating, workers: 16, goroutines: 18) - 2m55s
Progress: [============================                      ] 56.7% (5083/8972, queue: 3872) 29/s (validating, workers: 16, goroutines: 17) - 2m56s
Progress: [============================                      ] 57.1% (5123/8972, queue: 3830) 29/s (validating, workers: 16, goroutines: 19) - 2m57s
Progress: [============================                      ] 57.3% (5138/8972, queue: 3817) 29/s (validating, workers: 16, goroutines: 17) - 2m58s
Progress: [============================                      ] 57.4% (5153/8972, queue: 3801) 29/s (validating, workers: 16, goroutines: 18) - 2m59s
Progress: [============================                      ] 57.8% (5182/8972, queue: 3773) 29/s (validating, workers: 16, goroutines: 17) - 3m0s
Progress: [=============================                     ] 58.1% (5209/8972, queue: 3746) 29/s (validating, workers: 16, goroutines: 17) - 3m1s
Progress: [=============================                     ] 58.4% (5238/8972, queue: 3717) 29/s (validating, workers: 16, goroutines: 17) - 3m2s
Progress: [=============================                     ] 58.9% (5283/8972, queue: 3671) 29/s (validating, workers: 16, goroutines: 18) - 3m3s
Progress: [=============================                     ] 59.2% (5313/8972, queue: 3640) 29/s (validating, workers: 16, goroutines: 19) - 3m4s
Progress: [=============================                     ] 59.7% (5353/8972, queue: 3602) 29/s (validating, workers: 16, goroutines: 17) - 3m5s
Progress: [==============================                    ] 60.1% (5393/8972, queue: 3562) 29/s (validating, workers: 16, goroutines: 17) - 3m6s
Progress: [==============================                    ] 60.4% (5421/8972, queue: 3533) 29/s (validating, workers: 16, goroutines: 18) - 3m7s
Progress: [==============================                    ] 60.7% (5445/8972, queue: 3508) 29/s (validating, workers: 16, goroutines: 19) - 3m8s
Progress: [==============================                    ] 61.0% (5469/8972, queue: 3485) 29/s (validating, workers: 16, goroutines: 18) - 3m9s
Progress: [==============================                    ] 61.4% (5507/8972, queue: 3447) 29/s (validating, workers: 16, goroutines: 18) - 3m10s
Progress: [==============================                    ] 62.0% (5560/8972, queue: 3394) 29/s (validating, workers: 16, goroutines: 18) - 3m11s
Progress: [===============================                   ] 62.7% (5626/8972, queue: 3328) 29/s (validating, workers: 16, goroutines: 18) - 3m12s
Progress: [===============================                   ] 63.0% (5652/8972, queue: 3302) 29/s (validating, workers: 16, goroutines: 18) - 3m13s
Progress: [===============================                   ] 63.4% (5689/8972, queue: 3266) 29/s (validating, workers: 16, goroutines: 17) - 3m14s
Progress: [================================                  ] 64.0% (5743/8972, queue: 3212) 29/s (validating, workers: 16, goroutines: 17) - 3m15s
Progress: [================================                  ] 64.3% (5772/8972, queue: 3183) 29/s (validating, workers: 16, goroutines: 17) - 3m16s
Progress: [================================                  ] 64.5% (5787/8972, queue: 3167) 29/s (validating, workers: 16, goroutines: 18) - 3m17s
Progress: [================================                  ] 64.7% (5809/8972, queue: 3145) 29/s (validating, workers: 16, goroutines: 18) - 3m18s
Progress: [================================                  ] 64.9% (5823/8972, queue: 3131) 29/s (validating, workers: 16, goroutines: 18) - 3m19s
Progress: [================================                  ] 65.0% (5836/8972, queue: 3118) 29/s (validating, workers: 16, goroutines: 18) - 3m20s
Progress: [================================                  ] 65.2% (5851/8972, queue: 3103) 29/s (validating, workers: 16, goroutines: 18) - 3m21s
Progress: [================================                  ] 65.3% (5863/8972, queue: 3091) 29/s (validating, workers: 16, goroutines: 18) - 3m22s
Progress: [================================                  ] 65.4% (5865/8972, queue: 3089) 29/s (validating, workers: 16, goroutines: 18) - 3m23s
Progress: [================================                  ] 65.7% (5899/8972, queue: 3055) 29/s (validating, workers: 16, goroutines: 18) - 3m24s
Progress: [=================================                 ] 66.1% (5933/8972, queue: 3021) 29/s (validating, workers: 16, goroutines: 18) - 3m25s
Progress: [=================================                 ] 66.4% (5955/8972, queue: 2999) 29/s (validating, workers: 16, goroutines: 18) - 3m26s
Progress: [=================================                 ] 66.6% (5978/8972, queue: 2975) 29/s (validating, workers: 16, goroutines: 19) - 3m27s
Progress: [=================================                 ] 66.8% (5996/8972, queue: 2959) 29/s (validating, workers: 16, goroutines: 17) - 3m28s
Progress: [=================================                 ] 67.0% (6015/8972, queue: 2939) 29/s (validating, workers: 16, goroutines: 18) - 3m29s
Progress: [=================================                 ] 67.3% (6036/8972, queue: 2918) 29/s (validating, workers: 16, goroutines: 18) - 3m30s
Progress: [=================================                 ] 67.5% (6059/8972, queue: 2895) 29/s (validating, workers: 16, goroutines: 18) - 3m31s
Progress: [=================================                 ] 67.7% (6076/8972, queue: 2878) 29/s (validating, workers: 16, goroutines: 18) - 3m32s
Progress: [=================================                 ] 68.0% (6097/8972, queue: 2858) 29/s (validating, workers: 16, goroutines: 17) - 3m33s
Progress: [==================================                ] 68.2% (6116/8972, queue: 2838) 29/s (validating, workers: 16, goroutines: 18) - 3m34s
Progress: [==================================                ] 68.4% (6141/8972, queue: 2814) 29/s (validating, workers: 16, goroutines: 17) - 3m35s
Progress: [==================================                ] 68.8% (6174/8972, queue: 2781) 29/s (validating, workers: 16, goroutines: 17) - 3m36s
Progress: [==================================                ] 69.0% (6189/8972, queue: 2766) 29/s (validating, workers: 16, goroutines: 17) - 3m37s
Progress: [==================================                ] 69.2% (6212/8972, queue: 2743) 28/s (validating, workers: 16, goroutines: 17) - 3m38s
Progress: [==================================                ] 69.6% (6245/8972, queue: 2709) 29/s (validating, workers: 16, goroutines: 18) - 3m39s
Progress: [===================================               ] 70.2% (6294/8972, queue: 2660) 29/s (validating, workers: 16, goroutines: 18) - 3m40s
Progress: [===================================               ] 70.6% (6333/8972, queue: 2622) 29/s (validating, workers: 16, goroutines: 17) - 3m41s
Progress: [===================================               ] 71.0% (6369/8972, queue: 2586) 29/s (validating, workers: 16, goroutines: 17) - 3m42s
Progress: [===================================               ] 71.5% (6412/8972, queue: 2542) 29/s (validating, workers: 16, goroutines: 18) - 3m43s
Progress: [===================================               ] 71.9% (6447/8972, queue: 2507) 29/s (validating, workers: 16, goroutines: 18) - 3m44s
Progress: [====================================              ] 72.3% (6488/8972, queue: 2467) 29/s (validating, workers: 16, goroutines: 18) - 3m45s
Progress: [====================================              ] 72.7% (6527/8972, queue: 2428) 29/s (validating, workers: 16, goroutines: 17) - 3m46s
Progress: [====================================              ] 73.0% (6550/8972, queue: 2405) 29/s (validating, workers: 16, goroutines: 17) - 3m47s
Progress: [====================================              ] 73.3% (6576/8972, queue: 2379) 29/s (validating, workers: 16, goroutines: 17) - 3m48s
Progress: [====================================              ] 73.5% (6598/8972, queue: 2357) 29/s (validating, workers: 16, goroutines: 17) - 3m49s
Progress: [====================================              ] 73.8% (6617/8972, queue: 2337) 29/s (validating, workers: 16, goroutines: 18) - 3m50s
Progress: [====================================              ] 74.0% (6638/8972, queue: 2317) 29/s (validating, workers: 16, goroutines: 17) - 3m51s
Progress: [=====================================             ] 74.2% (6661/8972, queue: 2294) 29/s (validating, workers: 16, goroutines: 17) - 3m52s
Progress: [=====================================             ] 74.4% (6679/8972, queue: 2276) 29/s (validating, workers: 16, goroutines: 17) - 3m53s
Progress: [=====================================             ] 74.9% (6722/8972, queue: 2233) 29/s (validating, workers: 16, goroutines: 17) - 3m54s
Progress: [=====================================             ] 75.2% (6750/8972, queue: 2203) 29/s (validating, workers: 16, goroutines: 19) - 3m55s
Progress: [=====================================             ] 75.5% (6773/8972, queue: 2182) 29/s (validating, workers: 16, goroutines: 17) - 3m56s
Progress: [=====================================             ] 75.7% (6794/8972, queue: 2160) 29/s (validating, workers: 16, goroutines: 18) - 3m57s
Progress: [======================================            ] 76.0% (6819/8972, queue: 2136) 29/s (validating, workers: 16, goroutines: 17) - 3m58s
Progress: [======================================            ] 76.2% (6840/8972, queue: 2114) 29/s (validating, workers: 16, goroutines: 18) - 3m59s
Progress: [======================================            ] 76.6% (6875/8972, queue: 2080) 29/s (validating, workers: 16, goroutines: 17) - 4m0s
Progress: [======================================            ] 76.9% (6895/8972, queue: 2059) 29/s (validating, workers: 16, goroutines: 18) - 4m1s
Progress: [======================================            ] 77.2% (6922/8972, queue: 2032) 29/s (validating, workers: 16, goroutines: 18) - 4m2s
Progress: [======================================            ] 77.6% (6958/8972, queue: 1996) 29/s (validating, workers: 16, goroutines: 18) - 4m3s
Progress: [======================================            ] 77.9% (6992/8972, queue: 1963) 29/s (validating, workers: 16, goroutines: 17) - 4m4s
Progress: [=======================================           ] 78.3% (7025/8972, queue: 1930) 29/s (validating, workers: 16, goroutines: 17) - 4m5s
Progress: [=======================================           ] 78.5% (7043/8972, queue: 1912) 29/s (validating, workers: 16, goroutines: 17) - 4m6s
Progress: [=======================================           ] 78.8% (7070/8972, queue: 1885) 29/s (validating, workers: 16, goroutines: 17) - 4m7s
Progress: [=======================================           ] 79.1% (7096/8972, queue: 1859) 29/s (validating, workers: 16, goroutines: 17) - 4m8s
Progress: [=======================================           ] 79.3% (7117/8972, queue: 1837) 29/s (validating, workers: 16, goroutines: 18) - 4m9s
Progress: [=======================================           ] 79.7% (7147/8972, queue: 1807) 29/s (validating, workers: 16, goroutines: 18) - 4m10s
Progress: [========================================          ] 80.0% (7179/8972, queue: 1775) 29/s (validating, workers: 16, goroutines: 18) - 4m11s
Progress: [========================================          ] 80.5% (7226/8972, queue: 1728) 29/s (validating, workers: 16, goroutines: 18) - 4m12s
Progress: [========================================          ] 80.8% (7248/8972, queue: 1706) 29/s (validating, workers: 16, goroutines: 18) - 4m13s
Progress: [========================================          ] 81.0% (7270/8972, queue: 1682) 29/s (validating, workers: 16, goroutines: 20) - 4m14s
Progress: [========================================          ] 81.3% (7297/8972, queue: 1657) 29/s (validating, workers: 16, goroutines: 17) - 4m15s
Progress: [========================================          ] 81.8% (7339/8972, queue: 1616) 29/s (validating, workers: 16, goroutines: 17) - 4m16s
Progress: [=========================================         ] 82.1% (7369/8972, queue: 1586) 29/s (validating, workers: 16, goroutines: 17) - 4m17s
Progress: [=========================================         ] 82.6% (7407/8972, queue: 1547) 29/s (validating, workers: 16, goroutines: 18) - 4m18s
Progress: [=========================================         ] 83.1% (7453/8972, queue: 1502) 29/s (validating, workers: 16, goroutines: 17) - 4m19s
Progress: [=========================================         ] 83.5% (7491/8972, queue: 1464) 29/s (validating, workers: 16, goroutines: 17) - 4m20s
Progress: [=========================================         ] 83.8% (7518/8972, queue: 1437) 29/s (validating, workers: 16, goroutines: 17) - 4m21s
Progress: [==========================================        ] 84.3% (7564/8972, queue: 1391) 29/s (validating, workers: 16, goroutines: 17) - 4m22s
Progress: [==========================================        ] 84.8% (7605/8972, queue: 1350) 29/s (validating, workers: 16, goroutines: 17) - 4m23s
Progress: [==========================================        ] 85.3% (7649/8972, queue: 1305) 29/s (validating, workers: 16, goroutines: 18) - 4m24s
Progress: [==========================================        ] 85.5% (7675/8972, queue: 1280) 29/s (validating, workers: 16, goroutines: 17) - 4m25s
Progress: [==========================================        ] 85.9% (7704/8972, queue: 1251) 29/s (validating, workers: 16, goroutines: 17) - 4m26s
Progress: [===========================================       ] 86.2% (7732/8972, queue: 1222) 29/s (validating, workers: 16, goroutines: 18) - 4m27s
Progress: [===========================================       ] 86.6% (7769/8972, queue: 1184) 29/s (validating, workers: 16, goroutines: 19) - 4m28s
Progress: [===========================================       ] 87.0% (7807/8972, queue: 1147) 29/s (validating, workers: 16, goroutines: 18) - 4m29s
Progress: [===========================================       ] 87.3% (7836/8972, queue: 1119) 29/s (validating, workers: 16, goroutines: 17) - 4m30s
Progress: [===========================================       ] 87.7% (7868/8972, queue: 1087) 29/s (validating, workers: 16, goroutines: 17) - 4m31s
Progress: [============================================      ] 88.1% (7901/8972, queue: 1054) 29/s (validating, workers: 16, goroutines: 17) - 4m32s
Progress: [============================================      ] 88.4% (7929/8972, queue: 1026) 29/s (validating, workers: 16, goroutines: 17) - 4m33s
Progress: [============================================      ] 88.7% (7959/8972, queue: 995) 29/s (validating, workers: 16, goroutines: 18) - 4m34s
Progress: [============================================      ] 88.9% (7980/8972, queue: 974) 29/s (validating, workers: 16, goroutines: 18) - 4m35s
Progress: [============================================      ] 89.1% (7996/8972, queue: 959) 29/s (validating, workers: 16, goroutines: 17) - 4m36s
Progress: [============================================      ] 89.3% (8014/8972, queue: 939) 29/s (validating, workers: 16, goroutines: 19) - 4m37s
Progress: [============================================      ] 89.5% (8031/8972, queue: 923) 29/s (validating, workers: 16, goroutines: 18) - 4m38s
Progress: [============================================      ] 89.8% (8059/8972, queue: 896) 29/s (validating, workers: 16, goroutines: 17) - 4m39s
Progress: [=============================================     ] 90.0% (8076/8972, queue: 880) 29/s (validating, workers: 16, goroutines: 17) - 4m40s
Progress: [=============================================     ] 90.0% (8077/8972, queue: 875) 29/s (validating, workers: 16, goroutines: 20) - 4m41s
Progress: [=============================================     ] 90.3% (8103/8972, queue: 851) 29/s (validating, workers: 16, goroutines: 18) - 4m42s
Progress: [=============================================     ] 90.6% (8125/8972, queue: 830) 29/s (validating, workers: 16, goroutines: 17) - 4m43s
Progress: [=============================================     ] 90.9% (8152/8972, queue: 803) 29/s (validating, workers: 16, goroutines: 17) - 4m44s
Progress: [=============================================     ] 91.2% (8181/8972, queue: 774) 29/s (validating, workers: 16, goroutines: 17) - 4m45s
Progress: [=============================================     ] 91.4% (8200/8972, queue: 754) 29/s (validating, workers: 16, goroutines: 18) - 4m46s
Progress: [=============================================     ] 91.7% (8225/8972, queue: 729) 29/s (validating, workers: 16, goroutines: 18) - 4m47s
Progress: [=============================================     ] 91.8% (8232/8972, queue: 721) 29/s (validating, workers: 16, goroutines: 19) - 4m48s
Progress: [==============================================    ] 92.1% (8261/8972, queue: 694) 29/s (validating, workers: 16, goroutines: 17) - 4m49s
Progress: [==============================================    ] 92.4% (8288/8972, queue: 666) 29/s (validating, workers: 16, goroutines: 18) - 4m50s
Progress: [==============================================    ] 92.8% (8324/8972, queue: 630) 29/s (validating, workers: 16, goroutines: 18) - 4m51s
Progress: [==============================================    ] 93.1% (8352/8972, queue: 603) 29/s (validating, workers: 16, goroutines: 17) - 4m52s
Progress: [==============================================    ] 93.4% (8379/8972, queue: 575) 29/s (validating, workers: 16, goroutines: 18) - 4m53s
Progress: [==============================================    ] 93.7% (8410/8972, queue: 545) 29/s (validating, workers: 16, goroutines: 17) - 4m54s
Progress: [===============================================   ] 94.1% (8444/8972, queue: 511) 29/s (validating, workers: 16, goroutines: 17) - 4m55s
Progress: [===============================================   ] 94.5% (8476/8972, queue: 479) 29/s (validating, workers: 16, goroutines: 17) - 4m56s
Progress: [===============================================   ] 94.7% (8500/8972, queue: 455) 29/s (validating, workers: 16, goroutines: 17) - 4m57s
Progress: [===============================================   ] 94.9% (8517/8972, queue: 438) 29/s (validating, workers: 16, goroutines: 17) - 4m58s
Progress: [===============================================   ] 95.4% (8555/8972, queue: 399) 29/s (validating, workers: 16, goroutines: 18) - 4m59s
Progress: [===============================================   ] 95.9% (8605/8972, queue: 350) 29/s (validating, workers: 16, goroutines: 17) - 5m0s
Progress: [================================================  ] 96.6% (8670/8972, queue: 285) 29/s (validating, workers: 16, goroutines: 17) - 5m1s
Progress: [================================================  ] 97.0% (8699/8972, queue: 256) 29/s (validating, workers: 16, goroutines: 17) - 5m2s
Progress: [================================================  ] 97.2% (8721/8972, queue: 233) 29/s (validating, workers: 16, goroutines: 18) - 5m3s
Progress: [================================================  ] 97.6% (8760/8972, queue: 195) 29/s (validating, workers: 16, goroutines: 17) - 5m4s
Progress: [================================================= ] 98.1% (8805/8972, queue: 149) 29/s (validating, workers: 16, goroutines: 18) - 5m5s
Progress: [================================================= ] 98.7% (8854/8972, queue: 101) 29/s (validating, workers: 16, goroutines: 17) - 5m6s
Progress: [================================================= ] 99.2% (8903/8972, queue: 52) 29/s (validating, workers: 16, goroutines: 17) - 5m7s
Progress: [================================================= ] 99.5% (8924/8972, queue: 30) 29/s (validating, workers: 16, goroutines: 18) - 5m8s
Progress: [================================================= ] 99.7% (8944/8972, queue: 10) 29/s (validating, workers: 16, goroutines: 18) - 5m9s
Progress: [================================================= ] 99.8% (8952/8972, queue: 2) 29/s (validating, workers: 16, goroutines: 18) - 5m10s
Progress: [================================================= ] 99.8% (8955/8972, queue: 0) 29/s (draining in-flight, workers: 16) - 5m12s
Progress: [==================================================] 100.0% (8972/8972, queue: 0) 29/s (completed) - 5m13s

Validation completed: 8972/8972 objects (8966 succeeded, 6 failed)

--- run 2026-09-04T23:31:27Z ---
System check starting...
Preparing loaders and cache...
Proactive Stale CAS cleanup starting...
Proactive Stale CAS cleanup: cleaning 100 kinds (timeout 2m0s)...
Proactive Stale CAS cleanup: account (1/100)...
Proactive Stale CAS cleanup: agent_architecture (2/100)...
Proactive Stale CAS cleanup: agent_feed (3/100)...
Proactive Stale CAS cleanup: agent_onboarding_preparation (4/100)...
Proactive Stale CAS cleanup: agent_skill (5/100)...
Proactive Stale CAS cleanup: agent_task (6/100)...
Proactive Stale CAS cleanup: api_spec (7/100)...
Proactive Stale CAS cleanup: auth_strategy (8/100)...
Proactive Stale CAS cleanup: base_sampler (10/100)...
Proactive Stale CAS cleanup: backlog_item (9/100)...
Proactive Stale CAS cleanup: brand (11/100)...
Proactive Stale CAS cleanup: capacity_advertisement (14/100)...
Proactive Stale CAS cleanup: bucketing_strategy (12/100)...
Proactive Stale CAS cleanup: capability (13/100)...
Proactive Stale CAS cleanup: command_spec (16/100)...
Proactive Stale CAS cleanup: certificate (15/100)...
Proactive Stale CAS cleanup: component (17/100)...
Proactive Stale CAS cleanup: compute_advertisement (18/100)...
Proactive Stale CAS cleanup: context_refresh_schedule (19/100)...
Proactive Stale CAS cleanup: convergence_session (20/100)...
Proactive Stale CAS cleanup: corporate_initiative (21/100)...
Proactive Stale CAS cleanup: criteria (22/100)...
Proactive Stale CAS cleanup: decision (23/100)...
Proactive Stale CAS cleanup: department (24/100)...
Proactive Stale CAS cleanup: digital_asset (25/100)...
Proactive Stale CAS cleanup: division (26/100)...
Proactive Stale CAS cleanup: doc_entry (27/100)...
Proactive Stale CAS cleanup: domain_registry (28/100)...
Proactive Stale CAS cleanup: fission_event (31/100)...
Proactive Stale CAS cleanup: evolution_management (29/100)...
Proactive Stale CAS cleanup: field_registry (30/100)...
Proactive Stale CAS cleanup: glossary_term (32/100)...
Proactive Stale CAS cleanup: glossary_term_relation (33/100)...
Proactive Stale CAS cleanup: goal (34/100)...
Proactive Stale CAS cleanup: import_tracking (35/100)...
Proactive Stale CAS cleanup: important_date (36/100)...
Proactive Stale CAS cleanup: inference_heuristic (37/100)...
Proactive Stale CAS cleanup: keystore_entry (38/100)...
Proactive Stale CAS cleanup: kind_synonym (39/100)...
Proactive Stale CAS cleanup: list_metric_sampler (41/100)...
Proactive Stale CAS cleanup: library (40/100)...
Proactive Stale CAS cleanup: mcp_spec (42/100)...
Proactive Stale CAS cleanup: metrics_feedback (44/100)...
Proactive Stale CAS cleanup: metadata_package (43/100)...
Proactive Stale CAS cleanup: milestone (45/100)...
Proactive Stale CAS cleanup: mission (46/100)...
Proactive Stale CAS cleanup: namespace (47/100)...
Proactive Stale CAS cleanup: namespace_registry (48/100)...
Proactive Stale CAS cleanup: ordered_list_metric_sampler (50/100)...
Proactive Stale CAS cleanup: object_spec (49/100)...
Proactive Stale CAS cleanup: organization (51/100)...
Proactive Stale CAS cleanup: organizational_change (52/100)...
Proactive Stale CAS cleanup: partnership (53/100)...
Proactive Stale CAS cleanup: persona (54/100)...
Proactive Stale CAS cleanup: pipeline (55/100)...
Proactive Stale CAS cleanup: pipeline_definition (56/100)...
Proactive Stale CAS cleanup: pipeline_execution (57/100)...
Proactive Stale CAS cleanup: pipeline_stage (58/100)...
Proactive Stale CAS cleanup: policy (59/100)...
Proactive Stale CAS cleanup: process_hygiene_rule (61/100)...
Proactive Stale CAS cleanup: priority_plan (60/100)...
Proactive Stale CAS cleanup: provider_profile (63/100)...
Proactive Stale CAS cleanup: prompt_template (62/100)...
Proactive Stale CAS cleanup: qa_success (64/100)...
Proactive Stale CAS cleanup: question (65/100)...
Proactive Stale CAS cleanup: release (66/100)...
Proactive Stale CAS cleanup: remote_kernel (67/100)...
Proactive Stale CAS cleanup: requirement (68/100)...
Proactive Stale CAS cleanup: resolver (69/100)...
Proactive Stale CAS cleanup: risk_blocker (70/100)...
Proactive Stale CAS cleanup: roadmap (71/100)...
Proactive Stale CAS cleanup: role (72/100)...
Proactive Stale CAS cleanup: rollback_report (73/100)...
Proactive Stale CAS cleanup: rule (74/100)...
Proactive Stale CAS cleanup: sampler_profile (75/100)...
Proactive Stale CAS cleanup: scalar_metric_sampler (76/100)...
Proactive Stale CAS cleanup: scenario (77/100)...
Proactive Stale CAS cleanup: scheduler_handler_binding (78/100)...
Proactive Stale CAS cleanup: shockwave_router (79/100)...
Proactive Stale CAS cleanup: status_history_metric_sampler (81/100)...
Proactive Stale CAS cleanup: stakeholder_profile (80/100)...
Proactive Stale CAS cleanup: strategic_context (82/100)...
Proactive Stale CAS cleanup: strategic_plan (83/100)...
Proactive Stale CAS cleanup: team (84/100)...
Proactive Stale CAS cleanup: team_configuration (85/100)...
Proactive Stale CAS cleanup: technical_debt (86/100)...
Proactive Stale CAS cleanup: technical_spec (87/100)...
Proactive Stale CAS cleanup: template (88/100)...
Proactive Stale CAS cleanup: test_case (89/100)...
Proactive Stale CAS cleanup: test_command_rule (90/100)...
Proactive Stale CAS cleanup: translation_manifest (91/100)...
Proactive Stale CAS cleanup: validation_rule (92/100)...
Proactive Stale CAS cleanup: vitality_report (95/100)...
Proactive Stale CAS cleanup: vision (93/100)...
Proactive Stale CAS cleanup: visual_plan (94/100)...
Proactive Stale CAS cleanup: vocabulary_scheme (96/100)...
Proactive Stale CAS cleanup: watchdog_registration (97/100)...
Proactive Stale CAS cleanup: workflow (98/100)...
Proactive Stale CAS cleanup: workstream (99/100)...
Proactive Stale CAS cleanup: workstream_transition (100/100)...
Loaders starting...
Loaders ready.
Loading object ID cache...
Warming CAS indexes...
Merging CAS indexes for 46 kinds...
CAS indexes warmed
Cache ready, starting validator...
Discovery starting...
Starting discovery across 100 kinds...
Validating 8919 objects (from docs/process/ via object ID cache)...
Progress: [=                                                 ] 2.7% (241/8919, queue: 8662) 238/s (validating, workers: 16, goroutines: 17) - 1s
Progress: [=                                                 ] 3.7% (330/8919, queue: 8573) 164/s (validating, workers: 16, goroutines: 17) - 2s
Progress: [==                                                ] 4.7% (416/8919, queue: 8487) 138/s (validating, workers: 16, goroutines: 17) - 3s
Progress: [==                                                ] 5.5% (493/8919, queue: 8410) 123/s (validating, workers: 16, goroutines: 17) - 4s
Progress: [===                                               ] 6.2% (551/8919, queue: 8352) 110/s (validating, workers: 16, goroutines: 17) - 5s
Progress: [===                                               ] 6.9% (618/8919, queue: 8284) 103/s (validating, workers: 16, goroutines: 18) - 6s
Progress: [===                                               ] 7.7% (691/8919, queue: 8212) 99/s (validating, workers: 16, goroutines: 17) - 7s
Progress: [====                                              ] 8.4% (747/8919, queue: 8156) 93/s (validating, workers: 16, goroutines: 17) - 8s
Progress: [====                                              ] 9.0% (807/8919, queue: 8095) 90/s (validating, workers: 16, goroutines: 18) - 9s
Progress: [====                                              ] 9.7% (863/8919, queue: 8040) 86/s (validating, workers: 16, goroutines: 17) - 10s
Progress: [=====                                             ] 10.3% (916/8919, queue: 7987) 83/s (validating, workers: 16, goroutines: 17) - 11s
Progress: [=====                                             ] 10.9% (972/8919, queue: 7930) 81/s (validating, workers: 16, goroutines: 18) - 12s
Progress: [=====                                             ] 11.8% (1053/8919, queue: 7850) 81/s (validating, workers: 16, goroutines: 17) - 13s
Progress: [======                                            ] 12.6% (1121/8919, queue: 7782) 80/s (validating, workers: 16, goroutines: 17) - 14s
Progress: [======                                            ] 13.2% (1174/8919, queue: 7728) 78/s (validating, workers: 16, goroutines: 18) - 15s
Progress: [======                                            ] 13.7% (1223/8919, queue: 7680) 76/s (validating, workers: 16, goroutines: 17) - 16s
Progress: [=======                                           ] 14.2% (1267/8919, queue: 7636) 74/s (validating, workers: 16, goroutines: 17) - 17s
Progress: [=======                                           ] 14.8% (1318/8919, queue: 7585) 73/s (validating, workers: 16, goroutines: 17) - 18s
Progress: [=======                                           ] 15.3% (1366/8919, queue: 7537) 72/s (validating, workers: 16, goroutines: 17) - 19s
Progress: [========                                          ] 16.0% (1431/8919, queue: 7472) 72/s (validating, workers: 16, goroutines: 17) - 20s
Progress: [========                                          ] 17.1% (1529/8919, queue: 7374) 73/s (validating, workers: 16, goroutines: 17) - 21s
Progress: [=========                                         ] 18.3% (1632/8919, queue: 7271) 74/s (validating, workers: 16, goroutines: 17) - 22s
Progress: [=========                                         ] 19.5% (1736/8919, queue: 7166) 75/s (validating, workers: 16, goroutines: 18) - 23s
Progress: [==========                                        ] 20.7% (1844/8919, queue: 7058) 77/s (validating, workers: 16, goroutines: 18) - 24s
Progress: [==========                                        ] 21.8% (1948/8919, queue: 6955) 78/s (validating, workers: 16, goroutines: 17) - 25s
Progress: [===========                                       ] 23.0% (2049/8919, queue: 6854) 79/s (validating, workers: 16, goroutines: 17) - 26s
Progress: [============                                      ] 24.0% (2145/8919, queue: 6757) 79/s (validating, workers: 16, goroutines: 18) - 27s
Progress: [============                                      ] 24.9% (2219/8919, queue: 6684) 79/s (validating, workers: 16, goroutines: 17) - 28s
Progress: [============                                      ] 25.8% (2297/8919, queue: 6606) 79/s (validating, workers: 16, goroutines: 17) - 29s
Progress: [=============                                     ] 26.6% (2372/8919, queue: 6531) 79/s (validating, workers: 16, goroutines: 17) - 30s
Progress: [=============                                     ] 27.2% (2427/8919, queue: 6476) 78/s (validating, workers: 16, goroutines: 17) - 31s
Progress: [=============                                     ] 27.9% (2492/8919, queue: 6411) 78/s (validating, workers: 16, goroutines: 17) - 32s
Progress: [==============                                    ] 28.9% (2582/8919, queue: 6321) 78/s (validating, workers: 16, goroutines: 17) - 33s
Progress: [===============                                   ] 30.1% (2687/8919, queue: 6216) 79/s (validating, workers: 16, goroutines: 17) - 34s
Progress: [===============                                   ] 31.4% (2803/8919, queue: 6100) 80/s (validating, workers: 16, goroutines: 17) - 35s
Progress: [================                                  ] 32.6% (2908/8919, queue: 5994) 81/s (validating, workers: 16, goroutines: 18) - 36s
Progress: [================                                  ] 33.5% (2989/8919, queue: 5914) 81/s (validating, workers: 16, goroutines: 17) - 37s
Progress: [=================                                 ] 34.4% (3067/8919, queue: 5836) 81/s (validating, workers: 16, goroutines: 17) - 38s
Progress: [=================                                 ] 35.2% (3136/8919, queue: 5767) 80/s (validating, workers: 16, goroutines: 17) - 39s
Progress: [==================                                ] 36.0% (3213/8919, queue: 5690) 80/s (validating, workers: 16, goroutines: 17) - 40s
Progress: [==================                                ] 37.4% (3334/8919, queue: 5569) 81/s (validating, workers: 16, goroutines: 17) - 41s
Progress: [==================                                ] 38.0% (3389/8919, queue: 5514) 81/s (validating, workers: 16, goroutines: 17) - 42s
Progress: [===================                               ] 39.4% (3510/8919, queue: 5392) 82/s (validating, workers: 16, goroutines: 18) - 43s
Progress: [====================                              ] 40.7% (3627/8919, queue: 5276) 82/s (validating, workers: 16, goroutines: 17) - 44s
Progress: [=====================                             ] 42.1% (3753/8919, queue: 5150) 83/s (validating, workers: 16, goroutines: 17) - 45s
Progress: [=====================                             ] 43.4% (3867/8919, queue: 5036) 84/s (validating, workers: 16, goroutines: 17) - 46s
Progress: [======================                            ] 44.4% (3964/8919, queue: 4939) 84/s (validating, workers: 16, goroutines: 17) - 47s
Progress: [======================                            ] 45.5% (4058/8919, queue: 4845) 85/s (validating, workers: 16, goroutines: 17) - 48s
Progress: [=======================                           ] 46.3% (4128/8919, queue: 4774) 84/s (validating, workers: 16, goroutines: 18) - 49s
Progress: [========================                          ] 49.7% (4433/8919, queue: 4470) 89/s (validating, workers: 16, goroutines: 17) - 50s
Progress: [=============================                     ] 58.3% (5198/8919, queue: 3693) 102/s (validating, workers: 16, goroutines: 29) - 51s
Progress: [================================                  ] 64.5% (5749/8919, queue: 3141) 111/s (validating, workers: 16, goroutines: 30) - 52s
Progress: [====================================              ] 73.8% (6580/8919, queue: 2307) 124/s (validating, workers: 16, goroutines: 31) - 53s
Progress: [=========================================         ] 83.4% (7435/8919, queue: 1468) 138/s (validating, workers: 16, goroutines: 17) - 54s
Progress: [================================================= ] 98.6% (8790/8919, queue: 112) 160/s (validating, workers: 16, goroutines: 17) - 55s
Progress: [================================================= ] 99.8% (8900/8919, queue: 0) 162/s (draining in-flight, workers: 16) - 55s
Progress: [==================================================] 100.0% (8919/8919, queue: 0) 156/s (completed) - 57s

Validation completed: 8919/8919 objects (8919 succeeded, 0 failed)

--- run 2026-09-04T23:35:00Z ---
System check starting...
Preparing loaders and cache...
Proactive Stale CAS cleanup starting...
Proactive Stale CAS cleanup: cleaning 100 kinds (timeout 2m0s)...
Proactive Stale CAS cleanup: account (1/100)...
Proactive Stale CAS cleanup: agent_architecture (2/100)...
Proactive Stale CAS cleanup: agent_feed (3/100)...
Proactive Stale CAS cleanup: agent_onboarding_preparation (4/100)...
Proactive Stale CAS cleanup: agent_skill (5/100)...
Proactive Stale CAS cleanup: agent_task (6/100)...
Proactive Stale CAS cleanup: api_spec (7/100)...
Proactive Stale CAS cleanup: auth_strategy (8/100)...
Proactive Stale CAS cleanup: backlog_item (9/100)...
Proactive Stale CAS cleanup: base_sampler (10/100)...
Proactive Stale CAS cleanup: brand (11/100)...
Proactive Stale CAS cleanup: capacity_advertisement (14/100)...
Proactive Stale CAS cleanup: bucketing_strategy (12/100)...
Proactive Stale CAS cleanup: capability (13/100)...
Proactive Stale CAS cleanup: command_spec (16/100)...
Proactive Stale CAS cleanup: certificate (15/100)...
Proactive Stale CAS cleanup: compute_advertisement (18/100)...
Proactive Stale CAS cleanup: component (17/100)...
Proactive Stale CAS cleanup: context_refresh_schedule (19/100)...
Proactive Stale CAS cleanup: convergence_session (20/100)...
Proactive Stale CAS cleanup: corporate_initiative (21/100)...
Proactive Stale CAS cleanup: criteria (22/100)...
Proactive Stale CAS cleanup: decision (23/100)...
Proactive Stale CAS cleanup: digital_asset (25/100)...
Proactive Stale CAS cleanup: department (24/100)...
Proactive Stale CAS cleanup: division (26/100)...
Proactive Stale CAS cleanup: doc_entry (27/100)...
Proactive Stale CAS cleanup: domain_registry (28/100)...
Proactive Stale CAS cleanup: fission_event (31/100)...
Proactive Stale CAS cleanup: evolution_management (29/100)...
Proactive Stale CAS cleanup: field_registry (30/100)...
Proactive Stale CAS cleanup: glossary_term (32/100)...
Proactive Stale CAS cleanup: glossary_term_relation (33/100)...
Proactive Stale CAS cleanup: goal (34/100)...
Proactive Stale CAS cleanup: import_tracking (35/100)...
Proactive Stale CAS cleanup: inference_heuristic (37/100)...
Proactive Stale CAS cleanup: important_date (36/100)...
Proactive Stale CAS cleanup: keystore_entry (38/100)...
Proactive Stale CAS cleanup: kind_synonym (39/100)...
Proactive Stale CAS cleanup: library (40/100)...
Proactive Stale CAS cleanup: list_metric_sampler (41/100)...
Proactive Stale CAS cleanup: mcp_spec (42/100)...
Proactive Stale CAS cleanup: metrics_feedback (44/100)...
Proactive Stale CAS cleanup: metadata_package (43/100)...
Proactive Stale CAS cleanup: milestone (45/100)...
Proactive Stale CAS cleanup: mission (46/100)...
Proactive Stale CAS cleanup: namespace (47/100)...
Proactive Stale CAS cleanup: namespace_registry (48/100)...
Proactive Stale CAS cleanup: object_spec (49/100)...
Proactive Stale CAS cleanup: ordered_list_metric_sampler (50/100)...
Proactive Stale CAS cleanup: organization (51/100)...
Proactive Stale CAS cleanup: organizational_change (52/100)...
Proactive Stale CAS cleanup: partnership (53/100)...
Proactive Stale CAS cleanup: persona (54/100)...
Proactive Stale CAS cleanup: pipeline (55/100)...
Proactive Stale CAS cleanup: pipeline_definition (56/100)...
Proactive Stale CAS cleanup: pipeline_stage (58/100)...
Proactive Stale CAS cleanup: pipeline_execution (57/100)...
Proactive Stale CAS cleanup: policy (59/100)...
Proactive Stale CAS cleanup: process_hygiene_rule (61/100)...
Proactive Stale CAS cleanup: priority_plan (60/100)...
Proactive Stale CAS cleanup: provider_profile (63/100)...
Proactive Stale CAS cleanup: prompt_template (62/100)...
Proactive Stale CAS cleanup: qa_success (64/100)...
Proactive Stale CAS cleanup: question (65/100)...
Proactive Stale CAS cleanup: release (66/100)...
Proactive Stale CAS cleanup: remote_kernel (67/100)...
Proactive Stale CAS cleanup: requirement (68/100)...
Proactive Stale CAS cleanup: resolver (69/100)...
Proactive Stale CAS cleanup: risk_blocker (70/100)...
Proactive Stale CAS cleanup: roadmap (71/100)...
Proactive Stale CAS cleanup: role (72/100)...
Proactive Stale CAS cleanup: rollback_report (73/100)...
Proactive Stale CAS cleanup: rule (74/100)...
Proactive Stale CAS cleanup: scalar_metric_sampler (76/100)...
Proactive Stale CAS cleanup: sampler_profile (75/100)...
Proactive Stale CAS cleanup: scenario (77/100)...
Proactive Stale CAS cleanup: scheduler_handler_binding (78/100)...
Proactive Stale CAS cleanup: shockwave_router (79/100)...
Proactive Stale CAS cleanup: stakeholder_profile (80/100)...
Proactive Stale CAS cleanup: status_history_metric_sampler (81/100)...
Proactive Stale CAS cleanup: strategic_context (82/100)...
Proactive Stale CAS cleanup: strategic_plan (83/100)...
Proactive Stale CAS cleanup: team (84/100)...
Proactive Stale CAS cleanup: team_configuration (85/100)...
Proactive Stale CAS cleanup: technical_debt (86/100)...
Proactive Stale CAS cleanup: technical_spec (87/100)...
Proactive Stale CAS cleanup: template (88/100)...
Proactive Stale CAS cleanup: test_case (89/100)...
Proactive Stale CAS cleanup: translation_manifest (91/100)...
Proactive Stale CAS cleanup: test_command_rule (90/100)...
Proactive Stale CAS cleanup: validation_rule (92/100)...
Proactive Stale CAS cleanup: vitality_report (95/100)...
Proactive Stale CAS cleanup: vision (93/100)...
Proactive Stale CAS cleanup: visual_plan (94/100)...
Proactive Stale CAS cleanup: vocabulary_scheme (96/100)...
Proactive Stale CAS cleanup: watchdog_registration (97/100)...
Proactive Stale CAS cleanup: workflow (98/100)...
Proactive Stale CAS cleanup: workstream (99/100)...
Proactive Stale CAS cleanup: workstream_transition (100/100)...
Loaders starting...
Loaders ready.
Loading object ID cache...
Warming CAS indexes...
Merging CAS indexes for 46 kinds...
CAS indexes warmed
Cache ready, starting validator...
Discovery starting...
Starting discovery across 100 kinds...
Validating 8953 objects (from docs/process/ via object ID cache)...
Progress: [=========                                         ] 19.0% (1698/8953, queue: 7232) 1.7k/s (validating, workers: 16, goroutines: 23) - 1s
Progress: [===================                               ] 38.3% (3431/8953, queue: 5489) 1.7k/s (validating, workers: 16, goroutines: 33) - 2s
Progress: [==============================                    ] 60.6% (5426/8953, queue: 3494) 1.8k/s (validating, workers: 16, goroutines: 33) - 3s
Progress: [==========================================        ] 85.2% (7631/8953, queue: 1305) 1.9k/s (validating, workers: 16, goroutines: 17) - 4s
Progress: [================================================= ] 99.7% (8926/8953, queue: 0) 1.9k/s (draining in-flight, workers: 16) - 5s
Progress: [================================================= ] 100.0% (8952/8953, queue: 0) 1.8k/s (draining in-flight, workers: 16) - 5s
Progress: [==================================================] 100.0% (8953/8953, queue: 0) 1.3k/s (completed) - 7s

Validation completed: 8953/8953 objects (8953 succeeded, 0 failed)

--- run 2026-09-04T23:40:00Z ---
System check starting...
Preparing loaders and cache...
Proactive Stale CAS cleanup starting...
Proactive Stale CAS cleanup: cleaning 100 kinds (timeout 2m0s)...
Proactive Stale CAS cleanup: account (1/100)...
Proactive Stale CAS cleanup: agent_architecture (2/100)...
Proactive Stale CAS cleanup: agent_feed (3/100)...
Proactive Stale CAS cleanup: agent_onboarding_preparation (4/100)...
Proactive Stale CAS cleanup: agent_skill (5/100)...
Proactive Stale CAS cleanup: agent_task (6/100)...
Proactive Stale CAS cleanup: api_spec (7/100)...
Proactive Stale CAS cleanup: auth_strategy (8/100)...
Proactive Stale CAS cleanup: base_sampler (10/100)...
Proactive Stale CAS cleanup: backlog_item (9/100)...
Proactive Stale CAS cleanup: brand (11/100)...
Proactive Stale CAS cleanup: capacity_advertisement (14/100)...
Proactive Stale CAS cleanup: bucketing_strategy (12/100)...
Proactive Stale CAS cleanup: capability (13/100)...
Proactive Stale CAS cleanup: command_spec (16/100)...
Proactive Stale CAS cleanup: certificate (15/100)...
Proactive Stale CAS cleanup: compute_advertisement (18/100)...
Proactive Stale CAS cleanup: component (17/100)...
Proactive Stale CAS cleanup: context_refresh_schedule (19/100)...
Proactive Stale CAS cleanup: convergence_session (20/100)...
Proactive Stale CAS cleanup: corporate_initiative (21/100)...
Proactive Stale CAS cleanup: criteria (22/100)...
Proactive Stale CAS cleanup: decision (23/100)...
Proactive Stale CAS cleanup: department (24/100)...
Proactive Stale CAS cleanup: digital_asset (25/100)...
Proactive Stale CAS cleanup: division (26/100)...
Proactive Stale CAS cleanup: doc_entry (27/100)...
Proactive Stale CAS cleanup: domain_registry (28/100)...
Proactive Stale CAS cleanup: evolution_management (29/100)...
Proactive Stale CAS cleanup: fission_event (31/100)...
Proactive Stale CAS cleanup: field_registry (30/100)...
Proactive Stale CAS cleanup: glossary_term (32/100)...
Proactive Stale CAS cleanup: glossary_term_relation (33/100)...
Proactive Stale CAS cleanup: goal (34/100)...
Proactive Stale CAS cleanup: import_tracking (35/100)...
Proactive Stale CAS cleanup: important_date (36/100)...
Proactive Stale CAS cleanup: inference_heuristic (37/100)...
Proactive Stale CAS cleanup: keystore_entry (38/100)...
Proactive Stale CAS cleanup: kind_synonym (39/100)...
Proactive Stale CAS cleanup: list_metric_sampler (41/100)...
Proactive Stale CAS cleanup: library (40/100)...
Proactive Stale CAS cleanup: mcp_spec (42/100)...
Proactive Stale CAS cleanup: metrics_feedback (44/100)...
Proactive Stale CAS cleanup: metadata_package (43/100)...
Proactive Stale CAS cleanup: milestone (45/100)...
Proactive Stale CAS cleanup: mission (46/100)...
Proactive Stale CAS cleanup: namespace (47/100)...
Proactive Stale CAS cleanup: namespace_registry (48/100)...
Proactive Stale CAS cleanup: object_spec (49/100)...
Proactive Stale CAS cleanup: ordered_list_metric_sampler (50/100)...
Proactive Stale CAS cleanup: organization (51/100)...
Proactive Stale CAS cleanup: organizational_change (52/100)...
Proactive Stale CAS cleanup: partnership (53/100)...
Proactive Stale CAS cleanup: persona (54/100)...
Proactive Stale CAS cleanup: pipeline (55/100)...
Proactive Stale CAS cleanup: pipeline_definition (56/100)...
Proactive Stale CAS cleanup: pipeline_stage (58/100)...
Proactive Stale CAS cleanup: pipeline_execution (57/100)...
Proactive Stale CAS cleanup: policy (59/100)...
Proactive Stale CAS cleanup: priority_plan (60/100)...
Proactive Stale CAS cleanup: process_hygiene_rule (61/100)...
Proactive Stale CAS cleanup: provider_profile (63/100)...
Proactive Stale CAS cleanup: prompt_template (62/100)...
Proactive Stale CAS cleanup: qa_success (64/100)...
Proactive Stale CAS cleanup: question (65/100)...
Proactive Stale CAS cleanup: release (66/100)...
Proactive Stale CAS cleanup: remote_kernel (67/100)...
Proactive Stale CAS cleanup: requirement (68/100)...
Proactive Stale CAS cleanup: resolver (69/100)...
Proactive Stale CAS cleanup: risk_blocker (70/100)...
Proactive Stale CAS cleanup: roadmap (71/100)...
Proactive Stale CAS cleanup: role (72/100)...
Proactive Stale CAS cleanup: rollback_report (73/100)...
Proactive Stale CAS cleanup: sampler_profile (75/100)...
Proactive Stale CAS cleanup: rule (74/100)...
Proactive Stale CAS cleanup: scalar_metric_sampler (76/100)...
Proactive Stale CAS cleanup: scenario (77/100)...
Proactive Stale CAS cleanup: scheduler_handler_binding (78/100)...
Proactive Stale CAS cleanup: shockwave_router (79/100)...
Proactive Stale CAS cleanup: status_history_metric_sampler (81/100)...
Proactive Stale CAS cleanup: stakeholder_profile (80/100)...
Proactive Stale CAS cleanup: strategic_context (82/100)...
Proactive Stale CAS cleanup: strategic_plan (83/100)...
Proactive Stale CAS cleanup: team (84/100)...
Proactive Stale CAS cleanup: team_configuration (85/100)...
Proactive Stale CAS cleanup: technical_debt (86/100)...
Proactive Stale CAS cleanup: technical_spec (87/100)...
Proactive Stale CAS cleanup: template (88/100)...
Proactive Stale CAS cleanup: test_case (89/100)...
Proactive Stale CAS cleanup: translation_manifest (91/100)...
Proactive Stale CAS cleanup: test_command_rule (90/100)...
Proactive Stale CAS cleanup: validation_rule (92/100)...
Proactive Stale CAS cleanup: vitality_report (95/100)...
Proactive Stale CAS cleanup: vision (93/100)...
Proactive Stale CAS cleanup: visual_plan (94/100)...
Proactive Stale CAS cleanup: vocabulary_scheme (96/100)...
Proactive Stale CAS cleanup: watchdog_registration (97/100)...
Proactive Stale CAS cleanup: workflow (98/100)...
Proactive Stale CAS cleanup: workstream (99/100)...
Proactive Stale CAS cleanup: workstream_transition (100/100)...
Loaders starting...
Loaders ready.
Loading object ID cache...
Warming CAS indexes...
Merging CAS indexes for 46 kinds...
CAS indexes warmed
Cache ready, starting validator...
Discovery starting...
Starting discovery across 100 kinds...
Validating 8953 objects (from docs/process/ via object ID cache)...
Progress: [==                                                ] 5.9% (525/8953, queue: 8396) 522/s (validating, workers: 16, goroutines: 33) - 1s
Progress: [=====                                             ] 10.1% (900/8953, queue: 8031) 449/s (validating, workers: 16, goroutines: 23) - 2s
Progress: [=============                                     ] 26.7% (2393/8953, queue: 6535) 796/s (validating, workers: 16, goroutines: 26) - 3s
Progress: [==========================                        ] 53.2% (4764/8953, queue: 4173) 1.2k/s (validating, workers: 16, goroutines: 17) - 4s
Progress: [==================================                ] 69.5% (6225/8953, queue: 2706) 1.2k/s (validating, workers: 16, goroutines: 23) - 5s
Progress: [==============================================    ] 92.2% (8252/8953, queue: 685) 1.4k/s (validating, workers: 16, goroutines: 23) - 6s
Progress: [================================================= ] 99.8% (8937/8953, queue: 0) 1.4k/s (draining in-flight, workers: 16) - 6s
Progress: [==================================================] 100.0% (8953/8953, queue: 0) 1.1k/s (completed) - 8s

Validation completed: 8953/8953 objects (8953 succeeded, 0 failed)

--- run 2026-09-04T23:45:00Z ---
System check starting...
Preparing loaders and cache...
Proactive Stale CAS cleanup starting...
Proactive Stale CAS cleanup: cleaning 100 kinds (timeout 2m0s)...
Proactive Stale CAS cleanup: agent_architecture (2/100)...
Proactive Stale CAS cleanup: account (1/100)...
Proactive Stale CAS cleanup: agent_onboarding_preparation (4/100)...
Proactive Stale CAS cleanup: agent_feed (3/100)...
Proactive Stale CAS cleanup: agent_skill (5/100)...
Proactive Stale CAS cleanup: agent_task (6/100)...
Proactive Stale CAS cleanup: api_spec (7/100)...
Proactive Stale CAS cleanup: auth_strategy (8/100)...
Proactive Stale CAS cleanup: base_sampler (10/100)...
Proactive Stale CAS cleanup: backlog_item (9/100)...
Proactive Stale CAS cleanup: brand (11/100)...
Proactive Stale CAS cleanup: capability (13/100)...
Proactive Stale CAS cleanup: bucketing_strategy (12/100)...
Proactive Stale CAS cleanup: capacity_advertisement (14/100)...
Proactive Stale CAS cleanup: command_spec (16/100)...
Proactive Stale CAS cleanup: certificate (15/100)...
Proactive Stale CAS cleanup: compute_advertisement (18/100)...
Proactive Stale CAS cleanup: component (17/100)...
Proactive Stale CAS cleanup: context_refresh_schedule (19/100)...
Proactive Stale CAS cleanup: convergence_session (20/100)...
Proactive Stale CAS cleanup: corporate_initiative (21/100)...
Proactive Stale CAS cleanup: criteria (22/100)...
Proactive Stale CAS cleanup: decision (23/100)...
Proactive Stale CAS cleanup: department (24/100)...
Proactive Stale CAS cleanup: digital_asset (25/100)...
Proactive Stale CAS cleanup: division (26/100)...
Proactive Stale CAS cleanup: doc_entry (27/100)...
Proactive Stale CAS cleanup: domain_registry (28/100)...
Proactive Stale CAS cleanup: fission_event (31/100)...
Proactive Stale CAS cleanup: evolution_management (29/100)...
Proactive Stale CAS cleanup: field_registry (30/100)...
Proactive Stale CAS cleanup: glossary_term (32/100)...
Proactive Stale CAS cleanup: glossary_term_relation (33/100)...
Proactive Stale CAS cleanup: goal (34/100)...
Proactive Stale CAS cleanup: import_tracking (35/100)...
Proactive Stale CAS cleanup: inference_heuristic (37/100)...
Proactive Stale CAS cleanup: important_date (36/100)...
Proactive Stale CAS cleanup: keystore_entry (38/100)...
Proactive Stale CAS cleanup: kind_synonym (39/100)...
Proactive Stale CAS cleanup: list_metric_sampler (41/100)...
Proactive Stale CAS cleanup: library (40/100)...
Proactive Stale CAS cleanup: mcp_spec (42/100)...
Proactive Stale CAS cleanup: metrics_feedback (44/100)...
Proactive Stale CAS cleanup: metadata_package (43/100)...
Proactive Stale CAS cleanup: milestone (45/100)...
Proactive Stale CAS cleanup: mission (46/100)...
Proactive Stale CAS cleanup: namespace (47/100)...
Proactive Stale CAS cleanup: namespace_registry (48/100)...
Proactive Stale CAS cleanup: object_spec (49/100)...
Proactive Stale CAS cleanup: ordered_list_metric_sampler (50/100)...
Proactive Stale CAS cleanup: organization (51/100)...
Proactive Stale CAS cleanup: organizational_change (52/100)...
Proactive Stale CAS cleanup: partnership (53/100)...
Proactive Stale CAS cleanup: persona (54/100)...
Proactive Stale CAS cleanup: pipeline (55/100)...
Proactive Stale CAS cleanup: pipeline_definition (56/100)...
Proactive Stale CAS cleanup: pipeline_stage (58/100)...
Proactive Stale CAS cleanup: pipeline_execution (57/100)...
Proactive Stale CAS cleanup: policy (59/100)...
Proactive Stale CAS cleanup: priority_plan (60/100)...
Proactive Stale CAS cleanup: process_hygiene_rule (61/100)...
Proactive Stale CAS cleanup: provider_profile (63/100)...
Proactive Stale CAS cleanup: prompt_template (62/100)...
Proactive Stale CAS cleanup: qa_success (64/100)...
Proactive Stale CAS cleanup: question (65/100)...
Proactive Stale CAS cleanup: remote_kernel (67/100)...
Proactive Stale CAS cleanup: release (66/100)...
Proactive Stale CAS cleanup: requirement (68/100)...
Proactive Stale CAS cleanup: resolver (69/100)...
Proactive Stale CAS cleanup: risk_blocker (70/100)...
Proactive Stale CAS cleanup: roadmap (71/100)...
Proactive Stale CAS cleanup: role (72/100)...
Proactive Stale CAS cleanup: rollback_report (73/100)...
Proactive Stale CAS cleanup: scalar_metric_sampler (76/100)...
Proactive Stale CAS cleanup: rule (74/100)...
Proactive Stale CAS cleanup: sampler_profile (75/100)...
Proactive Stale CAS cleanup: scenario (77/100)...
Proactive Stale CAS cleanup: scheduler_handler_binding (78/100)...
Proactive Stale CAS cleanup: shockwave_router (79/100)...
Proactive Stale CAS cleanup: status_history_metric_sampler (81/100)...
Proactive Stale CAS cleanup: stakeholder_profile (80/100)...
Proactive Stale CAS cleanup: strategic_context (82/100)...
Proactive Stale CAS cleanup: strategic_plan (83/100)...
Proactive Stale CAS cleanup: team (84/100)...
Proactive Stale CAS cleanup: team_configuration (85/100)...
Proactive Stale CAS cleanup: technical_debt (86/100)...
Proactive Stale CAS cleanup: technical_spec (87/100)...
Proactive Stale CAS cleanup: template (88/100)...
Proactive Stale CAS cleanup: test_case (89/100)...
Proactive Stale CAS cleanup: translation_manifest (91/100)...
Proactive Stale CAS cleanup: test_command_rule (90/100)...
Proactive Stale CAS cleanup: validation_rule (92/100)...
Proactive Stale CAS cleanup: vision (93/100)...
Proactive Stale CAS cleanup: vitality_report (95/100)...
Proactive Stale CAS cleanup: visual_plan (94/100)...
Proactive Stale CAS cleanup: vocabulary_scheme (96/100)...
Proactive Stale CAS cleanup: watchdog_registration (97/100)...
Proactive Stale CAS cleanup: workflow (98/100)...
Proactive Stale CAS cleanup: workstream (99/100)...
Proactive Stale CAS cleanup: workstream_transition (100/100)...
Loaders starting...
Loaders ready.
Loading object ID cache...
Warming CAS indexes...
Merging CAS indexes for 46 kinds...
CAS indexes warmed
Cache ready, starting validator...
Discovery starting...
Starting discovery across 100 kinds...
Validating 8953 objects (from docs/process/ via object ID cache)...
Progress: [===                                               ] 6.7% (597/8953, queue: 8324) 581/s (validating, workers: 16, goroutines: 33) - 1s
Progress: [=========                                         ] 18.6% (1665/8953, queue: 7258) 821/s (validating, workers: 16, goroutines: 28) - 2s
Progress: [======================                            ] 44.3% (3964/8953, queue: 4973) 1.3k/s (validating, workers: 16, goroutines: 17) - 3s
Progress: [===================================               ] 71.5% (6401/8953, queue: 2520) 1.6k/s (validating, workers: 16, goroutines: 25) - 4s
Progress: [================================================= ] 99.8% (8931/8953, queue: 0) 1.8k/s (draining in-flight, workers: 16) - 5s
Progress: [================================================= ] 99.9% (8944/8953, queue: 0) 1.8k/s (draining in-flight, workers: 16) - 5s
Progress: [==================================================] 100.0% (8953/8953, queue: 0) 1.2k/s (completed) - 7s

Validation completed: 8953/8953 objects (8953 succeeded, 0 failed)

--- run 2026-09-04T23:50:00Z ---
System check starting...
Preparing loaders and cache...
Proactive Stale CAS cleanup starting...
Proactive Stale CAS cleanup: cleaning 100 kinds (timeout 2m0s)...
Proactive Stale CAS cleanup: account (1/100)...
Proactive Stale CAS cleanup: agent_architecture (2/100)...
Proactive Stale CAS cleanup: agent_feed (3/100)...
Proactive Stale CAS cleanup: agent_onboarding_preparation (4/100)...
Proactive Stale CAS cleanup: agent_skill (5/100)...
Proactive Stale CAS cleanup: agent_task (6/100)...
Proactive Stale CAS cleanup: api_spec (7/100)...
Proactive Stale CAS cleanup: auth_strategy (8/100)...
Proactive Stale CAS cleanup: base_sampler (10/100)...
Proactive Stale CAS cleanup: backlog_item (9/100)...
Proactive Stale CAS cleanup: brand (11/100)...
Proactive Stale CAS cleanup: bucketing_strategy (12/100)...
Proactive Stale CAS cleanup: capacity_advertisement (14/100)...
Proactive Stale CAS cleanup: capability (13/100)...
Proactive Stale CAS cleanup: command_spec (16/100)...
Proactive Stale CAS cleanup: certificate (15/100)...
Proactive Stale CAS cleanup: compute_advertisement (18/100)...
Proactive Stale CAS cleanup: component (17/100)...
Proactive Stale CAS cleanup: context_refresh_schedule (19/100)...
Proactive Stale CAS cleanup: convergence_session (20/100)...
Proactive Stale CAS cleanup: corporate_initiative (21/100)...
Proactive Stale CAS cleanup: criteria (22/100)...
Proactive Stale CAS cleanup: decision (23/100)...
Proactive Stale CAS cleanup: department (24/100)...
Proactive Stale CAS cleanup: digital_asset (25/100)...
Proactive Stale CAS cleanup: division (26/100)...
Proactive Stale CAS cleanup: doc_entry (27/100)...
Proactive Stale CAS cleanup: domain_registry (28/100)...
Proactive Stale CAS cleanup: fission_event (31/100)...
Proactive Stale CAS cleanup: evolution_management (29/100)...
Proactive Stale CAS cleanup: field_registry (30/100)...
Proactive Stale CAS cleanup: glossary_term (32/100)...
Proactive Stale CAS cleanup: glossary_term_relation (33/100)...
Proactive Stale CAS cleanup: goal (34/100)...
Proactive Stale CAS cleanup: import_tracking (35/100)...
Proactive Stale CAS cleanup: important_date (36/100)...
Proactive Stale CAS cleanup: inference_heuristic (37/100)...
Proactive Stale CAS cleanup: keystore_entry (38/100)...
Proactive Stale CAS cleanup: kind_synonym (39/100)...
Proactive Stale CAS cleanup: list_metric_sampler (41/100)...
Proactive Stale CAS cleanup: library (40/100)...
Proactive Stale CAS cleanup: mcp_spec (42/100)...
Proactive Stale CAS cleanup: metrics_feedback (44/100)...
Proactive Stale CAS cleanup: metadata_package (43/100)...
Proactive Stale CAS cleanup: milestone (45/100)...
Proactive Stale CAS cleanup: mission (46/100)...
Proactive Stale CAS cleanup: namespace (47/100)...
Proactive Stale CAS cleanup: namespace_registry (48/100)...
Proactive Stale CAS cleanup: ordered_list_metric_sampler (50/100)...
Proactive Stale CAS cleanup: object_spec (49/100)...
Proactive Stale CAS cleanup: organization (51/100)...
Proactive Stale CAS cleanup: organizational_change (52/100)...
Proactive Stale CAS cleanup: partnership (53/100)...
Proactive Stale CAS cleanup: persona (54/100)...
Proactive Stale CAS cleanup: pipeline (55/100)...
Proactive Stale CAS cleanup: pipeline_definition (56/100)...
Proactive Stale CAS cleanup: pipeline_stage (58/100)...
Proactive Stale CAS cleanup: pipeline_execution (57/100)...
Proactive Stale CAS cleanup: policy (59/100)...
Proactive Stale CAS cleanup: process_hygiene_rule (61/100)...
Proactive Stale CAS cleanup: priority_plan (60/100)...
Proactive Stale CAS cleanup: provider_profile (63/100)...
Proactive Stale CAS cleanup: prompt_template (62/100)...
Proactive Stale CAS cleanup: qa_success (64/100)...
Proactive Stale CAS cleanup: question (65/100)...
Proactive Stale CAS cleanup: remote_kernel (67/100)...
Proactive Stale CAS cleanup: release (66/100)...
Proactive Stale CAS cleanup: requirement (68/100)...
Proactive Stale CAS cleanup: resolver (69/100)...
Proactive Stale CAS cleanup: risk_blocker (70/100)...
Proactive Stale CAS cleanup: roadmap (71/100)...
Proactive Stale CAS cleanup: role (72/100)...
Proactive Stale CAS cleanup: rollback_report (73/100)...
Proactive Stale CAS cleanup: scalar_metric_sampler (76/100)...
Proactive Stale CAS cleanup: rule (74/100)...
Proactive Stale CAS cleanup: sampler_profile (75/100)...
Proactive Stale CAS cleanup: scenario (77/100)...
Proactive Stale CAS cleanup: scheduler_handler_binding (78/100)...
Proactive Stale CAS cleanup: shockwave_router (79/100)...
Proactive Stale CAS cleanup: stakeholder_profile (80/100)...
Proactive Stale CAS cleanup: status_history_metric_sampler (81/100)...
Proactive Stale CAS cleanup: strategic_context (82/100)...
Proactive Stale CAS cleanup: strategic_plan (83/100)...
Proactive Stale CAS cleanup: team (84/100)...
Proactive Stale CAS cleanup: team_configuration (85/100)...
Proactive Stale CAS cleanup: technical_debt (86/100)...
Proactive Stale CAS cleanup: technical_spec (87/100)...
Proactive Stale CAS cleanup: template (88/100)...
Proactive Stale CAS cleanup: test_case (89/100)...
Proactive Stale CAS cleanup: translation_manifest (91/100)...
Proactive Stale CAS cleanup: test_command_rule (90/100)...
Proactive Stale CAS cleanup: validation_rule (92/100)...
Proactive Stale CAS cleanup: visual_plan (94/100)...
Proactive Stale CAS cleanup: vision (93/100)...
Proactive Stale CAS cleanup: vitality_report (95/100)...
Proactive Stale CAS cleanup: vocabulary_scheme (96/100)...
Proactive Stale CAS cleanup: watchdog_registration (97/100)...
Proactive Stale CAS cleanup: workflow (98/100)...
Proactive Stale CAS cleanup: workstream (99/100)...
Proactive Stale CAS cleanup: workstream_transition (100/100)...
Loaders starting...
Loaders ready.
Loading object ID cache...
Warming CAS indexes...
Merging CAS indexes for 46 kinds...
CAS indexes warmed
Cache ready, starting validator...
Discovery starting...
Starting discovery across 100 kinds...
Validating 8923 objects (from docs/process/ via object ID cache)...
Progress: [==                                                ] 5.3% (471/8923, queue: 8420) 469/s (validating, workers: 16, goroutines: 33) - 1s
Progress: [==                                                ] 5.8% (514/8923, queue: 8377) 256/s (validating, workers: 16, goroutines: 33) - 2s
Progress: [====                                              ] 9.2% (819/8923, queue: 8084) 273/s (validating, workers: 16, goroutines: 21) - 3s
Progress: [===========                                       ] 22.2% (1984/8923, queue: 6912) 495/s (validating, workers: 16, goroutines: 28) - 4s
Progress: [===================                               ] 38.9% (3472/8923, queue: 5435) 694/s (validating, workers: 16, goroutines: 17) - 5s
Progress: [============================                      ] 58.0% (5173/8923, queue: 3718) 861/s (validating, workers: 16, goroutines: 27) - 6s
Progress: [======================================            ] 76.2% (6803/8923, queue: 2104) 971/s (validating, workers: 16, goroutines: 17) - 7s
Progress: [================================================= ] 98.6% (8798/8923, queue: 107) 1.1k/s (validating, workers: 16, goroutines: 21) - 8s
Progress: [================================================= ] 99.8% (8906/8923, queue: 0) 1.1k/s (draining in-flight, workers: 16) - 8s
Progress: [==================================================] 100.0% (8923/8923, queue: 0) 874/s (completed) - 10s

Validation completed: 8923/8923 objects (8923 succeeded, 0 failed)

--- run 2026-09-04T23:55:00Z ---
System check starting...
Preparing loaders and cache...
Proactive Stale CAS cleanup starting...
Proactive Stale CAS cleanup: cleaning 100 kinds (timeout 2m0s)...
Proactive Stale CAS cleanup: account (1/100)...
Proactive Stale CAS cleanup: agent_architecture (2/100)...
Proactive Stale CAS cleanup: agent_feed (3/100)...
Proactive Stale CAS cleanup: agent_onboarding_preparation (4/100)...
Proactive Stale CAS cleanup: agent_skill (5/100)...
Proactive Stale CAS cleanup: agent_task (6/100)...
Proactive Stale CAS cleanup: api_spec (7/100)...
Proactive Stale CAS cleanup: auth_strategy (8/100)...
Proactive Stale CAS cleanup: base_sampler (10/100)...
Proactive Stale CAS cleanup: backlog_item (9/100)...
Proactive Stale CAS cleanup: brand (11/100)...
Proactive Stale CAS cleanup: bucketing_strategy (12/100)...
Proactive Stale CAS cleanup: capacity_advertisement (14/100)...
Proactive Stale CAS cleanup: capability (13/100)...
Proactive Stale CAS cleanup: command_spec (16/100)...
Proactive Stale CAS cleanup: certificate (15/100)...
Proactive Stale CAS cleanup: compute_advertisement (18/100)...
Proactive Stale CAS cleanup: component (17/100)...
Proactive Stale CAS cleanup: context_refresh_schedule (19/100)...
Proactive Stale CAS cleanup: convergence_session (20/100)...
Proactive Stale CAS cleanup: corporate_initiative (21/100)...
Proactive Stale CAS cleanup: criteria (22/100)...
Proactive Stale CAS cleanup: decision (23/100)...
Proactive Stale CAS cleanup: department (24/100)...
Proactive Stale CAS cleanup: digital_asset (25/100)...
Proactive Stale CAS cleanup: division (26/100)...
Proactive Stale CAS cleanup: doc_entry (27/100)...
Proactive Stale CAS cleanup: domain_registry (28/100)...
Proactive Stale CAS cleanup: evolution_management (29/100)...
Proactive Stale CAS cleanup: fission_event (31/100)...
Proactive Stale CAS cleanup: field_registry (30/100)...
Proactive Stale CAS cleanup: glossary_term (32/100)...
Proactive Stale CAS cleanup: glossary_term_relation (33/100)...
Proactive Stale CAS cleanup: goal (34/100)...
Proactive Stale CAS cleanup: import_tracking (35/100)...
Proactive Stale CAS cleanup: important_date (36/100)...
Proactive Stale CAS cleanup: inference_heuristic (37/100)...
Proactive Stale CAS cleanup: keystore_entry (38/100)...
Proactive Stale CAS cleanup: kind_synonym (39/100)...
Proactive Stale CAS cleanup: list_metric_sampler (41/100)...
Proactive Stale CAS cleanup: library (40/100)...
Proactive Stale CAS cleanup: mcp_spec (42/100)...
Proactive Stale CAS cleanup: metadata_package (43/100)...
Proactive Stale CAS cleanup: metrics_feedback (44/100)...
Proactive Stale CAS cleanup: milestone (45/100)...
Proactive Stale CAS cleanup: mission (46/100)...
Proactive Stale CAS cleanup: namespace (47/100)...
Proactive Stale CAS cleanup: namespace_registry (48/100)...
Proactive Stale CAS cleanup: ordered_list_metric_sampler (50/100)...
Proactive Stale CAS cleanup: object_spec (49/100)...
Proactive Stale CAS cleanup: organization (51/100)...
Proactive Stale CAS cleanup: organizational_change (52/100)...
Proactive Stale CAS cleanup: partnership (53/100)...
Proactive Stale CAS cleanup: persona (54/100)...
Proactive Stale CAS cleanup: pipeline (55/100)...
Proactive Stale CAS cleanup: pipeline_definition (56/100)...
Proactive Stale CAS cleanup: pipeline_stage (58/100)...
Proactive Stale CAS cleanup: pipeline_execution (57/100)...
Proactive Stale CAS cleanup: policy (59/100)...
Proactive Stale CAS cleanup: process_hygiene_rule (61/100)...
Proactive Stale CAS cleanup: priority_plan (60/100)...
Proactive Stale CAS cleanup: prompt_template (62/100)...
Proactive Stale CAS cleanup: provider_profile (63/100)...
Proactive Stale CAS cleanup: qa_success (64/100)...
Proactive Stale CAS cleanup: question (65/100)...
Proactive Stale CAS cleanup: remote_kernel (67/100)...
Proactive Stale CAS cleanup: release (66/100)...
Proactive Stale CAS cleanup: requirement (68/100)...
Proactive Stale CAS cleanup: resolver (69/100)...
Proactive Stale CAS cleanup: risk_blocker (70/100)...
Proactive Stale CAS cleanup: roadmap (71/100)...
Proactive Stale CAS cleanup: role (72/100)...
Proactive Stale CAS cleanup: rollback_report (73/100)...
Proactive Stale CAS cleanup: scalar_metric_sampler (76/100)...
Proactive Stale CAS cleanup: rule (74/100)...
Proactive Stale CAS cleanup: sampler_profile (75/100)...
Proactive Stale CAS cleanup: scenario (77/100)...
Proactive Stale CAS cleanup: scheduler_handler_binding (78/100)...
Proactive Stale CAS cleanup: shockwave_router (79/100)...
Proactive Stale CAS cleanup: stakeholder_profile (80/100)...
Proactive Stale CAS cleanup: status_history_metric_sampler (81/100)...
Proactive Stale CAS cleanup: strategic_context (82/100)...
Proactive Stale CAS cleanup: strategic_plan (83/100)...
Proactive Stale CAS cleanup: team (84/100)...
Proactive Stale CAS cleanup: team_configuration (85/100)...
Proactive Stale CAS cleanup: technical_debt (86/100)...
Proactive Stale CAS cleanup: technical_spec (87/100)...
Proactive Stale CAS cleanup: template (88/100)...
Proactive Stale CAS cleanup: test_case (89/100)...
Proactive Stale CAS cleanup: translation_manifest (91/100)...
Proactive Stale CAS cleanup: test_command_rule (90/100)...
Proactive Stale CAS cleanup: validation_rule (92/100)...
Proactive Stale CAS cleanup: visual_plan (94/100)...
Proactive Stale CAS cleanup: vision (93/100)...
Proactive Stale CAS cleanup: vitality_report (95/100)...
Proactive Stale CAS cleanup: vocabulary_scheme (96/100)...
Proactive Stale CAS cleanup: watchdog_registration (97/100)...
Proactive Stale CAS cleanup: workflow (98/100)...
Proactive Stale CAS cleanup: workstream (99/100)...
Proactive Stale CAS cleanup: workstream_transition (100/100)...
Loaders starting...
Loaders ready.
Loading object ID cache...
Warming CAS indexes...
Merging CAS indexes for 46 kinds...
CAS indexes warmed
Cache ready, starting validator...
Discovery starting...
Starting discovery across 100 kinds...
Validating 8923 objects (from docs/process/ via object ID cache)...
Progress: [===                                               ] 6.2% (551/8923, queue: 8340) 548/s (validating, workers: 16, goroutines: 33) - 1s
Progress: [=======                                           ] 14.6% (1303/8923, queue: 7603) 649/s (validating, workers: 16, goroutines: 18) - 2s
Progress: [===============                                   ] 30.4% (2710/8923, queue: 6190) 901/s (validating, workers: 16, goroutines: 24) - 3s
Progress: [========================                          ] 48.7% (4345/8923, queue: 4562) 1.1k/s (validating, workers: 16, goroutines: 17) - 4s
Progress: [===============================                   ] 63.5% (5663/8923, queue: 3228) 1.1k/s (validating, workers: 16, goroutines: 33) - 5s
Progress: [========================================          ] 80.1% (7146/8923, queue: 1761) 1.2k/s (validating, workers: 16, goroutines: 17) - 6s
Progress: [================================================= ] 99.7% (8897/8923, queue: 0) 1.3k/s (draining in-flight, workers: 16) - 7s
Progress: [==================================================] 100.0% (8923/8923, queue: 0) 1.1k/s (completed) - 8s

Validation completed: 8923/8923 objects (8923 succeeded, 0 failed)

--- run 2026-09-05T00:00:03Z ---
System check starting...
Preparing loaders and cache...
Proactive Stale CAS cleanup starting...
Proactive Stale CAS cleanup: cleaning 100 kinds (timeout 2m0s)...
Proactive Stale CAS cleanup: account (1/100)...
Proactive Stale CAS cleanup: agent_architecture (2/100)...
Proactive Stale CAS cleanup: agent_feed (3/100)...
Proactive Stale CAS cleanup: agent_onboarding_preparation (4/100)...
Proactive Stale CAS cleanup: agent_skill (5/100)...
Proactive Stale CAS cleanup: agent_task (6/100)...
Proactive Stale CAS cleanup: api_spec (7/100)...
Proactive Stale CAS cleanup: auth_strategy (8/100)...
Proactive Stale CAS cleanup: backlog_item (9/100)...
Proactive Stale CAS cleanup: base_sampler (10/100)...
Proactive Stale CAS cleanup: brand (11/100)...
Proactive Stale CAS cleanup: capability (13/100)...
Proactive Stale CAS cleanup: bucketing_strategy (12/100)...
Proactive Stale CAS cleanup: capacity_advertisement (14/100)...
Proactive Stale CAS cleanup: certificate (15/100)...
Proactive Stale CAS cleanup: command_spec (16/100)...
Proactive Stale CAS cleanup: component (17/100)...
Proactive Stale CAS cleanup: compute_advertisement (18/100)...
Proactive Stale CAS cleanup: context_refresh_schedule (19/100)...
Proactive Stale CAS cleanup: convergence_session (20/100)...
Proactive Stale CAS cleanup: corporate_initiative (21/100)...
Proactive Stale CAS cleanup: criteria (22/100)...
Proactive Stale CAS cleanup: decision (23/100)...
Proactive Stale CAS cleanup: department (24/100)...
Proactive Stale CAS cleanup: digital_asset (25/100)...
Proactive Stale CAS cleanup: division (26/100)...
Proactive Stale CAS cleanup: doc_entry (27/100)...
Proactive Stale CAS cleanup: domain_registry (28/100)...
Proactive Stale CAS cleanup: evolution_management (29/100)...
Proactive Stale CAS cleanup: fission_event (31/100)...
Proactive Stale CAS cleanup: field_registry (30/100)...
Proactive Stale CAS cleanup: glossary_term (32/100)...
Proactive Stale CAS cleanup: glossary_term_relation (33/100)...
Proactive Stale CAS cleanup: goal (34/100)...
Proactive Stale CAS cleanup: import_tracking (35/100)...
Proactive Stale CAS cleanup: inference_heuristic (37/100)...
Proactive Stale CAS cleanup: important_date (36/100)...
Proactive Stale CAS cleanup: keystore_entry (38/100)...
Proactive Stale CAS cleanup: kind_synonym (39/100)...
Proactive Stale CAS cleanup: list_metric_sampler (41/100)...
Proactive Stale CAS cleanup: library (40/100)...
Proactive Stale CAS cleanup: mcp_spec (42/100)...
Proactive Stale CAS cleanup: metrics_feedback (44/100)...
Proactive Stale CAS cleanup: metadata_package (43/100)...
Proactive Stale CAS cleanup: milestone (45/100)...
Proactive Stale CAS cleanup: mission (46/100)...
Proactive Stale CAS cleanup: namespace (47/100)...
Proactive Stale CAS cleanup: namespace_registry (48/100)...
Proactive Stale CAS cleanup: ordered_list_metric_sampler (50/100)...
Proactive Stale CAS cleanup: object_spec (49/100)...
Proactive Stale CAS cleanup: organization (51/100)...
Proactive Stale CAS cleanup: organizational_change (52/100)...
Proactive Stale CAS cleanup: partnership (53/100)...
Proactive Stale CAS cleanup: persona (54/100)...
Proactive Stale CAS cleanup: pipeline (55/100)...
Proactive Stale CAS cleanup: pipeline_definition (56/100)...
Proactive Stale CAS cleanup: pipeline_stage (58/100)...
Proactive Stale CAS cleanup: pipeline_execution (57/100)...
Proactive Stale CAS cleanup: policy (59/100)...
Proactive Stale CAS cleanup: process_hygiene_rule (61/100)...
Proactive Stale CAS cleanup: priority_plan (60/100)...
Proactive Stale CAS cleanup: provider_profile (63/100)...
Proactive Stale CAS cleanup: prompt_template (62/100)...
Proactive Stale CAS cleanup: qa_success (64/100)...
Proactive Stale CAS cleanup: question (65/100)...
Proactive Stale CAS cleanup: remote_kernel (67/100)...
Proactive Stale CAS cleanup: release (66/100)...
Proactive Stale CAS cleanup: requirement (68/100)...
Proactive Stale CAS cleanup: resolver (69/100)...
Proactive Stale CAS cleanup: risk_blocker (70/100)...
Proactive Stale CAS cleanup: roadmap (71/100)...
Proactive Stale CAS cleanup: role (72/100)...
Proactive Stale CAS cleanup: rollback_report (73/100)...
Proactive Stale CAS cleanup: scalar_metric_sampler (76/100)...
Proactive Stale CAS cleanup: rule (74/100)...
Proactive Stale CAS cleanup: sampler_profile (75/100)...
Proactive Stale CAS cleanup: scenario (77/100)...
Proactive Stale CAS cleanup: scheduler_handler_binding (78/100)...
Proactive Stale CAS cleanup: shockwave_router (79/100)...
Proactive Stale CAS cleanup: status_history_metric_sampler (81/100)...
Proactive Stale CAS cleanup: stakeholder_profile (80/100)...
Proactive Stale CAS cleanup: strategic_context (82/100)...
Proactive Stale CAS cleanup: strategic_plan (83/100)...
Proactive Stale CAS cleanup: team (84/100)...
Proactive Stale CAS cleanup: team_configuration (85/100)...
Proactive Stale CAS cleanup: technical_debt (86/100)...
Proactive Stale CAS cleanup: technical_spec (87/100)...
Proactive Stale CAS cleanup: template (88/100)...
Proactive Stale CAS cleanup: test_case (89/100)...
Proactive Stale CAS cleanup: translation_manifest (91/100)...
Proactive Stale CAS cleanup: test_command_rule (90/100)...
Proactive Stale CAS cleanup: validation_rule (92/100)...
Proactive Stale CAS cleanup: vitality_report (95/100)...
Proactive Stale CAS cleanup: vision (93/100)...
Proactive Stale CAS cleanup: visual_plan (94/100)...
Proactive Stale CAS cleanup: vocabulary_scheme (96/100)...
Proactive Stale CAS cleanup: watchdog_registration (97/100)...
Proactive Stale CAS cleanup: workflow (98/100)...
Proactive Stale CAS cleanup: workstream (99/100)...
Proactive Stale CAS cleanup: workstream_transition (100/100)...
Loaders starting...
Loading object ID cache...
Loaders ready.
Warming CAS indexes...
Merging CAS indexes for 46 kinds...
CAS indexes warmed
Cache ready, starting validator...
Discovery starting...
Starting discovery across 100 kinds...
Validating 8923 objects (from docs/process/ via object ID cache)...
Progress: [==                                                ] 5.2% (462/8923, queue: 8429) 458/s (validating, workers: 16, goroutines: 33) - 1s
Progress: [========                                          ] 16.2% (1449/8923, queue: 7443) 721/s (validating, workers: 16, goroutines: 32) - 2s
Progress: [============                                      ] 25.2% (2247/8923, queue: 6644) 747/s (validating, workers: 16, goroutines: 33) - 3s
Progress: [=================                                 ] 34.9% (3117/8923, queue: 5790) 778/s (validating, workers: 16, goroutines: 17) - 4s
Progress: [=====================                             ] 43.3% (3860/8923, queue: 5031) 771/s (validating, workers: 16, goroutines: 33) - 5s
Progress: [=============================                     ] 59.4% (5304/8923, queue: 3590) 883/s (validating, workers: 16, goroutines: 30) - 6s
Progress: [=================================                 ] 68.0% (6065/8923, queue: 2832) 865/s (validating, workers: 16, goroutines: 27) - 7s
Progress: [======================================            ] 76.4% (6816/8923, queue: 2075) 851/s (validating, workers: 16, goroutines: 33) - 8s
Progress: [==========================================        ] 84.2% (7510/8923, queue: 1383) 833/s (validating, workers: 16, goroutines: 31) - 9s
Progress: [=============================================     ] 90.6% (8080/8923, queue: 813) 807/s (validating, workers: 16, goroutines: 31) - 10s
Progress: [================================================= ] 98.1% (8753/8923, queue: 141) 795/s (validating, workers: 16, goroutines: 30) - 11s
Progress: [================================================= ] 99.7% (8892/8923, queue: 0) 795/s (draining in-flight, workers: 16) - 11s
Progress: [==================================================] 100.0% (8923/8923, queue: 0) 677/s (completed) - 13s

Validation completed: 8923/8923 objects (8923 succeeded, 0 failed)

--- run 2026-09-05T00:05:00Z ---
System check starting...
Preparing loaders and cache...
Proactive Stale CAS cleanup starting...
Proactive Stale CAS cleanup: cleaning 100 kinds (timeout 2m0s)...
Proactive Stale CAS cleanup: account (1/100)...
Proactive Stale CAS cleanup: agent_architecture (2/100)...
Proactive Stale CAS cleanup: agent_feed (3/100)...
Proactive Stale CAS cleanup: agent_onboarding_preparation (4/100)...
Proactive Stale CAS cleanup: agent_skill (5/100)...
Proactive Stale CAS cleanup: agent_task (6/100)...
Proactive Stale CAS cleanup: api_spec (7/100)...
Proactive Stale CAS cleanup: auth_strategy (8/100)...
Proactive Stale CAS cleanup: backlog_item (9/100)...
Proactive Stale CAS cleanup: base_sampler (10/100)...
Proactive Stale CAS cleanup: brand (11/100)...
Proactive Stale CAS cleanup: capability (13/100)...
Proactive Stale CAS cleanup: bucketing_strategy (12/100)...
Proactive Stale CAS cleanup: capacity_advertisement (14/100)...
Proactive Stale CAS cleanup: command_spec (16/100)...
Proactive Stale CAS cleanup: certificate (15/100)...
Proactive Stale CAS cleanup: component (17/100)...
Proactive Stale CAS cleanup: compute_advertisement (18/100)...
Proactive Stale CAS cleanup: context_refresh_schedule (19/100)...
Proactive Stale CAS cleanup: convergence_session (20/100)...
Proactive Stale CAS cleanup: corporate_initiative (21/100)...
Proactive Stale CAS cleanup: criteria (22/100)...
Proactive Stale CAS cleanup: decision (23/100)...
Proactive Stale CAS cleanup: digital_asset (25/100)...
Proactive Stale CAS cleanup: department (24/100)...
Proactive Stale CAS cleanup: division (26/100)...
Proactive Stale CAS cleanup: doc_entry (27/100)...
Proactive Stale CAS cleanup: domain_registry (28/100)...
Proactive Stale CAS cleanup: field_registry (30/100)...
Proactive Stale CAS cleanup: evolution_management (29/100)...
Proactive Stale CAS cleanup: fission_event (31/100)...
Proactive Stale CAS cleanup: glossary_term (32/100)...
Proactive Stale CAS cleanup: glossary_term_relation (33/100)...
Proactive Stale CAS cleanup: goal (34/100)...
Proactive Stale CAS cleanup: import_tracking (35/100)...
Proactive Stale CAS cleanup: inference_heuristic (37/100)...
Proactive Stale CAS cleanup: important_date (36/100)...
Proactive Stale CAS cleanup: keystore_entry (38/100)...
Proactive Stale CAS cleanup: kind_synonym (39/100)...
Proactive Stale CAS cleanup: list_metric_sampler (41/100)...
Proactive Stale CAS cleanup: library (40/100)...
Proactive Stale CAS cleanup: mcp_spec (42/100)...
Proactive Stale CAS cleanup: metrics_feedback (44/100)...
Proactive Stale CAS cleanup: metadata_package (43/100)...
Proactive Stale CAS cleanup: milestone (45/100)...
Proactive Stale CAS cleanup: mission (46/100)...
Proactive Stale CAS cleanup: namespace (47/100)...
Proactive Stale CAS cleanup: namespace_registry (48/100)...
Proactive Stale CAS cleanup: ordered_list_metric_sampler (50/100)...
Proactive Stale CAS cleanup: object_spec (49/100)...
Proactive Stale CAS cleanup: organization (51/100)...
Proactive Stale CAS cleanup: organizational_change (52/100)...
Proactive Stale CAS cleanup: partnership (53/100)...
Proactive Stale CAS cleanup: persona (54/100)...
Proactive Stale CAS cleanup: pipeline (55/100)...
Proactive Stale CAS cleanup: pipeline_definition (56/100)...
Proactive Stale CAS cleanup: pipeline_stage (58/100)...
Proactive Stale CAS cleanup: pipeline_execution (57/100)...
Proactive Stale CAS cleanup: policy (59/100)...
Proactive Stale CAS cleanup: process_hygiene_rule (61/100)...
Proactive Stale CAS cleanup: priority_plan (60/100)...
Proactive Stale CAS cleanup: prompt_template (62/100)...
Proactive Stale CAS cleanup: provider_profile (63/100)...
Proactive Stale CAS cleanup: qa_success (64/100)...
Proactive Stale CAS cleanup: question (65/100)...
Proactive Stale CAS cleanup: release (66/100)...
Proactive Stale CAS cleanup: remote_kernel (67/100)...
Proactive Stale CAS cleanup: requirement (68/100)...
Proactive Stale CAS cleanup: resolver (69/100)...
Proactive Stale CAS cleanup: risk_blocker (70/100)...
Proactive Stale CAS cleanup: roadmap (71/100)...
Proactive Stale CAS cleanup: role (72/100)...
Proactive Stale CAS cleanup: rollback_report (73/100)...
Proactive Stale CAS cleanup: sampler_profile (75/100)...
Proactive Stale CAS cleanup: rule (74/100)...
Proactive Stale CAS cleanup: scalar_metric_sampler (76/100)...
Proactive Stale CAS cleanup: scenario (77/100)...
Proactive Stale CAS cleanup: scheduler_handler_binding (78/100)...
Proactive Stale CAS cleanup: shockwave_router (79/100)...
Proactive Stale CAS cleanup: stakeholder_profile (80/100)...
Proactive Stale CAS cleanup: status_history_metric_sampler (81/100)...
Proactive Stale CAS cleanup: strategic_context (82/100)...
Proactive Stale CAS cleanup: strategic_plan (83/100)...
Proactive Stale CAS cleanup: team (84/100)...
Proactive Stale CAS cleanup: team_configuration (85/100)...
Proactive Stale CAS cleanup: technical_debt (86/100)...
Proactive Stale CAS cleanup: technical_spec (87/100)...
Proactive Stale CAS cleanup: template (88/100)...
Proactive Stale CAS cleanup: test_case (89/100)...
Proactive Stale CAS cleanup: translation_manifest (91/100)...
Proactive Stale CAS cleanup: test_command_rule (90/100)...
Proactive Stale CAS cleanup: validation_rule (92/100)...
Proactive Stale CAS cleanup: vitality_report (95/100)...
Proactive Stale CAS cleanup: visual_plan (94/100)...
Proactive Stale CAS cleanup: vision (93/100)...
Proactive Stale CAS cleanup: vocabulary_scheme (96/100)...
Proactive Stale CAS cleanup: watchdog_registration (97/100)...
Proactive Stale CAS cleanup: workflow (98/100)...
Proactive Stale CAS cleanup: workstream (99/100)...
Proactive Stale CAS cleanup: workstream_transition (100/100)...
Loaders starting...
Loaders ready.
Loading object ID cache...
Warming CAS indexes...
Merging CAS indexes for 46 kinds...
CAS indexes warmed
Cache ready, starting validator...
Discovery starting...
Starting discovery across 100 kinds...
Validating 8954 objects (from docs/process/ via object ID cache)...
Progress: [=========                                         ] 19.2% (1719/8954, queue: 7203) 1.7k/s (validating, workers: 16, goroutines: 28) - 1s
Progress: [======================                            ] 44.8% (4010/8954, queue: 4918) 2.0k/s (validating, workers: 16, goroutines: 25) - 2s
Progress: [==================================                ] 68.7% (6149/8954, queue: 2789) 2.0k/s (validating, workers: 16, goroutines: 17) - 3s
Progress: [=============================================     ] 90.8% (8131/8954, queue: 807) 2.0k/s (validating, workers: 16, goroutines: 26) - 4s
Progress: [================================================= ] 99.8% (8932/8954, queue: 0) 2.0k/s (draining in-flight, workers: 16) - 4s
Progress: [================================================= ] 100.0% (8953/8954, queue: 0) 1.8k/s (draining in-flight, workers: 16) - 5s
Progress: [==================================================] 100.0% (8954/8954, queue: 0) 1.3k/s (completed) - 7s

Validation completed: 8954/8954 objects (8954 succeeded, 0 failed)

--- run 2026-09-05T00:10:00Z ---
System check starting...
Preparing loaders and cache...
Proactive Stale CAS cleanup starting...
Proactive Stale CAS cleanup: cleaning 100 kinds (timeout 2m0s)...
Proactive Stale CAS cleanup: account (1/100)...
Proactive Stale CAS cleanup: agent_architecture (2/100)...
Proactive Stale CAS cleanup: agent_feed (3/100)...
Proactive Stale CAS cleanup: agent_onboarding_preparation (4/100)...
Proactive Stale CAS cleanup: agent_skill (5/100)...
Proactive Stale CAS cleanup: agent_task (6/100)...
Proactive Stale CAS cleanup: api_spec (7/100)...
Proactive Stale CAS cleanup: auth_strategy (8/100)...
Proactive Stale CAS cleanup: base_sampler (10/100)...
Proactive Stale CAS cleanup: backlog_item (9/100)...
Proactive Stale CAS cleanup: brand (11/100)...
Proactive Stale CAS cleanup: bucketing_strategy (12/100)...
Proactive Stale CAS cleanup: capacity_advertisement (14/100)...
Proactive Stale CAS cleanup: capability (13/100)...
Proactive Stale CAS cleanup: command_spec (16/100)...
Proactive Stale CAS cleanup: certificate (15/100)...
Proactive Stale CAS cleanup: compute_advertisement (18/100)...
Proactive Stale CAS cleanup: component (17/100)...
Proactive Stale CAS cleanup: context_refresh_schedule (19/100)...
Proactive Stale CAS cleanup: convergence_session (20/100)...
Proactive Stale CAS cleanup: corporate_initiative (21/100)...
Proactive Stale CAS cleanup: criteria (22/100)...
Proactive Stale CAS cleanup: decision (23/100)...
Proactive Stale CAS cleanup: digital_asset (25/100)...
Proactive Stale CAS cleanup: department (24/100)...
Proactive Stale CAS cleanup: division (26/100)...
Proactive Stale CAS cleanup: doc_entry (27/100)...
Proactive Stale CAS cleanup: domain_registry (28/100)...
Proactive Stale CAS cleanup: field_registry (30/100)...
Proactive Stale CAS cleanup: evolution_management (29/100)...
Proactive Stale CAS cleanup: fission_event (31/100)...
Proactive Stale CAS cleanup: glossary_term (32/100)...
Proactive Stale CAS cleanup: glossary_term_relation (33/100)...
Proactive Stale CAS cleanup: goal (34/100)...
Proactive Stale CAS cleanup: import_tracking (35/100)...
Proactive Stale CAS cleanup: important_date (36/100)...
Proactive Stale CAS cleanup: inference_heuristic (37/100)...
Proactive Stale CAS cleanup: keystore_entry (38/100)...
Proactive Stale CAS cleanup: kind_synonym (39/100)...
Proactive Stale CAS cleanup: list_metric_sampler (41/100)...
Proactive Stale CAS cleanup: library (40/100)...
Proactive Stale CAS cleanup: mcp_spec (42/100)...
Proactive Stale CAS cleanup: metrics_feedback (44/100)...
Proactive Stale CAS cleanup: metadata_package (43/100)...
Proactive Stale CAS cleanup: milestone (45/100)...
Proactive Stale CAS cleanup: mission (46/100)...
Proactive Stale CAS cleanup: namespace (47/100)...
Proactive Stale CAS cleanup: namespace_registry (48/100)...
Proactive Stale CAS cleanup: object_spec (49/100)...
Proactive Stale CAS cleanup: ordered_list_metric_sampler (50/100)...
Proactive Stale CAS cleanup: organization (51/100)...
Proactive Stale CAS cleanup: organizational_change (52/100)...
Proactive Stale CAS cleanup: partnership (53/100)...
Proactive Stale CAS cleanup: persona (54/100)...
Proactive Stale CAS cleanup: pipeline (55/100)...
Proactive Stale CAS cleanup: pipeline_definition (56/100)...
Proactive Stale CAS cleanup: pipeline_stage (58/100)...
Proactive Stale CAS cleanup: pipeline_execution (57/100)...
Proactive Stale CAS cleanup: policy (59/100)...
Proactive Stale CAS cleanup: process_hygiene_rule (61/100)...
Proactive Stale CAS cleanup: priority_plan (60/100)...
Proactive Stale CAS cleanup: prompt_template (62/100)...
Proactive Stale CAS cleanup: provider_profile (63/100)...
Proactive Stale CAS cleanup: qa_success (64/100)...
Proactive Stale CAS cleanup: question (65/100)...
Proactive Stale CAS cleanup: release (66/100)...
Proactive Stale CAS cleanup: remote_kernel (67/100)...
Proactive Stale CAS cleanup: requirement (68/100)...
Proactive Stale CAS cleanup: resolver (69/100)...
Proactive Stale CAS cleanup: risk_blocker (70/100)...
Proactive Stale CAS cleanup: roadmap (71/100)...
Proactive Stale CAS cleanup: role (72/100)...
Proactive Stale CAS cleanup: rollback_report (73/100)...
Proactive Stale CAS cleanup: rule (74/100)...
Proactive Stale CAS cleanup: sampler_profile (75/100)...
Proactive Stale CAS cleanup: scalar_metric_sampler (76/100)...
Proactive Stale CAS cleanup: scenario (77/100)...
Proactive Stale CAS cleanup: scheduler_handler_binding (78/100)...
Proactive Stale CAS cleanup: shockwave_router (79/100)...
Proactive Stale CAS cleanup: status_history_metric_sampler (81/100)...
Proactive Stale CAS cleanup: stakeholder_profile (80/100)...
Proactive Stale CAS cleanup: strategic_context (82/100)...
Proactive Stale CAS cleanup: strategic_plan (83/100)...
Proactive Stale CAS cleanup: team (84/100)...
Proactive Stale CAS cleanup: team_configuration (85/100)...
Proactive Stale CAS cleanup: technical_debt (86/100)...
Proactive Stale CAS cleanup: technical_spec (87/100)...
Proactive Stale CAS cleanup: template (88/100)...
Proactive Stale CAS cleanup: test_case (89/100)...
Proactive Stale CAS cleanup: translation_manifest (91/100)...
Proactive Stale CAS cleanup: test_command_rule (90/100)...
Proactive Stale CAS cleanup: validation_rule (92/100)...
Proactive Stale CAS cleanup: vitality_report (95/100)...
Proactive Stale CAS cleanup: vision (93/100)...
Proactive Stale CAS cleanup: visual_plan (94/100)...
Proactive Stale CAS cleanup: vocabulary_scheme (96/100)...
Proactive Stale CAS cleanup: watchdog_registration (97/100)...
Proactive Stale CAS cleanup: workflow (98/100)...
Proactive Stale CAS cleanup: workstream (99/100)...
Proactive Stale CAS cleanup: workstream_transition (100/100)...
Loaders starting...
Loaders ready.
Loading object ID cache...
Warming CAS indexes...
Merging CAS indexes for 46 kinds...
CAS indexes warmed
Cache ready, starting validator...
Discovery starting...
Starting discovery across 100 kinds...
Validating 8923 objects (from docs/process/ via object ID cache)...
Progress: [============                                      ] 25.3% (2261/8923, queue: 6630) 2.2k/s (validating, workers: 16, goroutines: 33) - 1s
Progress: [======================                            ] 45.5% (4056/8923, queue: 4839) 2.0k/s (validating, workers: 16, goroutines: 29) - 2s
Progress: [===============================                   ] 63.2% (5635/8923, queue: 3261) 1.9k/s (validating, workers: 16, goroutines: 28) - 3s
Progress: [========================================          ] 80.5% (7179/8923, queue: 1728) 1.8k/s (validating, workers: 16, goroutines: 17) - 4s
Progress: [=============================================     ] 90.4% (8067/8923, queue: 840) 1.6k/s (validating, workers: 16, goroutines: 17) - 5s
Progress: [================================================= ] 99.7% (8895/8923, queue: 0) 1.6k/s (draining in-flight, workers: 16) - 6s
Progress: [==================================================] 100.0% (8923/8923, queue: 0) 1.2k/s (completed) - 7s

Validation completed: 8923/8923 objects (8923 succeeded, 0 failed)

--- run 2026-09-05T00:15:00Z ---
System check starting...
Preparing loaders and cache...
Proactive Stale CAS cleanup starting...
Proactive Stale CAS cleanup: cleaning 100 kinds (timeout 2m0s)...
Proactive Stale CAS cleanup: account (1/100)...
Proactive Stale CAS cleanup: agent_architecture (2/100)...
Proactive Stale CAS cleanup: agent_feed (3/100)...
Proactive Stale CAS cleanup: agent_onboarding_preparation (4/100)...
Proactive Stale CAS cleanup: agent_skill (5/100)...
Proactive Stale CAS cleanup: agent_task (6/100)...
Proactive Stale CAS cleanup: api_spec (7/100)...
Proactive Stale CAS cleanup: auth_strategy (8/100)...
Proactive Stale CAS cleanup: base_sampler (10/100)...
Proactive Stale CAS cleanup: backlog_item (9/100)...
Proactive Stale CAS cleanup: brand (11/100)...
Proactive Stale CAS cleanup: bucketing_strategy (12/100)...
Proactive Stale CAS cleanup: capability (13/100)...
Proactive Stale CAS cleanup: capacity_advertisement (14/100)...
Proactive Stale CAS cleanup: command_spec (16/100)...
Proactive Stale CAS cleanup: certificate (15/100)...
Proactive Stale CAS cleanup: compute_advertisement (18/100)...
Proactive Stale CAS cleanup: component (17/100)...
Proactive Stale CAS cleanup: context_refresh_schedule (19/100)...
Proactive Stale CAS cleanup: convergence_session (20/100)...
Proactive Stale CAS cleanup: corporate_initiative (21/100)...
Proactive Stale CAS cleanup: criteria (22/100)...
Proactive Stale CAS cleanup: decision (23/100)...
Proactive Stale CAS cleanup: digital_asset (25/100)...
Proactive Stale CAS cleanup: department (24/100)...
Proactive Stale CAS cleanup: division (26/100)...
Proactive Stale CAS cleanup: doc_entry (27/100)...
Proactive Stale CAS cleanup: domain_registry (28/100)...
Proactive Stale CAS cleanup: field_registry (30/100)...
Proactive Stale CAS cleanup: evolution_management (29/100)...
Proactive Stale CAS cleanup: fission_event (31/100)...
Proactive Stale CAS cleanup: glossary_term (32/100)...
Proactive Stale CAS cleanup: glossary_term_relation (33/100)...
Proactive Stale CAS cleanup: goal (34/100)...
Proactive Stale CAS cleanup: import_tracking (35/100)...
Proactive Stale CAS cleanup: important_date (36/100)...
Proactive Stale CAS cleanup: inference_heuristic (37/100)...
Proactive Stale CAS cleanup: keystore_entry (38/100)...
Proactive Stale CAS cleanup: kind_synonym (39/100)...
Proactive Stale CAS cleanup: list_metric_sampler (41/100)...
Proactive Stale CAS cleanup: library (40/100)...
Proactive Stale CAS cleanup: mcp_spec (42/100)...
Proactive Stale CAS cleanup: metrics_feedback (44/100)...
Proactive Stale CAS cleanup: metadata_package (43/100)...
Proactive Stale CAS cleanup: milestone (45/100)...
Proactive Stale CAS cleanup: mission (46/100)...
Proactive Stale CAS cleanup: namespace (47/100)...
Proactive Stale CAS cleanup: namespace_registry (48/100)...
Proactive Stale CAS cleanup: ordered_list_metric_sampler (50/100)...
Proactive Stale CAS cleanup: object_spec (49/100)...
Proactive Stale CAS cleanup: organization (51/100)...
Proactive Stale CAS cleanup: organizational_change (52/100)...
Proactive Stale CAS cleanup: partnership (53/100)...
Proactive Stale CAS cleanup: persona (54/100)...
Proactive Stale CAS cleanup: pipeline (55/100)...
Proactive Stale CAS cleanup: pipeline_definition (56/100)...
Proactive Stale CAS cleanup: pipeline_stage (58/100)...
Proactive Stale CAS cleanup: pipeline_execution (57/100)...
Proactive Stale CAS cleanup: policy (59/100)...
Proactive Stale CAS cleanup: process_hygiene_rule (61/100)...
Proactive Stale CAS cleanup: priority_plan (60/100)...
Proactive Stale CAS cleanup: prompt_template (62/100)...
Proactive Stale CAS cleanup: provider_profile (63/100)...
Proactive Stale CAS cleanup: qa_success (64/100)...
Proactive Stale CAS cleanup: question (65/100)...
Proactive Stale CAS cleanup: remote_kernel (67/100)...
Proactive Stale CAS cleanup: release (66/100)...
Proactive Stale CAS cleanup: requirement (68/100)...
Proactive Stale CAS cleanup: resolver (69/100)...
Proactive Stale CAS cleanup: risk_blocker (70/100)...
Proactive Stale CAS cleanup: roadmap (71/100)...
Proactive Stale CAS cleanup: role (72/100)...
Proactive Stale CAS cleanup: rollback_report (73/100)...
Proactive Stale CAS cleanup: rule (74/100)...
Proactive Stale CAS cleanup: scalar_metric_sampler (76/100)...
Proactive Stale CAS cleanup: sampler_profile (75/100)...
Proactive Stale CAS cleanup: scenario (77/100)...
Proactive Stale CAS cleanup: scheduler_handler_binding (78/100)...
Proactive Stale CAS cleanup: shockwave_router (79/100)...
Proactive Stale CAS cleanup: status_history_metric_sampler (81/100)...
Proactive Stale CAS cleanup: stakeholder_profile (80/100)...
Proactive Stale CAS cleanup: strategic_context (82/100)...
Proactive Stale CAS cleanup: strategic_plan (83/100)...
Proactive Stale CAS cleanup: team (84/100)...
Proactive Stale CAS cleanup: team_configuration (85/100)...
Proactive Stale CAS cleanup: technical_debt (86/100)...
Proactive Stale CAS cleanup: technical_spec (87/100)...
Proactive Stale CAS cleanup: template (88/100)...
Proactive Stale CAS cleanup: test_case (89/100)...
Proactive Stale CAS cleanup: translation_manifest (91/100)...
Proactive Stale CAS cleanup: test_command_rule (90/100)...
Proactive Stale CAS cleanup: validation_rule (92/100)...
Proactive Stale CAS cleanup: vitality_report (95/100)...
Proactive Stale CAS cleanup: vision (93/100)...
Proactive Stale CAS cleanup: visual_plan (94/100)...
Proactive Stale CAS cleanup: vocabulary_scheme (96/100)...
Proactive Stale CAS cleanup: watchdog_registration (97/100)...
Proactive Stale CAS cleanup: workflow (98/100)...
Proactive Stale CAS cleanup: workstream (99/100)...
Proactive Stale CAS cleanup: workstream_transition (100/100)...
Loaders starting...
Loaders ready.
Loading object ID cache...
Warming CAS indexes...
Merging CAS indexes for 46 kinds...
CAS indexes warmed
Cache ready, starting validator...
Discovery starting...
Starting discovery across 100 kinds...
Validating 8923 objects (from docs/process/ via object ID cache)...
Progress: [=======                                           ] 14.2% (1270/8923, queue: 7636) 1.3k/s (validating, workers: 16, goroutines: 18) - 1s
Progress: [===============                                   ] 31.9% (2846/8923, queue: 6047) 1.4k/s (validating, workers: 16, goroutines: 25) - 2s
Progress: [=========================                         ] 51.8% (4620/8923, queue: 4287) 1.5k/s (validating, workers: 16, goroutines: 17) - 3s
Progress: [================================                  ] 64.7% (5776/8923, queue: 3131) 1.4k/s (validating, workers: 16, goroutines: 17) - 4s
Progress: [========================================          ] 80.3% (7167/8923, queue: 1724) 1.4k/s (validating, workers: 16, goroutines: 25) - 5s
Progress: [===============================================   ] 95.9% (8560/8923, queue: 346) 1.4k/s (validating, workers: 16, goroutines: 17) - 6s
Progress: [================================================= ] 99.7% (8896/8923, queue: 0) 1.4k/s (draining in-flight, workers: 16) - 6s
Progress: [==================================================] 100.0% (8923/8923, queue: 0) 1.1k/s (completed) - 8s

Validation completed: 8923/8923 objects (8923 succeeded, 0 failed)

--- run 2026-09-05T00:20:02Z ---
System check starting...
Preparing loaders and cache...
Proactive Stale CAS cleanup starting...
Proactive Stale CAS cleanup: cleaning 100 kinds (timeout 2m0s)...
Proactive Stale CAS cleanup: account (1/100)...
Proactive Stale CAS cleanup: agent_architecture (2/100)...
Proactive Stale CAS cleanup: agent_feed (3/100)...
Proactive Stale CAS cleanup: agent_onboarding_preparation (4/100)...
Proactive Stale CAS cleanup: agent_skill (5/100)...
Proactive Stale CAS cleanup: agent_task (6/100)...
Proactive Stale CAS cleanup: api_spec (7/100)...
Proactive Stale CAS cleanup: auth_strategy (8/100)...
Proactive Stale CAS cleanup: backlog_item (9/100)...
Proactive Stale CAS cleanup: base_sampler (10/100)...
Proactive Stale CAS cleanup: brand (11/100)...
Proactive Stale CAS cleanup: capability (13/100)...
Proactive Stale CAS cleanup: bucketing_strategy (12/100)...
Proactive Stale CAS cleanup: capacity_advertisement (14/100)...
Proactive Stale CAS cleanup: certificate (15/100)...
Proactive Stale CAS cleanup: command_spec (16/100)...
Proactive Stale CAS cleanup: component (17/100)...
Proactive Stale CAS cleanup: compute_advertisement (18/100)...
Proactive Stale CAS cleanup: context_refresh_schedule (19/100)...
Proactive Stale CAS cleanup: convergence_session (20/100)...
Proactive Stale CAS cleanup: corporate_initiative (21/100)...
Proactive Stale CAS cleanup: criteria (22/100)...
Proactive Stale CAS cleanup: decision (23/100)...
Proactive Stale CAS cleanup: department (24/100)...
Proactive Stale CAS cleanup: digital_asset (25/100)...
Proactive Stale CAS cleanup: division (26/100)...
Proactive Stale CAS cleanup: doc_entry (27/100)...
Proactive Stale CAS cleanup: domain_registry (28/100)...
Proactive Stale CAS cleanup: fission_event (31/100)...
Proactive Stale CAS cleanup: evolution_management (29/100)...
Proactive Stale CAS cleanup: field_registry (30/100)...
Proactive Stale CAS cleanup: glossary_term (32/100)...
Proactive Stale CAS cleanup: glossary_term_relation (33/100)...
Proactive Stale CAS cleanup: goal (34/100)...
Proactive Stale CAS cleanup: import_tracking (35/100)...
Proactive Stale CAS cleanup: important_date (36/100)...
Proactive Stale CAS cleanup: inference_heuristic (37/100)...
Proactive Stale CAS cleanup: keystore_entry (38/100)...
Proactive Stale CAS cleanup: kind_synonym (39/100)...
Proactive Stale CAS cleanup: library (40/100)...
Proactive Stale CAS cleanup: list_metric_sampler (41/100)...
Proactive Stale CAS cleanup: mcp_spec (42/100)...
Proactive Stale CAS cleanup: metrics_feedback (44/100)...
Proactive Stale CAS cleanup: metadata_package (43/100)...
Proactive Stale CAS cleanup: milestone (45/100)...
Proactive Stale CAS cleanup: mission (46/100)...
Proactive Stale CAS cleanup: namespace (47/100)...
Proactive Stale CAS cleanup: namespace_registry (48/100)...
Proactive Stale CAS cleanup: object_spec (49/100)...
Proactive Stale CAS cleanup: ordered_list_metric_sampler (50/100)...
Proactive Stale CAS cleanup: organization (51/100)...
Proactive Stale CAS cleanup: organizational_change (52/100)...
Proactive Stale CAS cleanup: partnership (53/100)...
Proactive Stale CAS cleanup: persona (54/100)...
Proactive Stale CAS cleanup: pipeline (55/100)...
Proactive Stale CAS cleanup: pipeline_definition (56/100)...
Proactive Stale CAS cleanup: pipeline_stage (58/100)...
Proactive Stale CAS cleanup: pipeline_execution (57/100)...
Proactive Stale CAS cleanup: policy (59/100)...
Proactive Stale CAS cleanup: process_hygiene_rule (61/100)...
Proactive Stale CAS cleanup: priority_plan (60/100)...
Proactive Stale CAS cleanup: provider_profile (63/100)...
Proactive Stale CAS cleanup: prompt_template (62/100)...
Proactive Stale CAS cleanup: qa_success (64/100)...
Proactive Stale CAS cleanup: question (65/100)...
Proactive Stale CAS cleanup: remote_kernel (67/100)...
Proactive Stale CAS cleanup: release (66/100)...
Proactive Stale CAS cleanup: requirement (68/100)...
Proactive Stale CAS cleanup: resolver (69/100)...
Proactive Stale CAS cleanup: risk_blocker (70/100)...
Proactive Stale CAS cleanup: roadmap (71/100)...
Proactive Stale CAS cleanup: role (72/100)...
Proactive Stale CAS cleanup: rollback_report (73/100)...
Proactive Stale CAS cleanup: scalar_metric_sampler (76/100)...
Proactive Stale CAS cleanup: rule (74/100)...
Proactive Stale CAS cleanup: sampler_profile (75/100)...
Proactive Stale CAS cleanup: scenario (77/100)...
Proactive Stale CAS cleanup: scheduler_handler_binding (78/100)...
Proactive Stale CAS cleanup: shockwave_router (79/100)...
Proactive Stale CAS cleanup: stakeholder_profile (80/100)...
Proactive Stale CAS cleanup: status_history_metric_sampler (81/100)...
Proactive Stale CAS cleanup: strategic_context (82/100)...
Proactive Stale CAS cleanup: strategic_plan (83/100)...
Proactive Stale CAS cleanup: team (84/100)...
Proactive Stale CAS cleanup: team_configuration (85/100)...
Proactive Stale CAS cleanup: technical_debt (86/100)...
Proactive Stale CAS cleanup: technical_spec (87/100)...
Proactive Stale CAS cleanup: template (88/100)...
Proactive Stale CAS cleanup: test_case (89/100)...
Proactive Stale CAS cleanup: test_command_rule (90/100)...
Proactive Stale CAS cleanup: translation_manifest (91/100)...
Proactive Stale CAS cleanup: validation_rule (92/100)...
Proactive Stale CAS cleanup: vision (93/100)...
Proactive Stale CAS cleanup: visual_plan (94/100)...
Proactive Stale CAS cleanup: vitality_report (95/100)...
Proactive Stale CAS cleanup: vocabulary_scheme (96/100)...
Proactive Stale CAS cleanup: watchdog_registration (97/100)...
Proactive Stale CAS cleanup: workflow (98/100)...
Proactive Stale CAS cleanup: workstream (99/100)...
Proactive Stale CAS cleanup: workstream_transition (100/100)...
Loaders starting...
Loaders ready.
Loading object ID cache...
Warming CAS indexes...
Merging CAS indexes for 46 kinds...
CAS indexes warmed
Cache ready, starting validator...
Discovery starting...
Starting discovery across 100 kinds...
Validating 8923 objects (from docs/process/ via object ID cache)...
Progress: [=========                                         ] 19.4% (1727/8923, queue: 7167) 1.7k/s (validating, workers: 16, goroutines: 27) - 1s
Progress: [====================                              ] 41.9% (3740/8923, queue: 5157) 1.9k/s (validating, workers: 16, goroutines: 27) - 2s
Progress: [===============================                   ] 62.9% (5610/8923, queue: 3297) 1.9k/s (validating, workers: 16, goroutines: 17) - 3s
Progress: [=========================================         ] 82.2% (7338/8923, queue: 1569) 1.8k/s (validating, workers: 16, goroutines: 17) - 4s
Progress: [================================================= ] 99.7% (8897/8923, queue: 0) 1.8k/s (draining in-flight, workers: 16) - 5s
Progress: [==================================================] 100.0% (8923/8923, queue: 0) 1.4k/s (completed) - 6s

Validation completed: 8923/8923 objects (8923 succeeded, 0 failed)

--- run 2026-09-05T00:25:00Z ---
System check starting...
Preparing loaders and cache...
Proactive Stale CAS cleanup starting...
Proactive Stale CAS cleanup: cleaning 100 kinds (timeout 2m0s)...
Proactive Stale CAS cleanup: account (1/100)...
Proactive Stale CAS cleanup: agent_architecture (2/100)...
Proactive Stale CAS cleanup: agent_feed (3/100)...
Proactive Stale CAS cleanup: agent_onboarding_preparation (4/100)...
Proactive Stale CAS cleanup: agent_skill (5/100)...
Proactive Stale CAS cleanup: agent_task (6/100)...
Proactive Stale CAS cleanup: api_spec (7/100)...
Proactive Stale CAS cleanup: auth_strategy (8/100)...
Proactive Stale CAS cleanup: backlog_item (9/100)...
Proactive Stale CAS cleanup: base_sampler (10/100)...
Proactive Stale CAS cleanup: brand (11/100)...
Proactive Stale CAS cleanup: capability (13/100)...
Proactive Stale CAS cleanup: bucketing_strategy (12/100)...
Proactive Stale CAS cleanup: capacity_advertisement (14/100)...
Proactive Stale CAS cleanup: certificate (15/100)...
Proactive Stale CAS cleanup: command_spec (16/100)...
Proactive Stale CAS cleanup: compute_advertisement (18/100)...
Proactive Stale CAS cleanup: component (17/100)...
Proactive Stale CAS cleanup: context_refresh_schedule (19/100)...
Proactive Stale CAS cleanup: convergence_session (20/100)...
Proactive Stale CAS cleanup: corporate_initiative (21/100)...
Proactive Stale CAS cleanup: criteria (22/100)...
Proactive Stale CAS cleanup: decision (23/100)...
Proactive Stale CAS cleanup: digital_asset (25/100)...
Proactive Stale CAS cleanup: department (24/100)...
Proactive Stale CAS cleanup: division (26/100)...
Proactive Stale CAS cleanup: doc_entry (27/100)...
Proactive Stale CAS cleanup: domain_registry (28/100)...
Proactive Stale CAS cleanup: field_registry (30/100)...
Proactive Stale CAS cleanup: evolution_management (29/100)...
Proactive Stale CAS cleanup: fission_event (31/100)...
Proactive Stale CAS cleanup: glossary_term (32/100)...
Proactive Stale CAS cleanup: glossary_term_relation (33/100)...
Proactive Stale CAS cleanup: goal (34/100)...
Proactive Stale CAS cleanup: import_tracking (35/100)...
Proactive Stale CAS cleanup: important_date (36/100)...
Proactive Stale CAS cleanup: inference_heuristic (37/100)...
Proactive Stale CAS cleanup: keystore_entry (38/100)...
Proactive Stale CAS cleanup: kind_synonym (39/100)...
Proactive Stale CAS cleanup: list_metric_sampler (41/100)...
Proactive Stale CAS cleanup: library (40/100)...
Proactive Stale CAS cleanup: mcp_spec (42/100)...
Proactive Stale CAS cleanup: metrics_feedback (44/100)...
Proactive Stale CAS cleanup: metadata_package (43/100)...
Proactive Stale CAS cleanup: milestone (45/100)...
Proactive Stale CAS cleanup: mission (46/100)...
Proactive Stale CAS cleanup: namespace (47/100)...
Proactive Stale CAS cleanup: namespace_registry (48/100)...
Proactive Stale CAS cleanup: ordered_list_metric_sampler (50/100)...
Proactive Stale CAS cleanup: object_spec (49/100)...
Proactive Stale CAS cleanup: organization (51/100)...
Proactive Stale CAS cleanup: organizational_change (52/100)...
Proactive Stale CAS cleanup: partnership (53/100)...
Proactive Stale CAS cleanup: persona (54/100)...
Proactive Stale CAS cleanup: pipeline (55/100)...
Proactive Stale CAS cleanup: pipeline_definition (56/100)...
Proactive Stale CAS cleanup: pipeline_stage (58/100)...
Proactive Stale CAS cleanup: pipeline_execution (57/100)...
Proactive Stale CAS cleanup: policy (59/100)...
Proactive Stale CAS cleanup: process_hygiene_rule (61/100)...
Proactive Stale CAS cleanup: priority_plan (60/100)...
Proactive Stale CAS cleanup: provider_profile (63/100)...
Proactive Stale CAS cleanup: prompt_template (62/100)...
Proactive Stale CAS cleanup: qa_success (64/100)...
Proactive Stale CAS cleanup: question (65/100)...
Proactive Stale CAS cleanup: release (66/100)...
Proactive Stale CAS cleanup: remote_kernel (67/100)...
Proactive Stale CAS cleanup: requirement (68/100)...
Proactive Stale CAS cleanup: resolver (69/100)...
Proactive Stale CAS cleanup: risk_blocker (70/100)...
Proactive Stale CAS cleanup: roadmap (71/100)...
Proactive Stale CAS cleanup: role (72/100)...
Proactive Stale CAS cleanup: rollback_report (73/100)...
Proactive Stale CAS cleanup: rule (74/100)...
Proactive Stale CAS cleanup: scalar_metric_sampler (76/100)...
Proactive Stale CAS cleanup: sampler_profile (75/100)...
Proactive Stale CAS cleanup: scenario (77/100)...
Proactive Stale CAS cleanup: scheduler_handler_binding (78/100)...
Proactive Stale CAS cleanup: shockwave_router (79/100)...
Proactive Stale CAS cleanup: status_history_metric_sampler (81/100)...
Proactive Stale CAS cleanup: stakeholder_profile (80/100)...
Proactive Stale CAS cleanup: strategic_context (82/100)...
Proactive Stale CAS cleanup: strategic_plan (83/100)...
Proactive Stale CAS cleanup: team (84/100)...
Proactive Stale CAS cleanup: team_configuration (85/100)...
Proactive Stale CAS cleanup: technical_debt (86/100)...
Proactive Stale CAS cleanup: technical_spec (87/100)...
Proactive Stale CAS cleanup: template (88/100)...
Proactive Stale CAS cleanup: test_case (89/100)...
Proactive Stale CAS cleanup: translation_manifest (91/100)...
Proactive Stale CAS cleanup: test_command_rule (90/100)...
Proactive Stale CAS cleanup: validation_rule (92/100)...
Proactive Stale CAS cleanup: visual_plan (94/100)...
Proactive Stale CAS cleanup: vision (93/100)...
Proactive Stale CAS cleanup: vitality_report (95/100)...
Proactive Stale CAS cleanup: vocabulary_scheme (96/100)...
Proactive Stale CAS cleanup: watchdog_registration (97/100)...
Proactive Stale CAS cleanup: workflow (98/100)...
Proactive Stale CAS cleanup: workstream (99/100)...
Proactive Stale CAS cleanup: workstream_transition (100/100)...
Loaders starting...
Loaders ready.
Loading object ID cache...
Warming CAS indexes...
Merging CAS indexes for 46 kinds...
CAS indexes warmed
Cache ready, starting validator...
Discovery starting...
Starting discovery across 100 kinds...
Validating 8923 objects (from docs/process/ via object ID cache)...
Progress: [=========                                         ] 19.6% (1746/8923, queue: 7161) 1.7k/s (validating, workers: 16, goroutines: 17) - 1s
Progress: [====================                              ] 40.0% (3573/8923, queue: 5318) 1.8k/s (validating, workers: 16, goroutines: 26) - 2s
Progress: [============================                      ] 57.9% (5168/8923, queue: 3726) 1.7k/s (validating, workers: 16, goroutines: 26) - 3s
Progress: [======================================            ] 77.5% (6912/8923, queue: 1987) 1.7k/s (validating, workers: 16, goroutines: 25) - 4s
Progress: [================================================= ] 99.2% (8848/8923, queue: 59) 1.8k/s (validating, workers: 16, goroutines: 17) - 5s
Progress: [================================================= ] 99.8% (8902/8923, queue: 0) 1.8k/s (draining in-flight, workers: 16) - 5s
Progress: [==================================================] 100.0% (8923/8923, queue: 0) 1.2k/s (completed) - 7s

Validation completed: 8923/8923 objects (8923 succeeded, 0 failed)

--- run 2026-09-05T00:30:00Z ---
System check starting...
Preparing loaders and cache...
Proactive Stale CAS cleanup starting...
Proactive Stale CAS cleanup: cleaning 100 kinds (timeout 2m0s)...
Proactive Stale CAS cleanup: account (1/100)...
Proactive Stale CAS cleanup: agent_architecture (2/100)...
Proactive Stale CAS cleanup: agent_feed (3/100)...
Proactive Stale CAS cleanup: agent_onboarding_preparation (4/100)...
Proactive Stale CAS cleanup: agent_skill (5/100)...
Proactive Stale CAS cleanup: agent_task (6/100)...
Proactive Stale CAS cleanup: api_spec (7/100)...
Proactive Stale CAS cleanup: auth_strategy (8/100)...
Proactive Stale CAS cleanup: backlog_item (9/100)...
Proactive Stale CAS cleanup: base_sampler (10/100)...
Proactive Stale CAS cleanup: brand (11/100)...
Proactive Stale CAS cleanup: capability (13/100)...
Proactive Stale CAS cleanup: bucketing_strategy (12/100)...
Proactive Stale CAS cleanup: capacity_advertisement (14/100)...
Proactive Stale CAS cleanup: command_spec (16/100)...
Proactive Stale CAS cleanup: certificate (15/100)...
Proactive Stale CAS cleanup: compute_advertisement (18/100)...
Proactive Stale CAS cleanup: component (17/100)...
Proactive Stale CAS cleanup: context_refresh_schedule (19/100)...
Proactive Stale CAS cleanup: convergence_session (20/100)...
Proactive Stale CAS cleanup: corporate_initiative (21/100)...
Proactive Stale CAS cleanup: criteria (22/100)...
Proactive Stale CAS cleanup: decision (23/100)...
Proactive Stale CAS cleanup: digital_asset (25/100)...
Proactive Stale CAS cleanup: department (24/100)...
Proactive Stale CAS cleanup: division (26/100)...
Proactive Stale CAS cleanup: doc_entry (27/100)...
Proactive Stale CAS cleanup: domain_registry (28/100)...
Proactive Stale CAS cleanup: field_registry (30/100)...
Proactive Stale CAS cleanup: evolution_management (29/100)...
Proactive Stale CAS cleanup: fission_event (31/100)...
Proactive Stale CAS cleanup: glossary_term (32/100)...
Proactive Stale CAS cleanup: glossary_term_relation (33/100)...
Proactive Stale CAS cleanup: goal (34/100)...
Proactive Stale CAS cleanup: import_tracking (35/100)...
Proactive Stale CAS cleanup: important_date (36/100)...
Proactive Stale CAS cleanup: inference_heuristic (37/100)...
Proactive Stale CAS cleanup: keystore_entry (38/100)...
Proactive Stale CAS cleanup: kind_synonym (39/100)...
Proactive Stale CAS cleanup: list_metric_sampler (41/100)...
Proactive Stale CAS cleanup: library (40/100)...
Proactive Stale CAS cleanup: mcp_spec (42/100)...
Proactive Stale CAS cleanup: metadata_package (43/100)...
Proactive Stale CAS cleanup: metrics_feedback (44/100)...
Proactive Stale CAS cleanup: milestone (45/100)...
Proactive Stale CAS cleanup: mission (46/100)...
Proactive Stale CAS cleanup: namespace (47/100)...
Proactive Stale CAS cleanup: namespace_registry (48/100)...
Proactive Stale CAS cleanup: ordered_list_metric_sampler (50/100)...
Proactive Stale CAS cleanup: object_spec (49/100)...
Proactive Stale CAS cleanup: organization (51/100)...
Proactive Stale CAS cleanup: organizational_change (52/100)...
Proactive Stale CAS cleanup: partnership (53/100)...
Proactive Stale CAS cleanup: persona (54/100)...
Proactive Stale CAS cleanup: pipeline (55/100)...
Proactive Stale CAS cleanup: pipeline_definition (56/100)...
Proactive Stale CAS cleanup: pipeline_stage (58/100)...
Proactive Stale CAS cleanup: pipeline_execution (57/100)...
Proactive Stale CAS cleanup: policy (59/100)...
Proactive Stale CAS cleanup: priority_plan (60/100)...
Proactive Stale CAS cleanup: process_hygiene_rule (61/100)...
Proactive Stale CAS cleanup: provider_profile (63/100)...
Proactive Stale CAS cleanup: prompt_template (62/100)...
Proactive Stale CAS cleanup: qa_success (64/100)...
Proactive Stale CAS cleanup: question (65/100)...
Proactive Stale CAS cleanup: remote_kernel (67/100)...
Proactive Stale CAS cleanup: release (66/100)...
Proactive Stale CAS cleanup: requirement (68/100)...
Proactive Stale CAS cleanup: resolver (69/100)...
Proactive Stale CAS cleanup: risk_blocker (70/100)...
Proactive Stale CAS cleanup: roadmap (71/100)...
Proactive Stale CAS cleanup: role (72/100)...
Proactive Stale CAS cleanup: rollback_report (73/100)...
Proactive Stale CAS cleanup: sampler_profile (75/100)...
Proactive Stale CAS cleanup: rule (74/100)...
Proactive Stale CAS cleanup: scalar_metric_sampler (76/100)...
Proactive Stale CAS cleanup: scenario (77/100)...
Proactive Stale CAS cleanup: scheduler_handler_binding (78/100)...
Proactive Stale CAS cleanup: shockwave_router (79/100)...
Proactive Stale CAS cleanup: status_history_metric_sampler (81/100)...
Proactive Stale CAS cleanup: stakeholder_profile (80/100)...
Proactive Stale CAS cleanup: strategic_context (82/100)...
Proactive Stale CAS cleanup: strategic_plan (83/100)...
Proactive Stale CAS cleanup: team (84/100)...
Proactive Stale CAS cleanup: team_configuration (85/100)...
Proactive Stale CAS cleanup: technical_debt (86/100)...
Proactive Stale CAS cleanup: technical_spec (87/100)...
Proactive Stale CAS cleanup: template (88/100)...
Proactive Stale CAS cleanup: test_case (89/100)...
Proactive Stale CAS cleanup: translation_manifest (91/100)...
Proactive Stale CAS cleanup: test_command_rule (90/100)...
Proactive Stale CAS cleanup: validation_rule (92/100)...
Proactive Stale CAS cleanup: vision (93/100)...
Proactive Stale CAS cleanup: vitality_report (95/100)...
Proactive Stale CAS cleanup: visual_plan (94/100)...
Proactive Stale CAS cleanup: vocabulary_scheme (96/100)...
Proactive Stale CAS cleanup: watchdog_registration (97/100)...
Proactive Stale CAS cleanup: workflow (98/100)...
Proactive Stale CAS cleanup: workstream (99/100)...
Proactive Stale CAS cleanup: workstream_transition (100/100)...
Loaders starting...
Loaders ready.
Loading object ID cache...
Warming CAS indexes...
Merging CAS indexes for 46 kinds...
CAS indexes warmed
Cache ready, starting validator...
Discovery starting...
Starting discovery across 100 kinds...
Validating 8923 objects (from docs/process/ via object ID cache)...
Progress: [======                                            ] 13.1% (1165/8923, queue: 7726) 1.2k/s (validating, workers: 16, goroutines: 31) - 1s
Progress: [===========                                       ] 23.1% (2065/8923, queue: 6824) 1.0k/s (validating, workers: 16, goroutines: 28) - 2s
Progress: [=================                                 ] 35.1% (3134/8923, queue: 5770) 1.0k/s (validating, workers: 16, goroutines: 20) - 3s
Progress: [========================                          ] 49.5% (4417/8923, queue: 4490) 1.1k/s (validating, workers: 16, goroutines: 17) - 4s
Progress: [==============================                    ] 60.9% (5431/8923, queue: 3460) 1.1k/s (validating, workers: 16, goroutines: 27) - 5s
Progress: [=====================================             ] 75.1% (6702/8923, queue: 2205) 1.1k/s (validating, workers: 16, goroutines: 17) - 6s
Progress: [==============================================    ] 93.6% (8355/8923, queue: 541) 1.2k/s (validating, workers: 16, goroutines: 26) - 7s
Progress: [================================================= ] 99.8% (8906/8923, queue: 0) 1.2k/s (draining in-flight, workers: 16) - 7s
Progress: [==================================================] 100.0% (8923/8923, queue: 0) 968/s (completed) - 9s

Validation completed: 8923/8923 objects (8923 succeeded, 0 failed)

--- run 2026-09-05T00:35:00Z ---
System check starting...
Preparing loaders and cache...
Proactive Stale CAS cleanup starting...
Proactive Stale CAS cleanup: cleaning 100 kinds (timeout 2m0s)...
Proactive Stale CAS cleanup: account (1/100)...
Proactive Stale CAS cleanup: agent_architecture (2/100)...
Proactive Stale CAS cleanup: agent_feed (3/100)...
Proactive Stale CAS cleanup: agent_onboarding_preparation (4/100)...
Proactive Stale CAS cleanup: agent_skill (5/100)...
Proactive Stale CAS cleanup: agent_task (6/100)...
Proactive Stale CAS cleanup: api_spec (7/100)...
Proactive Stale CAS cleanup: auth_strategy (8/100)...
Proactive Stale CAS cleanup: backlog_item (9/100)...
Proactive Stale CAS cleanup: base_sampler (10/100)...
Proactive Stale CAS cleanup: brand (11/100)...
Proactive Stale CAS cleanup: capability (13/100)...
Proactive Stale CAS cleanup: bucketing_strategy (12/100)...
Proactive Stale CAS cleanup: capacity_advertisement (14/100)...
Proactive Stale CAS cleanup: command_spec (16/100)...
Proactive Stale CAS cleanup: certificate (15/100)...
Proactive Stale CAS cleanup: compute_advertisement (18/100)...
Proactive Stale CAS cleanup: component (17/100)...
Proactive Stale CAS cleanup: context_refresh_schedule (19/100)...
Proactive Stale CAS cleanup: convergence_session (20/100)...
Proactive Stale CAS cleanup: corporate_initiative (21/100)...
Proactive Stale CAS cleanup: criteria (22/100)...
Proactive Stale CAS cleanup: decision (23/100)...
Proactive Stale CAS cleanup: digital_asset (25/100)...
Proactive Stale CAS cleanup: department (24/100)...
Proactive Stale CAS cleanup: division (26/100)...
Proactive Stale CAS cleanup: doc_entry (27/100)...
Proactive Stale CAS cleanup: domain_registry (28/100)...
Proactive Stale CAS cleanup: fission_event (31/100)...
Proactive Stale CAS cleanup: evolution_management (29/100)...
Proactive Stale CAS cleanup: field_registry (30/100)...
Proactive Stale CAS cleanup: glossary_term (32/100)...
Proactive Stale CAS cleanup: glossary_term_relation (33/100)...
Proactive Stale CAS cleanup: goal (34/100)...
Proactive Stale CAS cleanup: import_tracking (35/100)...
Proactive Stale CAS cleanup: important_date (36/100)...
Proactive Stale CAS cleanup: inference_heuristic (37/100)...
Proactive Stale CAS cleanup: keystore_entry (38/100)...
Proactive Stale CAS cleanup: kind_synonym (39/100)...
Proactive Stale CAS cleanup: list_metric_sampler (41/100)...
Proactive Stale CAS cleanup: library (40/100)...
Proactive Stale CAS cleanup: mcp_spec (42/100)...
Proactive Stale CAS cleanup: metrics_feedback (44/100)...
Proactive Stale CAS cleanup: metadata_package (43/100)...
Proactive Stale CAS cleanup: milestone (45/100)...
Proactive Stale CAS cleanup: mission (46/100)...
Proactive Stale CAS cleanup: namespace (47/100)...
Proactive Stale CAS cleanup: namespace_registry (48/100)...
Proactive Stale CAS cleanup: ordered_list_metric_sampler (50/100)...
Proactive Stale CAS cleanup: object_spec (49/100)...
Proactive Stale CAS cleanup: organization (51/100)...
Proactive Stale CAS cleanup: organizational_change (52/100)...
Proactive Stale CAS cleanup: partnership (53/100)...
Proactive Stale CAS cleanup: persona (54/100)...
Proactive Stale CAS cleanup: pipeline (55/100)...
Proactive Stale CAS cleanup: pipeline_definition (56/100)...
Proactive Stale CAS cleanup: pipeline_stage (58/100)...
Proactive Stale CAS cleanup: pipeline_execution (57/100)...
Proactive Stale CAS cleanup: policy (59/100)...
Proactive Stale CAS cleanup: process_hygiene_rule (61/100)...
Proactive Stale CAS cleanup: priority_plan (60/100)...
Proactive Stale CAS cleanup: provider_profile (63/100)...
Proactive Stale CAS cleanup: prompt_template (62/100)...
Proactive Stale CAS cleanup: qa_success (64/100)...
Proactive Stale CAS cleanup: question (65/100)...
Proactive Stale CAS cleanup: remote_kernel (67/100)...
Proactive Stale CAS cleanup: release (66/100)...
Proactive Stale CAS cleanup: requirement (68/100)...
Proactive Stale CAS cleanup: resolver (69/100)...
Proactive Stale CAS cleanup: risk_blocker (70/100)...
Proactive Stale CAS cleanup: roadmap (71/100)...
Proactive Stale CAS cleanup: role (72/100)...
Proactive Stale CAS cleanup: rollback_report (73/100)...
Proactive Stale CAS cleanup: sampler_profile (75/100)...
Proactive Stale CAS cleanup: rule (74/100)...
Proactive Stale CAS cleanup: scalar_metric_sampler (76/100)...
Proactive Stale CAS cleanup: scenario (77/100)...
Proactive Stale CAS cleanup: scheduler_handler_binding (78/100)...
Proactive Stale CAS cleanup: shockwave_router (79/100)...
Proactive Stale CAS cleanup: status_history_metric_sampler (81/100)...
Proactive Stale CAS cleanup: stakeholder_profile (80/100)...
Proactive Stale CAS cleanup: strategic_context (82/100)...
Proactive Stale CAS cleanup: strategic_plan (83/100)...
Proactive Stale CAS cleanup: team (84/100)...
Proactive Stale CAS cleanup: team_configuration (85/100)...
Proactive Stale CAS cleanup: technical_debt (86/100)...
Proactive Stale CAS cleanup: technical_spec (87/100)...
Proactive Stale CAS cleanup: template (88/100)...
Proactive Stale CAS cleanup: test_case (89/100)...
Proactive Stale CAS cleanup: translation_manifest (91/100)...
Proactive Stale CAS cleanup: test_command_rule (90/100)...
Proactive Stale CAS cleanup: validation_rule (92/100)...
Proactive Stale CAS cleanup: vitality_report (95/100)...
Proactive Stale CAS cleanup: vision (93/100)...
Proactive Stale CAS cleanup: visual_plan (94/100)...
Proactive Stale CAS cleanup: vocabulary_scheme (96/100)...
Proactive Stale CAS cleanup: watchdog_registration (97/100)...
Proactive Stale CAS cleanup: workflow (98/100)...
Proactive Stale CAS cleanup: workstream (99/100)...
Proactive Stale CAS cleanup: workstream_transition (100/100)...
Loaders starting...
Loaders ready.
Loading object ID cache...
Warming CAS indexes...
Merging CAS indexes for 46 kinds...
CAS indexes warmed
Cache ready, starting validator...
Discovery starting...
Starting discovery across 100 kinds...
Validating 8923 objects (from docs/process/ via object ID cache)...
Progress: [===========                                       ] 23.0% (2055/8923, queue: 6835) 2.0k/s (validating, workers: 16, goroutines: 29) - 1s
Progress: [=====================                             ] 43.2% (3851/8923, queue: 5056) 1.9k/s (validating, workers: 16, goroutines: 17) - 2s
Progress: [==============================                    ] 61.7% (5503/8923, queue: 3398) 1.8k/s (validating, workers: 16, goroutines: 23) - 3s
Progress: [======================================            ] 76.5% (6826/8923, queue: 2074) 1.7k/s (validating, workers: 16, goroutines: 24) - 4s
Progress: [===============================================   ] 95.4% (8511/8923, queue: 396) 1.7k/s (validating, workers: 16, goroutines: 31) - 5s
Progress: [================================================= ] 99.8% (8903/8923, queue: 0) 1.6k/s (draining in-flight, workers: 16) - 5s
Progress: [==================================================] 100.0% (8923/8923, queue: 0) 1.2k/s (completed) - 7s

Validation completed: 8923/8923 objects (8923 succeeded, 0 failed)

--- run 2026-09-05T00:40:00Z ---
System check starting...
Preparing loaders and cache...
Proactive Stale CAS cleanup starting...
Proactive Stale CAS cleanup: cleaning 100 kinds (timeout 2m0s)...
Proactive Stale CAS cleanup: account (1/100)...
Proactive Stale CAS cleanup: agent_architecture (2/100)...
Proactive Stale CAS cleanup: agent_feed (3/100)...
Proactive Stale CAS cleanup: agent_onboarding_preparation (4/100)...
Proactive Stale CAS cleanup: agent_skill (5/100)...
Proactive Stale CAS cleanup: agent_task (6/100)...
Proactive Stale CAS cleanup: api_spec (7/100)...
Proactive Stale CAS cleanup: auth_strategy (8/100)...
Proactive Stale CAS cleanup: base_sampler (10/100)...
Proactive Stale CAS cleanup: backlog_item (9/100)...
Proactive Stale CAS cleanup: brand (11/100)...
Proactive Stale CAS cleanup: capacity_advertisement (14/100)...
Proactive Stale CAS cleanup: bucketing_strategy (12/100)...
Proactive Stale CAS cleanup: capability (13/100)...
Proactive Stale CAS cleanup: command_spec (16/100)...
Proactive Stale CAS cleanup: certificate (15/100)...
Proactive Stale CAS cleanup: compute_advertisement (18/100)...
Proactive Stale CAS cleanup: component (17/100)...
Proactive Stale CAS cleanup: context_refresh_schedule (19/100)...
Proactive Stale CAS cleanup: convergence_session (20/100)...
Proactive Stale CAS cleanup: corporate_initiative (21/100)...
Proactive Stale CAS cleanup: criteria (22/100)...
Proactive Stale CAS cleanup: decision (23/100)...
Proactive Stale CAS cleanup: digital_asset (25/100)...
Proactive Stale CAS cleanup: department (24/100)...
Proactive Stale CAS cleanup: division (26/100)...
Proactive Stale CAS cleanup: doc_entry (27/100)...
Proactive Stale CAS cleanup: domain_registry (28/100)...
Proactive Stale CAS cleanup: field_registry (30/100)...
Proactive Stale CAS cleanup: evolution_management (29/100)...
Proactive Stale CAS cleanup: fission_event (31/100)...
Proactive Stale CAS cleanup: glossary_term (32/100)...
Proactive Stale CAS cleanup: glossary_term_relation (33/100)...
Proactive Stale CAS cleanup: goal (34/100)...
Proactive Stale CAS cleanup: import_tracking (35/100)...
Proactive Stale CAS cleanup: important_date (36/100)...
Proactive Stale CAS cleanup: inference_heuristic (37/100)...
Proactive Stale CAS cleanup: keystore_entry (38/100)...
Proactive Stale CAS cleanup: kind_synonym (39/100)...
Proactive Stale CAS cleanup: list_metric_sampler (41/100)...
Proactive Stale CAS cleanup: library (40/100)...
Proactive Stale CAS cleanup: mcp_spec (42/100)...
Proactive Stale CAS cleanup: metrics_feedback (44/100)...
Proactive Stale CAS cleanup: metadata_package (43/100)...
Proactive Stale CAS cleanup: milestone (45/100)...
Proactive Stale CAS cleanup: mission (46/100)...
Proactive Stale CAS cleanup: namespace (47/100)...
Proactive Stale CAS cleanup: namespace_registry (48/100)...
Proactive Stale CAS cleanup: ordered_list_metric_sampler (50/100)...
Proactive Stale CAS cleanup: object_spec (49/100)...
Proactive Stale CAS cleanup: organization (51/100)...
Proactive Stale CAS cleanup: organizational_change (52/100)...
Proactive Stale CAS cleanup: partnership (53/100)...
Proactive Stale CAS cleanup: persona (54/100)...
Proactive Stale CAS cleanup: pipeline (55/100)...
Proactive Stale CAS cleanup: pipeline_definition (56/100)...
Proactive Stale CAS cleanup: pipeline_execution (57/100)...
Proactive Stale CAS cleanup: pipeline_stage (58/100)...
Proactive Stale CAS cleanup: policy (59/100)...
Proactive Stale CAS cleanup: priority_plan (60/100)...
Proactive Stale CAS cleanup: process_hygiene_rule (61/100)...
Proactive Stale CAS cleanup: provider_profile (63/100)...
Proactive Stale CAS cleanup: prompt_template (62/100)...
Proactive Stale CAS cleanup: qa_success (64/100)...
Proactive Stale CAS cleanup: question (65/100)...
Proactive Stale CAS cleanup: release (66/100)...
Proactive Stale CAS cleanup: remote_kernel (67/100)...
Proactive Stale CAS cleanup: requirement (68/100)...
Proactive Stale CAS cleanup: resolver (69/100)...
Proactive Stale CAS cleanup: risk_blocker (70/100)...
Proactive Stale CAS cleanup: roadmap (71/100)...
Proactive Stale CAS cleanup: role (72/100)...
Proactive Stale CAS cleanup: rollback_report (73/100)...
Proactive Stale CAS cleanup: scalar_metric_sampler (76/100)...
Proactive Stale CAS cleanup: sampler_profile (75/100)...
Proactive Stale CAS cleanup: rule (74/100)...
Proactive Stale CAS cleanup: scenario (77/100)...
Proactive Stale CAS cleanup: scheduler_handler_binding (78/100)...
Proactive Stale CAS cleanup: shockwave_router (79/100)...
Proactive Stale CAS cleanup: status_history_metric_sampler (81/100)...
Proactive Stale CAS cleanup: stakeholder_profile (80/100)...
Proactive Stale CAS cleanup: strategic_context (82/100)...
Proactive Stale CAS cleanup: strategic_plan (83/100)...
Proactive Stale CAS cleanup: team (84/100)...
Proactive Stale CAS cleanup: team_configuration (85/100)...
Proactive Stale CAS cleanup: technical_debt (86/100)...
Proactive Stale CAS cleanup: technical_spec (87/100)...
Proactive Stale CAS cleanup: template (88/100)...
Proactive Stale CAS cleanup: test_case (89/100)...
Proactive Stale CAS cleanup: translation_manifest (91/100)...
Proactive Stale CAS cleanup: test_command_rule (90/100)...
Proactive Stale CAS cleanup: validation_rule (92/100)...
Proactive Stale CAS cleanup: vitality_report (95/100)...
Proactive Stale CAS cleanup: vision (93/100)...
Proactive Stale CAS cleanup: visual_plan (94/100)...
Proactive Stale CAS cleanup: vocabulary_scheme (96/100)...
Proactive Stale CAS cleanup: watchdog_registration (97/100)...
Proactive Stale CAS cleanup: workflow (98/100)...
Proactive Stale CAS cleanup: workstream (99/100)...
Proactive Stale CAS cleanup: workstream_transition (100/100)...
Loaders starting...
Loaders ready.
Loading object ID cache...
Warming CAS indexes...
Merging CAS indexes for 46 kinds...
CAS indexes warmed
Cache ready, starting validator...
Discovery starting...
Starting discovery across 100 kinds...
Validating 8935 objects (from docs/process/ via object ID cache)...
Progress: [===                                               ] 7.3% (652/8935, queue: 8267) 643/s (validating, workers: 16, goroutines: 17) - 1s
Progress: [=====                                             ] 10.6% (945/8935, queue: 7974) 469/s (validating, workers: 16, goroutines: 17) - 2s
Progress: [=======                                           ] 14.2% (1269/8935, queue: 7649) 421/s (validating, workers: 16, goroutines: 18) - 3s
Progress: [========                                          ] 16.7% (1491/8935, queue: 7427) 371/s (validating, workers: 16, goroutines: 18) - 4s
Progress: [=========                                         ] 18.8% (1681/8935, queue: 7237) 335/s (validating, workers: 16, goroutines: 18) - 5s
Progress: [==========                                        ] 20.6% (1844/8935, queue: 7074) 307/s (validating, workers: 16, goroutines: 18) - 6s
Progress: [===========                                       ] 22.6% (2021/8935, queue: 6898) 288/s (validating, workers: 16, goroutines: 17) - 7s
Progress: [===========                                       ] 23.9% (2139/8935, queue: 6780) 267/s (validating, workers: 16, goroutines: 17) - 8s
Progress: [============                                      ] 24.1% (2155/8935, queue: 6763) 239/s (validating, workers: 16, goroutines: 18) - 9s
Progress: [============                                      ] 24.5% (2187/8935, queue: 6732) 218/s (validating, workers: 16, goroutines: 17) - 10s
Progress: [============                                      ] 24.9% (2226/8935, queue: 6693) 202/s (validating, workers: 16, goroutines: 17) - 11s
Progress: [============                                      ] 25.4% (2271/8935, queue: 6648) 189/s (validating, workers: 16, goroutines: 17) - 12s
Progress: [============                                      ] 25.6% (2290/8935, queue: 6627) 176/s (validating, workers: 16, goroutines: 19) - 13s
Progress: [============                                      ] 26.0% (2320/8935, queue: 6598) 166/s (validating, workers: 16, goroutines: 18) - 14s
Progress: [=============                                     ] 26.0% (2327/8935, queue: 6591) 155/s (validating, workers: 16, goroutines: 18) - 15s
Progress: [=============                                     ] 26.2% (2338/8935, queue: 6580) 146/s (validating, workers: 16, goroutines: 18) - 16s
Progress: [=============                                     ] 26.5% (2365/8935, queue: 6553) 139/s (validating, workers: 16, goroutines: 18) - 17s
Progress: [=============                                     ] 26.8% (2397/8935, queue: 6521) 133/s (validating, workers: 16, goroutines: 18) - 18s
Progress: [=============                                     ] 27.1% (2418/8935, queue: 6501) 127/s (validating, workers: 16, goroutines: 17) - 19s
Progress: [=============                                     ] 27.3% (2440/8935, queue: 6479) 122/s (validating, workers: 16, goroutines: 17) - 20s
Progress: [=============                                     ] 27.5% (2460/8935, queue: 6459) 117/s (validating, workers: 16, goroutines: 17) - 21s
Progress: [=============                                     ] 27.8% (2485/8935, queue: 6433) 113/s (validating, workers: 16, goroutines: 18) - 22s
Progress: [==============                                    ] 28.2% (2516/8935, queue: 6402) 109/s (validating, workers: 16, goroutines: 18) - 23s
Progress: [==============                                    ] 28.4% (2539/8935, queue: 6379) 106/s (validating, workers: 16, goroutines: 18) - 24s
Progress: [==============                                    ] 28.7% (2560/8935, queue: 6359) 102/s (validating, workers: 16, goroutines: 17) - 25s
Progress: [==============                                    ] 28.9% (2582/8935, queue: 6336) 99/s (validating, workers: 16, goroutines: 18) - 26s
Progress: [==============                                    ] 29.3% (2617/8935, queue: 6302) 97/s (validating, workers: 16, goroutines: 17) - 27s
Progress: [==============                                    ] 29.7% (2656/8935, queue: 6263) 95/s (validating, workers: 16, goroutines: 17) - 28s
Progress: [===============                                   ] 30.1% (2693/8935, queue: 6225) 93/s (validating, workers: 16, goroutines: 18) - 29s
Progress: [===============                                   ] 30.6% (2734/8935, queue: 6184) 91/s (validating, workers: 16, goroutines: 18) - 30s
Progress: [===============                                   ] 31.0% (2774/8935, queue: 6144) 89/s (validating, workers: 16, goroutines: 18) - 31s
Progress: [===============                                   ] 31.4% (2810/8935, queue: 6109) 88/s (validating, workers: 16, goroutines: 17) - 32s
Progress: [===============                                   ] 31.7% (2833/8935, queue: 6085) 86/s (validating, workers: 16, goroutines: 18) - 33s
Progress: [================                                  ] 32.1% (2866/8935, queue: 6053) 84/s (validating, workers: 16, goroutines: 17) - 34s
Progress: [================                                  ] 32.3% (2889/8935, queue: 6030) 83/s (validating, workers: 16, goroutines: 17) - 35s
Progress: [================                                  ] 32.7% (2926/8935, queue: 5993) 81/s (validating, workers: 16, goroutines: 17) - 36s
Progress: [================                                  ] 33.0% (2947/8935, queue: 5971) 80/s (validating, workers: 16, goroutines: 18) - 37s
Progress: [================                                  ] 33.1% (2960/8935, queue: 5958) 78/s (validating, workers: 16, goroutines: 18) - 38s
Progress: [================                                  ] 33.5% (2990/8935, queue: 5928) 77/s (validating, workers: 16, goroutines: 18) - 39s
Progress: [================                                  ] 33.7% (3011/8935, queue: 5908) 75/s (validating, workers: 16, goroutines: 17) - 40s
Progress: [================                                  ] 33.9% (3031/8935, queue: 5887) 74/s (validating, workers: 16, goroutines: 18) - 41s
Progress: [=================                                 ] 34.2% (3056/8935, queue: 5863) 73/s (validating, workers: 16, goroutines: 17) - 42s
Progress: [=================                                 ] 34.4% (3076/8935, queue: 5843) 72/s (validating, workers: 16, goroutines: 17) - 43s
Progress: [=================                                 ] 34.7% (3096/8935, queue: 5823) 70/s (validating, workers: 16, goroutines: 17) - 44s
Progress: [=================                                 ] 34.9% (3115/8935, queue: 5803) 69/s (validating, workers: 16, goroutines: 18) - 45s
Progress: [=================                                 ] 35.1% (3138/8935, queue: 5781) 68/s (validating, workers: 16, goroutines: 17) - 46s
Progress: [=================                                 ] 35.4% (3162/8935, queue: 5757) 67/s (validating, workers: 16, goroutines: 17) - 47s
Progress: [=================                                 ] 35.7% (3193/8935, queue: 5725) 67/s (validating, workers: 16, goroutines: 18) - 48s
Progress: [==================                                ] 36.3% (3241/8935, queue: 5678) 66/s (validating, workers: 16, goroutines: 17) - 49s
Progress: [===================                               ] 38.8% (3468/8935, queue: 5443) 69/s (validating, workers: 16, goroutines: 25) - 50s
Progress: [=====================                             ] 43.0% (3844/8935, queue: 5075) 75/s (validating, workers: 16, goroutines: 17) - 51s
Progress: [========================                          ] 49.8% (4449/8935, queue: 4456) 86/s (validating, workers: 16, goroutines: 31) - 52s
Progress: [===========================                       ] 55.6% (4971/8935, queue: 3948) 94/s (validating, workers: 16, goroutines: 17) - 53s
Progress: [================================                  ] 64.7% (5777/8935, queue: 3126) 107/s (validating, workers: 16, goroutines: 33) - 54s
Progress: [====================================              ] 73.2% (6544/8935, queue: 2355) 119/s (validating, workers: 16, goroutines: 29) - 55s
Progress: [=========================================         ] 82.5% (7371/8935, queue: 1533) 132/s (validating, workers: 16, goroutines: 32) - 56s
Progress: [==============================================    ] 92.0% (8224/8935, queue: 680) 144/s (validating, workers: 16, goroutines: 33) - 57s
Progress: [================================================= ] 99.7% (8906/8935, queue: 0) 154/s (draining in-flight, workers: 16) - 58s
Progress: [==================================================] 100.0% (8935/8935, queue: 0) 151/s (completed) - 59s

Validation completed: 8935/8935 objects (8930 succeeded, 5 failed)

--- run 2026-09-05T00:45:00Z ---
System check starting...
Preparing loaders and cache...
Proactive Stale CAS cleanup starting...
Proactive Stale CAS cleanup: cleaning 100 kinds (timeout 2m0s)...
Proactive Stale CAS cleanup: account (1/100)...
Proactive Stale CAS cleanup: agent_architecture (2/100)...
Proactive Stale CAS cleanup: agent_feed (3/100)...
Proactive Stale CAS cleanup: agent_onboarding_preparation (4/100)...
Proactive Stale CAS cleanup: agent_skill (5/100)...
Proactive Stale CAS cleanup: agent_task (6/100)...
Proactive Stale CAS cleanup: api_spec (7/100)...
Proactive Stale CAS cleanup: auth_strategy (8/100)...
Proactive Stale CAS cleanup: base_sampler (10/100)...
Proactive Stale CAS cleanup: backlog_item (9/100)...
Proactive Stale CAS cleanup: brand (11/100)...
Proactive Stale CAS cleanup: capability (13/100)...
Proactive Stale CAS cleanup: bucketing_strategy (12/100)...
Proactive Stale CAS cleanup: capacity_advertisement (14/100)...
Proactive Stale CAS cleanup: command_spec (16/100)...
Proactive Stale CAS cleanup: certificate (15/100)...
Proactive Stale CAS cleanup: compute_advertisement (18/100)...
Proactive Stale CAS cleanup: component (17/100)...
Proactive Stale CAS cleanup: context_refresh_schedule (19/100)...
Proactive Stale CAS cleanup: convergence_session (20/100)...
Proactive Stale CAS cleanup: corporate_initiative (21/100)...
Proactive Stale CAS cleanup: criteria (22/100)...
Proactive Stale CAS cleanup: decision (23/100)...
Proactive Stale CAS cleanup: department (24/100)...
Proactive Stale CAS cleanup: digital_asset (25/100)...
Proactive Stale CAS cleanup: division (26/100)...
Proactive Stale CAS cleanup: doc_entry (27/100)...
Proactive Stale CAS cleanup: domain_registry (28/100)...
Proactive Stale CAS cleanup: field_registry (30/100)...
Proactive Stale CAS cleanup: evolution_management (29/100)...
Proactive Stale CAS cleanup: fission_event (31/100)...
Proactive Stale CAS cleanup: glossary_term (32/100)...
Proactive Stale CAS cleanup: glossary_term_relation (33/100)...
Proactive Stale CAS cleanup: goal (34/100)...
Proactive Stale CAS cleanup: import_tracking (35/100)...
Proactive Stale CAS cleanup: important_date (36/100)...
Proactive Stale CAS cleanup: inference_heuristic (37/100)...
Proactive Stale CAS cleanup: keystore_entry (38/100)...
Proactive Stale CAS cleanup: kind_synonym (39/100)...
Proactive Stale CAS cleanup: list_metric_sampler (41/100)...
Proactive Stale CAS cleanup: library (40/100)...
Proactive Stale CAS cleanup: mcp_spec (42/100)...
Proactive Stale CAS cleanup: metrics_feedback (44/100)...
Proactive Stale CAS cleanup: metadata_package (43/100)...
Proactive Stale CAS cleanup: milestone (45/100)...
Proactive Stale CAS cleanup: mission (46/100)...
Proactive Stale CAS cleanup: namespace (47/100)...
Proactive Stale CAS cleanup: namespace_registry (48/100)...
Proactive Stale CAS cleanup: object_spec (49/100)...
Proactive Stale CAS cleanup: ordered_list_metric_sampler (50/100)...
Proactive Stale CAS cleanup: organization (51/100)...
Proactive Stale CAS cleanup: organizational_change (52/100)...
Proactive Stale CAS cleanup: partnership (53/100)...
Proactive Stale CAS cleanup: persona (54/100)...
Proactive Stale CAS cleanup: pipeline (55/100)...
Proactive Stale CAS cleanup: pipeline_definition (56/100)...
Proactive Stale CAS cleanup: pipeline_stage (58/100)...
Proactive Stale CAS cleanup: pipeline_execution (57/100)...
Proactive Stale CAS cleanup: policy (59/100)...
Proactive Stale CAS cleanup: process_hygiene_rule (61/100)...
Proactive Stale CAS cleanup: priority_plan (60/100)...
Proactive Stale CAS cleanup: provider_profile (63/100)...
Proactive Stale CAS cleanup: prompt_template (62/100)...
Proactive Stale CAS cleanup: qa_success (64/100)...
Proactive Stale CAS cleanup: question (65/100)...
Proactive Stale CAS cleanup: remote_kernel (67/100)...
Proactive Stale CAS cleanup: release (66/100)...
Proactive Stale CAS cleanup: requirement (68/100)...
Proactive Stale CAS cleanup: resolver (69/100)...
Proactive Stale CAS cleanup: risk_blocker (70/100)...
Proactive Stale CAS cleanup: roadmap (71/100)...
Proactive Stale CAS cleanup: role (72/100)...
Proactive Stale CAS cleanup: rollback_report (73/100)...
Proactive Stale CAS cleanup: rule (74/100)...
Proactive Stale CAS cleanup: scalar_metric_sampler (76/100)...
Proactive Stale CAS cleanup: sampler_profile (75/100)...
Proactive Stale CAS cleanup: scenario (77/100)...
Proactive Stale CAS cleanup: scheduler_handler_binding (78/100)...
Proactive Stale CAS cleanup: shockwave_router (79/100)...
Proactive Stale CAS cleanup: status_history_metric_sampler (81/100)...
Proactive Stale CAS cleanup: stakeholder_profile (80/100)...
Proactive Stale CAS cleanup: strategic_context (82/100)...
Proactive Stale CAS cleanup: strategic_plan (83/100)...
Proactive Stale CAS cleanup: team (84/100)...
Proactive Stale CAS cleanup: team_configuration (85/100)...
Proactive Stale CAS cleanup: technical_debt (86/100)...
Proactive Stale CAS cleanup: technical_spec (87/100)...
Proactive Stale CAS cleanup: template (88/100)...
Proactive Stale CAS cleanup: test_case (89/100)...
Proactive Stale CAS cleanup: translation_manifest (91/100)...
Proactive Stale CAS cleanup: test_command_rule (90/100)...
Proactive Stale CAS cleanup: validation_rule (92/100)...
Proactive Stale CAS cleanup: vitality_report (95/100)...
Proactive Stale CAS cleanup: vision (93/100)...
Proactive Stale CAS cleanup: visual_plan (94/100)...
Proactive Stale CAS cleanup: vocabulary_scheme (96/100)...
Proactive Stale CAS cleanup: watchdog_registration (97/100)...
Proactive Stale CAS cleanup: workflow (98/100)...
Proactive Stale CAS cleanup: workstream (99/100)...
Proactive Stale CAS cleanup: workstream_transition (100/100)...
Loaders starting...
Loaders ready.
Loading object ID cache...
Warming CAS indexes...
Merging CAS indexes for 46 kinds...
Cache ready, starting validator...
CAS indexes warmed
Discovery starting...
Starting discovery across 100 kinds...
Validating 8924 objects (from docs/process/ via object ID cache)...
Progress: [=========                                         ] 19.4% (1731/8924, queue: 7168) 1.7k/s (validating, workers: 16, goroutines: 18) - 1s
Progress: [=========================                         ] 50.3% (4493/8924, queue: 4407) 2.2k/s (validating, workers: 16, goroutines: 25) - 2s
Progress: [==================================                ] 68.4% (6108/8924, queue: 2793) 2.0k/s (validating, workers: 16, goroutines: 24) - 3s
Progress: [=========================================         ] 82.6% (7371/8924, queue: 1537) 1.8k/s (validating, workers: 16, goroutines: 17) - 4s
Progress: [================================================= ] 99.7% (8898/8924, queue: 0) 1.8k/s (draining in-flight, workers: 16) - 5s
Progress: [==================================================] 100.0% (8924/8924, queue: 0) 1.4k/s (completed) - 6s

Validation completed: 8924/8924 objects (8924 succeeded, 0 failed)

--- run 2026-09-05T00:50:00Z ---
System check starting...
Preparing loaders and cache...
Proactive Stale CAS cleanup starting...
Proactive Stale CAS cleanup: cleaning 100 kinds (timeout 2m0s)...
Proactive Stale CAS cleanup: account (1/100)...
Proactive Stale CAS cleanup: agent_architecture (2/100)...
Proactive Stale CAS cleanup: agent_feed (3/100)...
Proactive Stale CAS cleanup: agent_onboarding_preparation (4/100)...
Proactive Stale CAS cleanup: agent_skill (5/100)...
Proactive Stale CAS cleanup: agent_task (6/100)...
Proactive Stale CAS cleanup: api_spec (7/100)...
Proactive Stale CAS cleanup: auth_strategy (8/100)...
Proactive Stale CAS cleanup: base_sampler (10/100)...
Proactive Stale CAS cleanup: backlog_item (9/100)...
Proactive Stale CAS cleanup: brand (11/100)...
Proactive Stale CAS cleanup: capacity_advertisement (14/100)...
Proactive Stale CAS cleanup: bucketing_strategy (12/100)...
Proactive Stale CAS cleanup: capability (13/100)...
Proactive Stale CAS cleanup: command_spec (16/100)...
Proactive Stale CAS cleanup: certificate (15/100)...
Proactive Stale CAS cleanup: compute_advertisement (18/100)...
Proactive Stale CAS cleanup: component (17/100)...
Proactive Stale CAS cleanup: context_refresh_schedule (19/100)...
Proactive Stale CAS cleanup: convergence_session (20/100)...
Proactive Stale CAS cleanup: corporate_initiative (21/100)...
Proactive Stale CAS cleanup: criteria (22/100)...
Proactive Stale CAS cleanup: decision (23/100)...
Proactive Stale CAS cleanup: department (24/100)...
Proactive Stale CAS cleanup: digital_asset (25/100)...
Proactive Stale CAS cleanup: division (26/100)...
Proactive Stale CAS cleanup: doc_entry (27/100)...
Proactive Stale CAS cleanup: domain_registry (28/100)...
Proactive Stale CAS cleanup: field_registry (30/100)...
Proactive Stale CAS cleanup: evolution_management (29/100)...
Proactive Stale CAS cleanup: fission_event (31/100)...
Proactive Stale CAS cleanup: glossary_term (32/100)...
Proactive Stale CAS cleanup: glossary_term_relation (33/100)...
Proactive Stale CAS cleanup: goal (34/100)...
Proactive Stale CAS cleanup: import_tracking (35/100)...
Proactive Stale CAS cleanup: important_date (36/100)...
Proactive Stale CAS cleanup: inference_heuristic (37/100)...
Proactive Stale CAS cleanup: keystore_entry (38/100)...
Proactive Stale CAS cleanup: kind_synonym (39/100)...
Proactive Stale CAS cleanup: list_metric_sampler (41/100)...
Proactive Stale CAS cleanup: library (40/100)...
Proactive Stale CAS cleanup: mcp_spec (42/100)...
Proactive Stale CAS cleanup: metrics_feedback (44/100)...
Proactive Stale CAS cleanup: metadata_package (43/100)...
Proactive Stale CAS cleanup: milestone (45/100)...
Proactive Stale CAS cleanup: mission (46/100)...
Proactive Stale CAS cleanup: namespace (47/100)...
Proactive Stale CAS cleanup: namespace_registry (48/100)...
Proactive Stale CAS cleanup: ordered_list_metric_sampler (50/100)...
Proactive Stale CAS cleanup: object_spec (49/100)...
Proactive Stale CAS cleanup: organization (51/100)...
Proactive Stale CAS cleanup: organizational_change (52/100)...
Proactive Stale CAS cleanup: partnership (53/100)...
Proactive Stale CAS cleanup: persona (54/100)...
Proactive Stale CAS cleanup: pipeline (55/100)...
Proactive Stale CAS cleanup: pipeline_definition (56/100)...
Proactive Stale CAS cleanup: pipeline_stage (58/100)...
Proactive Stale CAS cleanup: pipeline_execution (57/100)...
Proactive Stale CAS cleanup: policy (59/100)...
Proactive Stale CAS cleanup: priority_plan (60/100)...
Proactive Stale CAS cleanup: process_hygiene_rule (61/100)...
Proactive Stale CAS cleanup: provider_profile (63/100)...
Proactive Stale CAS cleanup: prompt_template (62/100)...
Proactive Stale CAS cleanup: qa_success (64/100)...
Proactive Stale CAS cleanup: question (65/100)...
Proactive Stale CAS cleanup: remote_kernel (67/100)...
Proactive Stale CAS cleanup: release (66/100)...
Proactive Stale CAS cleanup: requirement (68/100)...
Proactive Stale CAS cleanup: resolver (69/100)...
Proactive Stale CAS cleanup: risk_blocker (70/100)...
Proactive Stale CAS cleanup: roadmap (71/100)...
Proactive Stale CAS cleanup: role (72/100)...
Proactive Stale CAS cleanup: rollback_report (73/100)...
Proactive Stale CAS cleanup: sampler_profile (75/100)...
Proactive Stale CAS cleanup: rule (74/100)...
Proactive Stale CAS cleanup: scalar_metric_sampler (76/100)...
Proactive Stale CAS cleanup: scenario (77/100)...
Proactive Stale CAS cleanup: scheduler_handler_binding (78/100)...
Proactive Stale CAS cleanup: shockwave_router (79/100)...
Proactive Stale CAS cleanup: status_history_metric_sampler (81/100)...
Proactive Stale CAS cleanup: stakeholder_profile (80/100)...
Proactive Stale CAS cleanup: strategic_context (82/100)...
Proactive Stale CAS cleanup: strategic_plan (83/100)...
Proactive Stale CAS cleanup: team (84/100)...
Proactive Stale CAS cleanup: team_configuration (85/100)...
Proactive Stale CAS cleanup: technical_debt (86/100)...
Proactive Stale CAS cleanup: technical_spec (87/100)...
Proactive Stale CAS cleanup: template (88/100)...
Proactive Stale CAS cleanup: test_case (89/100)...
Proactive Stale CAS cleanup: translation_manifest (91/100)...
Proactive Stale CAS cleanup: test_command_rule (90/100)...
Proactive Stale CAS cleanup: validation_rule (92/100)...
Proactive Stale CAS cleanup: vitality_report (95/100)...
Proactive Stale CAS cleanup: visual_plan (94/100)...
Proactive Stale CAS cleanup: vision (93/100)...
Proactive Stale CAS cleanup: vocabulary_scheme (96/100)...
Proactive Stale CAS cleanup: watchdog_registration (97/100)...
Proactive Stale CAS cleanup: workflow (98/100)...
Proactive Stale CAS cleanup: workstream (99/100)...
Proactive Stale CAS cleanup: workstream_transition (100/100)...
Loaders starting...
Loaders ready.
Loading object ID cache...
Warming CAS indexes...
Merging CAS indexes for 46 kinds...
CAS indexes warmed
Cache ready, starting validator...
Discovery starting...
Starting discovery across 100 kinds...
Validating 8952 objects (from docs/process/ via object ID cache)...
Progress: [=====                                             ] 10.4% (929/8952, queue: 7999) 923/s (validating, workers: 16, goroutines: 25) - 1s
Progress: [============                                      ] 25.4% (2271/8952, queue: 6665) 1.1k/s (validating, workers: 16, goroutines: 17) - 2s
Progress: [====================                              ] 41.1% (3682/8952, queue: 5238) 1.2k/s (validating, workers: 16, goroutines: 27) - 3s
Progress: [============================                      ] 56.8% (5083/8952, queue: 3853) 1.3k/s (validating, workers: 16, goroutines: 17) - 4s
Progress: [===================================               ] 71.4% (6390/8952, queue: 2533) 1.3k/s (validating, workers: 16, goroutines: 26) - 5s
Progress: [=========================================         ] 83.9% (7512/8952, queue: 1409) 1.3k/s (validating, workers: 16, goroutines: 32) - 6s
Progress: [================================================= ] 99.6% (8913/8952, queue: 8) 1.3k/s (validating, workers: 16, goroutines: 23) - 7s
Progress: [================================================= ] 99.7% (8929/8952, queue: 0) 1.3k/s (draining in-flight, workers: 16) - 7s
Progress: [==================================================] 100.0% (8952/8952, queue: 0) 966/s (completed) - 9s

Validation completed: 8952/8952 objects (8952 succeeded, 0 failed)

--- run 2026-09-05T00:55:00Z ---
System check starting...
Preparing loaders and cache...
Proactive Stale CAS cleanup starting...
Proactive Stale CAS cleanup: cleaning 100 kinds (timeout 2m0s)...
Proactive Stale CAS cleanup: account (1/100)...
Proactive Stale CAS cleanup: agent_architecture (2/100)...
Proactive Stale CAS cleanup: agent_feed (3/100)...
Proactive Stale CAS cleanup: agent_onboarding_preparation (4/100)...
Proactive Stale CAS cleanup: agent_skill (5/100)...
Proactive Stale CAS cleanup: agent_task (6/100)...
Proactive Stale CAS cleanup: api_spec (7/100)...
Proactive Stale CAS cleanup: auth_strategy (8/100)...
Proactive Stale CAS cleanup: base_sampler (10/100)...
Proactive Stale CAS cleanup: backlog_item (9/100)...
Proactive Stale CAS cleanup: brand (11/100)...
Proactive Stale CAS cleanup: bucketing_strategy (12/100)...
Proactive Stale CAS cleanup: capacity_advertisement (14/100)...
Proactive Stale CAS cleanup: capability (13/100)...
Proactive Stale CAS cleanup: command_spec (16/100)...
Proactive Stale CAS cleanup: certificate (15/100)...
Proactive Stale CAS cleanup: component (17/100)...
Proactive Stale CAS cleanup: compute_advertisement (18/100)...
Proactive Stale CAS cleanup: context_refresh_schedule (19/100)...
Proactive Stale CAS cleanup: convergence_session (20/100)...
Proactive Stale CAS cleanup: corporate_initiative (21/100)...
Proactive Stale CAS cleanup: criteria (22/100)...
Proactive Stale CAS cleanup: decision (23/100)...
Proactive Stale CAS cleanup: digital_asset (25/100)...
Proactive Stale CAS cleanup: department (24/100)...
Proactive Stale CAS cleanup: division (26/100)...
Proactive Stale CAS cleanup: doc_entry (27/100)...
Proactive Stale CAS cleanup: domain_registry (28/100)...
Proactive Stale CAS cleanup: field_registry (30/100)...
Proactive Stale CAS cleanup: evolution_management (29/100)...
Proactive Stale CAS cleanup: fission_event (31/100)...
Proactive Stale CAS cleanup: glossary_term (32/100)...
Proactive Stale CAS cleanup: glossary_term_relation (33/100)...
Proactive Stale CAS cleanup: goal (34/100)...
Proactive Stale CAS cleanup: import_tracking (35/100)...
Proactive Stale CAS cleanup: inference_heuristic (37/100)...
Proactive Stale CAS cleanup: important_date (36/100)...
Proactive Stale CAS cleanup: keystore_entry (38/100)...
Proactive Stale CAS cleanup: kind_synonym (39/100)...
Proactive Stale CAS cleanup: list_metric_sampler (41/100)...
Proactive Stale CAS cleanup: library (40/100)...
Proactive Stale CAS cleanup: mcp_spec (42/100)...
Proactive Stale CAS cleanup: metrics_feedback (44/100)...
Proactive Stale CAS cleanup: metadata_package (43/100)...
Proactive Stale CAS cleanup: milestone (45/100)...
Proactive Stale CAS cleanup: mission (46/100)...
Proactive Stale CAS cleanup: namespace (47/100)...
Proactive Stale CAS cleanup: namespace_registry (48/100)...
Proactive Stale CAS cleanup: ordered_list_metric_sampler (50/100)...
Proactive Stale CAS cleanup: object_spec (49/100)...
Proactive Stale CAS cleanup: organization (51/100)...
Proactive Stale CAS cleanup: organizational_change (52/100)...
Proactive Stale CAS cleanup: partnership (53/100)...
Proactive Stale CAS cleanup: persona (54/100)...
Proactive Stale CAS cleanup: pipeline (55/100)...
Proactive Stale CAS cleanup: pipeline_definition (56/100)...
Proactive Stale CAS cleanup: pipeline_stage (58/100)...
Proactive Stale CAS cleanup: pipeline_execution (57/100)...
Proactive Stale CAS cleanup: policy (59/100)...
Proactive Stale CAS cleanup: priority_plan (60/100)...
Proactive Stale CAS cleanup: process_hygiene_rule (61/100)...
Proactive Stale CAS cleanup: provider_profile (63/100)...
Proactive Stale CAS cleanup: prompt_template (62/100)...
Proactive Stale CAS cleanup: qa_success (64/100)...
Proactive Stale CAS cleanup: question (65/100)...
Proactive Stale CAS cleanup: remote_kernel (67/100)...
Proactive Stale CAS cleanup: release (66/100)...
Proactive Stale CAS cleanup: requirement (68/100)...
Proactive Stale CAS cleanup: resolver (69/100)...
Proactive Stale CAS cleanup: risk_blocker (70/100)...
Proactive Stale CAS cleanup: roadmap (71/100)...
Proactive Stale CAS cleanup: role (72/100)...
Proactive Stale CAS cleanup: rollback_report (73/100)...
Proactive Stale CAS cleanup: sampler_profile (75/100)...
Proactive Stale CAS cleanup: rule (74/100)...
Proactive Stale CAS cleanup: scalar_metric_sampler (76/100)...
Proactive Stale CAS cleanup: scenario (77/100)...
Proactive Stale CAS cleanup: scheduler_handler_binding (78/100)...
Proactive Stale CAS cleanup: shockwave_router (79/100)...
Proactive Stale CAS cleanup: status_history_metric_sampler (81/100)...
Proactive Stale CAS cleanup: stakeholder_profile (80/100)...
Proactive Stale CAS cleanup: strategic_context (82/100)...
Proactive Stale CAS cleanup: strategic_plan (83/100)...
Proactive Stale CAS cleanup: team (84/100)...
Proactive Stale CAS cleanup: team_configuration (85/100)...
Proactive Stale CAS cleanup: technical_debt (86/100)...
Proactive Stale CAS cleanup: technical_spec (87/100)...
Proactive Stale CAS cleanup: template (88/100)...
Proactive Stale CAS cleanup: test_case (89/100)...
Proactive Stale CAS cleanup: translation_manifest (91/100)...
Proactive Stale CAS cleanup: test_command_rule (90/100)...
Proactive Stale CAS cleanup: validation_rule (92/100)...
Proactive Stale CAS cleanup: vitality_report (95/100)...
Proactive Stale CAS cleanup: vision (93/100)...
Proactive Stale CAS cleanup: visual_plan (94/100)...
Proactive Stale CAS cleanup: vocabulary_scheme (96/100)...
Proactive Stale CAS cleanup: watchdog_registration (97/100)...
Proactive Stale CAS cleanup: workflow (98/100)...
Proactive Stale CAS cleanup: workstream (99/100)...
Proactive Stale CAS cleanup: workstream_transition (100/100)...
Loaders starting...
Loaders ready.
Loading object ID cache...
Warming CAS indexes...
Merging CAS indexes for 46 kinds...
CAS indexes warmed
Cache ready, starting validator...
Discovery starting...
Starting discovery across 100 kinds...
Validating 8925 objects (from docs/process/ via object ID cache)...
Progress: [========                                          ] 17.5% (1565/8925, queue: 7332) 1.5k/s (validating, workers: 16, goroutines: 27) - 1s
Progress: [======================                            ] 44.9% (4007/8925, queue: 4886) 2.0k/s (validating, workers: 16, goroutines: 33) - 2s
Progress: [==================================                ] 70.0% (6244/8925, queue: 2652) 2.1k/s (validating, workers: 16, goroutines: 30) - 3s
Progress: [==========================================        ] 84.1% (7507/8925, queue: 1389) 1.9k/s (validating, workers: 16, goroutines: 28) - 4s
Progress: [================================================  ] 97.0% (8659/8925, queue: 234) 1.7k/s (validating, workers: 16, goroutines: 33) - 5s
Progress: [================================================= ] 99.8% (8904/8925, queue: 0) 1.7k/s (draining in-flight, workers: 16) - 5s
Progress: [==================================================] 100.0% (8925/8925, queue: 0) 1.2k/s (completed) - 7s

Validation completed: 8925/8925 objects (8925 succeeded, 0 failed)

--- run 2026-09-05T01:00:00Z ---
System check starting...
Preparing loaders and cache...
Proactive Stale CAS cleanup starting...
Proactive Stale CAS cleanup: cleaning 100 kinds (timeout 2m0s)...
Proactive Stale CAS cleanup: account (1/100)...
Proactive Stale CAS cleanup: agent_feed (3/100)...
Proactive Stale CAS cleanup: agent_architecture (2/100)...
Proactive Stale CAS cleanup: agent_onboarding_preparation (4/100)...
Proactive Stale CAS cleanup: agent_skill (5/100)...
Proactive Stale CAS cleanup: agent_task (6/100)...
Proactive Stale CAS cleanup: api_spec (7/100)...
Proactive Stale CAS cleanup: auth_strategy (8/100)...
Proactive Stale CAS cleanup: backlog_item (9/100)...
Proactive Stale CAS cleanup: base_sampler (10/100)...
Proactive Stale CAS cleanup: brand (11/100)...
Proactive Stale CAS cleanup: capacity_advertisement (14/100)...
Proactive Stale CAS cleanup: bucketing_strategy (12/100)...
Proactive Stale CAS cleanup: capability (13/100)...
Proactive Stale CAS cleanup: command_spec (16/100)...
Proactive Stale CAS cleanup: certificate (15/100)...
Proactive Stale CAS cleanup: compute_advertisement (18/100)...
Proactive Stale CAS cleanup: component (17/100)...
Proactive Stale CAS cleanup: context_refresh_schedule (19/100)...
Proactive Stale CAS cleanup: convergence_session (20/100)...
Proactive Stale CAS cleanup: corporate_initiative (21/100)...
Proactive Stale CAS cleanup: criteria (22/100)...
Proactive Stale CAS cleanup: decision (23/100)...
Proactive Stale CAS cleanup: digital_asset (25/100)...
Proactive Stale CAS cleanup: department (24/100)...
Proactive Stale CAS cleanup: division (26/100)...
Proactive Stale CAS cleanup: doc_entry (27/100)...
Proactive Stale CAS cleanup: domain_registry (28/100)...
Proactive Stale CAS cleanup: field_registry (30/100)...
Proactive Stale CAS cleanup: evolution_management (29/100)...
Proactive Stale CAS cleanup: fission_event (31/100)...
Proactive Stale CAS cleanup: glossary_term (32/100)...
Proactive Stale CAS cleanup: glossary_term_relation (33/100)...
Proactive Stale CAS cleanup: goal (34/100)...
Proactive Stale CAS cleanup: import_tracking (35/100)...
Proactive Stale CAS cleanup: inference_heuristic (37/100)...
Proactive Stale CAS cleanup: important_date (36/100)...
Proactive Stale CAS cleanup: keystore_entry (38/100)...
Proactive Stale CAS cleanup: kind_synonym (39/100)...
Proactive Stale CAS cleanup: list_metric_sampler (41/100)...
Proactive Stale CAS cleanup: library (40/100)...
Proactive Stale CAS cleanup: mcp_spec (42/100)...
Proactive Stale CAS cleanup: metrics_feedback (44/100)...
Proactive Stale CAS cleanup: metadata_package (43/100)...
Proactive Stale CAS cleanup: milestone (45/100)...
Proactive Stale CAS cleanup: mission (46/100)...
Proactive Stale CAS cleanup: namespace (47/100)...
Proactive Stale CAS cleanup: namespace_registry (48/100)...
Proactive Stale CAS cleanup: ordered_list_metric_sampler (50/100)...
Proactive Stale CAS cleanup: object_spec (49/100)...
Proactive Stale CAS cleanup: organization (51/100)...
Proactive Stale CAS cleanup: organizational_change (52/100)...
Proactive Stale CAS cleanup: partnership (53/100)...
Proactive Stale CAS cleanup: persona (54/100)...
Proactive Stale CAS cleanup: pipeline (55/100)...
Proactive Stale CAS cleanup: pipeline_definition (56/100)...
Proactive Stale CAS cleanup: pipeline_execution (57/100)...
Proactive Stale CAS cleanup: pipeline_stage (58/100)...
Proactive Stale CAS cleanup: policy (59/100)...
Proactive Stale CAS cleanup: process_hygiene_rule (61/100)...
Proactive Stale CAS cleanup: priority_plan (60/100)...
Proactive Stale CAS cleanup: provider_profile (63/100)...
Proactive Stale CAS cleanup: prompt_template (62/100)...
Proactive Stale CAS cleanup: qa_success (64/100)...
Proactive Stale CAS cleanup: question (65/100)...
Proactive Stale CAS cleanup: remote_kernel (67/100)...
Proactive Stale CAS cleanup: release (66/100)...
Proactive Stale CAS cleanup: requirement (68/100)...
Proactive Stale CAS cleanup: resolver (69/100)...
Proactive Stale CAS cleanup: risk_blocker (70/100)...
Proactive Stale CAS cleanup: roadmap (71/100)...
Proactive Stale CAS cleanup: role (72/100)...
Proactive Stale CAS cleanup: rollback_report (73/100)...
Proactive Stale CAS cleanup: sampler_profile (75/100)...
Proactive Stale CAS cleanup: rule (74/100)...
Proactive Stale CAS cleanup: scalar_metric_sampler (76/100)...
Proactive Stale CAS cleanup: scenario (77/100)...
Proactive Stale CAS cleanup: scheduler_handler_binding (78/100)...
Proactive Stale CAS cleanup: shockwave_router (79/100)...
Proactive Stale CAS cleanup: stakeholder_profile (80/100)...
Proactive Stale CAS cleanup: status_history_metric_sampler (81/100)...
Proactive Stale CAS cleanup: strategic_context (82/100)...
Proactive Stale CAS cleanup: strategic_plan (83/100)...
Proactive Stale CAS cleanup: team (84/100)...
Proactive Stale CAS cleanup: team_configuration (85/100)...
Proactive Stale CAS cleanup: technical_debt (86/100)...
Proactive Stale CAS cleanup: technical_spec (87/100)...
Proactive Stale CAS cleanup: template (88/100)...
Proactive Stale CAS cleanup: test_case (89/100)...
Proactive Stale CAS cleanup: translation_manifest (91/100)...
Proactive Stale CAS cleanup: test_command_rule (90/100)...
Proactive Stale CAS cleanup: validation_rule (92/100)...
Proactive Stale CAS cleanup: vitality_report (95/100)...
Proactive Stale CAS cleanup: vision (93/100)...
Proactive Stale CAS cleanup: visual_plan (94/100)...
Proactive Stale CAS cleanup: vocabulary_scheme (96/100)...
Proactive Stale CAS cleanup: watchdog_registration (97/100)...
Proactive Stale CAS cleanup: workflow (98/100)...
Proactive Stale CAS cleanup: workstream (99/100)...
Proactive Stale CAS cleanup: workstream_transition (100/100)...
Loaders starting...
Loaders ready.
Loading object ID cache...
Warming CAS indexes...
Merging CAS indexes for 46 kinds...
CAS indexes warmed
Cache ready, starting validator...
Discovery starting...
Starting discovery across 100 kinds...
Validating 8925 objects (from docs/process/ via object ID cache)...
Progress: [==================================================] 100.0% (8925/8925, queue: 0) 6.3k/s (completed) - 1s

Validation completed: 8925/8925 objects (8925 succeeded, 0 failed)

--- run 2026-09-05T01:05:00Z ---
System check starting...
Preparing loaders and cache...
Proactive Stale CAS cleanup starting...
Proactive Stale CAS cleanup: cleaning 100 kinds (timeout 2m0s)...
Proactive Stale CAS cleanup: account (1/100)...
Proactive Stale CAS cleanup: agent_architecture (2/100)...
Proactive Stale CAS cleanup: agent_feed (3/100)...
Proactive Stale CAS cleanup: agent_onboarding_preparation (4/100)...
Proactive Stale CAS cleanup: agent_skill (5/100)...
Proactive Stale CAS cleanup: agent_task (6/100)...
Proactive Stale CAS cleanup: api_spec (7/100)...
Proactive Stale CAS cleanup: auth_strategy (8/100)...
Proactive Stale CAS cleanup: base_sampler (10/100)...
Proactive Stale CAS cleanup: backlog_item (9/100)...
Proactive Stale CAS cleanup: brand (11/100)...
Proactive Stale CAS cleanup: capability (13/100)...
Proactive Stale CAS cleanup: bucketing_strategy (12/100)...
Proactive Stale CAS cleanup: capacity_advertisement (14/100)...
Proactive Stale CAS cleanup: command_spec (16/100)...
Proactive Stale CAS cleanup: certificate (15/100)...
Proactive Stale CAS cleanup: component (17/100)...
Proactive Stale CAS cleanup: compute_advertisement (18/100)...
Proactive Stale CAS cleanup: context_refresh_schedule (19/100)...
Proactive Stale CAS cleanup: convergence_session (20/100)...
Proactive Stale CAS cleanup: corporate_initiative (21/100)...
Proactive Stale CAS cleanup: criteria (22/100)...
Proactive Stale CAS cleanup: decision (23/100)...
Proactive Stale CAS cleanup: department (24/100)...
Proactive Stale CAS cleanup: digital_asset (25/100)...
Proactive Stale CAS cleanup: division (26/100)...
Proactive Stale CAS cleanup: doc_entry (27/100)...
Proactive Stale CAS cleanup: domain_registry (28/100)...
Proactive Stale CAS cleanup: fission_event (31/100)...
Proactive Stale CAS cleanup: evolution_management (29/100)...
Proactive Stale CAS cleanup: field_registry (30/100)...
Proactive Stale CAS cleanup: glossary_term (32/100)...
Proactive Stale CAS cleanup: glossary_term_relation (33/100)...
Proactive Stale CAS cleanup: goal (34/100)...
Proactive Stale CAS cleanup: import_tracking (35/100)...
Proactive Stale CAS cleanup: inference_heuristic (37/100)...
Proactive Stale CAS cleanup: important_date (36/100)...
Proactive Stale CAS cleanup: keystore_entry (38/100)...
Proactive Stale CAS cleanup: kind_synonym (39/100)...
Proactive Stale CAS cleanup: list_metric_sampler (41/100)...
Proactive Stale CAS cleanup: library (40/100)...
Proactive Stale CAS cleanup: mcp_spec (42/100)...
Proactive Stale CAS cleanup: metrics_feedback (44/100)...
Proactive Stale CAS cleanup: metadata_package (43/100)...
Proactive Stale CAS cleanup: milestone (45/100)...
Proactive Stale CAS cleanup: mission (46/100)...
Proactive Stale CAS cleanup: namespace (47/100)...
Proactive Stale CAS cleanup: namespace_registry (48/100)...
Proactive Stale CAS cleanup: ordered_list_metric_sampler (50/100)...
Proactive Stale CAS cleanup: object_spec (49/100)...
Proactive Stale CAS cleanup: organization (51/100)...
Proactive Stale CAS cleanup: organizational_change (52/100)...
Proactive Stale CAS cleanup: partnership (53/100)...
Proactive Stale CAS cleanup: persona (54/100)...
Proactive Stale CAS cleanup: pipeline (55/100)...
Proactive Stale CAS cleanup: pipeline_definition (56/100)...
Proactive Stale CAS cleanup: pipeline_stage (58/100)...
Proactive Stale CAS cleanup: pipeline_execution (57/100)...
Proactive Stale CAS cleanup: policy (59/100)...
Proactive Stale CAS cleanup: priority_plan (60/100)...
Proactive Stale CAS cleanup: process_hygiene_rule (61/100)...
Proactive Stale CAS cleanup: provider_profile (63/100)...
Proactive Stale CAS cleanup: prompt_template (62/100)...
Proactive Stale CAS cleanup: qa_success (64/100)...
Proactive Stale CAS cleanup: question (65/100)...
Proactive Stale CAS cleanup: remote_kernel (67/100)...
Proactive Stale CAS cleanup: release (66/100)...
Proactive Stale CAS cleanup: requirement (68/100)...
Proactive Stale CAS cleanup: resolver (69/100)...
Proactive Stale CAS cleanup: risk_blocker (70/100)...
Proactive Stale CAS cleanup: roadmap (71/100)...
Proactive Stale CAS cleanup: role (72/100)...
Proactive Stale CAS cleanup: rollback_report (73/100)...
Proactive Stale CAS cleanup: sampler_profile (75/100)...
Proactive Stale CAS cleanup: rule (74/100)...
Proactive Stale CAS cleanup: scalar_metric_sampler (76/100)...
Proactive Stale CAS cleanup: scenario (77/100)...
Proactive Stale CAS cleanup: scheduler_handler_binding (78/100)...
Proactive Stale CAS cleanup: shockwave_router (79/100)...
Proactive Stale CAS cleanup: status_history_metric_sampler (81/100)...
Proactive Stale CAS cleanup: stakeholder_profile (80/100)...
Proactive Stale CAS cleanup: strategic_context (82/100)...
Proactive Stale CAS cleanup: strategic_plan (83/100)...
Proactive Stale CAS cleanup: team (84/100)...
Proactive Stale CAS cleanup: team_configuration (85/100)...
Proactive Stale CAS cleanup: technical_debt (86/100)...
Proactive Stale CAS cleanup: technical_spec (87/100)...
Proactive Stale CAS cleanup: template (88/100)...
Proactive Stale CAS cleanup: test_case (89/100)...
Proactive Stale CAS cleanup: test_command_rule (90/100)...
Proactive Stale CAS cleanup: translation_manifest (91/100)...
Proactive Stale CAS cleanup: validation_rule (92/100)...
Proactive Stale CAS cleanup: vitality_report (95/100)...
Proactive Stale CAS cleanup: vision (93/100)...
Proactive Stale CAS cleanup: visual_plan (94/100)...
Proactive Stale CAS cleanup: vocabulary_scheme (96/100)...
Proactive Stale CAS cleanup: watchdog_registration (97/100)...
Proactive Stale CAS cleanup: workflow (98/100)...
Proactive Stale CAS cleanup: workstream (99/100)...
Proactive Stale CAS cleanup: workstream_transition (100/100)...
Loaders starting...
Loaders ready.
Loading object ID cache...
Warming CAS indexes...
Merging CAS indexes for 46 kinds...
CAS indexes warmed
Cache ready, starting validator...
Discovery starting...
Starting discovery across 100 kinds...
Validating 8925 objects (from docs/process/ via object ID cache)...
Progress: [==================================================] 100.0% (8925/8925, queue: 0) 6.1k/s (completed) - 1s

Validation completed: 8925/8925 objects (8925 succeeded, 0 failed)

--- run 2026-09-05T01:10:01Z ---
System check starting...
Preparing loaders and cache...
Proactive Stale CAS cleanup starting...
Proactive Stale CAS cleanup: cleaning 100 kinds (timeout 2m0s)...
Proactive Stale CAS cleanup: account (1/100)...
Proactive Stale CAS cleanup: agent_architecture (2/100)...
Proactive Stale CAS cleanup: agent_feed (3/100)...
Proactive Stale CAS cleanup: agent_onboarding_preparation (4/100)...
Proactive Stale CAS cleanup: agent_skill (5/100)...
Proactive Stale CAS cleanup: agent_task (6/100)...
Proactive Stale CAS cleanup: api_spec (7/100)...
Proactive Stale CAS cleanup: auth_strategy (8/100)...
Proactive Stale CAS cleanup: backlog_item (9/100)...
Proactive Stale CAS cleanup: base_sampler (10/100)...
Proactive Stale CAS cleanup: brand (11/100)...
Proactive Stale CAS cleanup: capacity_advertisement (14/100)...
Proactive Stale CAS cleanup: bucketing_strategy (12/100)...
Proactive Stale CAS cleanup: capability (13/100)...
Proactive Stale CAS cleanup: command_spec (16/100)...
Proactive Stale CAS cleanup: certificate (15/100)...
Proactive Stale CAS cleanup: compute_advertisement (18/100)...
Proactive Stale CAS cleanup: component (17/100)...
Proactive Stale CAS cleanup: context_refresh_schedule (19/100)...
Proactive Stale CAS cleanup: convergence_session (20/100)...
Proactive Stale CAS cleanup: corporate_initiative (21/100)...
Proactive Stale CAS cleanup: criteria (22/100)...
Proactive Stale CAS cleanup: decision (23/100)...
Proactive Stale CAS cleanup: department (24/100)...
Proactive Stale CAS cleanup: digital_asset (25/100)...
Proactive Stale CAS cleanup: division (26/100)...
Proactive Stale CAS cleanup: doc_entry (27/100)...
Proactive Stale CAS cleanup: domain_registry (28/100)...
Proactive Stale CAS cleanup: field_registry (30/100)...
Proactive Stale CAS cleanup: evolution_management (29/100)...
Proactive Stale CAS cleanup: fission_event (31/100)...
Proactive Stale CAS cleanup: glossary_term (32/100)...
Proactive Stale CAS cleanup: glossary_term_relation (33/100)...
Proactive Stale CAS cleanup: goal (34/100)...
Proactive Stale CAS cleanup: import_tracking (35/100)...
Proactive Stale CAS cleanup: inference_heuristic (37/100)...
Proactive Stale CAS cleanup: important_date (36/100)...
Proactive Stale CAS cleanup: keystore_entry (38/100)...
Proactive Stale CAS cleanup: kind_synonym (39/100)...
Proactive Stale CAS cleanup: list_metric_sampler (41/100)...
Proactive Stale CAS cleanup: library (40/100)...
Proactive Stale CAS cleanup: mcp_spec (42/100)...
Proactive Stale CAS cleanup: metrics_feedback (44/100)...
Proactive Stale CAS cleanup: metadata_package (43/100)...
Proactive Stale CAS cleanup: milestone (45/100)...
Proactive Stale CAS cleanup: mission (46/100)...
Proactive Stale CAS cleanup: namespace (47/100)...
Proactive Stale CAS cleanup: namespace_registry (48/100)...
Proactive Stale CAS cleanup: ordered_list_metric_sampler (50/100)...
Proactive Stale CAS cleanup: object_spec (49/100)...
Proactive Stale CAS cleanup: organization (51/100)...
Proactive Stale CAS cleanup: organizational_change (52/100)...
Proactive Stale CAS cleanup: partnership (53/100)...
Proactive Stale CAS cleanup: persona (54/100)...
Proactive Stale CAS cleanup: pipeline (55/100)...
Proactive Stale CAS cleanup: pipeline_definition (56/100)...
Proactive Stale CAS cleanup: pipeline_stage (58/100)...
Proactive Stale CAS cleanup: pipeline_execution (57/100)...
Proactive Stale CAS cleanup: policy (59/100)...
Proactive Stale CAS cleanup: process_hygiene_rule (61/100)...
Proactive Stale CAS cleanup: priority_plan (60/100)...
Proactive Stale CAS cleanup: provider_profile (63/100)...
Proactive Stale CAS cleanup: prompt_template (62/100)...
Proactive Stale CAS cleanup: qa_success (64/100)...
Proactive Stale CAS cleanup: question (65/100)...
Proactive Stale CAS cleanup: remote_kernel (67/100)...
Proactive Stale CAS cleanup: release (66/100)...
Proactive Stale CAS cleanup: requirement (68/100)...
Proactive Stale CAS cleanup: resolver (69/100)...
Proactive Stale CAS cleanup: risk_blocker (70/100)...
Proactive Stale CAS cleanup: roadmap (71/100)...
Proactive Stale CAS cleanup: role (72/100)...
Proactive Stale CAS cleanup: rollback_report (73/100)...
Proactive Stale CAS cleanup: sampler_profile (75/100)...
Proactive Stale CAS cleanup: rule (74/100)...
Proactive Stale CAS cleanup: scalar_metric_sampler (76/100)...
Proactive Stale CAS cleanup: scenario (77/100)...
Proactive Stale CAS cleanup: scheduler_handler_binding (78/100)...
Proactive Stale CAS cleanup: shockwave_router (79/100)...
Proactive Stale CAS cleanup: stakeholder_profile (80/100)...
Proactive Stale CAS cleanup: status_history_metric_sampler (81/100)...
Proactive Stale CAS cleanup: strategic_context (82/100)...
Proactive Stale CAS cleanup: strategic_plan (83/100)...
Proactive Stale CAS cleanup: team (84/100)...
Proactive Stale CAS cleanup: team_configuration (85/100)...
Proactive Stale CAS cleanup: technical_debt (86/100)...
Proactive Stale CAS cleanup: technical_spec (87/100)...
Proactive Stale CAS cleanup: template (88/100)...
Proactive Stale CAS cleanup: test_case (89/100)...
Proactive Stale CAS cleanup: test_command_rule (90/100)...
Proactive Stale CAS cleanup: translation_manifest (91/100)...
Proactive Stale CAS cleanup: validation_rule (92/100)...
Proactive Stale CAS cleanup: visual_plan (94/100)...
Proactive Stale CAS cleanup: vision (93/100)...
Proactive Stale CAS cleanup: vitality_report (95/100)...
Proactive Stale CAS cleanup: vocabulary_scheme (96/100)...
Proactive Stale CAS cleanup: watchdog_registration (97/100)...
Proactive Stale CAS cleanup: workflow (98/100)...
Proactive Stale CAS cleanup: workstream (99/100)...
Proactive Stale CAS cleanup: workstream_transition (100/100)...
Loaders starting...
Loaders ready.
Loading object ID cache...
Warming CAS indexes...
Merging CAS indexes for 46 kinds...
CAS indexes warmed
Cache ready, starting validator...
Discovery starting...
Starting discovery across 100 kinds...
Validating 8925 objects (from docs/process/ via object ID cache)...
Progress: [==================================================] 100.0% (8925/8925, queue: 0) 6.3k/s (completed) - 1s

Validation completed: 8925/8925 objects (8925 succeeded, 0 failed)

--- run 2026-09-05T01:15:00Z ---
System check starting...
Preparing loaders and cache...
Proactive Stale CAS cleanup starting...
Proactive Stale CAS cleanup: cleaning 100 kinds (timeout 2m0s)...
Proactive Stale CAS cleanup: account (1/100)...
Proactive Stale CAS cleanup: agent_architecture (2/100)...
Proactive Stale CAS cleanup: agent_feed (3/100)...
Proactive Stale CAS cleanup: agent_onboarding_preparation (4/100)...
Proactive Stale CAS cleanup: agent_skill (5/100)...
Proactive Stale CAS cleanup: agent_task (6/100)...
Proactive Stale CAS cleanup: api_spec (7/100)...
Proactive Stale CAS cleanup: auth_strategy (8/100)...
Proactive Stale CAS cleanup: base_sampler (10/100)...
Proactive Stale CAS cleanup: backlog_item (9/100)...
Proactive Stale CAS cleanup: brand (11/100)...
Proactive Stale CAS cleanup: capability (13/100)...
Proactive Stale CAS cleanup: bucketing_strategy (12/100)...
Proactive Stale CAS cleanup: capacity_advertisement (14/100)...
Proactive Stale CAS cleanup: command_spec (16/100)...
Proactive Stale CAS cleanup: certificate (15/100)...
Proactive Stale CAS cleanup: component (17/100)...
Proactive Stale CAS cleanup: compute_advertisement (18/100)...
Proactive Stale CAS cleanup: context_refresh_schedule (19/100)...
Proactive Stale CAS cleanup: convergence_session (20/100)...
Proactive Stale CAS cleanup: corporate_initiative (21/100)...
Proactive Stale CAS cleanup: criteria (22/100)...
Proactive Stale CAS cleanup: decision (23/100)...
Proactive Stale CAS cleanup: department (24/100)...
Proactive Stale CAS cleanup: digital_asset (25/100)...
Proactive Stale CAS cleanup: division (26/100)...
Proactive Stale CAS cleanup: doc_entry (27/100)...
Proactive Stale CAS cleanup: domain_registry (28/100)...
Proactive Stale CAS cleanup: fission_event (31/100)...
Proactive Stale CAS cleanup: field_registry (30/100)...
Proactive Stale CAS cleanup: evolution_management (29/100)...
Proactive Stale CAS cleanup: glossary_term (32/100)...
Proactive Stale CAS cleanup: glossary_term_relation (33/100)...
Proactive Stale CAS cleanup: goal (34/100)...
Proactive Stale CAS cleanup: import_tracking (35/100)...
Proactive Stale CAS cleanup: inference_heuristic (37/100)...
Proactive Stale CAS cleanup: important_date (36/100)...
Proactive Stale CAS cleanup: keystore_entry (38/100)...
Proactive Stale CAS cleanup: kind_synonym (39/100)...
Proactive Stale CAS cleanup: list_metric_sampler (41/100)...
Proactive Stale CAS cleanup: library (40/100)...
Proactive Stale CAS cleanup: mcp_spec (42/100)...
Proactive Stale CAS cleanup: metrics_feedback (44/100)...
Proactive Stale CAS cleanup: metadata_package (43/100)...
Proactive Stale CAS cleanup: milestone (45/100)...
Proactive Stale CAS cleanup: mission (46/100)...
Proactive Stale CAS cleanup: namespace (47/100)...
Proactive Stale CAS cleanup: namespace_registry (48/100)...
Proactive Stale CAS cleanup: ordered_list_metric_sampler (50/100)...
Proactive Stale CAS cleanup: object_spec (49/100)...
Proactive Stale CAS cleanup: organization (51/100)...
Proactive Stale CAS cleanup: organizational_change (52/100)...
Proactive Stale CAS cleanup: partnership (53/100)...
Proactive Stale CAS cleanup: persona (54/100)...
Proactive Stale CAS cleanup: pipeline (55/100)...
Proactive Stale CAS cleanup: pipeline_definition (56/100)...
Proactive Stale CAS cleanup: pipeline_stage (58/100)...
Proactive Stale CAS cleanup: pipeline_execution (57/100)...
Proactive Stale CAS cleanup: policy (59/100)...
Proactive Stale CAS cleanup: process_hygiene_rule (61/100)...
Proactive Stale CAS cleanup: priority_plan (60/100)...
Proactive Stale CAS cleanup: provider_profile (63/100)...
Proactive Stale CAS cleanup: prompt_template (62/100)...
Proactive Stale CAS cleanup: qa_success (64/100)...
Proactive Stale CAS cleanup: question (65/100)...
Proactive Stale CAS cleanup: remote_kernel (67/100)...
Proactive Stale CAS cleanup: release (66/100)...
Proactive Stale CAS cleanup: requirement (68/100)...
Proactive Stale CAS cleanup: resolver (69/100)...
Proactive Stale CAS cleanup: risk_blocker (70/100)...
Proactive Stale CAS cleanup: roadmap (71/100)...
Proactive Stale CAS cleanup: role (72/100)...
Proactive Stale CAS cleanup: rollback_report (73/100)...
Proactive Stale CAS cleanup: sampler_profile (75/100)...
Proactive Stale CAS cleanup: rule (74/100)...
Proactive Stale CAS cleanup: scalar_metric_sampler (76/100)...
Proactive Stale CAS cleanup: scenario (77/100)...
Proactive Stale CAS cleanup: scheduler_handler_binding (78/100)...
Proactive Stale CAS cleanup: shockwave_router (79/100)...
Proactive Stale CAS cleanup: status_history_metric_sampler (81/100)...
Proactive Stale CAS cleanup: stakeholder_profile (80/100)...
Proactive Stale CAS cleanup: strategic_context (82/100)...
Proactive Stale CAS cleanup: strategic_plan (83/100)...
Proactive Stale CAS cleanup: team (84/100)...
Proactive Stale CAS cleanup: team_configuration (85/100)...
Proactive Stale CAS cleanup: technical_debt (86/100)...
Proactive Stale CAS cleanup: technical_spec (87/100)...
Proactive Stale CAS cleanup: template (88/100)...
Proactive Stale CAS cleanup: test_case (89/100)...
Proactive Stale CAS cleanup: translation_manifest (91/100)...
Proactive Stale CAS cleanup: test_command_rule (90/100)...
Proactive Stale CAS cleanup: validation_rule (92/100)...
Proactive Stale CAS cleanup: vitality_report (95/100)...
Proactive Stale CAS cleanup: vision (93/100)...
Proactive Stale CAS cleanup: visual_plan (94/100)...
Proactive Stale CAS cleanup: vocabulary_scheme (96/100)...
Proactive Stale CAS cleanup: watchdog_registration (97/100)...
Proactive Stale CAS cleanup: workflow (98/100)...
Proactive Stale CAS cleanup: workstream (99/100)...
Proactive Stale CAS cleanup: workstream_transition (100/100)...
Loaders starting...
Loaders ready.
Loading object ID cache...
Warming CAS indexes...
Merging CAS indexes for 46 kinds...
CAS indexes warmed
Cache ready, starting validator...
Discovery starting...
Starting discovery across 100 kinds...
Validating 8925 objects (from docs/process/ via object ID cache)...
Progress: [==================================================] 100.0% (8925/8925, queue: 0) 6.0k/s (completed) - 1s

Validation completed: 8925/8925 objects (8925 succeeded, 0 failed)

--- run 2026-09-05T01:20:01Z ---
System check starting...
Preparing loaders and cache...
Proactive Stale CAS cleanup starting...
Proactive Stale CAS cleanup: cleaning 100 kinds (timeout 2m0s)...
Proactive Stale CAS cleanup: account (1/100)...
Proactive Stale CAS cleanup: agent_architecture (2/100)...
Proactive Stale CAS cleanup: agent_feed (3/100)...
Proactive Stale CAS cleanup: agent_onboarding_preparation (4/100)...
Proactive Stale CAS cleanup: agent_skill (5/100)...
Proactive Stale CAS cleanup: agent_task (6/100)...
Proactive Stale CAS cleanup: api_spec (7/100)...
Proactive Stale CAS cleanup: auth_strategy (8/100)...
Proactive Stale CAS cleanup: base_sampler (10/100)...
Proactive Stale CAS cleanup: backlog_item (9/100)...
Proactive Stale CAS cleanup: brand (11/100)...
Proactive Stale CAS cleanup: capacity_advertisement (14/100)...
Proactive Stale CAS cleanup: bucketing_strategy (12/100)...
Proactive Stale CAS cleanup: capability (13/100)...
Proactive Stale CAS cleanup: command_spec (16/100)...
Proactive Stale CAS cleanup: certificate (15/100)...
Proactive Stale CAS cleanup: compute_advertisement (18/100)...
Proactive Stale CAS cleanup: component (17/100)...
Proactive Stale CAS cleanup: context_refresh_schedule (19/100)...
Proactive Stale CAS cleanup: convergence_session (20/100)...
Proactive Stale CAS cleanup: corporate_initiative (21/100)...
Proactive Stale CAS cleanup: criteria (22/100)...
Proactive Stale CAS cleanup: decision (23/100)...
Proactive Stale CAS cleanup: digital_asset (25/100)...
Proactive Stale CAS cleanup: department (24/100)...
Proactive Stale CAS cleanup: division (26/100)...
Proactive Stale CAS cleanup: doc_entry (27/100)...
Proactive Stale CAS cleanup: domain_registry (28/100)...
Proactive Stale CAS cleanup: field_registry (30/100)...
Proactive Stale CAS cleanup: evolution_management (29/100)...
Proactive Stale CAS cleanup: fission_event (31/100)...
Proactive Stale CAS cleanup: glossary_term (32/100)...
Proactive Stale CAS cleanup: glossary_term_relation (33/100)...
Proactive Stale CAS cleanup: goal (34/100)...
Proactive Stale CAS cleanup: import_tracking (35/100)...
Proactive Stale CAS cleanup: inference_heuristic (37/100)...
Proactive Stale CAS cleanup: important_date (36/100)...
Proactive Stale CAS cleanup: keystore_entry (38/100)...
Proactive Stale CAS cleanup: kind_synonym (39/100)...
Proactive Stale CAS cleanup: list_metric_sampler (41/100)...
Proactive Stale CAS cleanup: library (40/100)...
Proactive Stale CAS cleanup: mcp_spec (42/100)...
Proactive Stale CAS cleanup: metrics_feedback (44/100)...
Proactive Stale CAS cleanup: metadata_package (43/100)...
Proactive Stale CAS cleanup: milestone (45/100)...
Proactive Stale CAS cleanup: mission (46/100)...
Proactive Stale CAS cleanup: namespace (47/100)...
Proactive Stale CAS cleanup: namespace_registry (48/100)...
Proactive Stale CAS cleanup: ordered_list_metric_sampler (50/100)...
Proactive Stale CAS cleanup: object_spec (49/100)...
Proactive Stale CAS cleanup: organization (51/100)...
Proactive Stale CAS cleanup: organizational_change (52/100)...
Proactive Stale CAS cleanup: partnership (53/100)...
Proactive Stale CAS cleanup: persona (54/100)...
Proactive Stale CAS cleanup: pipeline (55/100)...
Proactive Stale CAS cleanup: pipeline_definition (56/100)...
Proactive Stale CAS cleanup: pipeline_stage (58/100)...
Proactive Stale CAS cleanup: pipeline_execution (57/100)...
Proactive Stale CAS cleanup: policy (59/100)...
Proactive Stale CAS cleanup: priority_plan (60/100)...
Proactive Stale CAS cleanup: process_hygiene_rule (61/100)...
Proactive Stale CAS cleanup: provider_profile (63/100)...
Proactive Stale CAS cleanup: prompt_template (62/100)...
Proactive Stale CAS cleanup: qa_success (64/100)...
Proactive Stale CAS cleanup: question (65/100)...
Proactive Stale CAS cleanup: remote_kernel (67/100)...
Proactive Stale CAS cleanup: release (66/100)...
Proactive Stale CAS cleanup: requirement (68/100)...
Proactive Stale CAS cleanup: resolver (69/100)...
Proactive Stale CAS cleanup: risk_blocker (70/100)...
Proactive Stale CAS cleanup: roadmap (71/100)...
Proactive Stale CAS cleanup: role (72/100)...
Proactive Stale CAS cleanup: rollback_report (73/100)...
Proactive Stale CAS cleanup: scalar_metric_sampler (76/100)...
Proactive Stale CAS cleanup: sampler_profile (75/100)...
Proactive Stale CAS cleanup: rule (74/100)...
Proactive Stale CAS cleanup: scenario (77/100)...
Proactive Stale CAS cleanup: scheduler_handler_binding (78/100)...
Proactive Stale CAS cleanup: shockwave_router (79/100)...
Proactive Stale CAS cleanup: stakeholder_profile (80/100)...
Proactive Stale CAS cleanup: status_history_metric_sampler (81/100)...
Proactive Stale CAS cleanup: strategic_context (82/100)...
Proactive Stale CAS cleanup: strategic_plan (83/100)...
Proactive Stale CAS cleanup: team (84/100)...
Proactive Stale CAS cleanup: team_configuration (85/100)...
Proactive Stale CAS cleanup: technical_debt (86/100)...
Proactive Stale CAS cleanup: technical_spec (87/100)...
Proactive Stale CAS cleanup: template (88/100)...
Proactive Stale CAS cleanup: test_case (89/100)...
Proactive Stale CAS cleanup: test_command_rule (90/100)...
Proactive Stale CAS cleanup: translation_manifest (91/100)...
Proactive Stale CAS cleanup: validation_rule (92/100)...
Proactive Stale CAS cleanup: vision (93/100)...
Proactive Stale CAS cleanup: vitality_report (95/100)...
Proactive Stale CAS cleanup: visual_plan (94/100)...
Proactive Stale CAS cleanup: vocabulary_scheme (96/100)...
Proactive Stale CAS cleanup: watchdog_registration (97/100)...
Proactive Stale CAS cleanup: workflow (98/100)...
Proactive Stale CAS cleanup: workstream (99/100)...
Proactive Stale CAS cleanup: workstream_transition (100/100)...
Loaders starting...
Loaders ready.
Loading object ID cache...
Warming CAS indexes...
Merging CAS indexes for 46 kinds...
CAS indexes warmed
Cache ready, starting validator...
Discovery starting...
Starting discovery across 100 kinds...
Validating 8925 objects (from docs/process/ via object ID cache)...
Progress: [==================================================] 100.0% (8925/8925, queue: 0) 6.4k/s (completed) - 1s

Validation completed: 8925/8925 objects (8925 succeeded, 0 failed)

--- run 2026-09-05T01:25:00Z ---
System check starting...
Preparing loaders and cache...
Proactive Stale CAS cleanup starting...
Proactive Stale CAS cleanup: cleaning 100 kinds (timeout 2m0s)...
Proactive Stale CAS cleanup: account (1/100)...
Proactive Stale CAS cleanup: agent_architecture (2/100)...
Proactive Stale CAS cleanup: agent_feed (3/100)...
Proactive Stale CAS cleanup: agent_onboarding_preparation (4/100)...
Proactive Stale CAS cleanup: agent_skill (5/100)...
Proactive Stale CAS cleanup: agent_task (6/100)...
Proactive Stale CAS cleanup: api_spec (7/100)...
Proactive Stale CAS cleanup: auth_strategy (8/100)...
Proactive Stale CAS cleanup: base_sampler (10/100)...
Proactive Stale CAS cleanup: backlog_item (9/100)...
Proactive Stale CAS cleanup: brand (11/100)...
Proactive Stale CAS cleanup: bucketing_strategy (12/100)...
Proactive Stale CAS cleanup: capacity_advertisement (14/100)...
Proactive Stale CAS cleanup: capability (13/100)...
Proactive Stale CAS cleanup: command_spec (16/100)...
Proactive Stale CAS cleanup: certificate (15/100)...
Proactive Stale CAS cleanup: compute_advertisement (18/100)...
Proactive Stale CAS cleanup: component (17/100)...
Proactive Stale CAS cleanup: context_refresh_schedule (19/100)...
Proactive Stale CAS cleanup: convergence_session (20/100)...
Proactive Stale CAS cleanup: corporate_initiative (21/100)...
Proactive Stale CAS cleanup: criteria (22/100)...
Proactive Stale CAS cleanup: decision (23/100)...
Proactive Stale CAS cleanup: digital_asset (25/100)...
Proactive Stale CAS cleanup: department (24/100)...
Proactive Stale CAS cleanup: division (26/100)...
Proactive Stale CAS cleanup: doc_entry (27/100)...
Proactive Stale CAS cleanup: domain_registry (28/100)...
Proactive Stale CAS cleanup: fission_event (31/100)...
Proactive Stale CAS cleanup: field_registry (30/100)...
Proactive Stale CAS cleanup: evolution_management (29/100)...
Proactive Stale CAS cleanup: glossary_term (32/100)...
Proactive Stale CAS cleanup: glossary_term_relation (33/100)...
Proactive Stale CAS cleanup: goal (34/100)...
Proactive Stale CAS cleanup: import_tracking (35/100)...
Proactive Stale CAS cleanup: inference_heuristic (37/100)...
Proactive Stale CAS cleanup: important_date (36/100)...
Proactive Stale CAS cleanup: keystore_entry (38/100)...
Proactive Stale CAS cleanup: kind_synonym (39/100)...
Proactive Stale CAS cleanup: list_metric_sampler (41/100)...
Proactive Stale CAS cleanup: library (40/100)...
Proactive Stale CAS cleanup: mcp_spec (42/100)...
Proactive Stale CAS cleanup: metrics_feedback (44/100)...
Proactive Stale CAS cleanup: metadata_package (43/100)...
Proactive Stale CAS cleanup: milestone (45/100)...
Proactive Stale CAS cleanup: mission (46/100)...
Proactive Stale CAS cleanup: namespace (47/100)...
Proactive Stale CAS cleanup: namespace_registry (48/100)...
Proactive Stale CAS cleanup: ordered_list_metric_sampler (50/100)...
Proactive Stale CAS cleanup: object_spec (49/100)...
Proactive Stale CAS cleanup: organization (51/100)...
Proactive Stale CAS cleanup: organizational_change (52/100)...
Proactive Stale CAS cleanup: partnership (53/100)...
Proactive Stale CAS cleanup: persona (54/100)...
Proactive Stale CAS cleanup: pipeline (55/100)...
Proactive Stale CAS cleanup: pipeline_definition (56/100)...
Proactive Stale CAS cleanup: pipeline_stage (58/100)...
Proactive Stale CAS cleanup: pipeline_execution (57/100)...
Proactive Stale CAS cleanup: policy (59/100)...
Proactive Stale CAS cleanup: process_hygiene_rule (61/100)...
Proactive Stale CAS cleanup: priority_plan (60/100)...
Proactive Stale CAS cleanup: provider_profile (63/100)...
Proactive Stale CAS cleanup: prompt_template (62/100)...
Proactive Stale CAS cleanup: qa_success (64/100)...
Proactive Stale CAS cleanup: question (65/100)...
Proactive Stale CAS cleanup: remote_kernel (67/100)...
Proactive Stale CAS cleanup: release (66/100)...
Proactive Stale CAS cleanup: requirement (68/100)...
Proactive Stale CAS cleanup: resolver (69/100)...
Proactive Stale CAS cleanup: risk_blocker (70/100)...
Proactive Stale CAS cleanup: roadmap (71/100)...
Proactive Stale CAS cleanup: role (72/100)...
Proactive Stale CAS cleanup: rollback_report (73/100)...
Proactive Stale CAS cleanup: sampler_profile (75/100)...
Proactive Stale CAS cleanup: rule (74/100)...
Proactive Stale CAS cleanup: scalar_metric_sampler (76/100)...
Proactive Stale CAS cleanup: scenario (77/100)...
Proactive Stale CAS cleanup: scheduler_handler_binding (78/100)...
Proactive Stale CAS cleanup: shockwave_router (79/100)...
Proactive Stale CAS cleanup: status_history_metric_sampler (81/100)...
Proactive Stale CAS cleanup: stakeholder_profile (80/100)...
Proactive Stale CAS cleanup: strategic_context (82/100)...
Proactive Stale CAS cleanup: strategic_plan (83/100)...
Proactive Stale CAS cleanup: team (84/100)...
Proactive Stale CAS cleanup: team_configuration (85/100)...
Proactive Stale CAS cleanup: technical_debt (86/100)...
Proactive Stale CAS cleanup: technical_spec (87/100)...
Proactive Stale CAS cleanup: template (88/100)...
Proactive Stale CAS cleanup: test_case (89/100)...
Proactive Stale CAS cleanup: translation_manifest (91/100)...
Proactive Stale CAS cleanup: test_command_rule (90/100)...
Proactive Stale CAS cleanup: validation_rule (92/100)...
Proactive Stale CAS cleanup: vitality_report (95/100)...
Proactive Stale CAS cleanup: visual_plan (94/100)...
Proactive Stale CAS cleanup: vision (93/100)...
Proactive Stale CAS cleanup: vocabulary_scheme (96/100)...
Proactive Stale CAS cleanup: watchdog_registration (97/100)...
Proactive Stale CAS cleanup: workflow (98/100)...
Proactive Stale CAS cleanup: workstream (99/100)...
Proactive Stale CAS cleanup: workstream_transition (100/100)...
Loaders starting...
Loaders ready.
Loading object ID cache...
Warming CAS indexes...
Merging CAS indexes for 46 kinds...
CAS indexes warmed
Cache ready, starting validator...
Discovery starting...
Starting discovery across 100 kinds...
Validating 8925 objects (from docs/process/ via object ID cache)...
Progress: [==================================================] 100.0% (8925/8925, queue: 0) 6.5k/s (completed) - 1s

Validation completed: 8925/8925 objects (8925 succeeded, 0 failed)

--- run 2026-09-05T01:30:00Z ---
System check starting...
Preparing loaders and cache...
Proactive Stale CAS cleanup starting...
Proactive Stale CAS cleanup: cleaning 100 kinds (timeout 2m0s)...
Proactive Stale CAS cleanup: account (1/100)...
Proactive Stale CAS cleanup: agent_architecture (2/100)...
Proactive Stale CAS cleanup: agent_feed (3/100)...
Proactive Stale CAS cleanup: agent_onboarding_preparation (4/100)...
Proactive Stale CAS cleanup: agent_skill (5/100)...
Proactive Stale CAS cleanup: agent_task (6/100)...
Proactive Stale CAS cleanup: api_spec (7/100)...
Proactive Stale CAS cleanup: auth_strategy (8/100)...
Proactive Stale CAS cleanup: base_sampler (10/100)...
Proactive Stale CAS cleanup: backlog_item (9/100)...
Proactive Stale CAS cleanup: brand (11/100)...
Proactive Stale CAS cleanup: capacity_advertisement (14/100)...
Proactive Stale CAS cleanup: bucketing_strategy (12/100)...
Proactive Stale CAS cleanup: capability (13/100)...
Proactive Stale CAS cleanup: certificate (15/100)...
Proactive Stale CAS cleanup: command_spec (16/100)...
Proactive Stale CAS cleanup: compute_advertisement (18/100)...
Proactive Stale CAS cleanup: component (17/100)...
Proactive Stale CAS cleanup: context_refresh_schedule (19/100)...
Proactive Stale CAS cleanup: convergence_session (20/100)...
Proactive Stale CAS cleanup: corporate_initiative (21/100)...
Proactive Stale CAS cleanup: criteria (22/100)...
Proactive Stale CAS cleanup: decision (23/100)...
Proactive Stale CAS cleanup: digital_asset (25/100)...
Proactive Stale CAS cleanup: department (24/100)...
Proactive Stale CAS cleanup: division (26/100)...
Proactive Stale CAS cleanup: doc_entry (27/100)...
Proactive Stale CAS cleanup: domain_registry (28/100)...
Proactive Stale CAS cleanup: fission_event (31/100)...
Proactive Stale CAS cleanup: evolution_management (29/100)...
Proactive Stale CAS cleanup: field_registry (30/100)...
Proactive Stale CAS cleanup: glossary_term (32/100)...
Proactive Stale CAS cleanup: glossary_term_relation (33/100)...
Proactive Stale CAS cleanup: goal (34/100)...
Proactive Stale CAS cleanup: import_tracking (35/100)...
Proactive Stale CAS cleanup: inference_heuristic (37/100)...
Proactive Stale CAS cleanup: important_date (36/100)...
Proactive Stale CAS cleanup: keystore_entry (38/100)...
Proactive Stale CAS cleanup: kind_synonym (39/100)...
Proactive Stale CAS cleanup: list_metric_sampler (41/100)...
Proactive Stale CAS cleanup: library (40/100)...
Proactive Stale CAS cleanup: mcp_spec (42/100)...
Proactive Stale CAS cleanup: metrics_feedback (44/100)...
Proactive Stale CAS cleanup: metadata_package (43/100)...
Proactive Stale CAS cleanup: milestone (45/100)...
Proactive Stale CAS cleanup: mission (46/100)...
Proactive Stale CAS cleanup: namespace (47/100)...
Proactive Stale CAS cleanup: namespace_registry (48/100)...
Proactive Stale CAS cleanup: object_spec (49/100)...
Proactive Stale CAS cleanup: ordered_list_metric_sampler (50/100)...
Proactive Stale CAS cleanup: organization (51/100)...
Proactive Stale CAS cleanup: organizational_change (52/100)...
Proactive Stale CAS cleanup: partnership (53/100)...
Proactive Stale CAS cleanup: persona (54/100)...
Proactive Stale CAS cleanup: pipeline (55/100)...
Proactive Stale CAS cleanup: pipeline_definition (56/100)...
Proactive Stale CAS cleanup: pipeline_stage (58/100)...
Proactive Stale CAS cleanup: pipeline_execution (57/100)...
Proactive Stale CAS cleanup: policy (59/100)...
Proactive Stale CAS cleanup: priority_plan (60/100)...
Proactive Stale CAS cleanup: process_hygiene_rule (61/100)...
Proactive Stale CAS cleanup: prompt_template (62/100)...
Proactive Stale CAS cleanup: provider_profile (63/100)...
Proactive Stale CAS cleanup: qa_success (64/100)...
Proactive Stale CAS cleanup: question (65/100)...
Proactive Stale CAS cleanup: release (66/100)...
Proactive Stale CAS cleanup: remote_kernel (67/100)...
Proactive Stale CAS cleanup: requirement (68/100)...
Proactive Stale CAS cleanup: resolver (69/100)...
Proactive Stale CAS cleanup: risk_blocker (70/100)...
Proactive Stale CAS cleanup: roadmap (71/100)...
Proactive Stale CAS cleanup: role (72/100)...
Proactive Stale CAS cleanup: rollback_report (73/100)...
Proactive Stale CAS cleanup: sampler_profile (75/100)...
Proactive Stale CAS cleanup: rule (74/100)...
Proactive Stale CAS cleanup: scalar_metric_sampler (76/100)...
Proactive Stale CAS cleanup: scenario (77/100)...
Proactive Stale CAS cleanup: scheduler_handler_binding (78/100)...
Proactive Stale CAS cleanup: shockwave_router (79/100)...
Proactive Stale CAS cleanup: status_history_metric_sampler (81/100)...
Proactive Stale CAS cleanup: stakeholder_profile (80/100)...
Proactive Stale CAS cleanup: strategic_context (82/100)...
Proactive Stale CAS cleanup: strategic_plan (83/100)...
Proactive Stale CAS cleanup: team (84/100)...
Proactive Stale CAS cleanup: team_configuration (85/100)...
Proactive Stale CAS cleanup: technical_debt (86/100)...
Proactive Stale CAS cleanup: technical_spec (87/100)...
Proactive Stale CAS cleanup: template (88/100)...
Proactive Stale CAS cleanup: test_case (89/100)...
Proactive Stale CAS cleanup: translation_manifest (91/100)...
Proactive Stale CAS cleanup: test_command_rule (90/100)...
Proactive Stale CAS cleanup: validation_rule (92/100)...
Proactive Stale CAS cleanup: visual_plan (94/100)...
Proactive Stale CAS cleanup: vision (93/100)...
Proactive Stale CAS cleanup: vitality_report (95/100)...
Proactive Stale CAS cleanup: vocabulary_scheme (96/100)...
Proactive Stale CAS cleanup: watchdog_registration (97/100)...
Proactive Stale CAS cleanup: workflow (98/100)...
Proactive Stale CAS cleanup: workstream (99/100)...
Proactive Stale CAS cleanup: workstream_transition (100/100)...
Loaders starting...
Loaders ready.
Loading object ID cache...
Warming CAS indexes...
Merging CAS indexes for 46 kinds...
CAS indexes warmed
Cache ready, starting validator...
Discovery starting...
Starting discovery across 100 kinds...
Validating 8925 objects (from docs/process/ via object ID cache)...
Progress: [==================================================] 100.0% (8925/8925, queue: 0) 5.9k/s (completed) - 2s

Validation completed: 8925/8925 objects (8925 succeeded, 0 failed)

--- run 2026-09-05T01:35:00Z ---
System check starting...
Preparing loaders and cache...
Proactive Stale CAS cleanup starting...
Proactive Stale CAS cleanup: cleaning 100 kinds (timeout 2m0s)...
Proactive Stale CAS cleanup: account (1/100)...
Proactive Stale CAS cleanup: agent_architecture (2/100)...
Proactive Stale CAS cleanup: agent_feed (3/100)...
Proactive Stale CAS cleanup: agent_onboarding_preparation (4/100)...
Proactive Stale CAS cleanup: agent_skill (5/100)...
Proactive Stale CAS cleanup: agent_task (6/100)...
Proactive Stale CAS cleanup: api_spec (7/100)...
Proactive Stale CAS cleanup: auth_strategy (8/100)...
Proactive Stale CAS cleanup: backlog_item (9/100)...
Proactive Stale CAS cleanup: base_sampler (10/100)...
Proactive Stale CAS cleanup: brand (11/100)...
Proactive Stale CAS cleanup: bucketing_strategy (12/100)...
Proactive Stale CAS cleanup: capacity_advertisement (14/100)...
Proactive Stale CAS cleanup: capability (13/100)...
Proactive Stale CAS cleanup: command_spec (16/100)...
Proactive Stale CAS cleanup: certificate (15/100)...
Proactive Stale CAS cleanup: compute_advertisement (18/100)...
Proactive Stale CAS cleanup: component (17/100)...
Proactive Stale CAS cleanup: context_refresh_schedule (19/100)...
Proactive Stale CAS cleanup: convergence_session (20/100)...
Proactive Stale CAS cleanup: corporate_initiative (21/100)...
Proactive Stale CAS cleanup: criteria (22/100)...
Proactive Stale CAS cleanup: decision (23/100)...
Proactive Stale CAS cleanup: digital_asset (25/100)...
Proactive Stale CAS cleanup: department (24/100)...
Proactive Stale CAS cleanup: division (26/100)...
Proactive Stale CAS cleanup: doc_entry (27/100)...
Proactive Stale CAS cleanup: domain_registry (28/100)...
Proactive Stale CAS cleanup: field_registry (30/100)...
Proactive Stale CAS cleanup: evolution_management (29/100)...
Proactive Stale CAS cleanup: fission_event (31/100)...
Proactive Stale CAS cleanup: glossary_term (32/100)...
Proactive Stale CAS cleanup: glossary_term_relation (33/100)...
Proactive Stale CAS cleanup: goal (34/100)...
Proactive Stale CAS cleanup: import_tracking (35/100)...
Proactive Stale CAS cleanup: inference_heuristic (37/100)...
Proactive Stale CAS cleanup: important_date (36/100)...
Proactive Stale CAS cleanup: keystore_entry (38/100)...
Proactive Stale CAS cleanup: kind_synonym (39/100)...
Proactive Stale CAS cleanup: list_metric_sampler (41/100)...
Proactive Stale CAS cleanup: library (40/100)...
Proactive Stale CAS cleanup: mcp_spec (42/100)...
Proactive Stale CAS cleanup: metrics_feedback (44/100)...
Proactive Stale CAS cleanup: metadata_package (43/100)...
Proactive Stale CAS cleanup: milestone (45/100)...
Proactive Stale CAS cleanup: mission (46/100)...
Proactive Stale CAS cleanup: namespace (47/100)...
Proactive Stale CAS cleanup: namespace_registry (48/100)...
Proactive Stale CAS cleanup: object_spec (49/100)...
Proactive Stale CAS cleanup: ordered_list_metric_sampler (50/100)...
Proactive Stale CAS cleanup: organization (51/100)...
Proactive Stale CAS cleanup: organizational_change (52/100)...
Proactive Stale CAS cleanup: partnership (53/100)...
Proactive Stale CAS cleanup: persona (54/100)...
Proactive Stale CAS cleanup: pipeline (55/100)...
Proactive Stale CAS cleanup: pipeline_definition (56/100)...
Proactive Stale CAS cleanup: pipeline_stage (58/100)...
Proactive Stale CAS cleanup: pipeline_execution (57/100)...
Proactive Stale CAS cleanup: policy (59/100)...
Proactive Stale CAS cleanup: process_hygiene_rule (61/100)...
Proactive Stale CAS cleanup: priority_plan (60/100)...
Proactive Stale CAS cleanup: provider_profile (63/100)...
Proactive Stale CAS cleanup: prompt_template (62/100)...
Proactive Stale CAS cleanup: qa_success (64/100)...
Proactive Stale CAS cleanup: question (65/100)...
Proactive Stale CAS cleanup: remote_kernel (67/100)...
Proactive Stale CAS cleanup: release (66/100)...
Proactive Stale CAS cleanup: requirement (68/100)...
Proactive Stale CAS cleanup: resolver (69/100)...
Proactive Stale CAS cleanup: risk_blocker (70/100)...
Proactive Stale CAS cleanup: roadmap (71/100)...
Proactive Stale CAS cleanup: role (72/100)...
Proactive Stale CAS cleanup: rollback_report (73/100)...
Proactive Stale CAS cleanup: rule (74/100)...
Proactive Stale CAS cleanup: scalar_metric_sampler (76/100)...
Proactive Stale CAS cleanup: sampler_profile (75/100)...
Proactive Stale CAS cleanup: scenario (77/100)...
Proactive Stale CAS cleanup: scheduler_handler_binding (78/100)...
Proactive Stale CAS cleanup: shockwave_router (79/100)...
Proactive Stale CAS cleanup: status_history_metric_sampler (81/100)...
Proactive Stale CAS cleanup: stakeholder_profile (80/100)...
Proactive Stale CAS cleanup: strategic_context (82/100)...
Proactive Stale CAS cleanup: strategic_plan (83/100)...
Proactive Stale CAS cleanup: team (84/100)...
Proactive Stale CAS cleanup: team_configuration (85/100)...
Proactive Stale CAS cleanup: technical_debt (86/100)...
Proactive Stale CAS cleanup: technical_spec (87/100)...
Proactive Stale CAS cleanup: template (88/100)...
Proactive Stale CAS cleanup: test_case (89/100)...
Proactive Stale CAS cleanup: translation_manifest (91/100)...
Proactive Stale CAS cleanup: test_command_rule (90/100)...
Proactive Stale CAS cleanup: validation_rule (92/100)...
Proactive Stale CAS cleanup: visual_plan (94/100)...
Proactive Stale CAS cleanup: vision (93/100)...
Proactive Stale CAS cleanup: vitality_report (95/100)...
Proactive Stale CAS cleanup: vocabulary_scheme (96/100)...
Proactive Stale CAS cleanup: watchdog_registration (97/100)...
Proactive Stale CAS cleanup: workflow (98/100)...
Proactive Stale CAS cleanup: workstream (99/100)...
Proactive Stale CAS cleanup: workstream_transition (100/100)...
Loaders starting...
Loaders ready.
Loading object ID cache...
Warming CAS indexes...
Merging CAS indexes for 46 kinds...
CAS indexes warmed
Cache ready, starting validator...
Discovery starting...
Starting discovery across 100 kinds...
Validating 8925 objects (from docs/process/ via object ID cache)...
Progress: [==================================================] 100.0% (8925/8925, queue: 0) 6.0k/s (completed) - 1s

Validation completed: 8925/8925 objects (8925 succeeded, 0 failed)

--- run 2026-09-05T01:40:00Z ---
System check starting...
Preparing loaders and cache...
Proactive Stale CAS cleanup starting...
Proactive Stale CAS cleanup: cleaning 100 kinds (timeout 2m0s)...
Proactive Stale CAS cleanup: account (1/100)...
Proactive Stale CAS cleanup: agent_architecture (2/100)...
Proactive Stale CAS cleanup: agent_feed (3/100)...
Proactive Stale CAS cleanup: agent_onboarding_preparation (4/100)...
Proactive Stale CAS cleanup: agent_skill (5/100)...
Proactive Stale CAS cleanup: agent_task (6/100)...
Proactive Stale CAS cleanup: api_spec (7/100)...
Proactive Stale CAS cleanup: auth_strategy (8/100)...
Proactive Stale CAS cleanup: base_sampler (10/100)...
Proactive Stale CAS cleanup: backlog_item (9/100)...
Proactive Stale CAS cleanup: brand (11/100)...
Proactive Stale CAS cleanup: capacity_advertisement (14/100)...
Proactive Stale CAS cleanup: bucketing_strategy (12/100)...
Proactive Stale CAS cleanup: capability (13/100)...
Proactive Stale CAS cleanup: command_spec (16/100)...
Proactive Stale CAS cleanup: certificate (15/100)...
Proactive Stale CAS cleanup: compute_advertisement (18/100)...
Proactive Stale CAS cleanup: component (17/100)...
Proactive Stale CAS cleanup: context_refresh_schedule (19/100)...
Proactive Stale CAS cleanup: convergence_session (20/100)...
Proactive Stale CAS cleanup: corporate_initiative (21/100)...
Proactive Stale CAS cleanup: criteria (22/100)...
Proactive Stale CAS cleanup: decision (23/100)...
Proactive Stale CAS cleanup: digital_asset (25/100)...
Proactive Stale CAS cleanup: department (24/100)...
Proactive Stale CAS cleanup: division (26/100)...
Proactive Stale CAS cleanup: doc_entry (27/100)...
Proactive Stale CAS cleanup: domain_registry (28/100)...
Proactive Stale CAS cleanup: fission_event (31/100)...
Proactive Stale CAS cleanup: evolution_management (29/100)...
Proactive Stale CAS cleanup: field_registry (30/100)...
Proactive Stale CAS cleanup: glossary_term (32/100)...
Proactive Stale CAS cleanup: glossary_term_relation (33/100)...
Proactive Stale CAS cleanup: goal (34/100)...
Proactive Stale CAS cleanup: import_tracking (35/100)...
Proactive Stale CAS cleanup: inference_heuristic (37/100)...
Proactive Stale CAS cleanup: important_date (36/100)...
Proactive Stale CAS cleanup: keystore_entry (38/100)...
Proactive Stale CAS cleanup: kind_synonym (39/100)...
Proactive Stale CAS cleanup: library (40/100)...
Proactive Stale CAS cleanup: list_metric_sampler (41/100)...
Proactive Stale CAS cleanup: mcp_spec (42/100)...
Proactive Stale CAS cleanup: metrics_feedback (44/100)...
Proactive Stale CAS cleanup: metadata_package (43/100)...
Proactive Stale CAS cleanup: milestone (45/100)...
Proactive Stale CAS cleanup: mission (46/100)...
Proactive Stale CAS cleanup: namespace (47/100)...
Proactive Stale CAS cleanup: namespace_registry (48/100)...
Proactive Stale CAS cleanup: ordered_list_metric_sampler (50/100)...
Proactive Stale CAS cleanup: object_spec (49/100)...
Proactive Stale CAS cleanup: organization (51/100)...
Proactive Stale CAS cleanup: organizational_change (52/100)...
Proactive Stale CAS cleanup: partnership (53/100)...
Proactive Stale CAS cleanup: persona (54/100)...
Proactive Stale CAS cleanup: pipeline (55/100)...
Proactive Stale CAS cleanup: pipeline_definition (56/100)...
Proactive Stale CAS cleanup: pipeline_stage (58/100)...
Proactive Stale CAS cleanup: pipeline_execution (57/100)...
Proactive Stale CAS cleanup: policy (59/100)...
Proactive Stale CAS cleanup: process_hygiene_rule (61/100)...
Proactive Stale CAS cleanup: priority_plan (60/100)...
Proactive Stale CAS cleanup: provider_profile (63/100)...
Proactive Stale CAS cleanup: prompt_template (62/100)...
Proactive Stale CAS cleanup: qa_success (64/100)...
Proactive Stale CAS cleanup: question (65/100)...
Proactive Stale CAS cleanup: remote_kernel (67/100)...
Proactive Stale CAS cleanup: release (66/100)...
Proactive Stale CAS cleanup: requirement (68/100)...
Proactive Stale CAS cleanup: resolver (69/100)...
Proactive Stale CAS cleanup: risk_blocker (70/100)...
Proactive Stale CAS cleanup: roadmap (71/100)...
Proactive Stale CAS cleanup: role (72/100)...
Proactive Stale CAS cleanup: rollback_report (73/100)...
Proactive Stale CAS cleanup: scalar_metric_sampler (76/100)...
Proactive Stale CAS cleanup: rule (74/100)...
Proactive Stale CAS cleanup: sampler_profile (75/100)...
Proactive Stale CAS cleanup: scenario (77/100)...
Proactive Stale CAS cleanup: scheduler_handler_binding (78/100)...
Proactive Stale CAS cleanup: shockwave_router (79/100)...
Proactive Stale CAS cleanup: status_history_metric_sampler (81/100)...
Proactive Stale CAS cleanup: stakeholder_profile (80/100)...
Proactive Stale CAS cleanup: strategic_context (82/100)...
Proactive Stale CAS cleanup: strategic_plan (83/100)...
Proactive Stale CAS cleanup: team (84/100)...
Proactive Stale CAS cleanup: team_configuration (85/100)...
Proactive Stale CAS cleanup: technical_debt (86/100)...
Proactive Stale CAS cleanup: technical_spec (87/100)...
Proactive Stale CAS cleanup: template (88/100)...
Proactive Stale CAS cleanup: test_case (89/100)...
Proactive Stale CAS cleanup: translation_manifest (91/100)...
Proactive Stale CAS cleanup: test_command_rule (90/100)...
Proactive Stale CAS cleanup: validation_rule (92/100)...
Proactive Stale CAS cleanup: vitality_report (95/100)...
Proactive Stale CAS cleanup: vision (93/100)...
Proactive Stale CAS cleanup: visual_plan (94/100)...
Proactive Stale CAS cleanup: vocabulary_scheme (96/100)...
Proactive Stale CAS cleanup: watchdog_registration (97/100)...
Proactive Stale CAS cleanup: workflow (98/100)...
Proactive Stale CAS cleanup: workstream (99/100)...
Proactive Stale CAS cleanup: workstream_transition (100/100)...
Loaders starting...
Loaders ready.
Loading object ID cache...
Warming CAS indexes...
Merging CAS indexes for 46 kinds...
CAS indexes warmed
Cache ready, starting validator...
Discovery starting...
Starting discovery across 100 kinds...
Validating 8925 objects (from docs/process/ via object ID cache)...
Progress: [==================================================] 100.0% (8925/8925, queue: 0) 6.5k/s (completed) - 1s

Validation completed: 8925/8925 objects (8925 succeeded, 0 failed)

--- run 2026-09-05T01:45:00Z ---
System check starting...
Preparing loaders and cache...
Proactive Stale CAS cleanup starting...
Proactive Stale CAS cleanup: cleaning 100 kinds (timeout 2m0s)...
Proactive Stale CAS cleanup: account (1/100)...
Proactive Stale CAS cleanup: agent_architecture (2/100)...
Proactive Stale CAS cleanup: agent_feed (3/100)...
Proactive Stale CAS cleanup: agent_onboarding_preparation (4/100)...
Proactive Stale CAS cleanup: agent_skill (5/100)...
Proactive Stale CAS cleanup: agent_task (6/100)...
Proactive Stale CAS cleanup: api_spec (7/100)...
Proactive Stale CAS cleanup: auth_strategy (8/100)...
Proactive Stale CAS cleanup: base_sampler (10/100)...
Proactive Stale CAS cleanup: backlog_item (9/100)...
Proactive Stale CAS cleanup: brand (11/100)...
Proactive Stale CAS cleanup: capacity_advertisement (14/100)...
Proactive Stale CAS cleanup: bucketing_strategy (12/100)...
Proactive Stale CAS cleanup: capability (13/100)...
Proactive Stale CAS cleanup: command_spec (16/100)...
Proactive Stale CAS cleanup: certificate (15/100)...
Proactive Stale CAS cleanup: compute_advertisement (18/100)...
Proactive Stale CAS cleanup: component (17/100)...
Proactive Stale CAS cleanup: context_refresh_schedule (19/100)...
Proactive Stale CAS cleanup: convergence_session (20/100)...
Proactive Stale CAS cleanup: corporate_initiative (21/100)...
Proactive Stale CAS cleanup: criteria (22/100)...
Proactive Stale CAS cleanup: decision (23/100)...
Proactive Stale CAS cleanup: digital_asset (25/100)...
Proactive Stale CAS cleanup: department (24/100)...
Proactive Stale CAS cleanup: division (26/100)...
Proactive Stale CAS cleanup: doc_entry (27/100)...
Proactive Stale CAS cleanup: domain_registry (28/100)...
Proactive Stale CAS cleanup: field_registry (30/100)...
Proactive Stale CAS cleanup: evolution_management (29/100)...
Proactive Stale CAS cleanup: fission_event (31/100)...
Proactive Stale CAS cleanup: glossary_term (32/100)...
Proactive Stale CAS cleanup: glossary_term_relation (33/100)...
Proactive Stale CAS cleanup: goal (34/100)...
Proactive Stale CAS cleanup: import_tracking (35/100)...
Proactive Stale CAS cleanup: inference_heuristic (37/100)...
Proactive Stale CAS cleanup: important_date (36/100)...
Proactive Stale CAS cleanup: keystore_entry (38/100)...
Proactive Stale CAS cleanup: kind_synonym (39/100)...
Proactive Stale CAS cleanup: list_metric_sampler (41/100)...
Proactive Stale CAS cleanup: library (40/100)...
Proactive Stale CAS cleanup: mcp_spec (42/100)...
Proactive Stale CAS cleanup: metrics_feedback (44/100)...
Proactive Stale CAS cleanup: metadata_package (43/100)...
Proactive Stale CAS cleanup: milestone (45/100)...
Proactive Stale CAS cleanup: mission (46/100)...
Proactive Stale CAS cleanup: namespace (47/100)...
Proactive Stale CAS cleanup: namespace_registry (48/100)...
Proactive Stale CAS cleanup: ordered_list_metric_sampler (50/100)...
Proactive Stale CAS cleanup: object_spec (49/100)...
Proactive Stale CAS cleanup: organization (51/100)...
Proactive Stale CAS cleanup: organizational_change (52/100)...
Proactive Stale CAS cleanup: partnership (53/100)...
Proactive Stale CAS cleanup: persona (54/100)...
Proactive Stale CAS cleanup: pipeline (55/100)...
Proactive Stale CAS cleanup: pipeline_definition (56/100)...
Proactive Stale CAS cleanup: pipeline_stage (58/100)...
Proactive Stale CAS cleanup: pipeline_execution (57/100)...
Proactive Stale CAS cleanup: policy (59/100)...
Proactive Stale CAS cleanup: process_hygiene_rule (61/100)...
Proactive Stale CAS cleanup: priority_plan (60/100)...
Proactive Stale CAS cleanup: provider_profile (63/100)...
Proactive Stale CAS cleanup: prompt_template (62/100)...
Proactive Stale CAS cleanup: qa_success (64/100)...
Proactive Stale CAS cleanup: question (65/100)...
Proactive Stale CAS cleanup: remote_kernel (67/100)...
Proactive Stale CAS cleanup: release (66/100)...
Proactive Stale CAS cleanup: requirement (68/100)...
Proactive Stale CAS cleanup: resolver (69/100)...
Proactive Stale CAS cleanup: risk_blocker (70/100)...
Proactive Stale CAS cleanup: roadmap (71/100)...
Proactive Stale CAS cleanup: role (72/100)...
Proactive Stale CAS cleanup: rollback_report (73/100)...
Proactive Stale CAS cleanup: sampler_profile (75/100)...
Proactive Stale CAS cleanup: rule (74/100)...
Proactive Stale CAS cleanup: scalar_metric_sampler (76/100)...
Proactive Stale CAS cleanup: scenario (77/100)...
Proactive Stale CAS cleanup: scheduler_handler_binding (78/100)...
Proactive Stale CAS cleanup: shockwave_router (79/100)...
Proactive Stale CAS cleanup: status_history_metric_sampler (81/100)...
Proactive Stale CAS cleanup: stakeholder_profile (80/100)...
Proactive Stale CAS cleanup: strategic_context (82/100)...
Proactive Stale CAS cleanup: strategic_plan (83/100)...
Proactive Stale CAS cleanup: team (84/100)...
Proactive Stale CAS cleanup: team_configuration (85/100)...
Proactive Stale CAS cleanup: technical_debt (86/100)...
Proactive Stale CAS cleanup: technical_spec (87/100)...
Proactive Stale CAS cleanup: template (88/100)...
Proactive Stale CAS cleanup: test_case (89/100)...
Proactive Stale CAS cleanup: translation_manifest (91/100)...
Proactive Stale CAS cleanup: test_command_rule (90/100)...
Proactive Stale CAS cleanup: validation_rule (92/100)...
Proactive Stale CAS cleanup: vitality_report (95/100)...
Proactive Stale CAS cleanup: vision (93/100)...
Proactive Stale CAS cleanup: visual_plan (94/100)...
Proactive Stale CAS cleanup: vocabulary_scheme (96/100)...
Proactive Stale CAS cleanup: watchdog_registration (97/100)...
Proactive Stale CAS cleanup: workflow (98/100)...
Proactive Stale CAS cleanup: workstream (99/100)...
Proactive Stale CAS cleanup: workstream_transition (100/100)...
Loaders starting...
Loaders ready.
Loading object ID cache...
Warming CAS indexes...
Merging CAS indexes for 46 kinds...
CAS indexes warmed
Cache ready, starting validator...
Discovery starting...
Starting discovery across 100 kinds...
Validating 8925 objects (from docs/process/ via object ID cache)...
Progress: [========                                          ] 16.2% (1450/8925, queue: 7445) 1.4k/s (validating, workers: 16, goroutines: 29) - 1s
Progress: [==================                                ] 37.4% (3334/8925, queue: 5563) 1.7k/s (validating, workers: 16, goroutines: 25) - 2s
Progress: [=============================                     ] 59.6% (5316/8925, queue: 3577) 1.8k/s (validating, workers: 16, goroutines: 33) - 3s
Progress: [===================================               ] 70.7% (6308/8925, queue: 2601) 1.6k/s (validating, workers: 16, goroutines: 17) - 4s
Progress: [======================================            ] 77.7% (6939/8925, queue: 1955) 1.4k/s (validating, workers: 16, goroutines: 24) - 5s
Progress: [==============================================    ] 93.1% (8310/8925, queue: 599) 1.4k/s (validating, workers: 16, goroutines: 28) - 6s
Progress: [================================================= ] 99.8% (8908/8925, queue: 0) 1.4k/s (draining in-flight, workers: 16) - 6s
Progress: [================================================= ] 99.9% (8917/8925, queue: 0) 1.4k/s (draining in-flight, workers: 16) - 6s
Progress: [==================================================] 100.0% (8925/8925, queue: 0) 1.1k/s (completed) - 8s

Validation completed: 8925/8925 objects (8925 succeeded, 0 failed)

--- run 2026-09-05T01:50:00Z ---
System check starting...
Preparing loaders and cache...
Proactive Stale CAS cleanup starting...
Proactive Stale CAS cleanup: cleaning 100 kinds (timeout 2m0s)...
Proactive Stale CAS cleanup: account (1/100)...
Proactive Stale CAS cleanup: agent_architecture (2/100)...
Proactive Stale CAS cleanup: agent_feed (3/100)...
Proactive Stale CAS cleanup: agent_onboarding_preparation (4/100)...
Proactive Stale CAS cleanup: agent_skill (5/100)...
Proactive Stale CAS cleanup: agent_task (6/100)...
Proactive Stale CAS cleanup: api_spec (7/100)...
Proactive Stale CAS cleanup: auth_strategy (8/100)...
Proactive Stale CAS cleanup: base_sampler (10/100)...
Proactive Stale CAS cleanup: backlog_item (9/100)...
Proactive Stale CAS cleanup: brand (11/100)...
Proactive Stale CAS cleanup: capability (13/100)...
Proactive Stale CAS cleanup: bucketing_strategy (12/100)...
Proactive Stale CAS cleanup: capacity_advertisement (14/100)...
Proactive Stale CAS cleanup: command_spec (16/100)...
Proactive Stale CAS cleanup: certificate (15/100)...
Proactive Stale CAS cleanup: compute_advertisement (18/100)...
Proactive Stale CAS cleanup: component (17/100)...
Proactive Stale CAS cleanup: context_refresh_schedule (19/100)...
Proactive Stale CAS cleanup: convergence_session (20/100)...
Proactive Stale CAS cleanup: corporate_initiative (21/100)...
Proactive Stale CAS cleanup: criteria (22/100)...
Proactive Stale CAS cleanup: decision (23/100)...
Proactive Stale CAS cleanup: department (24/100)...
Proactive Stale CAS cleanup: digital_asset (25/100)...
Proactive Stale CAS cleanup: division (26/100)...
Proactive Stale CAS cleanup: doc_entry (27/100)...
Proactive Stale CAS cleanup: domain_registry (28/100)...
Proactive Stale CAS cleanup: field_registry (30/100)...
Proactive Stale CAS cleanup: evolution_management (29/100)...
Proactive Stale CAS cleanup: fission_event (31/100)...
Proactive Stale CAS cleanup: glossary_term (32/100)...
Proactive Stale CAS cleanup: glossary_term_relation (33/100)...
Proactive Stale CAS cleanup: goal (34/100)...
Proactive Stale CAS cleanup: import_tracking (35/100)...
Proactive Stale CAS cleanup: inference_heuristic (37/100)...
Proactive Stale CAS cleanup: important_date (36/100)...
Proactive Stale CAS cleanup: keystore_entry (38/100)...
Proactive Stale CAS cleanup: kind_synonym (39/100)...
Proactive Stale CAS cleanup: list_metric_sampler (41/100)...
Proactive Stale CAS cleanup: library (40/100)...
Proactive Stale CAS cleanup: mcp_spec (42/100)...
Proactive Stale CAS cleanup: metrics_feedback (44/100)...
Proactive Stale CAS cleanup: metadata_package (43/100)...
Proactive Stale CAS cleanup: milestone (45/100)...
Proactive Stale CAS cleanup: mission (46/100)...
Proactive Stale CAS cleanup: namespace (47/100)...
Proactive Stale CAS cleanup: namespace_registry (48/100)...
Proactive Stale CAS cleanup: object_spec (49/100)...
Proactive Stale CAS cleanup: ordered_list_metric_sampler (50/100)...
Proactive Stale CAS cleanup: organization (51/100)...
Proactive Stale CAS cleanup: organizational_change (52/100)...
Proactive Stale CAS cleanup: partnership (53/100)...
Proactive Stale CAS cleanup: persona (54/100)...
Proactive Stale CAS cleanup: pipeline (55/100)...
Proactive Stale CAS cleanup: pipeline_definition (56/100)...
Proactive Stale CAS cleanup: pipeline_stage (58/100)...
Proactive Stale CAS cleanup: pipeline_execution (57/100)...
Proactive Stale CAS cleanup: policy (59/100)...
Proactive Stale CAS cleanup: process_hygiene_rule (61/100)...
Proactive Stale CAS cleanup: priority_plan (60/100)...
Proactive Stale CAS cleanup: provider_profile (63/100)...
Proactive Stale CAS cleanup: prompt_template (62/100)...
Proactive Stale CAS cleanup: qa_success (64/100)...
Proactive Stale CAS cleanup: question (65/100)...
Proactive Stale CAS cleanup: remote_kernel (67/100)...
Proactive Stale CAS cleanup: release (66/100)...
Proactive Stale CAS cleanup: requirement (68/100)...
Proactive Stale CAS cleanup: resolver (69/100)...
Proactive Stale CAS cleanup: risk_blocker (70/100)...
Proactive Stale CAS cleanup: roadmap (71/100)...
Proactive Stale CAS cleanup: role (72/100)...
Proactive Stale CAS cleanup: rollback_report (73/100)...
Proactive Stale CAS cleanup: sampler_profile (75/100)...
Proactive Stale CAS cleanup: rule (74/100)...
Proactive Stale CAS cleanup: scalar_metric_sampler (76/100)...
Proactive Stale CAS cleanup: scenario (77/100)...
Proactive Stale CAS cleanup: scheduler_handler_binding (78/100)...
Proactive Stale CAS cleanup: shockwave_router (79/100)...
Proactive Stale CAS cleanup: status_history_metric_sampler (81/100)...
Proactive Stale CAS cleanup: stakeholder_profile (80/100)...
Proactive Stale CAS cleanup: strategic_context (82/100)...
Proactive Stale CAS cleanup: strategic_plan (83/100)...
Proactive Stale CAS cleanup: team (84/100)...
Proactive Stale CAS cleanup: team_configuration (85/100)...
Proactive Stale CAS cleanup: technical_debt (86/100)...
Proactive Stale CAS cleanup: technical_spec (87/100)...
Proactive Stale CAS cleanup: template (88/100)...
Proactive Stale CAS cleanup: test_case (89/100)...
Proactive Stale CAS cleanup: translation_manifest (91/100)...
Proactive Stale CAS cleanup: test_command_rule (90/100)...
Proactive Stale CAS cleanup: validation_rule (92/100)...
Proactive Stale CAS cleanup: vision (93/100)...
Proactive Stale CAS cleanup: vitality_report (95/100)...
Proactive Stale CAS cleanup: visual_plan (94/100)...
Proactive Stale CAS cleanup: vocabulary_scheme (96/100)...
Proactive Stale CAS cleanup: watchdog_registration (97/100)...
Proactive Stale CAS cleanup: workflow (98/100)...
Proactive Stale CAS cleanup: workstream (99/100)...
Proactive Stale CAS cleanup: workstream_transition (100/100)...
Loaders starting...
Loading object ID cache...
Loaders ready.
Warming CAS indexes...
Merging CAS indexes for 46 kinds...
CAS indexes warmed
Cache ready, starting validator...
Discovery starting...
Starting discovery across 100 kinds...
Validating 8953 objects (from docs/process/ via object ID cache)...
Progress: [=============                                     ] 26.7% (2390/8953, queue: 6538) 2.4k/s (validating, workers: 16, goroutines: 26) - 1s
Progress: [=======================                           ] 46.5% (4164/8953, queue: 4773) 2.1k/s (validating, workers: 16, goroutines: 17) - 2s
Progress: [============================                      ] 56.8% (5085/8953, queue: 3836) 1.7k/s (validating, workers: 16, goroutines: 31) - 3s
Progress: [=================================                 ] 67.3% (6024/8953, queue: 2913) 1.5k/s (validating, workers: 16, goroutines: 17) - 4s
Progress: [==========================================        ] 85.0% (7609/8953, queue: 1312) 1.5k/s (validating, workers: 16, goroutines: 33) - 5s
Progress: [================================================= ] 99.7% (8927/8953, queue: 2) 1.5k/s (validating, workers: 16, goroutines: 23) - 6s
Progress: [================================================= ] 99.7% (8930/8953, queue: 0) 1.5k/s (draining in-flight, workers: 16) - 6s
Progress: [==================================================] 100.0% (8953/8953, queue: 0) 1.1k/s (completed) - 8s

Validation completed: 8953/8953 objects (8953 succeeded, 0 failed)

--- run 2026-09-05T01:55:00Z ---
System check starting...
Preparing loaders and cache...
Proactive Stale CAS cleanup starting...
Proactive Stale CAS cleanup: cleaning 100 kinds (timeout 2m0s)...
Proactive Stale CAS cleanup: account (1/100)...
Proactive Stale CAS cleanup: agent_architecture (2/100)...
Proactive Stale CAS cleanup: agent_feed (3/100)...
Proactive Stale CAS cleanup: agent_onboarding_preparation (4/100)...
Proactive Stale CAS cleanup: agent_skill (5/100)...
Proactive Stale CAS cleanup: agent_task (6/100)...
Proactive Stale CAS cleanup: api_spec (7/100)...
Proactive Stale CAS cleanup: auth_strategy (8/100)...
Proactive Stale CAS cleanup: base_sampler (10/100)...
Proactive Stale CAS cleanup: backlog_item (9/100)...
Proactive Stale CAS cleanup: brand (11/100)...
Proactive Stale CAS cleanup: capability (13/100)...
Proactive Stale CAS cleanup: bucketing_strategy (12/100)...
Proactive Stale CAS cleanup: capacity_advertisement (14/100)...
Proactive Stale CAS cleanup: command_spec (16/100)...
Proactive Stale CAS cleanup: certificate (15/100)...
Proactive Stale CAS cleanup: compute_advertisement (18/100)...
Proactive Stale CAS cleanup: component (17/100)...
Proactive Stale CAS cleanup: context_refresh_schedule (19/100)...
Proactive Stale CAS cleanup: convergence_session (20/100)...
Proactive Stale CAS cleanup: corporate_initiative (21/100)...
Proactive Stale CAS cleanup: criteria (22/100)...
Proactive Stale CAS cleanup: decision (23/100)...
Proactive Stale CAS cleanup: digital_asset (25/100)...
Proactive Stale CAS cleanup: department (24/100)...
Proactive Stale CAS cleanup: division (26/100)...
Proactive Stale CAS cleanup: doc_entry (27/100)...
Proactive Stale CAS cleanup: domain_registry (28/100)...
Proactive Stale CAS cleanup: fission_event (31/100)...
Proactive Stale CAS cleanup: field_registry (30/100)...
Proactive Stale CAS cleanup: evolution_management (29/100)...
Proactive Stale CAS cleanup: glossary_term (32/100)...
Proactive Stale CAS cleanup: glossary_term_relation (33/100)...
Proactive Stale CAS cleanup: goal (34/100)...
Proactive Stale CAS cleanup: import_tracking (35/100)...
Proactive Stale CAS cleanup: inference_heuristic (37/100)...
Proactive Stale CAS cleanup: important_date (36/100)...
Proactive Stale CAS cleanup: keystore_entry (38/100)...
Proactive Stale CAS cleanup: kind_synonym (39/100)...
Proactive Stale CAS cleanup: library (40/100)...
Proactive Stale CAS cleanup: list_metric_sampler (41/100)...
Proactive Stale CAS cleanup: mcp_spec (42/100)...
Proactive Stale CAS cleanup: metrics_feedback (44/100)...
Proactive Stale CAS cleanup: metadata_package (43/100)...
Proactive Stale CAS cleanup: milestone (45/100)...
Proactive Stale CAS cleanup: mission (46/100)...
Proactive Stale CAS cleanup: namespace (47/100)...
Proactive Stale CAS cleanup: namespace_registry (48/100)...
Proactive Stale CAS cleanup: ordered_list_metric_sampler (50/100)...
Proactive Stale CAS cleanup: object_spec (49/100)...
Proactive Stale CAS cleanup: organization (51/100)...
Proactive Stale CAS cleanup: organizational_change (52/100)...
Proactive Stale CAS cleanup: partnership (53/100)...
Proactive Stale CAS cleanup: persona (54/100)...
Proactive Stale CAS cleanup: pipeline (55/100)...
Proactive Stale CAS cleanup: pipeline_definition (56/100)...
Proactive Stale CAS cleanup: pipeline_stage (58/100)...
Proactive Stale CAS cleanup: pipeline_execution (57/100)...
Proactive Stale CAS cleanup: policy (59/100)...
Proactive Stale CAS cleanup: process_hygiene_rule (61/100)...
Proactive Stale CAS cleanup: priority_plan (60/100)...
Proactive Stale CAS cleanup: provider_profile (63/100)...
Proactive Stale CAS cleanup: prompt_template (62/100)...
Proactive Stale CAS cleanup: qa_success (64/100)...
Proactive Stale CAS cleanup: question (65/100)...
Proactive Stale CAS cleanup: remote_kernel (67/100)...
Proactive Stale CAS cleanup: release (66/100)...
Proactive Stale CAS cleanup: requirement (68/100)...
Proactive Stale CAS cleanup: resolver (69/100)...
Proactive Stale CAS cleanup: risk_blocker (70/100)...
Proactive Stale CAS cleanup: roadmap (71/100)...
Proactive Stale CAS cleanup: role (72/100)...
Proactive Stale CAS cleanup: rollback_report (73/100)...
Proactive Stale CAS cleanup: scalar_metric_sampler (76/100)...
Proactive Stale CAS cleanup: rule (74/100)...
Proactive Stale CAS cleanup: sampler_profile (75/100)...
Proactive Stale CAS cleanup: scenario (77/100)...
Proactive Stale CAS cleanup: scheduler_handler_binding (78/100)...
Proactive Stale CAS cleanup: shockwave_router (79/100)...
Proactive Stale CAS cleanup: status_history_metric_sampler (81/100)...
Proactive Stale CAS cleanup: stakeholder_profile (80/100)...
Proactive Stale CAS cleanup: strategic_context (82/100)...
Proactive Stale CAS cleanup: strategic_plan (83/100)...
Proactive Stale CAS cleanup: team (84/100)...
Proactive Stale CAS cleanup: team_configuration (85/100)...
Proactive Stale CAS cleanup: technical_debt (86/100)...
Proactive Stale CAS cleanup: technical_spec (87/100)...
Proactive Stale CAS cleanup: template (88/100)...
Proactive Stale CAS cleanup: test_case (89/100)...
Proactive Stale CAS cleanup: translation_manifest (91/100)...
Proactive Stale CAS cleanup: test_command_rule (90/100)...
Proactive Stale CAS cleanup: validation_rule (92/100)...
Proactive Stale CAS cleanup: visual_plan (94/100)...
Proactive Stale CAS cleanup: vision (93/100)...
Proactive Stale CAS cleanup: vitality_report (95/100)...
Proactive Stale CAS cleanup: vocabulary_scheme (96/100)...
Proactive Stale CAS cleanup: watchdog_registration (97/100)...
Proactive Stale CAS cleanup: workflow (98/100)...
Proactive Stale CAS cleanup: workstream (99/100)...
Proactive Stale CAS cleanup: workstream_transition (100/100)...
Loaders starting...
Loaders ready.
Loading object ID cache...
Warming CAS indexes...
Merging CAS indexes for 46 kinds...
CAS indexes warmed
Cache ready, starting validator...
Discovery starting...
Starting discovery across 100 kinds...
Validating 8925 objects (from docs/process/ via object ID cache)...
Progress: [=========                                         ] 19.9% (1775/8925, queue: 7119) 1.8k/s (validating, workers: 16, goroutines: 25) - 1s
Progress: [======================                            ] 45.4% (4048/8925, queue: 4848) 2.0k/s (validating, workers: 16, goroutines: 24) - 2s
Progress: [=============================                     ] 59.1% (5271/8925, queue: 3622) 1.8k/s (validating, workers: 16, goroutines: 33) - 3s
Progress: [================================                  ] 64.6% (5763/8925, queue: 3146) 1.4k/s (validating, workers: 16, goroutines: 17) - 4s
Progress: [=====================================             ] 74.2% (6622/8925, queue: 2282) 1.3k/s (validating, workers: 16, goroutines: 22) - 5s
Progress: [===========================================       ] 88.0% (7853/8925, queue: 1051) 1.3k/s (validating, workers: 16, goroutines: 22) - 6s
Progress: [================================================= ] 99.7% (8899/8925, queue: 0) 1.3k/s (draining in-flight, workers: 16) - 7s
Progress: [==================================================] 100.0% (8925/8925, queue: 0) 1.1k/s (completed) - 8s

Validation completed: 8925/8925 objects (8925 succeeded, 0 failed)

--- run 2026-09-05T02:00:00Z ---
System check starting...
Preparing loaders and cache...
Proactive Stale CAS cleanup starting...
Proactive Stale CAS cleanup: cleaning 100 kinds (timeout 2m0s)...
Proactive Stale CAS cleanup: account (1/100)...
Proactive Stale CAS cleanup: agent_architecture (2/100)...
Proactive Stale CAS cleanup: agent_feed (3/100)...
Proactive Stale CAS cleanup: agent_onboarding_preparation (4/100)...
Proactive Stale CAS cleanup: agent_skill (5/100)...
Proactive Stale CAS cleanup: agent_task (6/100)...
Proactive Stale CAS cleanup: api_spec (7/100)...
Proactive Stale CAS cleanup: auth_strategy (8/100)...
Proactive Stale CAS cleanup: base_sampler (10/100)...
Proactive Stale CAS cleanup: backlog_item (9/100)...
Proactive Stale CAS cleanup: brand (11/100)...
Proactive Stale CAS cleanup: bucketing_strategy (12/100)...
Proactive Stale CAS cleanup: capacity_advertisement (14/100)...
Proactive Stale CAS cleanup: capability (13/100)...
Proactive Stale CAS cleanup: command_spec (16/100)...
Proactive Stale CAS cleanup: certificate (15/100)...
Proactive Stale CAS cleanup: compute_advertisement (18/100)...
Proactive Stale CAS cleanup: component (17/100)...
Proactive Stale CAS cleanup: context_refresh_schedule (19/100)...
Proactive Stale CAS cleanup: convergence_session (20/100)...
Proactive Stale CAS cleanup: corporate_initiative (21/100)...
Proactive Stale CAS cleanup: criteria (22/100)...
Proactive Stale CAS cleanup: decision (23/100)...
Proactive Stale CAS cleanup: digital_asset (25/100)...
Proactive Stale CAS cleanup: department (24/100)...
Proactive Stale CAS cleanup: division (26/100)...
Proactive Stale CAS cleanup: doc_entry (27/100)...
Proactive Stale CAS cleanup: domain_registry (28/100)...
Proactive Stale CAS cleanup: field_registry (30/100)...
Proactive Stale CAS cleanup: evolution_management (29/100)...
Proactive Stale CAS cleanup: fission_event (31/100)...
Proactive Stale CAS cleanup: glossary_term (32/100)...
Proactive Stale CAS cleanup: glossary_term_relation (33/100)...
Proactive Stale CAS cleanup: goal (34/100)...
Proactive Stale CAS cleanup: import_tracking (35/100)...
Proactive Stale CAS cleanup: inference_heuristic (37/100)...
Proactive Stale CAS cleanup: important_date (36/100)...
Proactive Stale CAS cleanup: keystore_entry (38/100)...
Proactive Stale CAS cleanup: kind_synonym (39/100)...
Proactive Stale CAS cleanup: list_metric_sampler (41/100)...
Proactive Stale CAS cleanup: library (40/100)...
Proactive Stale CAS cleanup: mcp_spec (42/100)...
Proactive Stale CAS cleanup: metrics_feedback (44/100)...
Proactive Stale CAS cleanup: metadata_package (43/100)...
Proactive Stale CAS cleanup: milestone (45/100)...
Proactive Stale CAS cleanup: mission (46/100)...
Proactive Stale CAS cleanup: namespace (47/100)...
Proactive Stale CAS cleanup: namespace_registry (48/100)...
Proactive Stale CAS cleanup: ordered_list_metric_sampler (50/100)...
Proactive Stale CAS cleanup: object_spec (49/100)...
Proactive Stale CAS cleanup: organization (51/100)...
Proactive Stale CAS cleanup: organizational_change (52/100)...
Proactive Stale CAS cleanup: partnership (53/100)...
Proactive Stale CAS cleanup: persona (54/100)...
Proactive Stale CAS cleanup: pipeline (55/100)...
Proactive Stale CAS cleanup: pipeline_definition (56/100)...
Proactive Stale CAS cleanup: pipeline_stage (58/100)...
Proactive Stale CAS cleanup: pipeline_execution (57/100)...
Proactive Stale CAS cleanup: policy (59/100)...
Proactive Stale CAS cleanup: process_hygiene_rule (61/100)...
Proactive Stale CAS cleanup: priority_plan (60/100)...
Proactive Stale CAS cleanup: provider_profile (63/100)...
Proactive Stale CAS cleanup: prompt_template (62/100)...
Proactive Stale CAS cleanup: qa_success (64/100)...
Proactive Stale CAS cleanup: question (65/100)...
Proactive Stale CAS cleanup: remote_kernel (67/100)...
Proactive Stale CAS cleanup: release (66/100)...
Proactive Stale CAS cleanup: requirement (68/100)...
Proactive Stale CAS cleanup: resolver (69/100)...
Proactive Stale CAS cleanup: risk_blocker (70/100)...
Proactive Stale CAS cleanup: roadmap (71/100)...
Proactive Stale CAS cleanup: role (72/100)...
Proactive Stale CAS cleanup: rollback_report (73/100)...
Proactive Stale CAS cleanup: sampler_profile (75/100)...
Proactive Stale CAS cleanup: rule (74/100)...
Proactive Stale CAS cleanup: scalar_metric_sampler (76/100)...
Proactive Stale CAS cleanup: scenario (77/100)...
Proactive Stale CAS cleanup: scheduler_handler_binding (78/100)...
Proactive Stale CAS cleanup: shockwave_router (79/100)...
Proactive Stale CAS cleanup: status_history_metric_sampler (81/100)...
Proactive Stale CAS cleanup: stakeholder_profile (80/100)...
Proactive Stale CAS cleanup: strategic_context (82/100)...
Proactive Stale CAS cleanup: strategic_plan (83/100)...
Proactive Stale CAS cleanup: team (84/100)...
Proactive Stale CAS cleanup: team_configuration (85/100)...
Proactive Stale CAS cleanup: technical_spec (87/100)...
Proactive Stale CAS cleanup: technical_debt (86/100)...
Proactive Stale CAS cleanup: template (88/100)...
Proactive Stale CAS cleanup: test_case (89/100)...
Proactive Stale CAS cleanup: test_command_rule (90/100)...
Proactive Stale CAS cleanup: translation_manifest (91/100)...
Proactive Stale CAS cleanup: validation_rule (92/100)...
Proactive Stale CAS cleanup: visual_plan (94/100)...
Proactive Stale CAS cleanup: vision (93/100)...
Proactive Stale CAS cleanup: vitality_report (95/100)...
Proactive Stale CAS cleanup: vocabulary_scheme (96/100)...
Proactive Stale CAS cleanup: watchdog_registration (97/100)...
Proactive Stale CAS cleanup: workflow (98/100)...
Proactive Stale CAS cleanup: workstream (99/100)...
Proactive Stale CAS cleanup: workstream_transition (100/100)...
Loaders starting...
Loaders ready.
Loading object ID cache...
Warming CAS indexes...
Merging CAS indexes for 46 kinds...
CAS indexes warmed
Cache ready, starting validator...
Discovery starting...
Starting discovery across 100 kinds...
Validating 8925 objects (from docs/process/ via object ID cache)...
Progress: [==================================================] 100.0% (8925/8925, queue: 0) 6.6k/s (completed) - 1s

Validation completed: 8925/8925 objects (8925 succeeded, 0 failed)

--- run 2026-09-05T02:05:00Z ---
System check starting...
Preparing loaders and cache...
Proactive Stale CAS cleanup starting...
Proactive Stale CAS cleanup: cleaning 100 kinds (timeout 2m0s)...
Proactive Stale CAS cleanup: account (1/100)...
Proactive Stale CAS cleanup: agent_architecture (2/100)...
Proactive Stale CAS cleanup: agent_feed (3/100)...
Proactive Stale CAS cleanup: agent_onboarding_preparation (4/100)...
Proactive Stale CAS cleanup: agent_skill (5/100)...
Proactive Stale CAS cleanup: agent_task (6/100)...
Proactive Stale CAS cleanup: api_spec (7/100)...
Proactive Stale CAS cleanup: auth_strategy (8/100)...
Proactive Stale CAS cleanup: base_sampler (10/100)...
Proactive Stale CAS cleanup: backlog_item (9/100)...
Proactive Stale CAS cleanup: brand (11/100)...
Proactive Stale CAS cleanup: capability (13/100)...
Proactive Stale CAS cleanup: capacity_advertisement (14/100)...
Proactive Stale CAS cleanup: bucketing_strategy (12/100)...
Proactive Stale CAS cleanup: command_spec (16/100)...
Proactive Stale CAS cleanup: certificate (15/100)...
Proactive Stale CAS cleanup: compute_advertisement (18/100)...
Proactive Stale CAS cleanup: component (17/100)...
Proactive Stale CAS cleanup: context_refresh_schedule (19/100)...
Proactive Stale CAS cleanup: convergence_session (20/100)...
Proactive Stale CAS cleanup: corporate_initiative (21/100)...
Proactive Stale CAS cleanup: criteria (22/100)...
Proactive Stale CAS cleanup: decision (23/100)...
Proactive Stale CAS cleanup: digital_asset (25/100)...
Proactive Stale CAS cleanup: department (24/100)...
Proactive Stale CAS cleanup: division (26/100)...
Proactive Stale CAS cleanup: doc_entry (27/100)...
Proactive Stale CAS cleanup: domain_registry (28/100)...
Proactive Stale CAS cleanup: field_registry (30/100)...
Proactive Stale CAS cleanup: evolution_management (29/100)...
Proactive Stale CAS cleanup: fission_event (31/100)...
Proactive Stale CAS cleanup: glossary_term (32/100)...
Proactive Stale CAS cleanup: glossary_term_relation (33/100)...
Proactive Stale CAS cleanup: goal (34/100)...
Proactive Stale CAS cleanup: import_tracking (35/100)...
Proactive Stale CAS cleanup: important_date (36/100)...
Proactive Stale CAS cleanup: inference_heuristic (37/100)...
Proactive Stale CAS cleanup: keystore_entry (38/100)...
Proactive Stale CAS cleanup: kind_synonym (39/100)...
Proactive Stale CAS cleanup: list_metric_sampler (41/100)...
Proactive Stale CAS cleanup: library (40/100)...
Proactive Stale CAS cleanup: mcp_spec (42/100)...
Proactive Stale CAS cleanup: metrics_feedback (44/100)...
Proactive Stale CAS cleanup: metadata_package (43/100)...
Proactive Stale CAS cleanup: milestone (45/100)...
Proactive Stale CAS cleanup: mission (46/100)...
Proactive Stale CAS cleanup: namespace (47/100)...
Proactive Stale CAS cleanup: namespace_registry (48/100)...
Proactive Stale CAS cleanup: ordered_list_metric_sampler (50/100)...
Proactive Stale CAS cleanup: object_spec (49/100)...
Proactive Stale CAS cleanup: organization (51/100)...
Proactive Stale CAS cleanup: organizational_change (52/100)...
Proactive Stale CAS cleanup: partnership (53/100)...
Proactive Stale CAS cleanup: persona (54/100)...
Proactive Stale CAS cleanup: pipeline (55/100)...
Proactive Stale CAS cleanup: pipeline_definition (56/100)...
Proactive Stale CAS cleanup: pipeline_execution (57/100)...
Proactive Stale CAS cleanup: pipeline_stage (58/100)...
Proactive Stale CAS cleanup: policy (59/100)...
Proactive Stale CAS cleanup: priority_plan (60/100)...
Proactive Stale CAS cleanup: process_hygiene_rule (61/100)...
Proactive Stale CAS cleanup: provider_profile (63/100)...
Proactive Stale CAS cleanup: prompt_template (62/100)...
Proactive Stale CAS cleanup: qa_success (64/100)...
Proactive Stale CAS cleanup: question (65/100)...
Proactive Stale CAS cleanup: remote_kernel (67/100)...
Proactive Stale CAS cleanup: release (66/100)...
Proactive Stale CAS cleanup: requirement (68/100)...
Proactive Stale CAS cleanup: resolver (69/100)...
Proactive Stale CAS cleanup: risk_blocker (70/100)...
Proactive Stale CAS cleanup: roadmap (71/100)...
Proactive Stale CAS cleanup: role (72/100)...
Proactive Stale CAS cleanup: rollback_report (73/100)...
Proactive Stale CAS cleanup: rule (74/100)...
Proactive Stale CAS cleanup: scalar_metric_sampler (76/100)...
Proactive Stale CAS cleanup: sampler_profile (75/100)...
Proactive Stale CAS cleanup: scenario (77/100)...
Proactive Stale CAS cleanup: scheduler_handler_binding (78/100)...
Proactive Stale CAS cleanup: shockwave_router (79/100)...
Proactive Stale CAS cleanup: status_history_metric_sampler (81/100)...
Proactive Stale CAS cleanup: stakeholder_profile (80/100)...
Proactive Stale CAS cleanup: strategic_context (82/100)...
Proactive Stale CAS cleanup: strategic_plan (83/100)...
Proactive Stale CAS cleanup: team (84/100)...
Proactive Stale CAS cleanup: team_configuration (85/100)...
Proactive Stale CAS cleanup: technical_debt (86/100)...
Proactive Stale CAS cleanup: technical_spec (87/100)...
Proactive Stale CAS cleanup: template (88/100)...
Proactive Stale CAS cleanup: test_case (89/100)...
Proactive Stale CAS cleanup: translation_manifest (91/100)...
Proactive Stale CAS cleanup: test_command_rule (90/100)...
Proactive Stale CAS cleanup: validation_rule (92/100)...
Proactive Stale CAS cleanup: vitality_report (95/100)...
Proactive Stale CAS cleanup: vision (93/100)...
Proactive Stale CAS cleanup: visual_plan (94/100)...
Proactive Stale CAS cleanup: vocabulary_scheme (96/100)...
Proactive Stale CAS cleanup: watchdog_registration (97/100)...
Proactive Stale CAS cleanup: workflow (98/100)...
Proactive Stale CAS cleanup: workstream (99/100)...
Proactive Stale CAS cleanup: workstream_transition (100/100)...
Loaders starting...
Loaders ready.
Loading object ID cache...
Warming CAS indexes...
Merging CAS indexes for 46 kinds...
CAS indexes warmed
Cache ready, starting validator...
Discovery starting...
Starting discovery across 100 kinds...
Validating 8953 objects (from docs/process/ via object ID cache)...
Progress: [=======                                           ] 15.0% (1345/8953, queue: 7576) 1.3k/s (validating, workers: 16, goroutines: 33) - 1s
Progress: [==============                                    ] 29.8% (2672/8953, queue: 6262) 1.3k/s (validating, workers: 16, goroutines: 20) - 2s
Progress: [=======================                           ] 46.9% (4196/8953, queue: 4732) 1.4k/s (validating, workers: 16, goroutines: 26) - 3s
Progress: [============================                      ] 56.4% (5048/8953, queue: 3876) 1.3k/s (validating, workers: 16, goroutines: 30) - 4s
Progress: [================================                  ] 65.8% (5890/8953, queue: 3047) 1.2k/s (validating, workers: 16, goroutines: 17) - 5s
Progress: [====================================              ] 73.5% (6576/8953, queue: 2348) 1.1k/s (validating, workers: 16, goroutines: 30) - 6s
Progress: [=========================================         ] 82.7% (7400/8953, queue: 1521) 1.1k/s (validating, workers: 16, goroutines: 26) - 7s
Progress: [================================================= ] 98.1% (8784/8953, queue: 152) 1.1k/s (validating, workers: 16, goroutines: 31) - 8s
Progress: [================================================= ] 99.7% (8927/8953, queue: 0) 1.1k/s (draining in-flight, workers: 16) - 8s
Progress: [==================================================] 100.0% (8953/8953, queue: 0) 867/s (completed) - 10s

Validation completed: 8953/8953 objects (8953 succeeded, 0 failed)

--- run 2026-09-05T02:10:01Z ---
System check starting...
Preparing loaders and cache...
Proactive Stale CAS cleanup starting...
Proactive Stale CAS cleanup: cleaning 100 kinds (timeout 2m0s)...
Proactive Stale CAS cleanup: account (1/100)...
Proactive Stale CAS cleanup: agent_architecture (2/100)...
Proactive Stale CAS cleanup: agent_feed (3/100)...
Proactive Stale CAS cleanup: agent_onboarding_preparation (4/100)...
Proactive Stale CAS cleanup: agent_skill (5/100)...
Proactive Stale CAS cleanup: agent_task (6/100)...
Proactive Stale CAS cleanup: api_spec (7/100)...
Proactive Stale CAS cleanup: auth_strategy (8/100)...
Proactive Stale CAS cleanup: base_sampler (10/100)...
Proactive Stale CAS cleanup: backlog_item (9/100)...
Proactive Stale CAS cleanup: brand (11/100)...
Proactive Stale CAS cleanup: bucketing_strategy (12/100)...
Proactive Stale CAS cleanup: capacity_advertisement (14/100)...
Proactive Stale CAS cleanup: capability (13/100)...
Proactive Stale CAS cleanup: command_spec (16/100)...
Proactive Stale CAS cleanup: certificate (15/100)...
Proactive Stale CAS cleanup: compute_advertisement (18/100)...
Proactive Stale CAS cleanup: component (17/100)...
Proactive Stale CAS cleanup: context_refresh_schedule (19/100)...
Proactive Stale CAS cleanup: convergence_session (20/100)...
Proactive Stale CAS cleanup: corporate_initiative (21/100)...
Proactive Stale CAS cleanup: criteria (22/100)...
Proactive Stale CAS cleanup: decision (23/100)...
Proactive Stale CAS cleanup: digital_asset (25/100)...
Proactive Stale CAS cleanup: department (24/100)...
Proactive Stale CAS cleanup: division (26/100)...
Proactive Stale CAS cleanup: doc_entry (27/100)...
Proactive Stale CAS cleanup: domain_registry (28/100)...
Proactive Stale CAS cleanup: fission_event (31/100)...
Proactive Stale CAS cleanup: evolution_management (29/100)...
Proactive Stale CAS cleanup: field_registry (30/100)...
Proactive Stale CAS cleanup: glossary_term (32/100)...
Proactive Stale CAS cleanup: glossary_term_relation (33/100)...
Proactive Stale CAS cleanup: goal (34/100)...
Proactive Stale CAS cleanup: import_tracking (35/100)...
Proactive Stale CAS cleanup: inference_heuristic (37/100)...
Proactive Stale CAS cleanup: important_date (36/100)...
Proactive Stale CAS cleanup: keystore_entry (38/100)...
Proactive Stale CAS cleanup: kind_synonym (39/100)...
Proactive Stale CAS cleanup: list_metric_sampler (41/100)...
Proactive Stale CAS cleanup: library (40/100)...
Proactive Stale CAS cleanup: mcp_spec (42/100)...
Proactive Stale CAS cleanup: metrics_feedback (44/100)...
Proactive Stale CAS cleanup: metadata_package (43/100)...
Proactive Stale CAS cleanup: milestone (45/100)...
Proactive Stale CAS cleanup: mission (46/100)...
Proactive Stale CAS cleanup: namespace (47/100)...
Proactive Stale CAS cleanup: namespace_registry (48/100)...
Proactive Stale CAS cleanup: ordered_list_metric_sampler (50/100)...
Proactive Stale CAS cleanup: object_spec (49/100)...
Proactive Stale CAS cleanup: organization (51/100)...
Proactive Stale CAS cleanup: organizational_change (52/100)...
Proactive Stale CAS cleanup: partnership (53/100)...
Proactive Stale CAS cleanup: persona (54/100)...
Proactive Stale CAS cleanup: pipeline (55/100)...
Proactive Stale CAS cleanup: pipeline_definition (56/100)...
Proactive Stale CAS cleanup: pipeline_stage (58/100)...
Proactive Stale CAS cleanup: pipeline_execution (57/100)...
Proactive Stale CAS cleanup: policy (59/100)...
Proactive Stale CAS cleanup: process_hygiene_rule (61/100)...
Proactive Stale CAS cleanup: priority_plan (60/100)...
Proactive Stale CAS cleanup: provider_profile (63/100)...
Proactive Stale CAS cleanup: prompt_template (62/100)...
Proactive Stale CAS cleanup: qa_success (64/100)...
Proactive Stale CAS cleanup: question (65/100)...
Proactive Stale CAS cleanup: remote_kernel (67/100)...
Proactive Stale CAS cleanup: release (66/100)...
Proactive Stale CAS cleanup: requirement (68/100)...
Proactive Stale CAS cleanup: resolver (69/100)...
Proactive Stale CAS cleanup: risk_blocker (70/100)...
Proactive Stale CAS cleanup: roadmap (71/100)...
Proactive Stale CAS cleanup: role (72/100)...
Proactive Stale CAS cleanup: rollback_report (73/100)...
Proactive Stale CAS cleanup: rule (74/100)...
Proactive Stale CAS cleanup: scalar_metric_sampler (76/100)...
Proactive Stale CAS cleanup: sampler_profile (75/100)...
Proactive Stale CAS cleanup: scenario (77/100)...
Proactive Stale CAS cleanup: scheduler_handler_binding (78/100)...
Proactive Stale CAS cleanup: shockwave_router (79/100)...
Proactive Stale CAS cleanup: status_history_metric_sampler (81/100)...
Proactive Stale CAS cleanup: stakeholder_profile (80/100)...
Proactive Stale CAS cleanup: strategic_context (82/100)...
Proactive Stale CAS cleanup: strategic_plan (83/100)...
Proactive Stale CAS cleanup: team (84/100)...
Proactive Stale CAS cleanup: team_configuration (85/100)...
Proactive Stale CAS cleanup: technical_debt (86/100)...
Proactive Stale CAS cleanup: technical_spec (87/100)...
Proactive Stale CAS cleanup: template (88/100)...
Proactive Stale CAS cleanup: test_case (89/100)...
Proactive Stale CAS cleanup: translation_manifest (91/100)...
Proactive Stale CAS cleanup: test_command_rule (90/100)...
Proactive Stale CAS cleanup: validation_rule (92/100)...
Proactive Stale CAS cleanup: vitality_report (95/100)...
Proactive Stale CAS cleanup: vision (93/100)...
Proactive Stale CAS cleanup: visual_plan (94/100)...
Proactive Stale CAS cleanup: vocabulary_scheme (96/100)...
Proactive Stale CAS cleanup: watchdog_registration (97/100)...
Proactive Stale CAS cleanup: workflow (98/100)...
Proactive Stale CAS cleanup: workstream (99/100)...
Proactive Stale CAS cleanup: workstream_transition (100/100)...
Loaders starting...
Loaders ready.
Loading object ID cache...
Warming CAS indexes...
Merging CAS indexes for 46 kinds...
CAS indexes warmed
Cache ready, starting validator...
Discovery starting...
Starting discovery across 100 kinds...
Validating 8925 objects (from docs/process/ via object ID cache)...
Progress: [========                                          ] 16.4% (1464/8925, queue: 7442) 1.4k/s (validating, workers: 16, goroutines: 20) - 1s
Progress: [====================                              ] 40.0% (3573/8925, queue: 5320) 1.8k/s (validating, workers: 16, goroutines: 33) - 2s
Progress: [============================                      ] 57.8% (5160/8925, queue: 3735) 1.7k/s (validating, workers: 16, goroutines: 27) - 3s
Progress: [===================================               ] 70.9% (6328/8925, queue: 2568) 1.6k/s (validating, workers: 16, goroutines: 29) - 4s
Progress: [========================================          ] 81.9% (7307/8925, queue: 1602) 1.5k/s (validating, workers: 16, goroutines: 17) - 5s
Progress: [============================================      ] 89.1% (7952/8925, queue: 957) 1.3k/s (validating, workers: 16, goroutines: 17) - 6s
Progress: [================================================= ] 98.6% (8801/8925, queue: 92) 1.3k/s (validating, workers: 16, goroutines: 32) - 7s
Progress: [================================================= ] 99.7% (8900/8925, queue: 0) 1.3k/s (draining in-flight, workers: 16) - 7s
Progress: [==================================================] 100.0% (8925/8925, queue: 0) 971/s (completed) - 9s

Validation completed: 8925/8925 objects (8925 succeeded, 0 failed)

--- run 2026-09-05T02:15:00Z ---
System check starting...
Preparing loaders and cache...
Proactive Stale CAS cleanup starting...
Proactive Stale CAS cleanup: cleaning 100 kinds (timeout 2m0s)...
Proactive Stale CAS cleanup: account (1/100)...
Proactive Stale CAS cleanup: agent_architecture (2/100)...
Proactive Stale CAS cleanup: agent_feed (3/100)...
Proactive Stale CAS cleanup: agent_onboarding_preparation (4/100)...
Proactive Stale CAS cleanup: agent_skill (5/100)...
Proactive Stale CAS cleanup: agent_task (6/100)...
Proactive Stale CAS cleanup: api_spec (7/100)...
Proactive Stale CAS cleanup: auth_strategy (8/100)...
Proactive Stale CAS cleanup: base_sampler (10/100)...
Proactive Stale CAS cleanup: backlog_item (9/100)...
Proactive Stale CAS cleanup: brand (11/100)...
Proactive Stale CAS cleanup: capability (13/100)...
Proactive Stale CAS cleanup: bucketing_strategy (12/100)...
Proactive Stale CAS cleanup: capacity_advertisement (14/100)...
Proactive Stale CAS cleanup: command_spec (16/100)...
Proactive Stale CAS cleanup: certificate (15/100)...
Proactive Stale CAS cleanup: component (17/100)...
Proactive Stale CAS cleanup: compute_advertisement (18/100)...
Proactive Stale CAS cleanup: context_refresh_schedule (19/100)...
Proactive Stale CAS cleanup: convergence_session (20/100)...
Proactive Stale CAS cleanup: corporate_initiative (21/100)...
Proactive Stale CAS cleanup: criteria (22/100)...
Proactive Stale CAS cleanup: decision (23/100)...
Proactive Stale CAS cleanup: digital_asset (25/100)...
Proactive Stale CAS cleanup: department (24/100)...
Proactive Stale CAS cleanup: division (26/100)...
Proactive Stale CAS cleanup: doc_entry (27/100)...
Proactive Stale CAS cleanup: domain_registry (28/100)...
Proactive Stale CAS cleanup: fission_event (31/100)...
Proactive Stale CAS cleanup: evolution_management (29/100)...
Proactive Stale CAS cleanup: field_registry (30/100)...
Proactive Stale CAS cleanup: glossary_term (32/100)...
Proactive Stale CAS cleanup: glossary_term_relation (33/100)...
Proactive Stale CAS cleanup: goal (34/100)...
Proactive Stale CAS cleanup: import_tracking (35/100)...
Proactive Stale CAS cleanup: inference_heuristic (37/100)...
Proactive Stale CAS cleanup: important_date (36/100)...
Proactive Stale CAS cleanup: keystore_entry (38/100)...
Proactive Stale CAS cleanup: kind_synonym (39/100)...
Proactive Stale CAS cleanup: list_metric_sampler (41/100)...
Proactive Stale CAS cleanup: library (40/100)...
Proactive Stale CAS cleanup: mcp_spec (42/100)...
Proactive Stale CAS cleanup: metrics_feedback (44/100)...
Proactive Stale CAS cleanup: metadata_package (43/100)...
Proactive Stale CAS cleanup: milestone (45/100)...
Proactive Stale CAS cleanup: mission (46/100)...
Proactive Stale CAS cleanup: namespace (47/100)...
Proactive Stale CAS cleanup: namespace_registry (48/100)...
Proactive Stale CAS cleanup: ordered_list_metric_sampler (50/100)...
Proactive Stale CAS cleanup: object_spec (49/100)...
Proactive Stale CAS cleanup: organization (51/100)...
Proactive Stale CAS cleanup: organizational_change (52/100)...
Proactive Stale CAS cleanup: partnership (53/100)...
Proactive Stale CAS cleanup: persona (54/100)...
Proactive Stale CAS cleanup: pipeline (55/100)...
Proactive Stale CAS cleanup: pipeline_definition (56/100)...
Proactive Stale CAS cleanup: pipeline_stage (58/100)...
Proactive Stale CAS cleanup: pipeline_execution (57/100)...
Proactive Stale CAS cleanup: policy (59/100)...
Proactive Stale CAS cleanup: process_hygiene_rule (61/100)...
Proactive Stale CAS cleanup: priority_plan (60/100)...
Proactive Stale CAS cleanup: provider_profile (63/100)...
Proactive Stale CAS cleanup: prompt_template (62/100)...
Proactive Stale CAS cleanup: qa_success (64/100)...
Proactive Stale CAS cleanup: question (65/100)...
Proactive Stale CAS cleanup: release (66/100)...
Proactive Stale CAS cleanup: remote_kernel (67/100)...
Proactive Stale CAS cleanup: requirement (68/100)...
Proactive Stale CAS cleanup: resolver (69/100)...
Proactive Stale CAS cleanup: risk_blocker (70/100)...
Proactive Stale CAS cleanup: roadmap (71/100)...
Proactive Stale CAS cleanup: role (72/100)...
Proactive Stale CAS cleanup: rollback_report (73/100)...
Proactive Stale CAS cleanup: sampler_profile (75/100)...
Proactive Stale CAS cleanup: rule (74/100)...
Proactive Stale CAS cleanup: scalar_metric_sampler (76/100)...
Proactive Stale CAS cleanup: scenario (77/100)...
Proactive Stale CAS cleanup: scheduler_handler_binding (78/100)...
Proactive Stale CAS cleanup: shockwave_router (79/100)...
Proactive Stale CAS cleanup: status_history_metric_sampler (81/100)...
Proactive Stale CAS cleanup: stakeholder_profile (80/100)...
Proactive Stale CAS cleanup: strategic_context (82/100)...
Proactive Stale CAS cleanup: strategic_plan (83/100)...
Proactive Stale CAS cleanup: team (84/100)...
Proactive Stale CAS cleanup: team_configuration (85/100)...
Proactive Stale CAS cleanup: technical_debt (86/100)...
Proactive Stale CAS cleanup: technical_spec (87/100)...
Proactive Stale CAS cleanup: template (88/100)...
Proactive Stale CAS cleanup: test_case (89/100)...
Proactive Stale CAS cleanup: translation_manifest (91/100)...
Proactive Stale CAS cleanup: test_command_rule (90/100)...
Proactive Stale CAS cleanup: validation_rule (92/100)...
Proactive Stale CAS cleanup: vitality_report (95/100)...
Proactive Stale CAS cleanup: vision (93/100)...
Proactive Stale CAS cleanup: visual_plan (94/100)...
Proactive Stale CAS cleanup: vocabulary_scheme (96/100)...
Proactive Stale CAS cleanup: watchdog_registration (97/100)...
Proactive Stale CAS cleanup: workflow (98/100)...
Proactive Stale CAS cleanup: workstream (99/100)...
Proactive Stale CAS cleanup: workstream_transition (100/100)...
Loaders starting...
Loaders ready.
Loading object ID cache...
Warming CAS indexes...
Merging CAS indexes for 46 kinds...
CAS indexes warmed
Cache ready, starting validator...
Discovery starting...
Starting discovery across 100 kinds...
Validating 8925 objects (from docs/process/ via object ID cache)...
Progress: [==================================================] 100.0% (8925/8925, queue: 0) 6.3k/s (completed) - 1s

Validation completed: 8925/8925 objects (8925 succeeded, 0 failed)

--- run 2026-09-05T02:20:01Z ---
System check starting...
Preparing loaders and cache...
Proactive Stale CAS cleanup starting...
Proactive Stale CAS cleanup: cleaning 100 kinds (timeout 2m0s)...
Proactive Stale CAS cleanup: account (1/100)...
Proactive Stale CAS cleanup: agent_architecture (2/100)...
Proactive Stale CAS cleanup: agent_feed (3/100)...
Proactive Stale CAS cleanup: agent_onboarding_preparation (4/100)...
Proactive Stale CAS cleanup: agent_skill (5/100)...
Proactive Stale CAS cleanup: agent_task (6/100)...
Proactive Stale CAS cleanup: api_spec (7/100)...
Proactive Stale CAS cleanup: auth_strategy (8/100)...
Proactive Stale CAS cleanup: backlog_item (9/100)...
Proactive Stale CAS cleanup: base_sampler (10/100)...
Proactive Stale CAS cleanup: brand (11/100)...
Proactive Stale CAS cleanup: capability (13/100)...
Proactive Stale CAS cleanup: bucketing_strategy (12/100)...
Proactive Stale CAS cleanup: capacity_advertisement (14/100)...
Proactive Stale CAS cleanup: command_spec (16/100)...
Proactive Stale CAS cleanup: certificate (15/100)...
Proactive Stale CAS cleanup: compute_advertisement (18/100)...
Proactive Stale CAS cleanup: component (17/100)...
Proactive Stale CAS cleanup: context_refresh_schedule (19/100)...
Proactive Stale CAS cleanup: convergence_session (20/100)...
Proactive Stale CAS cleanup: corporate_initiative (21/100)...
Proactive Stale CAS cleanup: criteria (22/100)...
Proactive Stale CAS cleanup: decision (23/100)...
Proactive Stale CAS cleanup: digital_asset (25/100)...
Proactive Stale CAS cleanup: department (24/100)...
Proactive Stale CAS cleanup: division (26/100)...
Proactive Stale CAS cleanup: doc_entry (27/100)...
Proactive Stale CAS cleanup: domain_registry (28/100)...
Proactive Stale CAS cleanup: field_registry (30/100)...
Proactive Stale CAS cleanup: evolution_management (29/100)...
Proactive Stale CAS cleanup: fission_event (31/100)...
Proactive Stale CAS cleanup: glossary_term (32/100)...
Proactive Stale CAS cleanup: glossary_term_relation (33/100)...
Proactive Stale CAS cleanup: goal (34/100)...
Proactive Stale CAS cleanup: import_tracking (35/100)...
Proactive Stale CAS cleanup: inference_heuristic (37/100)...
Proactive Stale CAS cleanup: important_date (36/100)...
Proactive Stale CAS cleanup: keystore_entry (38/100)...
Proactive Stale CAS cleanup: kind_synonym (39/100)...
Proactive Stale CAS cleanup: list_metric_sampler (41/100)...
Proactive Stale CAS cleanup: library (40/100)...
Proactive Stale CAS cleanup: mcp_spec (42/100)...
Proactive Stale CAS cleanup: metrics_feedback (44/100)...
Proactive Stale CAS cleanup: metadata_package (43/100)...
Proactive Stale CAS cleanup: milestone (45/100)...
Proactive Stale CAS cleanup: mission (46/100)...
Proactive Stale CAS cleanup: namespace (47/100)...
Proactive Stale CAS cleanup: namespace_registry (48/100)...
Proactive Stale CAS cleanup: ordered_list_metric_sampler (50/100)...
Proactive Stale CAS cleanup: object_spec (49/100)...
Proactive Stale CAS cleanup: organization (51/100)...
Proactive Stale CAS cleanup: organizational_change (52/100)...
Proactive Stale CAS cleanup: partnership (53/100)...
Proactive Stale CAS cleanup: persona (54/100)...
Proactive Stale CAS cleanup: pipeline (55/100)...
Proactive Stale CAS cleanup: pipeline_definition (56/100)...
Proactive Stale CAS cleanup: pipeline_stage (58/100)...
Proactive Stale CAS cleanup: pipeline_execution (57/100)...
Proactive Stale CAS cleanup: policy (59/100)...
Proactive Stale CAS cleanup: priority_plan (60/100)...
Proactive Stale CAS cleanup: process_hygiene_rule (61/100)...
Proactive Stale CAS cleanup: provider_profile (63/100)...
Proactive Stale CAS cleanup: prompt_template (62/100)...
Proactive Stale CAS cleanup: qa_success (64/100)...
Proactive Stale CAS cleanup: question (65/100)...
Proactive Stale CAS cleanup: remote_kernel (67/100)...
Proactive Stale CAS cleanup: release (66/100)...
Proactive Stale CAS cleanup: requirement (68/100)...
Proactive Stale CAS cleanup: resolver (69/100)...
Proactive Stale CAS cleanup: risk_blocker (70/100)...
Proactive Stale CAS cleanup: roadmap (71/100)...
Proactive Stale CAS cleanup: role (72/100)...
Proactive Stale CAS cleanup: rollback_report (73/100)...
Proactive Stale CAS cleanup: scalar_metric_sampler (76/100)...
Proactive Stale CAS cleanup: rule (74/100)...
Proactive Stale CAS cleanup: sampler_profile (75/100)...
Proactive Stale CAS cleanup: scenario (77/100)...
Proactive Stale CAS cleanup: scheduler_handler_binding (78/100)...
Proactive Stale CAS cleanup: shockwave_router (79/100)...
Proactive Stale CAS cleanup: status_history_metric_sampler (81/100)...
Proactive Stale CAS cleanup: stakeholder_profile (80/100)...
Proactive Stale CAS cleanup: strategic_context (82/100)...
Proactive Stale CAS cleanup: strategic_plan (83/100)...
Proactive Stale CAS cleanup: team (84/100)...
Proactive Stale CAS cleanup: team_configuration (85/100)...
Proactive Stale CAS cleanup: technical_debt (86/100)...
Proactive Stale CAS cleanup: technical_spec (87/100)...
Proactive Stale CAS cleanup: template (88/100)...
Proactive Stale CAS cleanup: test_case (89/100)...
Proactive Stale CAS cleanup: translation_manifest (91/100)...
Proactive Stale CAS cleanup: test_command_rule (90/100)...
Proactive Stale CAS cleanup: validation_rule (92/100)...
Proactive Stale CAS cleanup: vitality_report (95/100)...
Proactive Stale CAS cleanup: vision (93/100)...
Proactive Stale CAS cleanup: visual_plan (94/100)...
Proactive Stale CAS cleanup: vocabulary_scheme (96/100)...
Proactive Stale CAS cleanup: watchdog_registration (97/100)...
Proactive Stale CAS cleanup: workflow (98/100)...
Proactive Stale CAS cleanup: workstream (99/100)...
Proactive Stale CAS cleanup: workstream_transition (100/100)...
Loaders starting...
Loaders ready.
Loading object ID cache...
Warming CAS indexes...
Merging CAS indexes for 46 kinds...
CAS indexes warmed
Cache ready, starting validator...
Discovery starting...
Starting discovery across 100 kinds...
Validating 8925 objects (from docs/process/ via object ID cache)...
Progress: [==                                                ] 5.3% (471/8925, queue: 8423) 466/s (validating, workers: 16, goroutines: 32) - 1s
Progress: [========                                          ] 17.6% (1573/8925, queue: 7321) 782/s (validating, workers: 16, goroutines: 27) - 2s
Progress: [==================                                ] 37.0% (3299/8925, queue: 5596) 1.1k/s (validating, workers: 16, goroutines: 27) - 3s
Progress: [=========================                         ] 50.3% (4491/8925, queue: 4418) 1.1k/s (validating, workers: 16, goroutines: 17) - 4s
Progress: [=================================                 ] 67.6% (6029/8925, queue: 2880) 1.2k/s (validating, workers: 16, goroutines: 17) - 5s
Progress: [========================================          ] 80.3% (7171/8925, queue: 1722) 1.2k/s (validating, workers: 16, goroutines: 33) - 6s
Progress: [================================================= ] 98.5% (8795/8925, queue: 114) 1.3k/s (validating, workers: 16, goroutines: 17) - 7s
Progress: [================================================= ] 99.9% (8912/8925, queue: 0) 1.2k/s (draining in-flight, workers: 16) - 7s
Progress: [==================================================] 100.0% (8925/8925, queue: 0) 969/s (completed) - 9s

Validation completed: 8925/8925 objects (8925 succeeded, 0 failed)

--- run 2026-09-05T02:25:00Z ---
System check starting...
Preparing loaders and cache...
Proactive Stale CAS cleanup starting...
Proactive Stale CAS cleanup: cleaning 100 kinds (timeout 2m0s)...
Proactive Stale CAS cleanup: account (1/100)...
Proactive Stale CAS cleanup: agent_architecture (2/100)...
Proactive Stale CAS cleanup: agent_feed (3/100)...
Proactive Stale CAS cleanup: agent_onboarding_preparation (4/100)...
Proactive Stale CAS cleanup: agent_skill (5/100)...
Proactive Stale CAS cleanup: agent_task (6/100)...
Proactive Stale CAS cleanup: api_spec (7/100)...
Proactive Stale CAS cleanup: auth_strategy (8/100)...
Proactive Stale CAS cleanup: base_sampler (10/100)...
Proactive Stale CAS cleanup: backlog_item (9/100)...
Proactive Stale CAS cleanup: brand (11/100)...
Proactive Stale CAS cleanup: capacity_advertisement (14/100)...
Proactive Stale CAS cleanup: bucketing_strategy (12/100)...
Proactive Stale CAS cleanup: capability (13/100)...
Proactive Stale CAS cleanup: command_spec (16/100)...
Proactive Stale CAS cleanup: certificate (15/100)...
Proactive Stale CAS cleanup: compute_advertisement (18/100)...
Proactive Stale CAS cleanup: component (17/100)...
Proactive Stale CAS cleanup: context_refresh_schedule (19/100)...
Proactive Stale CAS cleanup: convergence_session (20/100)...
Proactive Stale CAS cleanup: corporate_initiative (21/100)...
Proactive Stale CAS cleanup: criteria (22/100)...
Proactive Stale CAS cleanup: decision (23/100)...
Proactive Stale CAS cleanup: department (24/100)...
Proactive Stale CAS cleanup: digital_asset (25/100)...
Proactive Stale CAS cleanup: division (26/100)...
Proactive Stale CAS cleanup: doc_entry (27/100)...
Proactive Stale CAS cleanup: domain_registry (28/100)...
Proactive Stale CAS cleanup: evolution_management (29/100)...
Proactive Stale CAS cleanup: fission_event (31/100)...
Proactive Stale CAS cleanup: field_registry (30/100)...
Proactive Stale CAS cleanup: glossary_term (32/100)...
Proactive Stale CAS cleanup: glossary_term_relation (33/100)...
Proactive Stale CAS cleanup: goal (34/100)...
Proactive Stale CAS cleanup: import_tracking (35/100)...
Proactive Stale CAS cleanup: inference_heuristic (37/100)...
Proactive Stale CAS cleanup: important_date (36/100)...
Proactive Stale CAS cleanup: keystore_entry (38/100)...
Proactive Stale CAS cleanup: kind_synonym (39/100)...
Proactive Stale CAS cleanup: list_metric_sampler (41/100)...
Proactive Stale CAS cleanup: library (40/100)...
Proactive Stale CAS cleanup: mcp_spec (42/100)...
Proactive Stale CAS cleanup: metrics_feedback (44/100)...
Proactive Stale CAS cleanup: metadata_package (43/100)...
Proactive Stale CAS cleanup: milestone (45/100)...
Proactive Stale CAS cleanup: mission (46/100)...
Proactive Stale CAS cleanup: namespace (47/100)...
Proactive Stale CAS cleanup: namespace_registry (48/100)...
Proactive Stale CAS cleanup: ordered_list_metric_sampler (50/100)...
Proactive Stale CAS cleanup: object_spec (49/100)...
Proactive Stale CAS cleanup: organization (51/100)...
Proactive Stale CAS cleanup: organizational_change (52/100)...
Proactive Stale CAS cleanup: partnership (53/100)...
Proactive Stale CAS cleanup: persona (54/100)...
Proactive Stale CAS cleanup: pipeline (55/100)...
Proactive Stale CAS cleanup: pipeline_definition (56/100)...
Proactive Stale CAS cleanup: pipeline_stage (58/100)...
Proactive Stale CAS cleanup: pipeline_execution (57/100)...
Proactive Stale CAS cleanup: policy (59/100)...
Proactive Stale CAS cleanup: process_hygiene_rule (61/100)...
Proactive Stale CAS cleanup: priority_plan (60/100)...
Proactive Stale CAS cleanup: provider_profile (63/100)...
Proactive Stale CAS cleanup: prompt_template (62/100)...
Proactive Stale CAS cleanup: qa_success (64/100)...
Proactive Stale CAS cleanup: question (65/100)...
Proactive Stale CAS cleanup: remote_kernel (67/100)...
Proactive Stale CAS cleanup: release (66/100)...
Proactive Stale CAS cleanup: requirement (68/100)...
Proactive Stale CAS cleanup: resolver (69/100)...
Proactive Stale CAS cleanup: risk_blocker (70/100)...
Proactive Stale CAS cleanup: roadmap (71/100)...
Proactive Stale CAS cleanup: role (72/100)...
Proactive Stale CAS cleanup: rollback_report (73/100)...
Proactive Stale CAS cleanup: scalar_metric_sampler (76/100)...
Proactive Stale CAS cleanup: rule (74/100)...
Proactive Stale CAS cleanup: sampler_profile (75/100)...
Proactive Stale CAS cleanup: scenario (77/100)...
Proactive Stale CAS cleanup: scheduler_handler_binding (78/100)...
Proactive Stale CAS cleanup: shockwave_router (79/100)...
Proactive Stale CAS cleanup: status_history_metric_sampler (81/100)...
Proactive Stale CAS cleanup: stakeholder_profile (80/100)...
Proactive Stale CAS cleanup: strategic_context (82/100)...
Proactive Stale CAS cleanup: strategic_plan (83/100)...
Proactive Stale CAS cleanup: team (84/100)...
Proactive Stale CAS cleanup: team_configuration (85/100)...
Proactive Stale CAS cleanup: technical_debt (86/100)...
Proactive Stale CAS cleanup: technical_spec (87/100)...
Proactive Stale CAS cleanup: template (88/100)...
Proactive Stale CAS cleanup: test_case (89/100)...
Proactive Stale CAS cleanup: translation_manifest (91/100)...
Proactive Stale CAS cleanup: test_command_rule (90/100)...
Proactive Stale CAS cleanup: validation_rule (92/100)...
Proactive Stale CAS cleanup: vitality_report (95/100)...
Proactive Stale CAS cleanup: vision (93/100)...
Proactive Stale CAS cleanup: visual_plan (94/100)...
Proactive Stale CAS cleanup: vocabulary_scheme (96/100)...
Proactive Stale CAS cleanup: watchdog_registration (97/100)...
Proactive Stale CAS cleanup: workflow (98/100)...
Proactive Stale CAS cleanup: workstream (99/100)...
Proactive Stale CAS cleanup: workstream_transition (100/100)...
Loaders starting...
Loaders ready.
Loading object ID cache...
Warming CAS indexes...
Merging CAS indexes for 46 kinds...
CAS indexes warmed
Cache ready, starting validator...
Discovery starting...
Starting discovery across 100 kinds...
Validating 8925 objects (from docs/process/ via object ID cache)...
Progress: [=======                                           ] 15.0% (1337/8925, queue: 7570) 1.3k/s (validating, workers: 16, goroutines: 19) - 1s
Progress: [===============                                   ] 31.9% (2851/8925, queue: 6047) 1.4k/s (validating, workers: 16, goroutines: 24) - 2s
Progress: [=====================                             ] 42.4% (3787/8925, queue: 5113) 1.3k/s (validating, workers: 16, goroutines: 26) - 3s
Progress: [=============================                     ] 58.3% (5203/8925, queue: 3693) 1.3k/s (validating, workers: 16, goroutines: 30) - 4s
Progress: [======================================            ] 77.0% (6874/8925, queue: 2035) 1.4k/s (validating, workers: 16, goroutines: 17) - 5s
Progress: [================================================  ] 96.0% (8569/8925, queue: 340) 1.4k/s (validating, workers: 16, goroutines: 21) - 6s
Progress: [================================================= ] 99.8% (8905/8925, queue: 0) 1.4k/s (draining in-flight, workers: 16) - 6s
Progress: [==================================================] 100.0% (8925/8925, queue: 0) 1.1k/s (completed) - 8s

Validation completed: 8925/8925 objects (8925 succeeded, 0 failed)

--- run 2026-09-05T02:30:00Z ---
System check starting...
Preparing loaders and cache...
Proactive Stale CAS cleanup starting...
Proactive Stale CAS cleanup: cleaning 100 kinds (timeout 2m0s)...
Proactive Stale CAS cleanup: account (1/100)...
Proactive Stale CAS cleanup: agent_architecture (2/100)...
Proactive Stale CAS cleanup: agent_feed (3/100)...
Proactive Stale CAS cleanup: agent_onboarding_preparation (4/100)...
Proactive Stale CAS cleanup: agent_skill (5/100)...
Proactive Stale CAS cleanup: agent_task (6/100)...
Proactive Stale CAS cleanup: api_spec (7/100)...
Proactive Stale CAS cleanup: auth_strategy (8/100)...
Proactive Stale CAS cleanup: base_sampler (10/100)...
Proactive Stale CAS cleanup: backlog_item (9/100)...
Proactive Stale CAS cleanup: brand (11/100)...
Proactive Stale CAS cleanup: capacity_advertisement (14/100)...
Proactive Stale CAS cleanup: bucketing_strategy (12/100)...
Proactive Stale CAS cleanup: capability (13/100)...
Proactive Stale CAS cleanup: command_spec (16/100)...
Proactive Stale CAS cleanup: certificate (15/100)...
Proactive Stale CAS cleanup: compute_advertisement (18/100)...
Proactive Stale CAS cleanup: component (17/100)...
Proactive Stale CAS cleanup: context_refresh_schedule (19/100)...
Proactive Stale CAS cleanup: convergence_session (20/100)...
Proactive Stale CAS cleanup: corporate_initiative (21/100)...
Proactive Stale CAS cleanup: criteria (22/100)...
Proactive Stale CAS cleanup: decision (23/100)...
Proactive Stale CAS cleanup: digital_asset (25/100)...
Proactive Stale CAS cleanup: department (24/100)...
Proactive Stale CAS cleanup: division (26/100)...
Proactive Stale CAS cleanup: doc_entry (27/100)...
Proactive Stale CAS cleanup: domain_registry (28/100)...
Proactive Stale CAS cleanup: fission_event (31/100)...
Proactive Stale CAS cleanup: evolution_management (29/100)...
Proactive Stale CAS cleanup: field_registry (30/100)...
Proactive Stale CAS cleanup: glossary_term (32/100)...
Proactive Stale CAS cleanup: glossary_term_relation (33/100)...
Proactive Stale CAS cleanup: goal (34/100)...
Proactive Stale CAS cleanup: import_tracking (35/100)...
Proactive Stale CAS cleanup: inference_heuristic (37/100)...
Proactive Stale CAS cleanup: important_date (36/100)...
Proactive Stale CAS cleanup: keystore_entry (38/100)...
Proactive Stale CAS cleanup: kind_synonym (39/100)...
Proactive Stale CAS cleanup: list_metric_sampler (41/100)...
Proactive Stale CAS cleanup: library (40/100)...
Proactive Stale CAS cleanup: mcp_spec (42/100)...
Proactive Stale CAS cleanup: metrics_feedback (44/100)...
Proactive Stale CAS cleanup: metadata_package (43/100)...
Proactive Stale CAS cleanup: milestone (45/100)...
Proactive Stale CAS cleanup: mission (46/100)...
Proactive Stale CAS cleanup: namespace (47/100)...
Proactive Stale CAS cleanup: namespace_registry (48/100)...
Proactive Stale CAS cleanup: object_spec (49/100)...
Proactive Stale CAS cleanup: ordered_list_metric_sampler (50/100)...
Proactive Stale CAS cleanup: organization (51/100)...
Proactive Stale CAS cleanup: organizational_change (52/100)...
Proactive Stale CAS cleanup: partnership (53/100)...
Proactive Stale CAS cleanup: persona (54/100)...
Proactive Stale CAS cleanup: pipeline (55/100)...
Proactive Stale CAS cleanup: pipeline_definition (56/100)...
Proactive Stale CAS cleanup: pipeline_execution (57/100)...
Proactive Stale CAS cleanup: pipeline_stage (58/100)...
Proactive Stale CAS cleanup: policy (59/100)...
Proactive Stale CAS cleanup: process_hygiene_rule (61/100)...
Proactive Stale CAS cleanup: priority_plan (60/100)...
Proactive Stale CAS cleanup: provider_profile (63/100)...
Proactive Stale CAS cleanup: prompt_template (62/100)...
Proactive Stale CAS cleanup: qa_success (64/100)...
Proactive Stale CAS cleanup: question (65/100)...
Proactive Stale CAS cleanup: remote_kernel (67/100)...
Proactive Stale CAS cleanup: release (66/100)...
Proactive Stale CAS cleanup: requirement (68/100)...
Proactive Stale CAS cleanup: resolver (69/100)...
Proactive Stale CAS cleanup: risk_blocker (70/100)...
Proactive Stale CAS cleanup: roadmap (71/100)...
Proactive Stale CAS cleanup: role (72/100)...
Proactive Stale CAS cleanup: rollback_report (73/100)...
Proactive Stale CAS cleanup: scalar_metric_sampler (76/100)...
Proactive Stale CAS cleanup: sampler_profile (75/100)...
Proactive Stale CAS cleanup: rule (74/100)...
Proactive Stale CAS cleanup: scenario (77/100)...
Proactive Stale CAS cleanup: scheduler_handler_binding (78/100)...
Proactive Stale CAS cleanup: shockwave_router (79/100)...
Proactive Stale CAS cleanup: status_history_metric_sampler (81/100)...
Proactive Stale CAS cleanup: stakeholder_profile (80/100)...
Proactive Stale CAS cleanup: strategic_context (82/100)...
Proactive Stale CAS cleanup: strategic_plan (83/100)...
Proactive Stale CAS cleanup: team (84/100)...
Proactive Stale CAS cleanup: team_configuration (85/100)...
Proactive Stale CAS cleanup: technical_debt (86/100)...
Proactive Stale CAS cleanup: technical_spec (87/100)...
Proactive Stale CAS cleanup: template (88/100)...
Proactive Stale CAS cleanup: test_case (89/100)...
Proactive Stale CAS cleanup: test_command_rule (90/100)...
Proactive Stale CAS cleanup: translation_manifest (91/100)...
Proactive Stale CAS cleanup: validation_rule (92/100)...
Proactive Stale CAS cleanup: visual_plan (94/100)...
Proactive Stale CAS cleanup: vision (93/100)...
Proactive Stale CAS cleanup: vitality_report (95/100)...
Proactive Stale CAS cleanup: vocabulary_scheme (96/100)...
Proactive Stale CAS cleanup: watchdog_registration (97/100)...
Proactive Stale CAS cleanup: workflow (98/100)...
Proactive Stale CAS cleanup: workstream (99/100)...
Proactive Stale CAS cleanup: workstream_transition (100/100)...
Loaders starting...
Loaders ready.
Loading object ID cache...
Warming CAS indexes...
Merging CAS indexes for 46 kinds...
CAS indexes warmed
Cache ready, starting validator...
Discovery starting...
Starting discovery across 100 kinds...
Validating 8925 objects (from docs/process/ via object ID cache)...
Progress: [====                                              ] 9.6% (859/8925, queue: 8034) 842/s (validating, workers: 16, goroutines: 33) - 1s
Progress: [=============                                     ] 27.3% (2440/8925, queue: 6456) 1.2k/s (validating, workers: 16, goroutines: 28) - 2s
Progress: [========================                          ] 48.5% (4329/8925, queue: 4565) 1.4k/s (validating, workers: 16, goroutines: 28) - 3s
Progress: [==================================                ] 68.4% (6104/8925, queue: 2791) 1.5k/s (validating, workers: 16, goroutines: 31) - 4s
Progress: [========================================          ] 81.7% (7288/8925, queue: 1618) 1.5k/s (validating, workers: 16, goroutines: 20) - 5s
Progress: [==============================================    ] 93.6% (8356/8925, queue: 545) 1.4k/s (validating, workers: 16, goroutines: 17) - 6s
Progress: [================================================= ] 99.8% (8907/8925, queue: 0) 1.4k/s (draining in-flight, workers: 16) - 7s
Progress: [==================================================] 100.0% (8925/8925, queue: 0) 1.1k/s (completed) - 8s

Validation completed: 8925/8925 objects (8925 succeeded, 0 failed)

--- run 2026-09-05T02:35:00Z ---
System check starting...
Preparing loaders and cache...
Proactive Stale CAS cleanup starting...
Proactive Stale CAS cleanup: cleaning 100 kinds (timeout 2m0s)...
Proactive Stale CAS cleanup: account (1/100)...
Proactive Stale CAS cleanup: agent_architecture (2/100)...
Proactive Stale CAS cleanup: agent_feed (3/100)...
Proactive Stale CAS cleanup: agent_onboarding_preparation (4/100)...
Proactive Stale CAS cleanup: agent_skill (5/100)...
Proactive Stale CAS cleanup: agent_task (6/100)...
Proactive Stale CAS cleanup: api_spec (7/100)...
Proactive Stale CAS cleanup: auth_strategy (8/100)...
Proactive Stale CAS cleanup: base_sampler (10/100)...
Proactive Stale CAS cleanup: backlog_item (9/100)...
Proactive Stale CAS cleanup: brand (11/100)...
Proactive Stale CAS cleanup: capacity_advertisement (14/100)...
Proactive Stale CAS cleanup: capability (13/100)...
Proactive Stale CAS cleanup: bucketing_strategy (12/100)...
Proactive Stale CAS cleanup: command_spec (16/100)...
Proactive Stale CAS cleanup: certificate (15/100)...
Proactive Stale CAS cleanup: compute_advertisement (18/100)...
Proactive Stale CAS cleanup: component (17/100)...
Proactive Stale CAS cleanup: context_refresh_schedule (19/100)...
Proactive Stale CAS cleanup: convergence_session (20/100)...
Proactive Stale CAS cleanup: corporate_initiative (21/100)...
Proactive Stale CAS cleanup: criteria (22/100)...
Proactive Stale CAS cleanup: decision (23/100)...
Proactive Stale CAS cleanup: digital_asset (25/100)...
Proactive Stale CAS cleanup: department (24/100)...
Proactive Stale CAS cleanup: division (26/100)...
Proactive Stale CAS cleanup: doc_entry (27/100)...
Proactive Stale CAS cleanup: domain_registry (28/100)...
Proactive Stale CAS cleanup: fission_event (31/100)...
Proactive Stale CAS cleanup: evolution_management (29/100)...
Proactive Stale CAS cleanup: field_registry (30/100)...
Proactive Stale CAS cleanup: glossary_term (32/100)...
Proactive Stale CAS cleanup: glossary_term_relation (33/100)...
Proactive Stale CAS cleanup: goal (34/100)...
Proactive Stale CAS cleanup: import_tracking (35/100)...
Proactive Stale CAS cleanup: inference_heuristic (37/100)...
Proactive Stale CAS cleanup: important_date (36/100)...
Proactive Stale CAS cleanup: keystore_entry (38/100)...
Proactive Stale CAS cleanup: kind_synonym (39/100)...
Proactive Stale CAS cleanup: list_metric_sampler (41/100)...
Proactive Stale CAS cleanup: library (40/100)...
Proactive Stale CAS cleanup: mcp_spec (42/100)...
Proactive Stale CAS cleanup: metrics_feedback (44/100)...
Proactive Stale CAS cleanup: metadata_package (43/100)...
Proactive Stale CAS cleanup: milestone (45/100)...
Proactive Stale CAS cleanup: mission (46/100)...
Proactive Stale CAS cleanup: namespace (47/100)...
Proactive Stale CAS cleanup: namespace_registry (48/100)...
Proactive Stale CAS cleanup: ordered_list_metric_sampler (50/100)...
Proactive Stale CAS cleanup: object_spec (49/100)...
Proactive Stale CAS cleanup: organization (51/100)...
Proactive Stale CAS cleanup: organizational_change (52/100)...
Proactive Stale CAS cleanup: partnership (53/100)...
Proactive Stale CAS cleanup: persona (54/100)...
Proactive Stale CAS cleanup: pipeline (55/100)...
Proactive Stale CAS cleanup: pipeline_definition (56/100)...
Proactive Stale CAS cleanup: pipeline_stage (58/100)...
Proactive Stale CAS cleanup: pipeline_execution (57/100)...
Proactive Stale CAS cleanup: policy (59/100)...
Proactive Stale CAS cleanup: process_hygiene_rule (61/100)...
Proactive Stale CAS cleanup: priority_plan (60/100)...
Proactive Stale CAS cleanup: provider_profile (63/100)...
Proactive Stale CAS cleanup: prompt_template (62/100)...
Proactive Stale CAS cleanup: qa_success (64/100)...
Proactive Stale CAS cleanup: question (65/100)...
Proactive Stale CAS cleanup: remote_kernel (67/100)...
Proactive Stale CAS cleanup: release (66/100)...
Proactive Stale CAS cleanup: requirement (68/100)...
Proactive Stale CAS cleanup: resolver (69/100)...
Proactive Stale CAS cleanup: risk_blocker (70/100)...
Proactive Stale CAS cleanup: roadmap (71/100)...
Proactive Stale CAS cleanup: role (72/100)...
Proactive Stale CAS cleanup: rollback_report (73/100)...
Proactive Stale CAS cleanup: sampler_profile (75/100)...
Proactive Stale CAS cleanup: rule (74/100)...
Proactive Stale CAS cleanup: scalar_metric_sampler (76/100)...
Proactive Stale CAS cleanup: scenario (77/100)...
Proactive Stale CAS cleanup: scheduler_handler_binding (78/100)...
Proactive Stale CAS cleanup: shockwave_router (79/100)...
Proactive Stale CAS cleanup: status_history_metric_sampler (81/100)...
Proactive Stale CAS cleanup: stakeholder_profile (80/100)...
Proactive Stale CAS cleanup: strategic_context (82/100)...
Proactive Stale CAS cleanup: strategic_plan (83/100)...
Proactive Stale CAS cleanup: team (84/100)...
Proactive Stale CAS cleanup: team_configuration (85/100)...
Proactive Stale CAS cleanup: technical_debt (86/100)...
Proactive Stale CAS cleanup: technical_spec (87/100)...
Proactive Stale CAS cleanup: template (88/100)...
Proactive Stale CAS cleanup: test_case (89/100)...
Proactive Stale CAS cleanup: translation_manifest (91/100)...
Proactive Stale CAS cleanup: test_command_rule (90/100)...
Proactive Stale CAS cleanup: validation_rule (92/100)...
Proactive Stale CAS cleanup: visual_plan (94/100)...
Proactive Stale CAS cleanup: vision (93/100)...
Proactive Stale CAS cleanup: vitality_report (95/100)...
Proactive Stale CAS cleanup: vocabulary_scheme (96/100)...
Proactive Stale CAS cleanup: watchdog_registration (97/100)...
Proactive Stale CAS cleanup: workflow (98/100)...
Proactive Stale CAS cleanup: workstream (99/100)...
Proactive Stale CAS cleanup: workstream_transition (100/100)...
Loaders starting...
Loaders ready.
Loading object ID cache...
Warming CAS indexes...
Merging CAS indexes for 46 kinds...
CAS indexes warmed
Cache ready, starting validator...
Discovery starting...
Starting discovery across 100 kinds...
Validating 8925 objects (from docs/process/ via object ID cache)...
Progress: [==================================================] 100.0% (8925/8925, queue: 0) 6.2k/s (completed) - 1s

Validation completed: 8925/8925 objects (8925 succeeded, 0 failed)

--- run 2026-09-05T02:40:00Z ---
System check starting...
Preparing loaders and cache...
Proactive Stale CAS cleanup starting...
Proactive Stale CAS cleanup: cleaning 100 kinds (timeout 2m0s)...
Proactive Stale CAS cleanup: account (1/100)...
Proactive Stale CAS cleanup: agent_architecture (2/100)...
Proactive Stale CAS cleanup: agent_feed (3/100)...
Proactive Stale CAS cleanup: agent_onboarding_preparation (4/100)...
Proactive Stale CAS cleanup: agent_skill (5/100)...
Proactive Stale CAS cleanup: agent_task (6/100)...
Proactive Stale CAS cleanup: api_spec (7/100)...
Proactive Stale CAS cleanup: auth_strategy (8/100)...
Proactive Stale CAS cleanup: base_sampler (10/100)...
Proactive Stale CAS cleanup: backlog_item (9/100)...
Proactive Stale CAS cleanup: brand (11/100)...
Proactive Stale CAS cleanup: capability (13/100)...
Proactive Stale CAS cleanup: bucketing_strategy (12/100)...
Proactive Stale CAS cleanup: capacity_advertisement (14/100)...
Proactive Stale CAS cleanup: command_spec (16/100)...
Proactive Stale CAS cleanup: certificate (15/100)...
Proactive Stale CAS cleanup: compute_advertisement (18/100)...
Proactive Stale CAS cleanup: component (17/100)...
Proactive Stale CAS cleanup: context_refresh_schedule (19/100)...
Proactive Stale CAS cleanup: convergence_session (20/100)...
Proactive Stale CAS cleanup: corporate_initiative (21/100)...
Proactive Stale CAS cleanup: criteria (22/100)...
Proactive Stale CAS cleanup: decision (23/100)...
Proactive Stale CAS cleanup: digital_asset (25/100)...
Proactive Stale CAS cleanup: department (24/100)...
Proactive Stale CAS cleanup: division (26/100)...
Proactive Stale CAS cleanup: doc_entry (27/100)...
Proactive Stale CAS cleanup: domain_registry (28/100)...
Proactive Stale CAS cleanup: fission_event (31/100)...
Proactive Stale CAS cleanup: field_registry (30/100)...
Proactive Stale CAS cleanup: evolution_management (29/100)...
Proactive Stale CAS cleanup: glossary_term (32/100)...
Proactive Stale CAS cleanup: glossary_term_relation (33/100)...
Proactive Stale CAS cleanup: goal (34/100)...
Proactive Stale CAS cleanup: import_tracking (35/100)...
Proactive Stale CAS cleanup: inference_heuristic (37/100)...
Proactive Stale CAS cleanup: important_date (36/100)...
Proactive Stale CAS cleanup: keystore_entry (38/100)...
Proactive Stale CAS cleanup: kind_synonym (39/100)...
Proactive Stale CAS cleanup: list_metric_sampler (41/100)...
Proactive Stale CAS cleanup: library (40/100)...
Proactive Stale CAS cleanup: mcp_spec (42/100)...
Proactive Stale CAS cleanup: metrics_feedback (44/100)...
Proactive Stale CAS cleanup: metadata_package (43/100)...
Proactive Stale CAS cleanup: milestone (45/100)...
Proactive Stale CAS cleanup: mission (46/100)...
Proactive Stale CAS cleanup: namespace (47/100)...
Proactive Stale CAS cleanup: namespace_registry (48/100)...
Proactive Stale CAS cleanup: ordered_list_metric_sampler (50/100)...
Proactive Stale CAS cleanup: object_spec (49/100)...
Proactive Stale CAS cleanup: organization (51/100)...
Proactive Stale CAS cleanup: organizational_change (52/100)...
Proactive Stale CAS cleanup: partnership (53/100)...
Proactive Stale CAS cleanup: persona (54/100)...
Proactive Stale CAS cleanup: pipeline (55/100)...
Proactive Stale CAS cleanup: pipeline_definition (56/100)...
Proactive Stale CAS cleanup: pipeline_stage (58/100)...
Proactive Stale CAS cleanup: pipeline_execution (57/100)...
Proactive Stale CAS cleanup: policy (59/100)...
Proactive Stale CAS cleanup: process_hygiene_rule (61/100)...
Proactive Stale CAS cleanup: priority_plan (60/100)...
Proactive Stale CAS cleanup: prompt_template (62/100)...
Proactive Stale CAS cleanup: provider_profile (63/100)...
Proactive Stale CAS cleanup: qa_success (64/100)...
Proactive Stale CAS cleanup: question (65/100)...
Proactive Stale CAS cleanup: release (66/100)...
Proactive Stale CAS cleanup: remote_kernel (67/100)...
Proactive Stale CAS cleanup: requirement (68/100)...
Proactive Stale CAS cleanup: resolver (69/100)...
Proactive Stale CAS cleanup: risk_blocker (70/100)...
Proactive Stale CAS cleanup: roadmap (71/100)...
Proactive Stale CAS cleanup: role (72/100)...
Proactive Stale CAS cleanup: rollback_report (73/100)...
Proactive Stale CAS cleanup: scalar_metric_sampler (76/100)...
Proactive Stale CAS cleanup: sampler_profile (75/100)...
Proactive Stale CAS cleanup: rule (74/100)...
Proactive Stale CAS cleanup: scenario (77/100)...
Proactive Stale CAS cleanup: scheduler_handler_binding (78/100)...
Proactive Stale CAS cleanup: shockwave_router (79/100)...
Proactive Stale CAS cleanup: status_history_metric_sampler (81/100)...
Proactive Stale CAS cleanup: stakeholder_profile (80/100)...
Proactive Stale CAS cleanup: strategic_context (82/100)...
Proactive Stale CAS cleanup: strategic_plan (83/100)...
Proactive Stale CAS cleanup: team (84/100)...
Proactive Stale CAS cleanup: team_configuration (85/100)...
Proactive Stale CAS cleanup: technical_debt (86/100)...
Proactive Stale CAS cleanup: technical_spec (87/100)...
Proactive Stale CAS cleanup: template (88/100)...
Proactive Stale CAS cleanup: test_case (89/100)...
Proactive Stale CAS cleanup: translation_manifest (91/100)...
Proactive Stale CAS cleanup: test_command_rule (90/100)...
Proactive Stale CAS cleanup: validation_rule (92/100)...
Proactive Stale CAS cleanup: visual_plan (94/100)...
Proactive Stale CAS cleanup: vision (93/100)...
Proactive Stale CAS cleanup: vitality_report (95/100)...
Proactive Stale CAS cleanup: vocabulary_scheme (96/100)...
Proactive Stale CAS cleanup: watchdog_registration (97/100)...
Proactive Stale CAS cleanup: workflow (98/100)...
Proactive Stale CAS cleanup: workstream (99/100)...
Proactive Stale CAS cleanup: workstream_transition (100/100)...
Loaders starting...
Loaders ready.
Loading object ID cache...
Warming CAS indexes...
Merging CAS indexes for 46 kinds...
CAS indexes warmed
Cache ready, starting validator...
Discovery starting...
Starting discovery across 100 kinds...
Validating 8925 objects (from docs/process/ via object ID cache)...
Progress: [==================================================] 100.0% (8925/8925, queue: 0) 6.0k/s (completed) - 1s

Validation completed: 8925/8925 objects (8925 succeeded, 0 failed)

--- run 2026-09-05T02:45:00Z ---
System check starting...
Preparing loaders and cache...
Proactive Stale CAS cleanup starting...
Proactive Stale CAS cleanup: cleaning 100 kinds (timeout 2m0s)...
Proactive Stale CAS cleanup: account (1/100)...
Proactive Stale CAS cleanup: agent_architecture (2/100)...
Proactive Stale CAS cleanup: agent_feed (3/100)...
Proactive Stale CAS cleanup: agent_onboarding_preparation (4/100)...
Proactive Stale CAS cleanup: agent_skill (5/100)...
Proactive Stale CAS cleanup: agent_task (6/100)...
Proactive Stale CAS cleanup: api_spec (7/100)...
Proactive Stale CAS cleanup: auth_strategy (8/100)...
Proactive Stale CAS cleanup: base_sampler (10/100)...
Proactive Stale CAS cleanup: backlog_item (9/100)...
Proactive Stale CAS cleanup: brand (11/100)...
Proactive Stale CAS cleanup: capacity_advertisement (14/100)...
Proactive Stale CAS cleanup: bucketing_strategy (12/100)...
Proactive Stale CAS cleanup: capability (13/100)...
Proactive Stale CAS cleanup: command_spec (16/100)...
Proactive Stale CAS cleanup: certificate (15/100)...
Proactive Stale CAS cleanup: component (17/100)...
Proactive Stale CAS cleanup: compute_advertisement (18/100)...
Proactive Stale CAS cleanup: context_refresh_schedule (19/100)...
Proactive Stale CAS cleanup: convergence_session (20/100)...
Proactive Stale CAS cleanup: corporate_initiative (21/100)...
Proactive Stale CAS cleanup: criteria (22/100)...
Proactive Stale CAS cleanup: decision (23/100)...
Proactive Stale CAS cleanup: digital_asset (25/100)...
Proactive Stale CAS cleanup: department (24/100)...
Proactive Stale CAS cleanup: division (26/100)...
Proactive Stale CAS cleanup: doc_entry (27/100)...
Proactive Stale CAS cleanup: domain_registry (28/100)...
Proactive Stale CAS cleanup: evolution_management (29/100)...
Proactive Stale CAS cleanup: field_registry (30/100)...
Proactive Stale CAS cleanup: fission_event (31/100)...
Proactive Stale CAS cleanup: glossary_term (32/100)...
Proactive Stale CAS cleanup: glossary_term_relation (33/100)...
Proactive Stale CAS cleanup: goal (34/100)...
Proactive Stale CAS cleanup: import_tracking (35/100)...
Proactive Stale CAS cleanup: important_date (36/100)...
Proactive Stale CAS cleanup: inference_heuristic (37/100)...
Proactive Stale CAS cleanup: keystore_entry (38/100)...
Proactive Stale CAS cleanup: kind_synonym (39/100)...
Proactive Stale CAS cleanup: list_metric_sampler (41/100)...
Proactive Stale CAS cleanup: library (40/100)...
Proactive Stale CAS cleanup: mcp_spec (42/100)...
Proactive Stale CAS cleanup: metrics_feedback (44/100)...
Proactive Stale CAS cleanup: metadata_package (43/100)...
Proactive Stale CAS cleanup: milestone (45/100)...
Proactive Stale CAS cleanup: mission (46/100)...
Proactive Stale CAS cleanup: namespace (47/100)...
Proactive Stale CAS cleanup: namespace_registry (48/100)...
Proactive Stale CAS cleanup: ordered_list_metric_sampler (50/100)...
Proactive Stale CAS cleanup: object_spec (49/100)...
Proactive Stale CAS cleanup: organization (51/100)...
Proactive Stale CAS cleanup: organizational_change (52/100)...
Proactive Stale CAS cleanup: partnership (53/100)...
Proactive Stale CAS cleanup: persona (54/100)...
Proactive Stale CAS cleanup: pipeline (55/100)...
Proactive Stale CAS cleanup: pipeline_definition (56/100)...
Proactive Stale CAS cleanup: pipeline_stage (58/100)...
Proactive Stale CAS cleanup: pipeline_execution (57/100)...
Proactive Stale CAS cleanup: policy (59/100)...
Proactive Stale CAS cleanup: process_hygiene_rule (61/100)...
Proactive Stale CAS cleanup: priority_plan (60/100)...
Proactive Stale CAS cleanup: provider_profile (63/100)...
Proactive Stale CAS cleanup: prompt_template (62/100)...
Proactive Stale CAS cleanup: qa_success (64/100)...
Proactive Stale CAS cleanup: question (65/100)...
Proactive Stale CAS cleanup: remote_kernel (67/100)...
Proactive Stale CAS cleanup: release (66/100)...
Proactive Stale CAS cleanup: requirement (68/100)...
Proactive Stale CAS cleanup: resolver (69/100)...
Proactive Stale CAS cleanup: risk_blocker (70/100)...
Proactive Stale CAS cleanup: roadmap (71/100)...
Proactive Stale CAS cleanup: role (72/100)...
Proactive Stale CAS cleanup: rollback_report (73/100)...
Proactive Stale CAS cleanup: scalar_metric_sampler (76/100)...
Proactive Stale CAS cleanup: rule (74/100)...
Proactive Stale CAS cleanup: sampler_profile (75/100)...
Proactive Stale CAS cleanup: scenario (77/100)...
Proactive Stale CAS cleanup: scheduler_handler_binding (78/100)...
Proactive Stale CAS cleanup: shockwave_router (79/100)...
Proactive Stale CAS cleanup: status_history_metric_sampler (81/100)...
Proactive Stale CAS cleanup: stakeholder_profile (80/100)...
Proactive Stale CAS cleanup: strategic_context (82/100)...
Proactive Stale CAS cleanup: strategic_plan (83/100)...
Proactive Stale CAS cleanup: team (84/100)...
Proactive Stale CAS cleanup: team_configuration (85/100)...
Proactive Stale CAS cleanup: technical_debt (86/100)...
Proactive Stale CAS cleanup: technical_spec (87/100)...
Proactive Stale CAS cleanup: template (88/100)...
Proactive Stale CAS cleanup: test_case (89/100)...
Proactive Stale CAS cleanup: translation_manifest (91/100)...
Proactive Stale CAS cleanup: test_command_rule (90/100)...
Proactive Stale CAS cleanup: validation_rule (92/100)...
Proactive Stale CAS cleanup: vitality_report (95/100)...
Proactive Stale CAS cleanup: vision (93/100)...
Proactive Stale CAS cleanup: visual_plan (94/100)...
Proactive Stale CAS cleanup: vocabulary_scheme (96/100)...
Proactive Stale CAS cleanup: watchdog_registration (97/100)...
Proactive Stale CAS cleanup: workflow (98/100)...
Proactive Stale CAS cleanup: workstream (99/100)...
Proactive Stale CAS cleanup: workstream_transition (100/100)...
Loaders starting...
Loaders ready.
Loading object ID cache...
Warming CAS indexes...
Merging CAS indexes for 46 kinds...
CAS indexes warmed
Cache ready, starting validator...
Discovery starting...
Starting discovery across 100 kinds...
Validating 8925 objects (from docs/process/ via object ID cache)...
Progress: [==================================================] 100.0% (8925/8925, queue: 0) 6.0k/s (completed) - 1s

Validation completed: 8925/8925 objects (8925 succeeded, 0 failed)

--- run 2026-09-05T02:50:00Z ---
System check starting...
Preparing loaders and cache...
Proactive Stale CAS cleanup starting...
Proactive Stale CAS cleanup: cleaning 100 kinds (timeout 2m0s)...
Proactive Stale CAS cleanup: account (1/100)...
Proactive Stale CAS cleanup: agent_architecture (2/100)...
Proactive Stale CAS cleanup: agent_feed (3/100)...
Proactive Stale CAS cleanup: agent_onboarding_preparation (4/100)...
Proactive Stale CAS cleanup: agent_skill (5/100)...
Proactive Stale CAS cleanup: agent_task (6/100)...
Proactive Stale CAS cleanup: api_spec (7/100)...
Proactive Stale CAS cleanup: auth_strategy (8/100)...
Proactive Stale CAS cleanup: base_sampler (10/100)...
Proactive Stale CAS cleanup: backlog_item (9/100)...
Proactive Stale CAS cleanup: brand (11/100)...
Proactive Stale CAS cleanup: capability (13/100)...
Proactive Stale CAS cleanup: bucketing_strategy (12/100)...
Proactive Stale CAS cleanup: capacity_advertisement (14/100)...
Proactive Stale CAS cleanup: command_spec (16/100)...
Proactive Stale CAS cleanup: certificate (15/100)...
Proactive Stale CAS cleanup: compute_advertisement (18/100)...
Proactive Stale CAS cleanup: component (17/100)...
Proactive Stale CAS cleanup: context_refresh_schedule (19/100)...
Proactive Stale CAS cleanup: convergence_session (20/100)...
Proactive Stale CAS cleanup: corporate_initiative (21/100)...
Proactive Stale CAS cleanup: criteria (22/100)...
Proactive Stale CAS cleanup: decision (23/100)...
Proactive Stale CAS cleanup: digital_asset (25/100)...
Proactive Stale CAS cleanup: department (24/100)...
Proactive Stale CAS cleanup: division (26/100)...
Proactive Stale CAS cleanup: doc_entry (27/100)...
Proactive Stale CAS cleanup: domain_registry (28/100)...
Proactive Stale CAS cleanup: field_registry (30/100)...
Proactive Stale CAS cleanup: evolution_management (29/100)...
Proactive Stale CAS cleanup: fission_event (31/100)...
Proactive Stale CAS cleanup: glossary_term (32/100)...
Proactive Stale CAS cleanup: glossary_term_relation (33/100)...
Proactive Stale CAS cleanup: goal (34/100)...
Proactive Stale CAS cleanup: import_tracking (35/100)...
Proactive Stale CAS cleanup: inference_heuristic (37/100)...
Proactive Stale CAS cleanup: important_date (36/100)...
Proactive Stale CAS cleanup: keystore_entry (38/100)...
Proactive Stale CAS cleanup: kind_synonym (39/100)...
Proactive Stale CAS cleanup: list_metric_sampler (41/100)...
Proactive Stale CAS cleanup: library (40/100)...
Proactive Stale CAS cleanup: mcp_spec (42/100)...
Proactive Stale CAS cleanup: metrics_feedback (44/100)...
Proactive Stale CAS cleanup: metadata_package (43/100)...
Proactive Stale CAS cleanup: milestone (45/100)...
Proactive Stale CAS cleanup: mission (46/100)...
Proactive Stale CAS cleanup: namespace (47/100)...
Proactive Stale CAS cleanup: namespace_registry (48/100)...
Proactive Stale CAS cleanup: object_spec (49/100)...
Proactive Stale CAS cleanup: ordered_list_metric_sampler (50/100)...
Proactive Stale CAS cleanup: organization (51/100)...
Proactive Stale CAS cleanup: organizational_change (52/100)...
Proactive Stale CAS cleanup: partnership (53/100)...
Proactive Stale CAS cleanup: persona (54/100)...
Proactive Stale CAS cleanup: pipeline (55/100)...
Proactive Stale CAS cleanup: pipeline_definition (56/100)...
Proactive Stale CAS cleanup: pipeline_stage (58/100)...
Proactive Stale CAS cleanup: pipeline_execution (57/100)...
Proactive Stale CAS cleanup: policy (59/100)...
Proactive Stale CAS cleanup: process_hygiene_rule (61/100)...
Proactive Stale CAS cleanup: priority_plan (60/100)...
Proactive Stale CAS cleanup: provider_profile (63/100)...
Proactive Stale CAS cleanup: prompt_template (62/100)...
Proactive Stale CAS cleanup: qa_success (64/100)...
Proactive Stale CAS cleanup: question (65/100)...
Proactive Stale CAS cleanup: remote_kernel (67/100)...
Proactive Stale CAS cleanup: release (66/100)...
Proactive Stale CAS cleanup: requirement (68/100)...
Proactive Stale CAS cleanup: resolver (69/100)...
Proactive Stale CAS cleanup: risk_blocker (70/100)...
Proactive Stale CAS cleanup: roadmap (71/100)...
Proactive Stale CAS cleanup: role (72/100)...
Proactive Stale CAS cleanup: rollback_report (73/100)...
Proactive Stale CAS cleanup: sampler_profile (75/100)...
Proactive Stale CAS cleanup: rule (74/100)...
Proactive Stale CAS cleanup: scalar_metric_sampler (76/100)...
Proactive Stale CAS cleanup: scenario (77/100)...
Proactive Stale CAS cleanup: scheduler_handler_binding (78/100)...
Proactive Stale CAS cleanup: shockwave_router (79/100)...
Proactive Stale CAS cleanup: status_history_metric_sampler (81/100)...
Proactive Stale CAS cleanup: stakeholder_profile (80/100)...
Proactive Stale CAS cleanup: strategic_context (82/100)...
Proactive Stale CAS cleanup: strategic_plan (83/100)...
Proactive Stale CAS cleanup: team (84/100)...
Proactive Stale CAS cleanup: team_configuration (85/100)...
Proactive Stale CAS cleanup: technical_debt (86/100)...
Proactive Stale CAS cleanup: technical_spec (87/100)...
Proactive Stale CAS cleanup: template (88/100)...
Proactive Stale CAS cleanup: test_case (89/100)...
Proactive Stale CAS cleanup: translation_manifest (91/100)...
Proactive Stale CAS cleanup: test_command_rule (90/100)...
Proactive Stale CAS cleanup: validation_rule (92/100)...
Proactive Stale CAS cleanup: vision (93/100)...
Proactive Stale CAS cleanup: vitality_report (95/100)...
Proactive Stale CAS cleanup: visual_plan (94/100)...
Proactive Stale CAS cleanup: vocabulary_scheme (96/100)...
Proactive Stale CAS cleanup: watchdog_registration (97/100)...
Proactive Stale CAS cleanup: workflow (98/100)...
Proactive Stale CAS cleanup: workstream (99/100)...
Proactive Stale CAS cleanup: workstream_transition (100/100)...
Loaders starting...
Loaders ready.
Loading object ID cache...
Warming CAS indexes...
Merging CAS indexes for 46 kinds...
CAS indexes warmed
Cache ready, starting validator...
Discovery starting...
Starting discovery across 100 kinds...
Validating 8925 objects (from docs/process/ via object ID cache)...
Progress: [==================================================] 100.0% (8925/8925, queue: 0) 6.5k/s (completed) - 1s

Validation completed: 8925/8925 objects (8925 succeeded, 0 failed)

--- run 2026-09-05T02:55:00Z ---
System check starting...
Preparing loaders and cache...
Proactive Stale CAS cleanup starting...
Proactive Stale CAS cleanup: cleaning 100 kinds (timeout 2m0s)...
Proactive Stale CAS cleanup: account (1/100)...
Proactive Stale CAS cleanup: agent_architecture (2/100)...
Proactive Stale CAS cleanup: agent_feed (3/100)...
Proactive Stale CAS cleanup: agent_onboarding_preparation (4/100)...
Proactive Stale CAS cleanup: agent_skill (5/100)...
Proactive Stale CAS cleanup: agent_task (6/100)...
Proactive Stale CAS cleanup: api_spec (7/100)...
Proactive Stale CAS cleanup: auth_strategy (8/100)...
Proactive Stale CAS cleanup: backlog_item (9/100)...
Proactive Stale CAS cleanup: base_sampler (10/100)...
Proactive Stale CAS cleanup: brand (11/100)...
Proactive Stale CAS cleanup: capacity_advertisement (14/100)...
Proactive Stale CAS cleanup: bucketing_strategy (12/100)...
Proactive Stale CAS cleanup: capability (13/100)...
Proactive Stale CAS cleanup: certificate (15/100)...
Proactive Stale CAS cleanup: command_spec (16/100)...
Proactive Stale CAS cleanup: compute_advertisement (18/100)...
Proactive Stale CAS cleanup: component (17/100)...
Proactive Stale CAS cleanup: context_refresh_schedule (19/100)...
Proactive Stale CAS cleanup: convergence_session (20/100)...
Proactive Stale CAS cleanup: corporate_initiative (21/100)...
Proactive Stale CAS cleanup: criteria (22/100)...
Proactive Stale CAS cleanup: decision (23/100)...
Proactive Stale CAS cleanup: digital_asset (25/100)...
Proactive Stale CAS cleanup: department (24/100)...
Proactive Stale CAS cleanup: division (26/100)...
Proactive Stale CAS cleanup: doc_entry (27/100)...
Proactive Stale CAS cleanup: domain_registry (28/100)...
Proactive Stale CAS cleanup: field_registry (30/100)...
Proactive Stale CAS cleanup: evolution_management (29/100)...
Proactive Stale CAS cleanup: fission_event (31/100)...
Proactive Stale CAS cleanup: glossary_term (32/100)...
Proactive Stale CAS cleanup: glossary_term_relation (33/100)...
Proactive Stale CAS cleanup: goal (34/100)...
Proactive Stale CAS cleanup: import_tracking (35/100)...
Proactive Stale CAS cleanup: inference_heuristic (37/100)...
Proactive Stale CAS cleanup: important_date (36/100)...
Proactive Stale CAS cleanup: keystore_entry (38/100)...
Proactive Stale CAS cleanup: kind_synonym (39/100)...
Proactive Stale CAS cleanup: list_metric_sampler (41/100)...
Proactive Stale CAS cleanup: library (40/100)...
Proactive Stale CAS cleanup: mcp_spec (42/100)...
Proactive Stale CAS cleanup: metrics_feedback (44/100)...
Proactive Stale CAS cleanup: metadata_package (43/100)...
Proactive Stale CAS cleanup: milestone (45/100)...
Proactive Stale CAS cleanup: mission (46/100)...
Proactive Stale CAS cleanup: namespace (47/100)...
Proactive Stale CAS cleanup: namespace_registry (48/100)...
Proactive Stale CAS cleanup: ordered_list_metric_sampler (50/100)...
Proactive Stale CAS cleanup: object_spec (49/100)...
Proactive Stale CAS cleanup: organization (51/100)...
Proactive Stale CAS cleanup: organizational_change (52/100)...
Proactive Stale CAS cleanup: partnership (53/100)...
Proactive Stale CAS cleanup: persona (54/100)...
Proactive Stale CAS cleanup: pipeline (55/100)...
Proactive Stale CAS cleanup: pipeline_definition (56/100)...
Proactive Stale CAS cleanup: pipeline_stage (58/100)...
Proactive Stale CAS cleanup: pipeline_execution (57/100)...
Proactive Stale CAS cleanup: policy (59/100)...
Proactive Stale CAS cleanup: process_hygiene_rule (61/100)...
Proactive Stale CAS cleanup: priority_plan (60/100)...
Proactive Stale CAS cleanup: provider_profile (63/100)...
Proactive Stale CAS cleanup: prompt_template (62/100)...
Proactive Stale CAS cleanup: qa_success (64/100)...
Proactive Stale CAS cleanup: question (65/100)...
Proactive Stale CAS cleanup: remote_kernel (67/100)...
Proactive Stale CAS cleanup: release (66/100)...
Proactive Stale CAS cleanup: requirement (68/100)...
Proactive Stale CAS cleanup: resolver (69/100)...
Proactive Stale CAS cleanup: risk_blocker (70/100)...
Proactive Stale CAS cleanup: roadmap (71/100)...
Proactive Stale CAS cleanup: role (72/100)...
Proactive Stale CAS cleanup: rollback_report (73/100)...
Proactive Stale CAS cleanup: scalar_metric_sampler (76/100)...
Proactive Stale CAS cleanup: sampler_profile (75/100)...
Proactive Stale CAS cleanup: rule (74/100)...
Proactive Stale CAS cleanup: scenario (77/100)...
Proactive Stale CAS cleanup: scheduler_handler_binding (78/100)...
Proactive Stale CAS cleanup: shockwave_router (79/100)...
Proactive Stale CAS cleanup: status_history_metric_sampler (81/100)...
Proactive Stale CAS cleanup: stakeholder_profile (80/100)...
Proactive Stale CAS cleanup: strategic_context (82/100)...
Proactive Stale CAS cleanup: strategic_plan (83/100)...
Proactive Stale CAS cleanup: team (84/100)...
Proactive Stale CAS cleanup: team_configuration (85/100)...
Proactive Stale CAS cleanup: technical_debt (86/100)...
Proactive Stale CAS cleanup: technical_spec (87/100)...
Proactive Stale CAS cleanup: template (88/100)...
Proactive Stale CAS cleanup: test_case (89/100)...
Proactive Stale CAS cleanup: translation_manifest (91/100)...
Proactive Stale CAS cleanup: test_command_rule (90/100)...
Proactive Stale CAS cleanup: validation_rule (92/100)...
Proactive Stale CAS cleanup: vitality_report (95/100)...
Proactive Stale CAS cleanup: vision (93/100)...
Proactive Stale CAS cleanup: visual_plan (94/100)...
Proactive Stale CAS cleanup: vocabulary_scheme (96/100)...
Proactive Stale CAS cleanup: watchdog_registration (97/100)...
Proactive Stale CAS cleanup: workflow (98/100)...
Proactive Stale CAS cleanup: workstream (99/100)...
Proactive Stale CAS cleanup: workstream_transition (100/100)...
Loaders starting...
Loaders ready.
Loading object ID cache...
Warming CAS indexes...
Merging CAS indexes for 46 kinds...
CAS indexes warmed
Cache ready, starting validator...
Discovery starting...
Starting discovery across 100 kinds...
Validating 8925 objects (from docs/process/ via object ID cache)...
Progress: [=======                                           ] 14.1% (1254/8925, queue: 7643) 1.2k/s (validating, workers: 16, goroutines: 29) - 1s
Progress: [==============                                    ] 28.5% (2546/8925, queue: 6363) 1.3k/s (validating, workers: 16, goroutines: 17) - 2s
Progress: [====================                              ] 40.5% (3612/8925, queue: 5281) 1.2k/s (validating, workers: 16, goroutines: 33) - 3s
Progress: [=========================                         ] 51.1% (4560/8925, queue: 4336) 1.1k/s (validating, workers: 16, goroutines: 27) - 4s
Progress: [==================================                ] 69.3% (6187/8925, queue: 2714) 1.2k/s (validating, workers: 16, goroutines: 25) - 5s
Progress: [==============================================    ] 92.6% (8267/8925, queue: 639) 1.4k/s (validating, workers: 16, goroutines: 17) - 6s
Progress: [================================================= ] 99.9% (8916/8925, queue: 0) 1.3k/s (draining in-flight, workers: 16) - 7s
Progress: [==================================================] 100.0% (8925/8925, queue: 0) 1.1k/s (completed) - 8s

Validation completed: 8925/8925 objects (8925 succeeded, 0 failed)

--- run 2026-09-05T03:00:05Z ---
System check starting...
Preparing loaders and cache...
Proactive Stale CAS cleanup starting...
Proactive Stale CAS cleanup: cleaning 100 kinds (timeout 2m0s)...
Proactive Stale CAS cleanup: account (1/100)...
Proactive Stale CAS cleanup: agent_architecture (2/100)...
Proactive Stale CAS cleanup: agent_feed (3/100)...
Proactive Stale CAS cleanup: agent_onboarding_preparation (4/100)...
Proactive Stale CAS cleanup: agent_skill (5/100)...
Proactive Stale CAS cleanup: agent_task (6/100)...
Proactive Stale CAS cleanup: api_spec (7/100)...
Proactive Stale CAS cleanup: auth_strategy (8/100)...
Proactive Stale CAS cleanup: base_sampler (10/100)...
Proactive Stale CAS cleanup: backlog_item (9/100)...
Proactive Stale CAS cleanup: brand (11/100)...
Proactive Stale CAS cleanup: bucketing_strategy (12/100)...
Proactive Stale CAS cleanup: capacity_advertisement (14/100)...
Proactive Stale CAS cleanup: capability (13/100)...
Proactive Stale CAS cleanup: command_spec (16/100)...
Proactive Stale CAS cleanup: certificate (15/100)...
Proactive Stale CAS cleanup: compute_advertisement (18/100)...
Proactive Stale CAS cleanup: component (17/100)...
Proactive Stale CAS cleanup: context_refresh_schedule (19/100)...
Proactive Stale CAS cleanup: convergence_session (20/100)...
Proactive Stale CAS cleanup: corporate_initiative (21/100)...
Proactive Stale CAS cleanup: criteria (22/100)...
Proactive Stale CAS cleanup: decision (23/100)...
Proactive Stale CAS cleanup: department (24/100)...
Proactive Stale CAS cleanup: digital_asset (25/100)...
Proactive Stale CAS cleanup: division (26/100)...
Proactive Stale CAS cleanup: doc_entry (27/100)...
Proactive Stale CAS cleanup: domain_registry (28/100)...
Proactive Stale CAS cleanup: evolution_management (29/100)...
Proactive Stale CAS cleanup: fission_event (31/100)...
Proactive Stale CAS cleanup: field_registry (30/100)...
Proactive Stale CAS cleanup: glossary_term (32/100)...
Proactive Stale CAS cleanup: glossary_term_relation (33/100)...
Proactive Stale CAS cleanup: goal (34/100)...
Proactive Stale CAS cleanup: import_tracking (35/100)...
Proactive Stale CAS cleanup: important_date (36/100)...
Proactive Stale CAS cleanup: inference_heuristic (37/100)...
Proactive Stale CAS cleanup: keystore_entry (38/100)...
Proactive Stale CAS cleanup: kind_synonym (39/100)...
Proactive Stale CAS cleanup: library (40/100)...
Proactive Stale CAS cleanup: list_metric_sampler (41/100)...
Proactive Stale CAS cleanup: mcp_spec (42/100)...
Proactive Stale CAS cleanup: metrics_feedback (44/100)...
Proactive Stale CAS cleanup: metadata_package (43/100)...
Proactive Stale CAS cleanup: milestone (45/100)...
Proactive Stale CAS cleanup: mission (46/100)...
Proactive Stale CAS cleanup: namespace (47/100)...
Proactive Stale CAS cleanup: namespace_registry (48/100)...
Proactive Stale CAS cleanup: ordered_list_metric_sampler (50/100)...
Proactive Stale CAS cleanup: object_spec (49/100)...
Proactive Stale CAS cleanup: organization (51/100)...
Proactive Stale CAS cleanup: organizational_change (52/100)...
Proactive Stale CAS cleanup: partnership (53/100)...
Proactive Stale CAS cleanup: persona (54/100)...
Proactive Stale CAS cleanup: pipeline (55/100)...
Proactive Stale CAS cleanup: pipeline_definition (56/100)...
Proactive Stale CAS cleanup: pipeline_stage (58/100)...
Proactive Stale CAS cleanup: pipeline_execution (57/100)...
Proactive Stale CAS cleanup: policy (59/100)...
Proactive Stale CAS cleanup: priority_plan (60/100)...
Proactive Stale CAS cleanup: process_hygiene_rule (61/100)...
Proactive Stale CAS cleanup: provider_profile (63/100)...
Proactive Stale CAS cleanup: prompt_template (62/100)...
Proactive Stale CAS cleanup: qa_success (64/100)...
Proactive Stale CAS cleanup: question (65/100)...
Proactive Stale CAS cleanup: remote_kernel (67/100)...
Proactive Stale CAS cleanup: release (66/100)...
Proactive Stale CAS cleanup: requirement (68/100)...
Proactive Stale CAS cleanup: resolver (69/100)...
Proactive Stale CAS cleanup: risk_blocker (70/100)...
Proactive Stale CAS cleanup: roadmap (71/100)...
Proactive Stale CAS cleanup: role (72/100)...
Proactive Stale CAS cleanup: rollback_report (73/100)...
Proactive Stale CAS cleanup: scalar_metric_sampler (76/100)...
Proactive Stale CAS cleanup: rule (74/100)...
Proactive Stale CAS cleanup: sampler_profile (75/100)...
Proactive Stale CAS cleanup: scenario (77/100)...
Proactive Stale CAS cleanup: scheduler_handler_binding (78/100)...
Proactive Stale CAS cleanup: shockwave_router (79/100)...
Proactive Stale CAS cleanup: status_history_metric_sampler (81/100)...
Proactive Stale CAS cleanup: stakeholder_profile (80/100)...
Proactive Stale CAS cleanup: strategic_context (82/100)...
Proactive Stale CAS cleanup: strategic_plan (83/100)...
Proactive Stale CAS cleanup: team (84/100)...
Proactive Stale CAS cleanup: team_configuration (85/100)...
Proactive Stale CAS cleanup: technical_debt (86/100)...
Proactive Stale CAS cleanup: technical_spec (87/100)...
Proactive Stale CAS cleanup: template (88/100)...
Proactive Stale CAS cleanup: test_case (89/100)...
Proactive Stale CAS cleanup: translation_manifest (91/100)...
Proactive Stale CAS cleanup: test_command_rule (90/100)...
Proactive Stale CAS cleanup: validation_rule (92/100)...
Proactive Stale CAS cleanup: vitality_report (95/100)...
Proactive Stale CAS cleanup: visual_plan (94/100)...
Proactive Stale CAS cleanup: vision (93/100)...
Proactive Stale CAS cleanup: vocabulary_scheme (96/100)...
Proactive Stale CAS cleanup: watchdog_registration (97/100)...
Proactive Stale CAS cleanup: workflow (98/100)...
Proactive Stale CAS cleanup: workstream (99/100)...
Proactive Stale CAS cleanup: workstream_transition (100/100)...
Loaders starting...
Loading object ID cache...
Loaders ready.
Warming CAS indexes...
Merging CAS indexes for 46 kinds...
CAS indexes warmed
Cache ready, starting validator...
Discovery starting...
Starting discovery across 100 kinds...
Validating 8953 objects (from docs/process/ via object ID cache)...
Progress: [=======                                           ] 15.3% (1368/8953, queue: 7553) 1.3k/s (validating, workers: 16, goroutines: 31) - 1s
Progress: [=================                                 ] 34.4% (3078/8953, queue: 5847) 1.5k/s (validating, workers: 16, goroutines: 29) - 2s
Progress: [===========================                       ] 56.0% (5010/8953, queue: 3914) 1.7k/s (validating, workers: 16, goroutines: 30) - 3s
Progress: [===================================               ] 71.8% (6426/8953, queue: 2511) 1.6k/s (validating, workers: 16, goroutines: 17) - 4s
Progress: [======================================            ] 77.7% (6959/8953, queue: 1978) 1.4k/s (validating, workers: 16, goroutines: 17) - 5s
Progress: [==========================================        ] 84.2% (7537/8953, queue: 1391) 1.3k/s (validating, workers: 16, goroutines: 27) - 6s
Progress: [==========================================        ] 85.5% (7655/8953, queue: 1269) 1.1k/s (validating, workers: 16, goroutines: 31) - 7s
Progress: [==============================================    ] 92.9% (8318/8953, queue: 619) 1.0k/s (validating, workers: 16, goroutines: 17) - 8s
Progress: [===============================================   ] 95.8% (8576/8953, queue: 361) 952/s (validating, workers: 16, goroutines: 17) - 9s
Progress: [================================================= ] 99.7% (8924/8953, queue: 0) 928/s (draining in-flight, workers: 16) - 10s
Progress: [================================================= ] 99.7% (8929/8953, queue: 0) 927/s (draining in-flight, workers: 16) - 10s
Progress: [==================================================] 100.0% (8953/8953, queue: 0) 799/s (completed) - 11s

Validation completed: 8953/8953 objects (8953 succeeded, 0 failed)

--- run 2026-09-05T03:05:00Z ---
System check starting...
Preparing loaders and cache...
Proactive Stale CAS cleanup starting...
Proactive Stale CAS cleanup: cleaning 100 kinds (timeout 2m0s)...
Proactive Stale CAS cleanup: account (1/100)...
Proactive Stale CAS cleanup: agent_architecture (2/100)...
Proactive Stale CAS cleanup: agent_feed (3/100)...
Proactive Stale CAS cleanup: agent_onboarding_preparation (4/100)...
Proactive Stale CAS cleanup: agent_skill (5/100)...
Proactive Stale CAS cleanup: agent_task (6/100)...
Proactive Stale CAS cleanup: api_spec (7/100)...
Proactive Stale CAS cleanup: auth_strategy (8/100)...
Proactive Stale CAS cleanup: base_sampler (10/100)...
Proactive Stale CAS cleanup: backlog_item (9/100)...
Proactive Stale CAS cleanup: brand (11/100)...
Proactive Stale CAS cleanup: capacity_advertisement (14/100)...
Proactive Stale CAS cleanup: bucketing_strategy (12/100)...
Proactive Stale CAS cleanup: capability (13/100)...
Proactive Stale CAS cleanup: command_spec (16/100)...
Proactive Stale CAS cleanup: certificate (15/100)...
Proactive Stale CAS cleanup: compute_advertisement (18/100)...
Proactive Stale CAS cleanup: component (17/100)...
Proactive Stale CAS cleanup: context_refresh_schedule (19/100)...
Proactive Stale CAS cleanup: convergence_session (20/100)...
Proactive Stale CAS cleanup: corporate_initiative (21/100)...
Proactive Stale CAS cleanup: criteria (22/100)...
Proactive Stale CAS cleanup: decision (23/100)...
Proactive Stale CAS cleanup: department (24/100)...
Proactive Stale CAS cleanup: digital_asset (25/100)...
Proactive Stale CAS cleanup: division (26/100)...
Proactive Stale CAS cleanup: doc_entry (27/100)...
Proactive Stale CAS cleanup: domain_registry (28/100)...
Proactive Stale CAS cleanup: fission_event (31/100)...
Proactive Stale CAS cleanup: evolution_management (29/100)...
Proactive Stale CAS cleanup: field_registry (30/100)...
Proactive Stale CAS cleanup: glossary_term (32/100)...
Proactive Stale CAS cleanup: glossary_term_relation (33/100)...
Proactive Stale CAS cleanup: goal (34/100)...
Proactive Stale CAS cleanup: import_tracking (35/100)...
Proactive Stale CAS cleanup: inference_heuristic (37/100)...
Proactive Stale CAS cleanup: important_date (36/100)...
Proactive Stale CAS cleanup: keystore_entry (38/100)...
Proactive Stale CAS cleanup: kind_synonym (39/100)...
Proactive Stale CAS cleanup: list_metric_sampler (41/100)...
Proactive Stale CAS cleanup: library (40/100)...
Proactive Stale CAS cleanup: mcp_spec (42/100)...
Proactive Stale CAS cleanup: metrics_feedback (44/100)...
Proactive Stale CAS cleanup: metadata_package (43/100)...
Proactive Stale CAS cleanup: milestone (45/100)...
Proactive Stale CAS cleanup: mission (46/100)...
Proactive Stale CAS cleanup: namespace (47/100)...
Proactive Stale CAS cleanup: namespace_registry (48/100)...
Proactive Stale CAS cleanup: ordered_list_metric_sampler (50/100)...
Proactive Stale CAS cleanup: object_spec (49/100)...
Proactive Stale CAS cleanup: organization (51/100)...
Proactive Stale CAS cleanup: organizational_change (52/100)...
Proactive Stale CAS cleanup: partnership (53/100)...
Proactive Stale CAS cleanup: persona (54/100)...
Proactive Stale CAS cleanup: pipeline (55/100)...
Proactive Stale CAS cleanup: pipeline_definition (56/100)...
Proactive Stale CAS cleanup: pipeline_stage (58/100)...
Proactive Stale CAS cleanup: pipeline_execution (57/100)...
Proactive Stale CAS cleanup: policy (59/100)...
Proactive Stale CAS cleanup: process_hygiene_rule (61/100)...
Proactive Stale CAS cleanup: priority_plan (60/100)...
Proactive Stale CAS cleanup: provider_profile (63/100)...
Proactive Stale CAS cleanup: prompt_template (62/100)...
Proactive Stale CAS cleanup: qa_success (64/100)...
Proactive Stale CAS cleanup: question (65/100)...
Proactive Stale CAS cleanup: remote_kernel (67/100)...
Proactive Stale CAS cleanup: release (66/100)...
Proactive Stale CAS cleanup: requirement (68/100)...
Proactive Stale CAS cleanup: resolver (69/100)...
Proactive Stale CAS cleanup: risk_blocker (70/100)...
Proactive Stale CAS cleanup: roadmap (71/100)...
Proactive Stale CAS cleanup: role (72/100)...
Proactive Stale CAS cleanup: rollback_report (73/100)...
Proactive Stale CAS cleanup: sampler_profile (75/100)...
Proactive Stale CAS cleanup: rule (74/100)...
Proactive Stale CAS cleanup: scalar_metric_sampler (76/100)...
Proactive Stale CAS cleanup: scenario (77/100)...
Proactive Stale CAS cleanup: scheduler_handler_binding (78/100)...
Proactive Stale CAS cleanup: shockwave_router (79/100)...
Proactive Stale CAS cleanup: status_history_metric_sampler (81/100)...
Proactive Stale CAS cleanup: stakeholder_profile (80/100)...
Proactive Stale CAS cleanup: strategic_context (82/100)...
Proactive Stale CAS cleanup: strategic_plan (83/100)...
Proactive Stale CAS cleanup: team (84/100)...
Proactive Stale CAS cleanup: team_configuration (85/100)...
Proactive Stale CAS cleanup: technical_debt (86/100)...
Proactive Stale CAS cleanup: technical_spec (87/100)...
Proactive Stale CAS cleanup: template (88/100)...
Proactive Stale CAS cleanup: test_case (89/100)...
Proactive Stale CAS cleanup: translation_manifest (91/100)...
Proactive Stale CAS cleanup: test_command_rule (90/100)...
Proactive Stale CAS cleanup: validation_rule (92/100)...
Proactive Stale CAS cleanup: vitality_report (95/100)...
Proactive Stale CAS cleanup: vision (93/100)...
Proactive Stale CAS cleanup: visual_plan (94/100)...
Proactive Stale CAS cleanup: vocabulary_scheme (96/100)...
Proactive Stale CAS cleanup: watchdog_registration (97/100)...
Proactive Stale CAS cleanup: workflow (98/100)...
Proactive Stale CAS cleanup: workstream (99/100)...
Proactive Stale CAS cleanup: workstream_transition (100/100)...
Loaders starting...
Loaders ready.
Loading object ID cache...
Warming CAS indexes...
Merging CAS indexes for 46 kinds...
CAS indexes warmed
Cache ready, starting validator...
Discovery starting...
Starting discovery across 100 kinds...
Validating 8953 objects (from docs/process/ via object ID cache)...
Progress: [=======                                           ] 15.9% (1427/8953, queue: 7506) 1.4k/s (validating, workers: 16, goroutines: 21) - 1s
Progress: [==================                                ] 36.4% (3260/8953, queue: 5665) 1.6k/s (validating, workers: 16, goroutines: 29) - 2s
Progress: [=======================                           ] 47.3% (4236/8953, queue: 4696) 1.4k/s (validating, workers: 16, goroutines: 22) - 3s
Progress: [============================                      ] 57.4% (5143/8953, queue: 3793) 1.3k/s (validating, workers: 16, goroutines: 18) - 4s
Progress: [==================================                ] 69.3% (6206/8953, queue: 2715) 1.2k/s (validating, workers: 16, goroutines: 18) - 5s
Progress: [========================================          ] 80.1% (7171/8953, queue: 1754) 1.2k/s (validating, workers: 16, goroutines: 28) - 6s
Progress: [================================================= ] 98.2% (8796/8953, queue: 141) 1.3k/s (validating, workers: 16, goroutines: 17) - 7s
Progress: [================================================= ] 99.8% (8934/8953, queue: 0) 1.3k/s (draining in-flight, workers: 16) - 7s
Progress: [==================================================] 100.0% (8953/8953, queue: 0) 975/s (completed) - 9s

Validation completed: 8953/8953 objects (8953 succeeded, 0 failed)

--- run 2026-09-05T03:10:00Z ---
System check starting...
Preparing loaders and cache...
Proactive Stale CAS cleanup starting...
Proactive Stale CAS cleanup: cleaning 100 kinds (timeout 2m0s)...
Proactive Stale CAS cleanup: account (1/100)...
Proactive Stale CAS cleanup: agent_architecture (2/100)...
Proactive Stale CAS cleanup: agent_feed (3/100)...
Proactive Stale CAS cleanup: agent_onboarding_preparation (4/100)...
Proactive Stale CAS cleanup: agent_skill (5/100)...
Proactive Stale CAS cleanup: agent_task (6/100)...
Proactive Stale CAS cleanup: api_spec (7/100)...
Proactive Stale CAS cleanup: auth_strategy (8/100)...
Proactive Stale CAS cleanup: backlog_item (9/100)...
Proactive Stale CAS cleanup: base_sampler (10/100)...
Proactive Stale CAS cleanup: brand (11/100)...
Proactive Stale CAS cleanup: bucketing_strategy (12/100)...
Proactive Stale CAS cleanup: capability (13/100)...
Proactive Stale CAS cleanup: capacity_advertisement (14/100)...
Proactive Stale CAS cleanup: command_spec (16/100)...
Proactive Stale CAS cleanup: certificate (15/100)...
Proactive Stale CAS cleanup: compute_advertisement (18/100)...
Proactive Stale CAS cleanup: component (17/100)...
Proactive Stale CAS cleanup: context_refresh_schedule (19/100)...
Proactive Stale CAS cleanup: convergence_session (20/100)...
Proactive Stale CAS cleanup: corporate_initiative (21/100)...
Proactive Stale CAS cleanup: criteria (22/100)...
Proactive Stale CAS cleanup: decision (23/100)...
Proactive Stale CAS cleanup: digital_asset (25/100)...
Proactive Stale CAS cleanup: department (24/100)...
Proactive Stale CAS cleanup: division (26/100)...
Proactive Stale CAS cleanup: doc_entry (27/100)...
Proactive Stale CAS cleanup: domain_registry (28/100)...
Proactive Stale CAS cleanup: fission_event (31/100)...
Proactive Stale CAS cleanup: evolution_management (29/100)...
Proactive Stale CAS cleanup: field_registry (30/100)...
Proactive Stale CAS cleanup: glossary_term (32/100)...
Proactive Stale CAS cleanup: glossary_term_relation (33/100)...
Proactive Stale CAS cleanup: goal (34/100)...
Proactive Stale CAS cleanup: import_tracking (35/100)...
Proactive Stale CAS cleanup: inference_heuristic (37/100)...
Proactive Stale CAS cleanup: important_date (36/100)...
Proactive Stale CAS cleanup: keystore_entry (38/100)...
Proactive Stale CAS cleanup: kind_synonym (39/100)...
Proactive Stale CAS cleanup: list_metric_sampler (41/100)...
Proactive Stale CAS cleanup: library (40/100)...
Proactive Stale CAS cleanup: mcp_spec (42/100)...
Proactive Stale CAS cleanup: metrics_feedback (44/100)...
Proactive Stale CAS cleanup: metadata_package (43/100)...
Proactive Stale CAS cleanup: milestone (45/100)...
Proactive Stale CAS cleanup: mission (46/100)...
Proactive Stale CAS cleanup: namespace (47/100)...
Proactive Stale CAS cleanup: namespace_registry (48/100)...
Proactive Stale CAS cleanup: object_spec (49/100)...
Proactive Stale CAS cleanup: ordered_list_metric_sampler (50/100)...
Proactive Stale CAS cleanup: organization (51/100)...
Proactive Stale CAS cleanup: organizational_change (52/100)...
Proactive Stale CAS cleanup: partnership (53/100)...
Proactive Stale CAS cleanup: persona (54/100)...
Proactive Stale CAS cleanup: pipeline (55/100)...
Proactive Stale CAS cleanup: pipeline_definition (56/100)...
Proactive Stale CAS cleanup: pipeline_stage (58/100)...
Proactive Stale CAS cleanup: pipeline_execution (57/100)...
Proactive Stale CAS cleanup: policy (59/100)...
Proactive Stale CAS cleanup: process_hygiene_rule (61/100)...
Proactive Stale CAS cleanup: priority_plan (60/100)...
Proactive Stale CAS cleanup: provider_profile (63/100)...
Proactive Stale CAS cleanup: prompt_template (62/100)...
Proactive Stale CAS cleanup: qa_success (64/100)...
Proactive Stale CAS cleanup: question (65/100)...
Proactive Stale CAS cleanup: remote_kernel (67/100)...
Proactive Stale CAS cleanup: release (66/100)...
Proactive Stale CAS cleanup: requirement (68/100)...
Proactive Stale CAS cleanup: resolver (69/100)...
Proactive Stale CAS cleanup: risk_blocker (70/100)...
Proactive Stale CAS cleanup: roadmap (71/100)...
Proactive Stale CAS cleanup: role (72/100)...
Proactive Stale CAS cleanup: rollback_report (73/100)...
Proactive Stale CAS cleanup: scalar_metric_sampler (76/100)...
Proactive Stale CAS cleanup: sampler_profile (75/100)...
Proactive Stale CAS cleanup: rule (74/100)...
Proactive Stale CAS cleanup: scenario (77/100)...
Proactive Stale CAS cleanup: scheduler_handler_binding (78/100)...
Proactive Stale CAS cleanup: shockwave_router (79/100)...
Proactive Stale CAS cleanup: status_history_metric_sampler (81/100)...
Proactive Stale CAS cleanup: stakeholder_profile (80/100)...
Proactive Stale CAS cleanup: strategic_context (82/100)...
Proactive Stale CAS cleanup: strategic_plan (83/100)...
Proactive Stale CAS cleanup: team (84/100)...
Proactive Stale CAS cleanup: team_configuration (85/100)...
Proactive Stale CAS cleanup: technical_debt (86/100)...
Proactive Stale CAS cleanup: technical_spec (87/100)...
Proactive Stale CAS cleanup: template (88/100)...
Proactive Stale CAS cleanup: test_case (89/100)...
Proactive Stale CAS cleanup: translation_manifest (91/100)...
Proactive Stale CAS cleanup: test_command_rule (90/100)...
Proactive Stale CAS cleanup: validation_rule (92/100)...
Proactive Stale CAS cleanup: vitality_report (95/100)...
Proactive Stale CAS cleanup: visual_plan (94/100)...
Proactive Stale CAS cleanup: vision (93/100)...
Proactive Stale CAS cleanup: vocabulary_scheme (96/100)...
Proactive Stale CAS cleanup: watchdog_registration (97/100)...
Proactive Stale CAS cleanup: workflow (98/100)...
Proactive Stale CAS cleanup: workstream (99/100)...
Proactive Stale CAS cleanup: workstream_transition (100/100)...
Loaders starting...
Loaders ready.
Loading object ID cache...
Warming CAS indexes...
Merging CAS indexes for 46 kinds...
CAS indexes warmed
Cache ready, starting validator...
Discovery starting...
Starting discovery across 100 kinds...
Validating 8953 objects (from docs/process/ via object ID cache)...
Progress: [===============                                   ] 30.2% (2706/8953, queue: 6217) 2.7k/s (validating, workers: 16, goroutines: 27) - 1s
Progress: [=============================                     ] 59.5% (5328/8953, queue: 3595) 2.7k/s (validating, workers: 16, goroutines: 27) - 2s
Progress: [==========================================        ] 85.1% (7618/8953, queue: 1303) 2.5k/s (validating, workers: 16, goroutines: 33) - 3s
Progress: [================================================= ] 98.9% (8854/8953, queue: 67) 2.2k/s (validating, workers: 16, goroutines: 33) - 4s
Progress: [================================================= ] 99.7% (8922/8953, queue: 0) 2.2k/s (draining in-flight, workers: 16) - 4s
Progress: [==================================================] 100.0% (8953/8953, queue: 0) 1.5k/s (completed) - 6s

Validation completed: 8953/8953 objects (8953 succeeded, 0 failed)

--- run 2026-09-05T03:15:00Z ---
System check starting...
Preparing loaders and cache...
Proactive Stale CAS cleanup starting...
Proactive Stale CAS cleanup: cleaning 100 kinds (timeout 2m0s)...
Proactive Stale CAS cleanup: account (1/100)...
Proactive Stale CAS cleanup: agent_architecture (2/100)...
Proactive Stale CAS cleanup: agent_feed (3/100)...
Proactive Stale CAS cleanup: agent_onboarding_preparation (4/100)...
Proactive Stale CAS cleanup: agent_skill (5/100)...
Proactive Stale CAS cleanup: agent_task (6/100)...
Proactive Stale CAS cleanup: api_spec (7/100)...
Proactive Stale CAS cleanup: auth_strategy (8/100)...
Proactive Stale CAS cleanup: backlog_item (9/100)...
Proactive Stale CAS cleanup: base_sampler (10/100)...
Proactive Stale CAS cleanup: brand (11/100)...
Proactive Stale CAS cleanup: capacity_advertisement (14/100)...
Proactive Stale CAS cleanup: capability (13/100)...
Proactive Stale CAS cleanup: bucketing_strategy (12/100)...
Proactive Stale CAS cleanup: command_spec (16/100)...
Proactive Stale CAS cleanup: certificate (15/100)...
Proactive Stale CAS cleanup: component (17/100)...
Proactive Stale CAS cleanup: compute_advertisement (18/100)...
Proactive Stale CAS cleanup: context_refresh_schedule (19/100)...
Proactive Stale CAS cleanup: convergence_session (20/100)...
Proactive Stale CAS cleanup: corporate_initiative (21/100)...
Proactive Stale CAS cleanup: criteria (22/100)...
Proactive Stale CAS cleanup: decision (23/100)...
Proactive Stale CAS cleanup: digital_asset (25/100)...
Proactive Stale CAS cleanup: department (24/100)...
Proactive Stale CAS cleanup: division (26/100)...
Proactive Stale CAS cleanup: doc_entry (27/100)...
Proactive Stale CAS cleanup: domain_registry (28/100)...
Proactive Stale CAS cleanup: evolution_management (29/100)...
Proactive Stale CAS cleanup: fission_event (31/100)...
Proactive Stale CAS cleanup: field_registry (30/100)...
Proactive Stale CAS cleanup: glossary_term (32/100)...
Proactive Stale CAS cleanup: glossary_term_relation (33/100)...
Proactive Stale CAS cleanup: goal (34/100)...
Proactive Stale CAS cleanup: import_tracking (35/100)...
Proactive Stale CAS cleanup: important_date (36/100)...
Proactive Stale CAS cleanup: inference_heuristic (37/100)...
Proactive Stale CAS cleanup: keystore_entry (38/100)...
Proactive Stale CAS cleanup: kind_synonym (39/100)...
Proactive Stale CAS cleanup: library (40/100)...
Proactive Stale CAS cleanup: list_metric_sampler (41/100)...
Proactive Stale CAS cleanup: mcp_spec (42/100)...
Proactive Stale CAS cleanup: metrics_feedback (44/100)...
Proactive Stale CAS cleanup: metadata_package (43/100)...
Proactive Stale CAS cleanup: milestone (45/100)...
Proactive Stale CAS cleanup: mission (46/100)...
Proactive Stale CAS cleanup: namespace (47/100)...
Proactive Stale CAS cleanup: namespace_registry (48/100)...
Proactive Stale CAS cleanup: ordered_list_metric_sampler (50/100)...
Proactive Stale CAS cleanup: object_spec (49/100)...
Proactive Stale CAS cleanup: organization (51/100)...
Proactive Stale CAS cleanup: organizational_change (52/100)...
Proactive Stale CAS cleanup: partnership (53/100)...
Proactive Stale CAS cleanup: persona (54/100)...
Proactive Stale CAS cleanup: pipeline (55/100)...
Proactive Stale CAS cleanup: pipeline_definition (56/100)...
Proactive Stale CAS cleanup: pipeline_stage (58/100)...
Proactive Stale CAS cleanup: pipeline_execution (57/100)...
Proactive Stale CAS cleanup: policy (59/100)...
Proactive Stale CAS cleanup: process_hygiene_rule (61/100)...
Proactive Stale CAS cleanup: priority_plan (60/100)...
Proactive Stale CAS cleanup: prompt_template (62/100)...
Proactive Stale CAS cleanup: provider_profile (63/100)...
Proactive Stale CAS cleanup: qa_success (64/100)...
Proactive Stale CAS cleanup: question (65/100)...
Proactive Stale CAS cleanup: release (66/100)...
Proactive Stale CAS cleanup: remote_kernel (67/100)...
Proactive Stale CAS cleanup: requirement (68/100)...
Proactive Stale CAS cleanup: resolver (69/100)...
Proactive Stale CAS cleanup: risk_blocker (70/100)...
Proactive Stale CAS cleanup: roadmap (71/100)...
Proactive Stale CAS cleanup: role (72/100)...
Proactive Stale CAS cleanup: rollback_report (73/100)...
Proactive Stale CAS cleanup: rule (74/100)...
Proactive Stale CAS cleanup: scalar_metric_sampler (76/100)...
Proactive Stale CAS cleanup: sampler_profile (75/100)...
Proactive Stale CAS cleanup: scenario (77/100)...
Proactive Stale CAS cleanup: scheduler_handler_binding (78/100)...
Proactive Stale CAS cleanup: shockwave_router (79/100)...
Proactive Stale CAS cleanup: status_history_metric_sampler (81/100)...
Proactive Stale CAS cleanup: stakeholder_profile (80/100)...
Proactive Stale CAS cleanup: strategic_context (82/100)...
Proactive Stale CAS cleanup: strategic_plan (83/100)...
Proactive Stale CAS cleanup: team (84/100)...
Proactive Stale CAS cleanup: team_configuration (85/100)...
Proactive Stale CAS cleanup: technical_debt (86/100)...
Proactive Stale CAS cleanup: technical_spec (87/100)...
Proactive Stale CAS cleanup: template (88/100)...
Proactive Stale CAS cleanup: test_case (89/100)...
Proactive Stale CAS cleanup: test_command_rule (90/100)...
Proactive Stale CAS cleanup: translation_manifest (91/100)...
Proactive Stale CAS cleanup: validation_rule (92/100)...
Proactive Stale CAS cleanup: vitality_report (95/100)...
Proactive Stale CAS cleanup: visual_plan (94/100)...
Proactive Stale CAS cleanup: vision (93/100)...
Proactive Stale CAS cleanup: vocabulary_scheme (96/100)...
Proactive Stale CAS cleanup: watchdog_registration (97/100)...
Proactive Stale CAS cleanup: workflow (98/100)...
Proactive Stale CAS cleanup: workstream (99/100)...
Proactive Stale CAS cleanup: workstream_transition (100/100)...
Loaders starting...
Loaders ready.
Loading object ID cache...
Warming CAS indexes...
Merging CAS indexes for 46 kinds...
CAS indexes warmed
Cache ready, starting validator...
Discovery starting...
Starting discovery across 100 kinds...
Validating 8925 objects (from docs/process/ via object ID cache)...
Progress: [======                                            ] 12.1% (1078/8925, queue: 7815) 1.1k/s (validating, workers: 16, goroutines: 33) - 1s
Progress: [=============                                     ] 27.2% (2430/8925, queue: 6479) 1.2k/s (validating, workers: 16, goroutines: 17) - 2s
Progress: [======================                            ] 45.9% (4100/8925, queue: 4809) 1.4k/s (validating, workers: 16, goroutines: 17) - 3s
Progress: [=================================                 ] 66.3% (5921/8925, queue: 2988) 1.5k/s (validating, workers: 16, goroutines: 17) - 4s
Progress: [=========================================         ] 82.8% (7393/8925, queue: 1500) 1.5k/s (validating, workers: 16, goroutines: 25) - 5s
Progress: [================================================= ] 98.7% (8810/8925, queue: 99) 1.5k/s (validating, workers: 16, goroutines: 17) - 6s
Progress: [================================================= ] 99.8% (8907/8925, queue: 0) 1.5k/s (draining in-flight, workers: 16) - 6s
Progress: [==================================================] 100.0% (8925/8925, queue: 0) 1.1k/s (completed) - 8s

Validation completed: 8925/8925 objects (8925 succeeded, 0 failed)

--- run 2026-09-05T03:20:02Z ---
System check starting...
Preparing loaders and cache...
Proactive Stale CAS cleanup starting...
Proactive Stale CAS cleanup: cleaning 100 kinds (timeout 2m0s)...
Proactive Stale CAS cleanup: account (1/100)...
Proactive Stale CAS cleanup: agent_architecture (2/100)...
Proactive Stale CAS cleanup: agent_feed (3/100)...
Proactive Stale CAS cleanup: agent_onboarding_preparation (4/100)...
Proactive Stale CAS cleanup: agent_skill (5/100)...
Proactive Stale CAS cleanup: agent_task (6/100)...
Proactive Stale CAS cleanup: api_spec (7/100)...
Proactive Stale CAS cleanup: auth_strategy (8/100)...
Proactive Stale CAS cleanup: base_sampler (10/100)...
Proactive Stale CAS cleanup: backlog_item (9/100)...
Proactive Stale CAS cleanup: brand (11/100)...
Proactive Stale CAS cleanup: bucketing_strategy (12/100)...
Proactive Stale CAS cleanup: capacity_advertisement (14/100)...
Proactive Stale CAS cleanup: capability (13/100)...
Proactive Stale CAS cleanup: command_spec (16/100)...
Proactive Stale CAS cleanup: certificate (15/100)...
Proactive Stale CAS cleanup: compute_advertisement (18/100)...
Proactive Stale CAS cleanup: component (17/100)...
Proactive Stale CAS cleanup: context_refresh_schedule (19/100)...
Proactive Stale CAS cleanup: convergence_session (20/100)...
Proactive Stale CAS cleanup: corporate_initiative (21/100)...
Proactive Stale CAS cleanup: criteria (22/100)...
Proactive Stale CAS cleanup: decision (23/100)...
Proactive Stale CAS cleanup: department (24/100)...
Proactive Stale CAS cleanup: digital_asset (25/100)...
Proactive Stale CAS cleanup: division (26/100)...
Proactive Stale CAS cleanup: doc_entry (27/100)...
Proactive Stale CAS cleanup: domain_registry (28/100)...
Proactive Stale CAS cleanup: evolution_management (29/100)...
Proactive Stale CAS cleanup: fission_event (31/100)...
Proactive Stale CAS cleanup: field_registry (30/100)...
Proactive Stale CAS cleanup: glossary_term (32/100)...
Proactive Stale CAS cleanup: glossary_term_relation (33/100)...
Proactive Stale CAS cleanup: goal (34/100)...
Proactive Stale CAS cleanup: import_tracking (35/100)...
Proactive Stale CAS cleanup: important_date (36/100)...
Proactive Stale CAS cleanup: inference_heuristic (37/100)...
Proactive Stale CAS cleanup: keystore_entry (38/100)...
Proactive Stale CAS cleanup: kind_synonym (39/100)...
Proactive Stale CAS cleanup: list_metric_sampler (41/100)...
Proactive Stale CAS cleanup: library (40/100)...
Proactive Stale CAS cleanup: mcp_spec (42/100)...
Proactive Stale CAS cleanup: metadata_package (43/100)...
Proactive Stale CAS cleanup: metrics_feedback (44/100)...
Proactive Stale CAS cleanup: milestone (45/100)...
Proactive Stale CAS cleanup: mission (46/100)...
Proactive Stale CAS cleanup: namespace (47/100)...
Proactive Stale CAS cleanup: namespace_registry (48/100)...
Proactive Stale CAS cleanup: object_spec (49/100)...
Proactive Stale CAS cleanup: ordered_list_metric_sampler (50/100)...
Proactive Stale CAS cleanup: organization (51/100)...
Proactive Stale CAS cleanup: organizational_change (52/100)...
Proactive Stale CAS cleanup: partnership (53/100)...
Proactive Stale CAS cleanup: persona (54/100)...
Proactive Stale CAS cleanup: pipeline (55/100)...
Proactive Stale CAS cleanup: pipeline_definition (56/100)...
Proactive Stale CAS cleanup: pipeline_stage (58/100)...
Proactive Stale CAS cleanup: pipeline_execution (57/100)...
Proactive Stale CAS cleanup: policy (59/100)...
Proactive Stale CAS cleanup: process_hygiene_rule (61/100)...
Proactive Stale CAS cleanup: priority_plan (60/100)...
Proactive Stale CAS cleanup: prompt_template (62/100)...
Proactive Stale CAS cleanup: provider_profile (63/100)...
Proactive Stale CAS cleanup: qa_success (64/100)...
Proactive Stale CAS cleanup: question (65/100)...
Proactive Stale CAS cleanup: release (66/100)...
Proactive Stale CAS cleanup: remote_kernel (67/100)...
Proactive Stale CAS cleanup: requirement (68/100)...
Proactive Stale CAS cleanup: resolver (69/100)...
Proactive Stale CAS cleanup: risk_blocker (70/100)...
Proactive Stale CAS cleanup: roadmap (71/100)...
Proactive Stale CAS cleanup: role (72/100)...
Proactive Stale CAS cleanup: rollback_report (73/100)...
Proactive Stale CAS cleanup: rule (74/100)...
Proactive Stale CAS cleanup: scalar_metric_sampler (76/100)...
Proactive Stale CAS cleanup: sampler_profile (75/100)...
Proactive Stale CAS cleanup: scenario (77/100)...
Proactive Stale CAS cleanup: scheduler_handler_binding (78/100)...
Proactive Stale CAS cleanup: shockwave_router (79/100)...
Proactive Stale CAS cleanup: stakeholder_profile (80/100)...
Proactive Stale CAS cleanup: status_history_metric_sampler (81/100)...
Proactive Stale CAS cleanup: strategic_context (82/100)...
Proactive Stale CAS cleanup: strategic_plan (83/100)...
Proactive Stale CAS cleanup: team (84/100)...
Proactive Stale CAS cleanup: team_configuration (85/100)...
Proactive Stale CAS cleanup: technical_debt (86/100)...
Proactive Stale CAS cleanup: technical_spec (87/100)...
Proactive Stale CAS cleanup: template (88/100)...
Proactive Stale CAS cleanup: test_case (89/100)...
Proactive Stale CAS cleanup: test_command_rule (90/100)...
Proactive Stale CAS cleanup: translation_manifest (91/100)...
Proactive Stale CAS cleanup: validation_rule (92/100)...
Proactive Stale CAS cleanup: visual_plan (94/100)...
Proactive Stale CAS cleanup: vision (93/100)...
Proactive Stale CAS cleanup: vitality_report (95/100)...
Proactive Stale CAS cleanup: vocabulary_scheme (96/100)...
Proactive Stale CAS cleanup: watchdog_registration (97/100)...
Proactive Stale CAS cleanup: workflow (98/100)...
Proactive Stale CAS cleanup: workstream (99/100)...
Proactive Stale CAS cleanup: workstream_transition (100/100)...
Loaders starting...
Loaders ready.
Loading object ID cache...
Warming CAS indexes...
Merging CAS indexes for 46 kinds...
CAS indexes warmed
Cache ready, starting validator...
Discovery starting...
Starting discovery across 100 kinds...
Validating 8958 objects (from docs/process/ via object ID cache)...
Progress: [=====                                             ] 11.3% (1016/8958, queue: 7910) 1.0k/s (validating, workers: 16, goroutines: 33) - 1s
Progress: [========                                          ] 16.3% (1456/8958, queue: 7470) 721/s (validating, workers: 16, goroutines: 29) - 2s
Progress: [===========                                       ] 22.1% (1984/8958, queue: 6958) 659/s (validating, workers: 16, goroutines: 17) - 3s
Progress: [=================                                 ] 34.3% (3069/8958, queue: 5873) 765/s (validating, workers: 16, goroutines: 17) - 4s
Progress: [===========================                       ] 54.0% (4840/8958, queue: 4092) 966/s (validating, workers: 16, goroutines: 27) - 5s
Progress: [====================================              ] 73.7% (6606/8958, queue: 2336) 1.1k/s (validating, workers: 16, goroutines: 17) - 6s
Progress: [================================================= ] 99.7% (8929/8958, queue: 0) 1.3k/s (draining in-flight, workers: 16) - 7s
Progress: [==================================================] 100.0% (8958/8958, queue: 0) 1.1k/s (completed) - 8s

Validation completed: 8958/8958 objects (8958 succeeded, 0 failed)

--- run 2026-09-05T03:25:00Z ---
System check starting...
Preparing loaders and cache...
Proactive Stale CAS cleanup starting...
Proactive Stale CAS cleanup: cleaning 100 kinds (timeout 2m0s)...
Proactive Stale CAS cleanup: account (1/100)...
Proactive Stale CAS cleanup: agent_architecture (2/100)...
Proactive Stale CAS cleanup: agent_feed (3/100)...
Proactive Stale CAS cleanup: agent_onboarding_preparation (4/100)...
Proactive Stale CAS cleanup: agent_skill (5/100)...
Proactive Stale CAS cleanup: agent_task (6/100)...
Proactive Stale CAS cleanup: api_spec (7/100)...
Proactive Stale CAS cleanup: auth_strategy (8/100)...
Proactive Stale CAS cleanup: backlog_item (9/100)...
Proactive Stale CAS cleanup: base_sampler (10/100)...
Proactive Stale CAS cleanup: brand (11/100)...
Proactive Stale CAS cleanup: capacity_advertisement (14/100)...
Proactive Stale CAS cleanup: bucketing_strategy (12/100)...
Proactive Stale CAS cleanup: capability (13/100)...
Proactive Stale CAS cleanup: certificate (15/100)...
Proactive Stale CAS cleanup: command_spec (16/100)...
Proactive Stale CAS cleanup: compute_advertisement (18/100)...
Proactive Stale CAS cleanup: component (17/100)...
Proactive Stale CAS cleanup: context_refresh_schedule (19/100)...
Proactive Stale CAS cleanup: convergence_session (20/100)...
Proactive Stale CAS cleanup: corporate_initiative (21/100)...
Proactive Stale CAS cleanup: criteria (22/100)...
Proactive Stale CAS cleanup: decision (23/100)...
Proactive Stale CAS cleanup: department (24/100)...
Proactive Stale CAS cleanup: digital_asset (25/100)...
Proactive Stale CAS cleanup: division (26/100)...
Proactive Stale CAS cleanup: doc_entry (27/100)...
Proactive Stale CAS cleanup: domain_registry (28/100)...
Proactive Stale CAS cleanup: field_registry (30/100)...
Proactive Stale CAS cleanup: evolution_management (29/100)...
Proactive Stale CAS cleanup: fission_event (31/100)...
Proactive Stale CAS cleanup: glossary_term (32/100)...
Proactive Stale CAS cleanup: glossary_term_relation (33/100)...
Proactive Stale CAS cleanup: goal (34/100)...
Proactive Stale CAS cleanup: import_tracking (35/100)...
Proactive Stale CAS cleanup: important_date (36/100)...
Proactive Stale CAS cleanup: inference_heuristic (37/100)...
Proactive Stale CAS cleanup: keystore_entry (38/100)...
Proactive Stale CAS cleanup: kind_synonym (39/100)...
Proactive Stale CAS cleanup: library (40/100)...
Proactive Stale CAS cleanup: list_metric_sampler (41/100)...
Proactive Stale CAS cleanup: mcp_spec (42/100)...
Proactive Stale CAS cleanup: metadata_package (43/100)...
Proactive Stale CAS cleanup: metrics_feedback (44/100)...
Proactive Stale CAS cleanup: milestone (45/100)...
Proactive Stale CAS cleanup: mission (46/100)...
Proactive Stale CAS cleanup: namespace (47/100)...
Proactive Stale CAS cleanup: namespace_registry (48/100)...
Proactive Stale CAS cleanup: ordered_list_metric_sampler (50/100)...
Proactive Stale CAS cleanup: object_spec (49/100)...
Proactive Stale CAS cleanup: organization (51/100)...
Proactive Stale CAS cleanup: organizational_change (52/100)...
Proactive Stale CAS cleanup: partnership (53/100)...
Proactive Stale CAS cleanup: persona (54/100)...
Proactive Stale CAS cleanup: pipeline (55/100)...
Proactive Stale CAS cleanup: pipeline_definition (56/100)...
Proactive Stale CAS cleanup: pipeline_execution (57/100)...
Proactive Stale CAS cleanup: pipeline_stage (58/100)...
Proactive Stale CAS cleanup: policy (59/100)...
Proactive Stale CAS cleanup: priority_plan (60/100)...
Proactive Stale CAS cleanup: process_hygiene_rule (61/100)...
Proactive Stale CAS cleanup: provider_profile (63/100)...
Proactive Stale CAS cleanup: prompt_template (62/100)...
Proactive Stale CAS cleanup: qa_success (64/100)...
Proactive Stale CAS cleanup: question (65/100)...
Proactive Stale CAS cleanup: remote_kernel (67/100)...
Proactive Stale CAS cleanup: release (66/100)...
Proactive Stale CAS cleanup: requirement (68/100)...
Proactive Stale CAS cleanup: resolver (69/100)...
Proactive Stale CAS cleanup: risk_blocker (70/100)...
Proactive Stale CAS cleanup: roadmap (71/100)...
Proactive Stale CAS cleanup: role (72/100)...
Proactive Stale CAS cleanup: rollback_report (73/100)...
Proactive Stale CAS cleanup: rule (74/100)...
Proactive Stale CAS cleanup: sampler_profile (75/100)...
Proactive Stale CAS cleanup: scalar_metric_sampler (76/100)...
Proactive Stale CAS cleanup: scenario (77/100)...
Proactive Stale CAS cleanup: scheduler_handler_binding (78/100)...
Proactive Stale CAS cleanup: shockwave_router (79/100)...
Proactive Stale CAS cleanup: stakeholder_profile (80/100)...
Proactive Stale CAS cleanup: status_history_metric_sampler (81/100)...
Proactive Stale CAS cleanup: strategic_context (82/100)...
Proactive Stale CAS cleanup: strategic_plan (83/100)...
Proactive Stale CAS cleanup: team (84/100)...
Proactive Stale CAS cleanup: team_configuration (85/100)...
Proactive Stale CAS cleanup: technical_debt (86/100)...
Proactive Stale CAS cleanup: technical_spec (87/100)...
Proactive Stale CAS cleanup: template (88/100)...
Proactive Stale CAS cleanup: test_case (89/100)...
Proactive Stale CAS cleanup: translation_manifest (91/100)...
Proactive Stale CAS cleanup: test_command_rule (90/100)...
Proactive Stale CAS cleanup: validation_rule (92/100)...
Proactive Stale CAS cleanup: vision (93/100)...
Proactive Stale CAS cleanup: vitality_report (95/100)...
Proactive Stale CAS cleanup: visual_plan (94/100)...
Proactive Stale CAS cleanup: vocabulary_scheme (96/100)...
Proactive Stale CAS cleanup: watchdog_registration (97/100)...
Proactive Stale CAS cleanup: workflow (98/100)...
Proactive Stale CAS cleanup: workstream (99/100)...
Proactive Stale CAS cleanup: workstream_transition (100/100)...
Loaders starting...
Loaders ready.
Loading object ID cache...
Warming CAS indexes...
Merging CAS indexes for 46 kinds...
CAS indexes warmed
Cache ready, starting validator...
Discovery starting...
Starting discovery across 100 kinds...
Validating 8969 objects (from docs/process/ via object ID cache)...
Progress: [===                                               ] 6.8% (607/8969, queue: 8339) 596/s (validating, workers: 16, goroutines: 24) - 1s
Progress: [======                                            ] 12.0% (1079/8969, queue: 7868) 534/s (validating, workers: 16, goroutines: 23) - 2s
Progress: [========                                          ] 16.5% (1477/8969, queue: 7464) 489/s (validating, workers: 16, goroutines: 29) - 3s
Progress: [===========                                       ] 23.2% (2078/8969, queue: 6860) 517/s (validating, workers: 16, goroutines: 30) - 4s
Progress: [===================                               ] 39.8% (3571/8969, queue: 5382) 712/s (validating, workers: 16, goroutines: 17) - 5s
Progress: [===========================                       ] 54.8% (4912/8969, queue: 4041) 816/s (validating, workers: 16, goroutines: 17) - 6s
Progress: [===================================               ] 71.9% (6448/8969, queue: 2505) 919/s (validating, workers: 16, goroutines: 17) - 7s
Progress: [==========================================        ] 84.8% (7604/8969, queue: 1349) 948/s (validating, workers: 16, goroutines: 17) - 8s
Progress: [================================================= ] 98.1% (8801/8969, queue: 152) 976/s (validating, workers: 16, goroutines: 25) - 9s
Progress: [================================================= ] 99.7% (8944/8969, queue: 0) 982/s (draining in-flight, workers: 16) - 9s
Progress: [==================================================] 100.0% (8969/8969, queue: 0) 802/s (completed) - 11s

Validation completed: 8969/8969 objects (8969 succeeded, 0 failed)

--- run 2026-09-05T03:30:11Z ---
System check starting...
Preparing loaders and cache...
Proactive Stale CAS cleanup starting...
Proactive Stale CAS cleanup: cleaning 100 kinds (timeout 2m0s)...
Proactive Stale CAS cleanup: account (1/100)...
Proactive Stale CAS cleanup: agent_architecture (2/100)...
Proactive Stale CAS cleanup: agent_feed (3/100)...
Proactive Stale CAS cleanup: agent_onboarding_preparation (4/100)...
Proactive Stale CAS cleanup: agent_skill (5/100)...
Proactive Stale CAS cleanup: agent_task (6/100)...
Proactive Stale CAS cleanup: api_spec (7/100)...
Proactive Stale CAS cleanup: auth_strategy (8/100)...
Proactive Stale CAS cleanup: base_sampler (10/100)...
Proactive Stale CAS cleanup: backlog_item (9/100)...
Proactive Stale CAS cleanup: capacity_advertisement (14/100)...
Proactive Stale CAS cleanup: brand (11/100)...
Proactive Stale CAS cleanup: bucketing_strategy (12/100)...
Proactive Stale CAS cleanup: capability (13/100)...
Proactive Stale CAS cleanup: command_spec (16/100)...
Proactive Stale CAS cleanup: certificate (15/100)...
Proactive Stale CAS cleanup: compute_advertisement (18/100)...
Proactive Stale CAS cleanup: component (17/100)...
Proactive Stale CAS cleanup: context_refresh_schedule (19/100)...
Proactive Stale CAS cleanup: convergence_session (20/100)...
Proactive Stale CAS cleanup: corporate_initiative (21/100)...
Proactive Stale CAS cleanup: criteria (22/100)...
Proactive Stale CAS cleanup: decision (23/100)...
Proactive Stale CAS cleanup: department (24/100)...
Proactive Stale CAS cleanup: digital_asset (25/100)...
Proactive Stale CAS cleanup: division (26/100)...
Proactive Stale CAS cleanup: doc_entry (27/100)...
Proactive Stale CAS cleanup: domain_registry (28/100)...
Proactive Stale CAS cleanup: field_registry (30/100)...
Proactive Stale CAS cleanup: evolution_management (29/100)...
Proactive Stale CAS cleanup: fission_event (31/100)...
Proactive Stale CAS cleanup: glossary_term (32/100)...
Proactive Stale CAS cleanup: glossary_term_relation (33/100)...
Proactive Stale CAS cleanup: goal (34/100)...
Proactive Stale CAS cleanup: import_tracking (35/100)...
Proactive Stale CAS cleanup: inference_heuristic (37/100)...
Proactive Stale CAS cleanup: important_date (36/100)...
Proactive Stale CAS cleanup: keystore_entry (38/100)...
Proactive Stale CAS cleanup: kind_synonym (39/100)...
Proactive Stale CAS cleanup: list_metric_sampler (41/100)...
Proactive Stale CAS cleanup: library (40/100)...
Proactive Stale CAS cleanup: mcp_spec (42/100)...
Proactive Stale CAS cleanup: metrics_feedback (44/100)...
Proactive Stale CAS cleanup: metadata_package (43/100)...
Proactive Stale CAS cleanup: milestone (45/100)...
Proactive Stale CAS cleanup: mission (46/100)...
Proactive Stale CAS cleanup: namespace (47/100)...
Proactive Stale CAS cleanup: namespace_registry (48/100)...
Proactive Stale CAS cleanup: ordered_list_metric_sampler (50/100)...
Proactive Stale CAS cleanup: object_spec (49/100)...
Proactive Stale CAS cleanup: organization (51/100)...
Proactive Stale CAS cleanup: organizational_change (52/100)...
Proactive Stale CAS cleanup: partnership (53/100)...
Proactive Stale CAS cleanup: persona (54/100)...
Proactive Stale CAS cleanup: pipeline (55/100)...
Proactive Stale CAS cleanup: pipeline_definition (56/100)...
Proactive Stale CAS cleanup: pipeline_stage (58/100)...
Proactive Stale CAS cleanup: pipeline_execution (57/100)...
Proactive Stale CAS cleanup: policy (59/100)...
Proactive Stale CAS cleanup: priority_plan (60/100)...
Proactive Stale CAS cleanup: process_hygiene_rule (61/100)...
Proactive Stale CAS cleanup: provider_profile (63/100)...
Proactive Stale CAS cleanup: prompt_template (62/100)...
Proactive Stale CAS cleanup: qa_success (64/100)...
Proactive Stale CAS cleanup: question (65/100)...
Proactive Stale CAS cleanup: release (66/100)...
Proactive Stale CAS cleanup: remote_kernel (67/100)...
Proactive Stale CAS cleanup: requirement (68/100)...
Proactive Stale CAS cleanup: resolver (69/100)...
Proactive Stale CAS cleanup: risk_blocker (70/100)...
Proactive Stale CAS cleanup: roadmap (71/100)...
Proactive Stale CAS cleanup: role (72/100)...
Proactive Stale CAS cleanup: rollback_report (73/100)...
Proactive Stale CAS cleanup: rule (74/100)...
Proactive Stale CAS cleanup: scalar_metric_sampler (76/100)...
Proactive Stale CAS cleanup: sampler_profile (75/100)...
Proactive Stale CAS cleanup: scenario (77/100)...
Proactive Stale CAS cleanup: scheduler_handler_binding (78/100)...
Proactive Stale CAS cleanup: shockwave_router (79/100)...
Proactive Stale CAS cleanup: status_history_metric_sampler (81/100)...
Proactive Stale CAS cleanup: stakeholder_profile (80/100)...
Proactive Stale CAS cleanup: strategic_context (82/100)...
Proactive Stale CAS cleanup: strategic_plan (83/100)...
Proactive Stale CAS cleanup: team (84/100)...
Proactive Stale CAS cleanup: team_configuration (85/100)...
Proactive Stale CAS cleanup: technical_debt (86/100)...
Proactive Stale CAS cleanup: technical_spec (87/100)...
Proactive Stale CAS cleanup: template (88/100)...
Proactive Stale CAS cleanup: test_case (89/100)...
Proactive Stale CAS cleanup: test_command_rule (90/100)...
Proactive Stale CAS cleanup: translation_manifest (91/100)...
Proactive Stale CAS cleanup: validation_rule (92/100)...
Proactive Stale CAS cleanup: vitality_report (95/100)...
Proactive Stale CAS cleanup: vision (93/100)...
Proactive Stale CAS cleanup: visual_plan (94/100)...
Proactive Stale CAS cleanup: vocabulary_scheme (96/100)...
Proactive Stale CAS cleanup: watchdog_registration (97/100)...
Proactive Stale CAS cleanup: workflow (98/100)...
Proactive Stale CAS cleanup: workstream (99/100)...
Proactive Stale CAS cleanup: workstream_transition (100/100)...
Loaders starting...
Loaders ready.
Loading object ID cache...
Warming CAS indexes...
Merging CAS indexes for 46 kinds...
CAS indexes warmed
Cache ready, starting validator...
Discovery starting...
Starting discovery across 100 kinds...
Validating 8935 objects (from docs/process/ via object ID cache)...
Progress: [=                                                 ] 2.2% (200/8935, queue: 8717) 199/s (validating, workers: 16, goroutines: 18) - 1s
Progress: [=                                                 ] 2.6% (231/8935, queue: 8688) 115/s (validating, workers: 16, goroutines: 17) - 2s
Progress: [=                                                 ] 3.0% (266/8935, queue: 8652) 88/s (validating, workers: 16, goroutines: 18) - 3s
Progress: [=                                                 ] 3.3% (294/8935, queue: 8625) 73/s (validating, workers: 16, goroutines: 17) - 4s
Progress: [=                                                 ] 3.7% (334/8935, queue: 8585) 67/s (validating, workers: 16, goroutines: 17) - 5s
Progress: [==                                                ] 4.5% (405/8935, queue: 8514) 67/s (validating, workers: 16, goroutines: 17) - 6s
Progress: [==                                                ] 5.1% (456/8935, queue: 8462) 65/s (validating, workers: 16, goroutines: 18) - 7s
Progress: [==                                                ] 5.8% (519/8935, queue: 8400) 65/s (validating, workers: 16, goroutines: 17) - 8s
Progress: [===                                               ] 6.2% (553/8935, queue: 8366) 61/s (validating, workers: 16, goroutines: 17) - 9s
Progress: [===                                               ] 6.7% (602/8935, queue: 8317) 60/s (validating, workers: 16, goroutines: 17) - 10s
Progress: [===                                               ] 7.2% (645/8935, queue: 8274) 59/s (validating, workers: 16, goroutines: 17) - 11s
Progress: [===                                               ] 7.5% (668/8935, queue: 8251) 56/s (validating, workers: 16, goroutines: 17) - 12s
Progress: [===                                               ] 7.9% (707/8935, queue: 8212) 54/s (validating, workers: 16, goroutines: 17) - 13s
Progress: [====                                              ] 8.3% (745/8935, queue: 8174) 53/s (validating, workers: 16, goroutines: 17) - 14s
Progress: [====                                              ] 8.8% (783/8935, queue: 8136) 52/s (validating, workers: 16, goroutines: 17) - 15s
Progress: [====                                              ] 9.1% (811/8935, queue: 8108) 51/s (validating, workers: 16, goroutines: 17) - 16s
Progress: [====                                              ] 9.4% (840/8935, queue: 8079) 49/s (validating, workers: 16, goroutines: 17) - 17s
Progress: [====                                              ] 9.9% (882/8935, queue: 8037) 49/s (validating, workers: 16, goroutines: 17) - 18s
Progress: [=====                                             ] 10.2% (910/8935, queue: 8008) 48/s (validating, workers: 16, goroutines: 18) - 19s
Progress: [=====                                             ] 10.4% (932/8935, queue: 7987) 47/s (validating, workers: 16, goroutines: 17) - 20s
Progress: [=====                                             ] 10.9% (975/8935, queue: 7944) 46/s (validating, workers: 16, goroutines: 17) - 21s
Progress: [=====                                             ] 11.4% (1019/8935, queue: 7900) 46/s (validating, workers: 16, goroutines: 17) - 22s
Progress: [=====                                             ] 11.7% (1045/8935, queue: 7873) 45/s (validating, workers: 16, goroutines: 18) - 23s
Progress: [=====                                             ] 12.0% (1068/8935, queue: 7851) 44/s (validating, workers: 16, goroutines: 17) - 24s
Progress: [======                                            ] 12.3% (1102/8935, queue: 7816) 44/s (validating, workers: 16, goroutines: 18) - 25s
Progress: [======                                            ] 12.7% (1136/8935, queue: 7783) 44/s (validating, workers: 16, goroutines: 17) - 26s
Progress: [======                                            ] 13.0% (1158/8935, queue: 7760) 43/s (validating, workers: 16, goroutines: 18) - 27s
Progress: [======                                            ] 13.3% (1189/8935, queue: 7729) 42/s (validating, workers: 16, goroutines: 18) - 28s
Progress: [======                                            ] 13.6% (1216/8935, queue: 7702) 42/s (validating, workers: 16, goroutines: 18) - 29s
Progress: [=======                                           ] 14.0% (1252/8935, queue: 7667) 42/s (validating, workers: 16, goroutines: 17) - 30s
Progress: [=======                                           ] 14.7% (1311/8935, queue: 7608) 42/s (validating, workers: 16, goroutines: 17) - 31s
Progress: [=======                                           ] 15.3% (1364/8935, queue: 7555) 43/s (validating, workers: 16, goroutines: 17) - 32s
Progress: [=======                                           ] 16.0% (1428/8935, queue: 7491) 43/s (validating, workers: 16, goroutines: 17) - 33s
Progress: [========                                          ] 16.2% (1450/8935, queue: 7468) 43/s (validating, workers: 16, goroutines: 18) - 34s
Progress: [========                                          ] 16.5% (1476/8935, queue: 7443) 42/s (validating, workers: 16, goroutines: 17) - 35s
Progress: [========                                          ] 16.9% (1509/8935, queue: 7409) 42/s (validating, workers: 16, goroutines: 18) - 36s
Progress: [========                                          ] 17.2% (1540/8935, queue: 7379) 42/s (validating, workers: 16, goroutines: 17) - 37s
Progress: [========                                          ] 17.6% (1571/8935, queue: 7348) 41/s (validating, workers: 16, goroutines: 17) - 38s
Progress: [=========                                         ] 18.4% (1645/8935, queue: 7274) 42/s (validating, workers: 16, goroutines: 17) - 39s
Progress: [=========                                         ] 18.9% (1687/8935, queue: 7232) 42/s (validating, workers: 16, goroutines: 17) - 40s
Progress: [=========                                         ] 19.4% (1736/8935, queue: 7181) 42/s (validating, workers: 16, goroutines: 19) - 41s
Progress: [=========                                         ] 19.8% (1771/8935, queue: 7148) 42/s (validating, workers: 16, goroutines: 17) - 42s
Progress: [==========                                        ] 20.1% (1797/8935, queue: 7122) 42/s (validating, workers: 16, goroutines: 17) - 43s
Progress: [==========                                        ] 20.5% (1831/8935, queue: 7088) 42/s (validating, workers: 16, goroutines: 17) - 44s
Progress: [==========                                        ] 21.1% (1888/8935, queue: 7031) 42/s (validating, workers: 16, goroutines: 17) - 45s
Progress: [==========                                        ] 21.7% (1939/8935, queue: 6979) 42/s (validating, workers: 16, goroutines: 18) - 46s
Progress: [===========                                       ] 22.1% (1975/8935, queue: 6944) 42/s (validating, workers: 16, goroutines: 17) - 47s
Progress: [===========                                       ] 22.5% (2013/8935, queue: 6905) 42/s (validating, workers: 16, goroutines: 18) - 48s
Progress: [===========                                       ] 22.8% (2034/8935, queue: 6885) 42/s (validating, workers: 16, goroutines: 17) - 49s
Progress: [===========                                       ] 23.2% (2071/8935, queue: 6848) 41/s (validating, workers: 16, goroutines: 17) - 50s
Progress: [===========                                       ] 23.7% (2118/8935, queue: 6799) 42/s (validating, workers: 16, goroutines: 19) - 51s
Progress: [============                                      ] 24.5% (2187/8935, queue: 6732) 42/s (validating, workers: 16, goroutines: 17) - 52s
Progress: [============                                      ] 24.7% (2203/8935, queue: 6715) 42/s (validating, workers: 16, goroutines: 18) - 53s
Progress: [============                                      ] 24.9% (2228/8935, queue: 6691) 41/s (validating, workers: 16, goroutines: 17) - 54s
Progress: [============                                      ] 25.3% (2258/8935, queue: 6661) 41/s (validating, workers: 16, goroutines: 17) - 55s
Progress: [============                                      ] 25.8% (2304/8935, queue: 6615) 41/s (validating, workers: 16, goroutines: 17) - 56s
Progress: [=============                                     ] 26.0% (2325/8935, queue: 6594) 41/s (validating, workers: 16, goroutines: 17) - 57s
Progress: [=============                                     ] 26.3% (2351/8935, queue: 6568) 41/s (validating, workers: 16, goroutines: 17) - 58s
Progress: [=============                                     ] 26.8% (2397/8935, queue: 6522) 41/s (validating, workers: 16, goroutines: 17) - 59s
Progress: [=============                                     ] 27.2% (2428/8935, queue: 6491) 40/s (validating, workers: 16, goroutines: 17) - 1m0s
Progress: [=============                                     ] 27.5% (2453/8935, queue: 6466) 40/s (validating, workers: 16, goroutines: 17) - 1m1s
Progress: [=============                                     ] 27.7% (2478/8935, queue: 6441) 40/s (validating, workers: 16, goroutines: 17) - 1m2s
Progress: [=============                                     ] 27.9% (2489/8935, queue: 6429) 39/s (validating, workers: 16, goroutines: 18) - 1m3s
Progress: [==============                                    ] 28.1% (2513/8935, queue: 6406) 39/s (validating, workers: 16, goroutines: 17) - 1m4s
Progress: [==============                                    ] 28.5% (2544/8935, queue: 6375) 39/s (validating, workers: 16, goroutines: 17) - 1m5s
Progress: [==============                                    ] 28.8% (2573/8935, queue: 6345) 39/s (validating, workers: 16, goroutines: 18) - 1m6s
Progress: [==============                                    ] 29.1% (2599/8935, queue: 6319) 39/s (validating, workers: 16, goroutines: 18) - 1m7s
Progress: [==============                                    ] 29.5% (2632/8935, queue: 6287) 39/s (validating, workers: 16, goroutines: 17) - 1m8s
Progress: [==============                                    ] 29.7% (2657/8935, queue: 6262) 39/s (validating, workers: 16, goroutines: 17) - 1m9s
Progress: [==============                                    ] 30.0% (2679/8935, queue: 6239) 38/s (validating, workers: 16, goroutines: 18) - 1m10s
Progress: [===============                                   ] 30.2% (2694/8935, queue: 6225) 38/s (validating, workers: 16, goroutines: 17) - 1m11s
Progress: [===============                                   ] 30.5% (2724/8935, queue: 6195) 38/s (validating, workers: 16, goroutines: 17) - 1m12s
Progress: [===============                                   ] 30.9% (2762/8935, queue: 6157) 38/s (validating, workers: 16, goroutines: 17) - 1m13s
Progress: [===============                                   ] 31.4% (2805/8935, queue: 6114) 38/s (validating, workers: 16, goroutines: 17) - 1m14s
Progress: [===============                                   ] 31.9% (2852/8935, queue: 6066) 38/s (validating, workers: 16, goroutines: 18) - 1m15s
Progress: [================                                  ] 32.2% (2878/8935, queue: 6041) 38/s (validating, workers: 16, goroutines: 17) - 1m16s
Progress: [================                                  ] 32.5% (2900/8935, queue: 6019) 38/s (validating, workers: 16, goroutines: 17) - 1m17s
Progress: [================                                  ] 32.8% (2930/8935, queue: 5989) 38/s (validating, workers: 16, goroutines: 17) - 1m18s
Progress: [================                                  ] 33.3% (2974/8935, queue: 5945) 38/s (validating, workers: 16, goroutines: 17) - 1m19s
Progress: [================                                  ] 33.7% (3013/8935, queue: 5906) 38/s (validating, workers: 16, goroutines: 17) - 1m20s
Progress: [=================                                 ] 34.1% (3043/8935, queue: 5876) 38/s (validating, workers: 16, goroutines: 17) - 1m21s
Progress: [=================                                 ] 34.4% (3077/8935, queue: 5842) 38/s (validating, workers: 16, goroutines: 17) - 1m22s
Progress: [=================                                 ] 34.8% (3106/8935, queue: 5813) 37/s (validating, workers: 16, goroutines: 17) - 1m23s
Progress: [=================                                 ] 35.1% (3139/8935, queue: 5779) 37/s (validating, workers: 16, goroutines: 18) - 1m24s
Progress: [=================                                 ] 35.5% (3170/8935, queue: 5749) 37/s (validating, workers: 16, goroutines: 17) - 1m25s
Progress: [=================                                 ] 35.8% (3195/8935, queue: 5724) 37/s (validating, workers: 16, goroutines: 17) - 1m26s
Progress: [==================                                ] 36.2% (3232/8935, queue: 5687) 37/s (validating, workers: 16, goroutines: 17) - 1m27s
Progress: [==================                                ] 36.7% (3275/8935, queue: 5644) 37/s (validating, workers: 16, goroutines: 17) - 1m28s
Progress: [==================                                ] 37.0% (3303/8935, queue: 5616) 37/s (validating, workers: 16, goroutines: 17) - 1m29s
Progress: [==================                                ] 37.3% (3332/8935, queue: 5587) 37/s (validating, workers: 16, goroutines: 17) - 1m30s
Progress: [==================                                ] 37.7% (3370/8935, queue: 5549) 37/s (validating, workers: 16, goroutines: 17) - 1m31s
Progress: [===================                               ] 38.1% (3404/8935, queue: 5514) 37/s (validating, workers: 16, goroutines: 18) - 1m32s
Progress: [===================                               ] 38.5% (3436/8935, queue: 5483) 37/s (validating, workers: 16, goroutines: 17) - 1m33s
Progress: [===================                               ] 38.9% (3472/8935, queue: 5447) 37/s (validating, workers: 16, goroutines: 17) - 1m34s
Progress: [===================                               ] 39.2% (3503/8935, queue: 5416) 37/s (validating, workers: 16, goroutines: 17) - 1m35s
Progress: [===================                               ] 39.6% (3541/8935, queue: 5377) 37/s (validating, workers: 16, goroutines: 18) - 1m36s
Progress: [===================                               ] 39.9% (3565/8935, queue: 5353) 37/s (validating, workers: 16, goroutines: 18) - 1m37s
Progress: [====================                              ] 40.2% (3591/8935, queue: 5328) 37/s (validating, workers: 16, goroutines: 17) - 1m38s
Progress: [====================                              ] 40.8% (3647/8935, queue: 5271) 37/s (validating, workers: 16, goroutines: 18) - 1m39s
Progress: [====================                              ] 41.1% (3673/8935, queue: 5245) 37/s (validating, workers: 16, goroutines: 18) - 1m40s
Progress: [====================                              ] 41.7% (3730/8935, queue: 5187) 37/s (validating, workers: 16, goroutines: 19) - 1m41s
Progress: [=====================                             ] 42.2% (3768/8935, queue: 5151) 37/s (validating, workers: 16, goroutines: 17) - 1m42s
Progress: [=====================                             ] 42.5% (3797/8935, queue: 5122) 37/s (validating, workers: 16, goroutines: 17) - 1m43s
Progress: [=====================                             ] 42.9% (3836/8935, queue: 5083) 37/s (validating, workers: 16, goroutines: 17) - 1m44s
Progress: [=====================                             ] 43.3% (3868/8935, queue: 5051) 37/s (validating, workers: 16, goroutines: 17) - 1m45s
Progress: [=====================                             ] 43.6% (3897/8935, queue: 5020) 37/s (validating, workers: 16, goroutines: 19) - 1m46s
Progress: [=====================                             ] 43.9% (3922/8935, queue: 4997) 37/s (validating, workers: 16, goroutines: 17) - 1m47s
Progress: [======================                            ] 44.2% (3948/8935, queue: 4970) 37/s (validating, workers: 16, goroutines: 18) - 1m48s
Progress: [======================                            ] 44.4% (3967/8935, queue: 4951) 36/s (validating, workers: 16, goroutines: 18) - 1m49s
Progress: [======================                            ] 44.6% (3987/8935, queue: 4932) 36/s (validating, workers: 16, goroutines: 17) - 1m50s
Progress: [======================                            ] 44.9% (4013/8935, queue: 4906) 36/s (validating, workers: 16, goroutines: 17) - 1m51s
Progress: [======================                            ] 45.2% (4037/8935, queue: 4881) 36/s (validating, workers: 16, goroutines: 18) - 1m52s
Progress: [======================                            ] 45.4% (4058/8935, queue: 4860) 36/s (validating, workers: 16, goroutines: 18) - 1m53s
Progress: [======================                            ] 45.8% (4091/8935, queue: 4827) 36/s (validating, workers: 16, goroutines: 18) - 1m54s
Progress: [=======================                           ] 46.0% (4113/8935, queue: 4806) 36/s (validating, workers: 16, goroutines: 17) - 1m55s
Progress: [=======================                           ] 46.4% (4143/8935, queue: 4776) 36/s (validating, workers: 16, goroutines: 17) - 1m56s
Progress: [=======================                           ] 46.7% (4175/8935, queue: 4744) 36/s (validating, workers: 16, goroutines: 17) - 1m57s
Progress: [=======================                           ] 47.0% (4196/8935, queue: 4722) 36/s (validating, workers: 16, goroutines: 18) - 1m58s
Progress: [=======================                           ] 47.2% (4220/8935, queue: 4699) 35/s (validating, workers: 16, goroutines: 17) - 1m59s
Progress: [=======================                           ] 47.4% (4236/8935, queue: 4682) 35/s (validating, workers: 16, goroutines: 18) - 2m0s
Progress: [=======================                           ] 47.7% (4261/8935, queue: 4658) 35/s (validating, workers: 16, goroutines: 17) - 2m1s
Progress: [=======================                           ] 48.0% (4287/8935, queue: 4632) 35/s (validating, workers: 16, goroutines: 17) - 2m2s
Progress: [========================                          ] 48.1% (4299/8935, queue: 4619) 35/s (validating, workers: 16, goroutines: 18) - 2m3s
Progress: [========================                          ] 48.2% (4310/8935, queue: 4607) 35/s (validating, workers: 16, goroutines: 19) - 2m4s
Progress: [========================                          ] 48.5% (4330/8935, queue: 4588) 35/s (validating, workers: 16, goroutines: 18) - 2m5s
Progress: [========================                          ] 48.7% (4353/8935, queue: 4566) 35/s (validating, workers: 16, goroutines: 17) - 2m6s
Progress: [========================                          ] 49.0% (4382/8935, queue: 4536) 35/s (validating, workers: 16, goroutines: 18) - 2m7s
Progress: [========================                          ] 49.2% (4398/8935, queue: 4520) 34/s (validating, workers: 16, goroutines: 18) - 2m8s
Progress: [========================                          ] 49.4% (4415/8935, queue: 4503) 34/s (validating, workers: 16, goroutines: 18) - 2m9s
Progress: [========================                          ] 49.7% (4442/8935, queue: 4476) 34/s (validating, workers: 16, goroutines: 18) - 2m10s
Progress: [========================                          ] 49.9% (4455/8935, queue: 4463) 34/s (validating, workers: 16, goroutines: 18) - 2m11s
Progress: [=========================                         ] 50.1% (4475/8935, queue: 4442) 34/s (validating, workers: 16, goroutines: 19) - 2m12s
Progress: [=========================                         ] 50.3% (4496/8935, queue: 4422) 34/s (validating, workers: 16, goroutines: 18) - 2m13s
Progress: [=========================                         ] 50.6% (4525/8935, queue: 4394) 34/s (validating, workers: 16, goroutines: 17) - 2m14s
Progress: [=========================                         ] 50.7% (4533/8935, queue: 4385) 34/s (validating, workers: 16, goroutines: 18) - 2m15s
Progress: [=========================                         ] 50.9% (4551/8935, queue: 4368) 33/s (validating, workers: 16, goroutines: 17) - 2m16s
Progress: [=========================                         ] 51.2% (4577/8935, queue: 4342) 33/s (validating, workers: 16, goroutines: 17) - 2m17s
Progress: [=========================                         ] 51.5% (4598/8935, queue: 4320) 33/s (validating, workers: 16, goroutines: 18) - 2m18s
Progress: [=========================                         ] 51.8% (4629/8935, queue: 4290) 33/s (validating, workers: 16, goroutines: 17) - 2m19s
Progress: [==========================                        ] 52.1% (4658/8935, queue: 4260) 33/s (validating, workers: 16, goroutines: 18) - 2m20s
Progress: [==========================                        ] 52.5% (4687/8935, queue: 4231) 33/s (validating, workers: 16, goroutines: 18) - 2m21s
Progress: [==========================                        ] 52.8% (4718/8935, queue: 4200) 33/s (validating, workers: 16, goroutines: 18) - 2m22s
Progress: [==========================                        ] 53.0% (4739/8935, queue: 4180) 33/s (validating, workers: 16, goroutines: 17) - 2m23s
Progress: [==========================                        ] 53.5% (4776/8935, queue: 4142) 33/s (validating, workers: 16, goroutines: 18) - 2m24s
Progress: [===========================                       ] 54.0% (4828/8935, queue: 4091) 33/s (validating, workers: 16, goroutines: 17) - 2m25s
Progress: [===========================                       ] 54.5% (4872/8935, queue: 4047) 33/s (validating, workers: 16, goroutines: 17) - 2m26s
Progress: [===========================                       ] 54.8% (4898/8935, queue: 4021) 33/s (validating, workers: 16, goroutines: 17) - 2m27s
Progress: [===========================                       ] 55.1% (4926/8935, queue: 3993) 33/s (validating, workers: 16, goroutines: 17) - 2m28s
Progress: [===========================                       ] 55.7% (4980/8935, queue: 3938) 33/s (validating, workers: 16, goroutines: 18) - 2m29s
Progress: [============================                      ] 56.3% (5030/8935, queue: 3889) 34/s (validating, workers: 16, goroutines: 17) - 2m30s
Progress: [============================                      ] 56.8% (5075/8935, queue: 3844) 34/s (validating, workers: 16, goroutines: 17) - 2m31s
Progress: [============================                      ] 57.4% (5133/8935, queue: 3786) 34/s (validating, workers: 16, goroutines: 17) - 2m32s
Progress: [============================                      ] 57.8% (5167/8935, queue: 3751) 34/s (validating, workers: 16, goroutines: 18) - 2m33s
Progress: [=============================                     ] 58.3% (5205/8935, queue: 3714) 34/s (validating, workers: 16, goroutines: 17) - 2m34s
Progress: [=============================                     ] 58.6% (5235/8935, queue: 3684) 34/s (validating, workers: 16, goroutines: 17) - 2m35s
Progress: [=============================                     ] 59.1% (5284/8935, queue: 3635) 34/s (validating, workers: 16, goroutines: 17) - 2m36s
Progress: [=============================                     ] 59.6% (5324/8935, queue: 3595) 34/s (validating, workers: 16, goroutines: 17) - 2m37s
Progress: [=============================                     ] 59.9% (5348/8935, queue: 3571) 34/s (validating, workers: 16, goroutines: 17) - 2m38s
Progress: [==============================                    ] 60.1% (5366/8935, queue: 3553) 34/s (validating, workers: 16, goroutines: 17) - 2m39s
Progress: [==============================                    ] 60.5% (5404/8935, queue: 3515) 34/s (validating, workers: 16, goroutines: 17) - 2m40s
Progress: [==============================                    ] 60.9% (5439/8935, queue: 3479) 34/s (validating, workers: 16, goroutines: 18) - 2m41s
Progress: [==============================                    ] 61.2% (5468/8935, queue: 3450) 34/s (validating, workers: 16, goroutines: 18) - 2m42s
Progress: [==============================                    ] 61.5% (5492/8935, queue: 3427) 34/s (validating, workers: 16, goroutines: 17) - 2m43s
Progress: [==============================                    ] 61.8% (5518/8935, queue: 3401) 34/s (validating, workers: 16, goroutines: 17) - 2m44s
Progress: [===============================                   ] 62.0% (5541/8935, queue: 3378) 34/s (validating, workers: 16, goroutines: 17) - 2m45s
Progress: [===============================                   ] 62.3% (5565/8935, queue: 3353) 34/s (validating, workers: 16, goroutines: 18) - 2m46s
Progress: [===============================                   ] 62.6% (5591/8935, queue: 3328) 33/s (validating, workers: 16, goroutines: 17) - 2m47s
Progress: [===============================                   ] 62.8% (5612/8935, queue: 3307) 33/s (validating, workers: 16, goroutines: 17) - 2m48s
Progress: [===============================                   ] 63.1% (5639/8935, queue: 3280) 33/s (validating, workers: 16, goroutines: 17) - 2m49s
Progress: [===============================                   ] 63.5% (5671/8935, queue: 3248) 33/s (validating, workers: 16, goroutines: 17) - 2m50s
Progress: [===============================                   ] 63.8% (5701/8935, queue: 3218) 33/s (validating, workers: 16, goroutines: 17) - 2m51s
Progress: [===============================                   ] 64.0% (5718/8935, queue: 3200) 33/s (validating, workers: 16, goroutines: 18) - 2m52s
Progress: [================================                  ] 64.3% (5748/8935, queue: 3171) 33/s (validating, workers: 16, goroutines: 17) - 2m53s
Progress: [================================                  ] 64.5% (5767/8935, queue: 3151) 33/s (validating, workers: 16, goroutines: 18) - 2m54s
Progress: [================================                  ] 65.2% (5824/8935, queue: 3095) 33/s (validating, workers: 16, goroutines: 17) - 2m55s
Progress: [================================                  ] 65.6% (5865/8935, queue: 3051) 33/s (validating, workers: 16, goroutines: 20) - 2m56s
Progress: [================================                  ] 65.9% (5891/8935, queue: 3027) 33/s (validating, workers: 16, goroutines: 18) - 2m57s
Progress: [=================================                 ] 66.3% (5927/8935, queue: 2991) 33/s (validating, workers: 16, goroutines: 18) - 2m58s
Progress: [=================================                 ] 66.7% (5959/8935, queue: 2960) 33/s (validating, workers: 16, goroutines: 17) - 2m59s
Progress: [=================================                 ] 66.9% (5981/8935, queue: 2938) 33/s (validating, workers: 16, goroutines: 17) - 3m0s
Progress: [=================================                 ] 67.3% (6016/8935, queue: 2903) 33/s (validating, workers: 16, goroutines: 17) - 3m1s
Progress: [=================================                 ] 67.8% (6057/8935, queue: 2861) 33/s (validating, workers: 16, goroutines: 18) - 3m2s
Progress: [==================================                ] 68.1% (6088/8935, queue: 2831) 33/s (validating, workers: 16, goroutines: 17) - 3m3s
Progress: [==================================                ] 68.8% (6144/8935, queue: 2775) 33/s (validating, workers: 16, goroutines: 17) - 3m4s
Progress: [==================================                ] 69.1% (6173/8935, queue: 2746) 33/s (validating, workers: 16, goroutines: 17) - 3m5s
Progress: [==================================                ] 69.5% (6212/8935, queue: 2707) 33/s (validating, workers: 16, goroutines: 17) - 3m6s
Progress: [===================================               ] 70.0% (6255/8935, queue: 2664) 33/s (validating, workers: 16, goroutines: 17) - 3m7s
Progress: [===================================               ] 70.4% (6294/8935, queue: 2625) 33/s (validating, workers: 16, goroutines: 17) - 3m8s
Progress: [===================================               ] 70.7% (6317/8935, queue: 2601) 33/s (validating, workers: 16, goroutines: 18) - 3m9s
Progress: [===================================               ] 71.0% (6348/8935, queue: 2571) 33/s (validating, workers: 16, goroutines: 17) - 3m10s
Progress: [===================================               ] 71.5% (6390/8935, queue: 2529) 33/s (validating, workers: 16, goroutines: 17) - 3m11s
Progress: [====================================              ] 72.0% (6434/8935, queue: 2485) 34/s (validating, workers: 16, goroutines: 17) - 3m12s
Progress: [====================================              ] 72.4% (6466/8935, queue: 2453) 34/s (validating, workers: 16, goroutines: 17) - 3m13s
Progress: [====================================              ] 72.8% (6505/8935, queue: 2413) 34/s (validating, workers: 16, goroutines: 18) - 3m14s
Progress: [====================================              ] 73.4% (6554/8935, queue: 2365) 34/s (validating, workers: 16, goroutines: 17) - 3m15s
Progress: [====================================              ] 73.8% (6593/8935, queue: 2326) 34/s (validating, workers: 16, goroutines: 17) - 3m16s
Progress: [=====================================             ] 74.1% (6620/8935, queue: 2299) 34/s (validating, workers: 16, goroutines: 17) - 3m17s
Progress: [=====================================             ] 74.4% (6652/8935, queue: 2267) 34/s (validating, workers: 16, goroutines: 17) - 3m18s
Progress: [=====================================             ] 74.8% (6682/8935, queue: 2237) 34/s (validating, workers: 16, goroutines: 17) - 3m19s
Progress: [=====================================             ] 75.1% (6710/8935, queue: 2209) 34/s (validating, workers: 16, goroutines: 17) - 3m20s
Progress: [=====================================             ] 75.5% (6750/8935, queue: 2169) 34/s (validating, workers: 16, goroutines: 17) - 3m21s
Progress: [======================================            ] 76.0% (6792/8935, queue: 2127) 34/s (validating, workers: 16, goroutines: 17) - 3m22s
Progress: [======================================            ] 76.5% (6838/8935, queue: 2081) 34/s (validating, workers: 16, goroutines: 17) - 3m23s
Progress: [======================================            ] 76.8% (6866/8935, queue: 2053) 34/s (validating, workers: 16, goroutines: 17) - 3m24s
Progress: [======================================            ] 77.6% (6935/8935, queue: 1984) 34/s (validating, workers: 16, goroutines: 17) - 3m25s
Progress: [=======================================           ] 78.2% (6988/8935, queue: 1929) 34/s (validating, workers: 16, goroutines: 19) - 3m26s
Progress: [=======================================           ] 78.5% (7016/8935, queue: 1903) 34/s (validating, workers: 16, goroutines: 17) - 3m27s
Progress: [=======================================           ] 78.7% (7036/8935, queue: 1883) 34/s (validating, workers: 16, goroutines: 17) - 3m28s
Progress: [=======================================           ] 79.2% (7073/8935, queue: 1846) 34/s (validating, workers: 16, goroutines: 17) - 3m29s
Progress: [=======================================           ] 79.6% (7114/8935, queue: 1805) 34/s (validating, workers: 16, goroutines: 17) - 3m30s
Progress: [========================================          ] 80.2% (7168/8935, queue: 1751) 34/s (validating, workers: 16, goroutines: 17) - 3m31s
Progress: [========================================          ] 80.8% (7220/8935, queue: 1699) 34/s (validating, workers: 16, goroutines: 17) - 3m32s
Progress: [========================================          ] 81.1% (7250/8935, queue: 1669) 34/s (validating, workers: 16, goroutines: 17) - 3m33s
Progress: [========================================          ] 81.6% (7290/8935, queue: 1629) 34/s (validating, workers: 16, goroutines: 17) - 3m34s
Progress: [=========================================         ] 82.0% (7329/8935, queue: 1590) 34/s (validating, workers: 16, goroutines: 17) - 3m35s
Progress: [=========================================         ] 82.8% (7397/8935, queue: 1522) 34/s (validating, workers: 16, goroutines: 17) - 3m36s
Progress: [=========================================         ] 83.3% (7441/8935, queue: 1477) 34/s (validating, workers: 16, goroutines: 18) - 3m37s
Progress: [=========================================         ] 83.7% (7478/8935, queue: 1441) 34/s (validating, workers: 16, goroutines: 17) - 3m38s
Progress: [==========================================        ] 84.0% (7506/8935, queue: 1412) 34/s (validating, workers: 16, goroutines: 18) - 3m39s
Progress: [==========================================        ] 84.4% (7540/8935, queue: 1379) 34/s (validating, workers: 16, goroutines: 17) - 3m40s
Progress: [==========================================        ] 84.7% (7566/8935, queue: 1352) 34/s (validating, workers: 16, goroutines: 18) - 3m41s
Progress: [==========================================        ] 85.0% (7599/8935, queue: 1320) 34/s (validating, workers: 16, goroutines: 17) - 3m42s
Progress: [==========================================        ] 85.4% (7632/8935, queue: 1287) 34/s (validating, workers: 16, goroutines: 17) - 3m43s
Progress: [==========================================        ] 85.9% (7677/8935, queue: 1241) 34/s (validating, workers: 16, goroutines: 18) - 3m44s
Progress: [===========================================       ] 86.7% (7746/8935, queue: 1173) 34/s (validating, workers: 16, goroutines: 17) - 3m45s
Progress: [===========================================       ] 87.0% (7775/8935, queue: 1144) 34/s (validating, workers: 16, goroutines: 17) - 3m46s
Progress: [===========================================       ] 87.4% (7809/8935, queue: 1110) 34/s (validating, workers: 16, goroutines: 17) - 3m47s
Progress: [===========================================       ] 87.8% (7849/8935, queue: 1070) 34/s (validating, workers: 16, goroutines: 17) - 3m48s
Progress: [============================================      ] 88.3% (7886/8935, queue: 1033) 34/s (validating, workers: 16, goroutines: 17) - 3m49s
Progress: [============================================      ] 88.7% (7923/8935, queue: 995) 34/s (validating, workers: 16, goroutines: 18) - 3m50s
Progress: [============================================      ] 89.1% (7965/8935, queue: 953) 34/s (validating, workers: 16, goroutines: 18) - 3m51s
Progress: [============================================      ] 89.5% (7996/8935, queue: 923) 34/s (validating, workers: 16, goroutines: 17) - 3m52s
Progress: [============================================      ] 89.9% (8033/8935, queue: 886) 34/s (validating, workers: 16, goroutines: 17) - 3m53s
Progress: [=============================================     ] 90.2% (8059/8935, queue: 860) 34/s (validating, workers: 16, goroutines: 17) - 3m54s
Progress: [=============================================     ] 90.5% (8089/8935, queue: 828) 34/s (validating, workers: 16, goroutines: 19) - 3m55s
Progress: [=============================================     ] 90.9% (8125/8935, queue: 794) 34/s (validating, workers: 16, goroutines: 17) - 3m56s
Progress: [=============================================     ] 91.2% (8150/8935, queue: 769) 34/s (validating, workers: 16, goroutines: 17) - 3m57s
Progress: [=============================================     ] 91.5% (8174/8935, queue: 745) 34/s (validating, workers: 16, goroutines: 17) - 3m58s
Progress: [=============================================     ] 91.9% (8208/8935, queue: 710) 34/s (validating, workers: 16, goroutines: 18) - 3m59s
Progress: [==============================================    ] 92.1% (8231/8935, queue: 688) 34/s (validating, workers: 16, goroutines: 17) - 4m0s
Progress: [==============================================    ] 92.7% (8283/8935, queue: 635) 34/s (validating, workers: 16, goroutines: 18) - 4m1s
Progress: [==============================================    ] 93.0% (8313/8935, queue: 606) 34/s (validating, workers: 16, goroutines: 17) - 4m2s
Progress: [==============================================    ] 93.7% (8369/8935, queue: 550) 34/s (validating, workers: 16, goroutines: 17) - 4m3s
Progress: [===============================================   ] 94.3% (8425/8935, queue: 493) 35/s (validating, workers: 16, goroutines: 18) - 4m4s
Progress: [===============================================   ] 94.6% (8451/8935, queue: 468) 34/s (validating, workers: 16, goroutines: 17) - 4m5s
Progress: [===============================================   ] 95.0% (8490/8935, queue: 429) 35/s (validating, workers: 16, goroutines: 17) - 4m6s
Progress: [===============================================   ] 95.3% (8518/8935, queue: 401) 34/s (validating, workers: 16, goroutines: 17) - 4m7s
Progress: [===============================================   ] 95.6% (8544/8935, queue: 374) 34/s (validating, workers: 16, goroutines: 18) - 4m8s
Progress: [===============================================   ] 95.9% (8571/8935, queue: 347) 34/s (validating, workers: 16, goroutines: 18) - 4m9s
Progress: [================================================  ] 96.3% (8604/8935, queue: 315) 34/s (validating, workers: 16, goroutines: 17) - 4m10s
Progress: [================================================  ] 96.7% (8644/8935, queue: 274) 34/s (validating, workers: 16, goroutines: 18) - 4m11s
Progress: [================================================  ] 97.3% (8697/8935, queue: 222) 35/s (validating, workers: 16, goroutines: 17) - 4m12s
Progress: [================================================  ] 97.7% (8730/8935, queue: 189) 35/s (validating, workers: 16, goroutines: 17) - 4m13s
Progress: [================================================= ] 98.2% (8773/8935, queue: 146) 35/s (validating, workers: 16, goroutines: 17) - 4m14s
Progress: [================================================= ] 98.5% (8803/8935, queue: 116) 35/s (validating, workers: 16, goroutines: 17) - 4m15s
Progress: [================================================= ] 99.0% (8847/8935, queue: 72) 35/s (validating, workers: 16, goroutines: 17) - 4m16s
Progress: [================================================= ] 99.3% (8872/8935, queue: 47) 35/s (validating, workers: 16, goroutines: 17) - 4m17s
Progress: [================================================= ] 99.8% (8916/8935, queue: 3) 35/s (validating, workers: 16, goroutines: 17) - 4m18s
Progress: [================================================= ] 99.8% (8917/8935, queue: 0) 35/s (draining in-flight, workers: 16) - 4m18s
Progress: [==================================================] 100.0% (8935/8935, queue: 0) 34/s (completed) - 4m20s

Validation completed: 8935/8935 objects (8935 succeeded, 0 failed)

--- run 2026-09-05T03:35:00Z ---
System check starting...
Preparing loaders and cache...
Proactive Stale CAS cleanup starting...
Proactive Stale CAS cleanup: cleaning 100 kinds (timeout 2m0s)...
Proactive Stale CAS cleanup: account (1/100)...
Proactive Stale CAS cleanup: agent_architecture (2/100)...
Proactive Stale CAS cleanup: agent_feed (3/100)...
Proactive Stale CAS cleanup: agent_onboarding_preparation (4/100)...
Proactive Stale CAS cleanup: agent_skill (5/100)...
Proactive Stale CAS cleanup: agent_task (6/100)...
Proactive Stale CAS cleanup: api_spec (7/100)...
Proactive Stale CAS cleanup: auth_strategy (8/100)...
Proactive Stale CAS cleanup: base_sampler (10/100)...
Proactive Stale CAS cleanup: backlog_item (9/100)...
Proactive Stale CAS cleanup: brand (11/100)...
Proactive Stale CAS cleanup: capacity_advertisement (14/100)...
Proactive Stale CAS cleanup: bucketing_strategy (12/100)...
Proactive Stale CAS cleanup: capability (13/100)...
Proactive Stale CAS cleanup: command_spec (16/100)...
Proactive Stale CAS cleanup: certificate (15/100)...
Proactive Stale CAS cleanup: compute_advertisement (18/100)...
Proactive Stale CAS cleanup: component (17/100)...
Proactive Stale CAS cleanup: context_refresh_schedule (19/100)...
Proactive Stale CAS cleanup: convergence_session (20/100)...
Proactive Stale CAS cleanup: corporate_initiative (21/100)...
Proactive Stale CAS cleanup: criteria (22/100)...
Proactive Stale CAS cleanup: decision (23/100)...
Proactive Stale CAS cleanup: department (24/100)...
Proactive Stale CAS cleanup: digital_asset (25/100)...
Proactive Stale CAS cleanup: division (26/100)...
Proactive Stale CAS cleanup: doc_entry (27/100)...
Proactive Stale CAS cleanup: domain_registry (28/100)...
Proactive Stale CAS cleanup: field_registry (30/100)...
Proactive Stale CAS cleanup: evolution_management (29/100)...
Proactive Stale CAS cleanup: fission_event (31/100)...
Proactive Stale CAS cleanup: glossary_term (32/100)...
Proactive Stale CAS cleanup: glossary_term_relation (33/100)...
Proactive Stale CAS cleanup: goal (34/100)...
Proactive Stale CAS cleanup: import_tracking (35/100)...
Proactive Stale CAS cleanup: inference_heuristic (37/100)...
Proactive Stale CAS cleanup: important_date (36/100)...
Proactive Stale CAS cleanup: keystore_entry (38/100)...
Proactive Stale CAS cleanup: kind_synonym (39/100)...
Proactive Stale CAS cleanup: list_metric_sampler (41/100)...
Proactive Stale CAS cleanup: library (40/100)...
Proactive Stale CAS cleanup: mcp_spec (42/100)...
Proactive Stale CAS cleanup: metadata_package (43/100)...
Proactive Stale CAS cleanup: metrics_feedback (44/100)...
Proactive Stale CAS cleanup: milestone (45/100)...
Proactive Stale CAS cleanup: mission (46/100)...
Proactive Stale CAS cleanup: namespace (47/100)...
Proactive Stale CAS cleanup: namespace_registry (48/100)...
Proactive Stale CAS cleanup: object_spec (49/100)...
Proactive Stale CAS cleanup: ordered_list_metric_sampler (50/100)...
Proactive Stale CAS cleanup: organization (51/100)...
Proactive Stale CAS cleanup: organizational_change (52/100)...
Proactive Stale CAS cleanup: partnership (53/100)...
Proactive Stale CAS cleanup: persona (54/100)...
Proactive Stale CAS cleanup: pipeline (55/100)...
Proactive Stale CAS cleanup: pipeline_definition (56/100)...
Proactive Stale CAS cleanup: pipeline_execution (57/100)...
Proactive Stale CAS cleanup: pipeline_stage (58/100)...
Proactive Stale CAS cleanup: policy (59/100)...
Proactive Stale CAS cleanup: process_hygiene_rule (61/100)...
Proactive Stale CAS cleanup: priority_plan (60/100)...
Proactive Stale CAS cleanup: prompt_template (62/100)...
Proactive Stale CAS cleanup: provider_profile (63/100)...
Proactive Stale CAS cleanup: qa_success (64/100)...
Proactive Stale CAS cleanup: question (65/100)...
Proactive Stale CAS cleanup: remote_kernel (67/100)...
Proactive Stale CAS cleanup: release (66/100)...
Proactive Stale CAS cleanup: requirement (68/100)...
Proactive Stale CAS cleanup: resolver (69/100)...
Proactive Stale CAS cleanup: risk_blocker (70/100)...
Proactive Stale CAS cleanup: roadmap (71/100)...
Proactive Stale CAS cleanup: role (72/100)...
Proactive Stale CAS cleanup: rollback_report (73/100)...
Proactive Stale CAS cleanup: rule (74/100)...
Proactive Stale CAS cleanup: scalar_metric_sampler (76/100)...
Proactive Stale CAS cleanup: sampler_profile (75/100)...
Proactive Stale CAS cleanup: scenario (77/100)...
Proactive Stale CAS cleanup: scheduler_handler_binding (78/100)...
Proactive Stale CAS cleanup: shockwave_router (79/100)...
Proactive Stale CAS cleanup: stakeholder_profile (80/100)...
Proactive Stale CAS cleanup: status_history_metric_sampler (81/100)...
Proactive Stale CAS cleanup: strategic_context (82/100)...
Proactive Stale CAS cleanup: strategic_plan (83/100)...
Proactive Stale CAS cleanup: team (84/100)...
Proactive Stale CAS cleanup: team_configuration (85/100)...
Proactive Stale CAS cleanup: technical_debt (86/100)...
Proactive Stale CAS cleanup: technical_spec (87/100)...
Proactive Stale CAS cleanup: template (88/100)...
Proactive Stale CAS cleanup: test_case (89/100)...
Proactive Stale CAS cleanup: test_command_rule (90/100)...
Proactive Stale CAS cleanup: translation_manifest (91/100)...
Proactive Stale CAS cleanup: validation_rule (92/100)...
Proactive Stale CAS cleanup: visual_plan (94/100)...
Proactive Stale CAS cleanup: vision (93/100)...
Proactive Stale CAS cleanup: vitality_report (95/100)...
Proactive Stale CAS cleanup: vocabulary_scheme (96/100)...
Proactive Stale CAS cleanup: watchdog_registration (97/100)...
Proactive Stale CAS cleanup: workflow (98/100)...
Proactive Stale CAS cleanup: workstream (99/100)...
Proactive Stale CAS cleanup: workstream_transition (100/100)...
Loaders starting...
Loaders ready.
Loading object ID cache...
Warming CAS indexes...
Merging CAS indexes for 46 kinds...
CAS indexes warmed
Cache ready, starting validator...
Discovery starting...
Starting discovery across 100 kinds...
Validating 8980 objects (from docs/process/ via object ID cache)...
Progress: [                                                  ] 1.2% (110/8980, queue: 8854) 109/s (validating, workers: 16, goroutines: 17) - 1s
Progress: [                                                  ] 1.9% (170/8980, queue: 8794) 85/s (validating, workers: 16, goroutines: 17) - 2s
Progress: [=                                                 ] 2.1% (193/8980, queue: 8771) 64/s (validating, workers: 16, goroutines: 17) - 3s
Progress: [=                                                 ] 2.4% (220/8980, queue: 8743) 55/s (validating, workers: 16, goroutines: 18) - 4s
Progress: [=                                                 ] 2.8% (252/8980, queue: 8712) 50/s (validating, workers: 16, goroutines: 17) - 5s
Progress: [=                                                 ] 3.2% (285/8980, queue: 8679) 47/s (validating, workers: 16, goroutines: 17) - 6s
Progress: [=                                                 ] 3.8% (339/8980, queue: 8624) 48/s (validating, workers: 16, goroutines: 18) - 7s
Progress: [==                                                ] 4.4% (395/8980, queue: 8568) 49/s (validating, workers: 16, goroutines: 18) - 8s
Progress: [==                                                ] 5.0% (452/8980, queue: 8511) 50/s (validating, workers: 16, goroutines: 18) - 9s
Progress: [==                                                ] 5.4% (486/8980, queue: 8478) 49/s (validating, workers: 16, goroutines: 17) - 10s
Progress: [==                                                ] 5.9% (528/8980, queue: 8436) 48/s (validating, workers: 16, goroutines: 17) - 11s
Progress: [===                                               ] 6.4% (573/8980, queue: 8391) 48/s (validating, workers: 16, goroutines: 17) - 12s
Progress: [===                                               ] 6.9% (619/8980, queue: 8345) 48/s (validating, workers: 16, goroutines: 17) - 13s
Progress: [===                                               ] 7.5% (673/8980, queue: 8291) 48/s (validating, workers: 16, goroutines: 17) - 14s
Progress: [===                                               ] 7.9% (710/8980, queue: 8253) 47/s (validating, workers: 16, goroutines: 18) - 15s
Progress: [====                                              ] 8.4% (758/8980, queue: 8206) 47/s (validating, workers: 16, goroutines: 17) - 16s
Progress: [====                                              ] 8.8% (786/8980, queue: 8178) 46/s (validating, workers: 16, goroutines: 17) - 17s
Progress: [====                                              ] 9.0% (805/8980, queue: 8159) 45/s (validating, workers: 16, goroutines: 17) - 18s
Progress: [====                                              ] 9.3% (835/8980, queue: 8129) 44/s (validating, workers: 16, goroutines: 17) - 19s
Progress: [====                                              ] 9.6% (861/8980, queue: 8102) 43/s (validating, workers: 16, goroutines: 18) - 20s
Progress: [=====                                             ] 10.1% (908/8980, queue: 8056) 43/s (validating, workers: 16, goroutines: 17) - 21s
Progress: [=====                                             ] 10.3% (929/8980, queue: 8035) 42/s (validating, workers: 16, goroutines: 17) - 22s
Progress: [=====                                             ] 10.6% (950/8980, queue: 8014) 41/s (validating, workers: 16, goroutines: 17) - 23s
Progress: [=====                                             ] 10.9% (978/8980, queue: 7985) 41/s (validating, workers: 16, goroutines: 18) - 24s
Progress: [=====                                             ] 11.5% (1030/8980, queue: 7934) 41/s (validating, workers: 16, goroutines: 17) - 25s
Progress: [======                                            ] 12.1% (1083/8980, queue: 7881) 42/s (validating, workers: 16, goroutines: 17) - 26s
Progress: [======                                            ] 12.3% (1104/8980, queue: 7860) 41/s (validating, workers: 16, goroutines: 17) - 27s
Progress: [======                                            ] 12.7% (1140/8980, queue: 7824) 41/s (validating, workers: 16, goroutines: 17) - 28s
Progress: [======                                            ] 13.0% (1170/8980, queue: 7794) 40/s (validating, workers: 16, goroutines: 17) - 29s
Progress: [======                                            ] 13.4% (1200/8980, queue: 7764) 40/s (validating, workers: 16, goroutines: 17) - 30s
Progress: [======                                            ] 13.8% (1238/8980, queue: 7726) 40/s (validating, workers: 16, goroutines: 17) - 31s
Progress: [=======                                           ] 14.4% (1295/8980, queue: 7668) 40/s (validating, workers: 16, goroutines: 18) - 32s
Progress: [=======                                           ] 14.9% (1337/8980, queue: 7627) 41/s (validating, workers: 16, goroutines: 17) - 33s
Progress: [=======                                           ] 15.5% (1395/8980, queue: 7569) 41/s (validating, workers: 16, goroutines: 17) - 34s
Progress: [========                                          ] 16.2% (1452/8980, queue: 7512) 41/s (validating, workers: 16, goroutines: 17) - 35s
Progress: [========                                          ] 16.8% (1512/8980, queue: 7452) 42/s (validating, workers: 16, goroutines: 17) - 36s
Progress: [========                                          ] 17.4% (1562/8980, queue: 7402) 42/s (validating, workers: 16, goroutines: 17) - 37s
Progress: [========                                          ] 17.7% (1592/8980, queue: 7371) 42/s (validating, workers: 16, goroutines: 18) - 38s
Progress: [=========                                         ] 18.1% (1625/8980, queue: 7338) 42/s (validating, workers: 16, goroutines: 18) - 39s
Progress: [=========                                         ] 18.5% (1664/8980, queue: 7300) 42/s (validating, workers: 16, goroutines: 17) - 40s
Progress: [=========                                         ] 18.8% (1689/8980, queue: 7275) 41/s (validating, workers: 16, goroutines: 17) - 41s
Progress: [=========                                         ] 19.1% (1711/8980, queue: 7251) 41/s (validating, workers: 16, goroutines: 19) - 42s
Progress: [=========                                         ] 19.3% (1735/8980, queue: 7228) 40/s (validating, workers: 16, goroutines: 18) - 43s
Progress: [=========                                         ] 19.8% (1780/8980, queue: 7184) 40/s (validating, workers: 16, goroutines: 17) - 44s
Progress: [==========                                        ] 20.3% (1820/8980, queue: 7144) 40/s (validating, workers: 16, goroutines: 17) - 45s
Progress: [==========                                        ] 20.7% (1856/8980, queue: 7108) 40/s (validating, workers: 16, goroutines: 17) - 46s
Progress: [==========                                        ] 20.9% (1879/8980, queue: 7085) 40/s (validating, workers: 16, goroutines: 17) - 47s
Progress: [==========                                        ] 21.2% (1908/8980, queue: 7056) 40/s (validating, workers: 16, goroutines: 17) - 48s
Progress: [==========                                        ] 21.6% (1937/8980, queue: 7027) 40/s (validating, workers: 16, goroutines: 17) - 49s
Progress: [==========                                        ] 21.9% (1969/8980, queue: 6994) 39/s (validating, workers: 16, goroutines: 18) - 50s
Progress: [===========                                       ] 22.3% (2004/8980, queue: 6959) 39/s (validating, workers: 16, goroutines: 18) - 51s
Progress: [===========                                       ] 22.7% (2039/8980, queue: 6924) 39/s (validating, workers: 16, goroutines: 18) - 52s
Progress: [===========                                       ] 23.1% (2076/8980, queue: 6887) 39/s (validating, workers: 16, goroutines: 18) - 53s
Progress: [===========                                       ] 23.5% (2114/8980, queue: 6848) 39/s (validating, workers: 16, goroutines: 19) - 54s
Progress: [============                                      ] 24.0% (2157/8980, queue: 6806) 39/s (validating, workers: 16, goroutines: 18) - 55s
Progress: [============                                      ] 24.3% (2184/8980, queue: 6779) 39/s (validating, workers: 16, goroutines: 18) - 56s
Progress: [============                                      ] 24.6% (2210/8980, queue: 6754) 39/s (validating, workers: 16, goroutines: 17) - 57s
Progress: [============                                      ] 24.8% (2227/8980, queue: 6737) 38/s (validating, workers: 16, goroutines: 17) - 58s
Progress: [============                                      ] 25.0% (2242/8980, queue: 6721) 38/s (validating, workers: 16, goroutines: 18) - 59s
Progress: [============                                      ] 25.2% (2266/8980, queue: 6697) 38/s (validating, workers: 16, goroutines: 18) - 1m0s
Progress: [============                                      ] 25.5% (2291/8980, queue: 6673) 38/s (validating, workers: 16, goroutines: 17) - 1m1s
Progress: [============                                      ] 25.8% (2318/8980, queue: 6645) 37/s (validating, workers: 16, goroutines: 18) - 1m2s
Progress: [=============                                     ] 26.0% (2337/8980, queue: 6626) 37/s (validating, workers: 16, goroutines: 18) - 1m3s
Progress: [=============                                     ] 26.3% (2366/8980, queue: 6598) 37/s (validating, workers: 16, goroutines: 17) - 1m4s
Progress: [=============                                     ] 26.7% (2398/8980, queue: 6566) 37/s (validating, workers: 16, goroutines: 17) - 1m5s
Progress: [=============                                     ] 27.1% (2431/8980, queue: 6531) 37/s (validating, workers: 16, goroutines: 19) - 1m6s
Progress: [=============                                     ] 27.4% (2457/8980, queue: 6506) 37/s (validating, workers: 16, goroutines: 18) - 1m7s
Progress: [=============                                     ] 27.8% (2499/8980, queue: 6465) 37/s (validating, workers: 16, goroutines: 17) - 1m8s
Progress: [==============                                    ] 28.1% (2519/8980, queue: 6445) 37/s (validating, workers: 16, goroutines: 17) - 1m9s
Progress: [==============                                    ] 28.4% (2547/8980, queue: 6416) 36/s (validating, workers: 16, goroutines: 18) - 1m10s
Progress: [==============                                    ] 28.6% (2572/8980, queue: 6392) 36/s (validating, workers: 16, goroutines: 17) - 1m11s
Progress: [==============                                    ] 29.0% (2601/8980, queue: 6363) 36/s (validating, workers: 16, goroutines: 17) - 1m12s
Progress: [==============                                    ] 29.5% (2651/8980, queue: 6313) 36/s (validating, workers: 16, goroutines: 17) - 1m13s
Progress: [==============                                    ] 29.8% (2679/8980, queue: 6285) 36/s (validating, workers: 16, goroutines: 17) - 1m14s
Progress: [===============                                   ] 30.1% (2703/8980, queue: 6261) 36/s (validating, workers: 16, goroutines: 17) - 1m15s
Progress: [===============                                   ] 30.3% (2721/8980, queue: 6242) 36/s (validating, workers: 16, goroutines: 18) - 1m16s
Progress: [===============                                   ] 30.6% (2747/8980, queue: 6217) 36/s (validating, workers: 16, goroutines: 17) - 1m17s
Progress: [===============                                   ] 30.8% (2768/8980, queue: 6195) 35/s (validating, workers: 16, goroutines: 18) - 1m18s
Progress: [===============                                   ] 31.2% (2800/8980, queue: 6163) 35/s (validating, workers: 16, goroutines: 18) - 1m19s
Progress: [===============                                   ] 31.3% (2815/8980, queue: 6148) 35/s (validating, workers: 16, goroutines: 18) - 1m20s
Progress: [===============                                   ] 31.6% (2834/8980, queue: 6130) 35/s (validating, workers: 16, goroutines: 17) - 1m21s
Progress: [===============                                   ] 32.0% (2870/8980, queue: 6094) 35/s (validating, workers: 16, goroutines: 17) - 1m22s
Progress: [================                                  ] 32.3% (2897/8980, queue: 6067) 35/s (validating, workers: 16, goroutines: 17) - 1m23s
Progress: [================                                  ] 32.5% (2918/8980, queue: 6045) 35/s (validating, workers: 16, goroutines: 18) - 1m24s
Progress: [================                                  ] 32.7% (2937/8980, queue: 6027) 35/s (validating, workers: 16, goroutines: 17) - 1m25s
Progress: [================                                  ] 33.1% (2969/8980, queue: 5995) 35/s (validating, workers: 16, goroutines: 17) - 1m26s
Progress: [================                                  ] 33.5% (3012/8980, queue: 5949) 35/s (validating, workers: 16, goroutines: 20) - 1m27s
Progress: [=================                                 ] 34.4% (3087/8980, queue: 5877) 35/s (validating, workers: 16, goroutines: 17) - 1m28s
Progress: [=================                                 ] 34.8% (3127/8980, queue: 5836) 35/s (validating, workers: 16, goroutines: 18) - 1m29s
Progress: [=================                                 ] 35.3% (3170/8980, queue: 5793) 35/s (validating, workers: 16, goroutines: 18) - 1m30s
Progress: [=================                                 ] 35.9% (3221/8980, queue: 5741) 35/s (validating, workers: 16, goroutines: 19) - 1m31s
Progress: [==================                                ] 36.2% (3252/8980, queue: 5712) 35/s (validating, workers: 16, goroutines: 17) - 1m32s
Progress: [==================                                ] 36.6% (3283/8980, queue: 5681) 35/s (validating, workers: 16, goroutines: 17) - 1m33s
Progress: [==================                                ] 36.9% (3315/8980, queue: 5648) 35/s (validating, workers: 16, goroutines: 18) - 1m34s
Progress: [==================                                ] 37.2% (3341/8980, queue: 5622) 35/s (validating, workers: 16, goroutines: 18) - 1m35s
Progress: [==================                                ] 37.5% (3369/8980, queue: 5595) 35/s (validating, workers: 16, goroutines: 17) - 1m36s
Progress: [==================                                ] 37.8% (3390/8980, queue: 5573) 35/s (validating, workers: 16, goroutines: 18) - 1m37s
Progress: [===================                               ] 38.1% (3417/8980, queue: 5547) 35/s (validating, workers: 16, goroutines: 17) - 1m38s
Progress: [===================                               ] 38.4% (3445/8980, queue: 5519) 35/s (validating, workers: 16, goroutines: 17) - 1m39s
Progress: [===================                               ] 38.6% (3470/8980, queue: 5494) 35/s (validating, workers: 16, goroutines: 17) - 1m40s
Progress: [===================                               ] 38.9% (3492/8980, queue: 5472) 35/s (validating, workers: 16, goroutines: 17) - 1m41s
Progress: [===================                               ] 39.2% (3516/8980, queue: 5448) 34/s (validating, workers: 16, goroutines: 17) - 1m42s
Progress: [===================                               ] 39.5% (3549/8980, queue: 5414) 34/s (validating, workers: 16, goroutines: 18) - 1m43s
Progress: [====================                              ] 40.1% (3597/8980, queue: 5367) 35/s (validating, workers: 16, goroutines: 17) - 1m44s
Progress: [====================                              ] 40.5% (3633/8980, queue: 5331) 35/s (validating, workers: 16, goroutines: 17) - 1m45s
Progress: [====================                              ] 40.8% (3661/8980, queue: 5302) 35/s (validating, workers: 16, goroutines: 18) - 1m46s
Progress: [====================                              ] 41.1% (3690/8980, queue: 5274) 34/s (validating, workers: 16, goroutines: 17) - 1m47s
Progress: [====================                              ] 41.5% (3724/8980, queue: 5240) 34/s (validating, workers: 16, goroutines: 17) - 1m48s
Progress: [====================                              ] 41.8% (3756/8980, queue: 5208) 34/s (validating, workers: 16, goroutines: 17) - 1m49s
Progress: [=====================                             ] 42.2% (3789/8980, queue: 5173) 34/s (validating, workers: 16, goroutines: 19) - 1m50s
Progress: [=====================                             ] 42.6% (3822/8980, queue: 5142) 34/s (validating, workers: 16, goroutines: 17) - 1m51s
Progress: [=====================                             ] 42.9% (3848/8980, queue: 5115) 34/s (validating, workers: 16, goroutines: 18) - 1m52s
Progress: [=====================                             ] 43.3% (3889/8980, queue: 5075) 34/s (validating, workers: 16, goroutines: 17) - 1m53s
Progress: [=====================                             ] 43.8% (3931/8980, queue: 5033) 34/s (validating, workers: 16, goroutines: 17) - 1m54s
Progress: [======================                            ] 44.3% (3978/8980, queue: 4985) 35/s (validating, workers: 16, goroutines: 17) - 1m55s
Progress: [======================                            ] 44.8% (4025/8980, queue: 4939) 35/s (validating, workers: 16, goroutines: 17) - 1m56s
Progress: [======================                            ] 45.2% (4060/8980, queue: 4904) 35/s (validating, workers: 16, goroutines: 17) - 1m57s
Progress: [======================                            ] 45.5% (4086/8980, queue: 4877) 35/s (validating, workers: 16, goroutines: 18) - 1m58s
Progress: [======================                            ] 45.9% (4119/8980, queue: 4845) 35/s (validating, workers: 16, goroutines: 17) - 1m59s
Progress: [=======================                           ] 46.3% (4157/8980, queue: 4806) 35/s (validating, workers: 16, goroutines: 18) - 2m0s
Progress: [=======================                           ] 46.5% (4179/8980, queue: 4784) 35/s (validating, workers: 16, goroutines: 18) - 2m1s
Progress: [=======================                           ] 46.8% (4206/8980, queue: 4758) 34/s (validating, workers: 16, goroutines: 17) - 2m2s
Progress: [=======================                           ] 47.1% (4227/8980, queue: 4736) 34/s (validating, workers: 16, goroutines: 18) - 2m3s
Progress: [=======================                           ] 47.4% (4257/8980, queue: 4706) 34/s (validating, workers: 16, goroutines: 18) - 2m4s
Progress: [=======================                           ] 47.7% (4280/8980, queue: 4684) 34/s (validating, workers: 16, goroutines: 17) - 2m5s
Progress: [========================                          ] 48.0% (4311/8980, queue: 4653) 34/s (validating, workers: 16, goroutines: 17) - 2m6s
Progress: [========================                          ] 48.3% (4341/8980, queue: 4623) 34/s (validating, workers: 16, goroutines: 17) - 2m7s
Progress: [========================                          ] 48.6% (4361/8980, queue: 4603) 34/s (validating, workers: 16, goroutines: 17) - 2m8s
Progress: [========================                          ] 48.8% (4383/8980, queue: 4581) 34/s (validating, workers: 16, goroutines: 17) - 2m9s
Progress: [========================                          ] 49.1% (4405/8980, queue: 4558) 34/s (validating, workers: 16, goroutines: 18) - 2m10s
Progress: [========================                          ] 49.3% (4428/8980, queue: 4536) 34/s (validating, workers: 16, goroutines: 17) - 2m11s
Progress: [========================                          ] 49.6% (4452/8980, queue: 4512) 34/s (validating, workers: 16, goroutines: 17) - 2m12s
Progress: [========================                          ] 49.8% (4475/8980, queue: 4489) 34/s (validating, workers: 16, goroutines: 17) - 2m13s
Progress: [=========================                         ] 50.1% (4496/8980, queue: 4468) 34/s (validating, workers: 16, goroutines: 17) - 2m14s
Progress: [=========================                         ] 50.3% (4521/8980, queue: 4442) 33/s (validating, workers: 16, goroutines: 18) - 2m15s
Progress: [=========================                         ] 50.6% (4548/8980, queue: 4416) 33/s (validating, workers: 16, goroutines: 17) - 2m16s
Progress: [=========================                         ] 50.9% (4572/8980, queue: 4392) 33/s (validating, workers: 16, goroutines: 17) - 2m17s
Progress: [=========================                         ] 51.2% (4600/8980, queue: 4364) 33/s (validating, workers: 16, goroutines: 17) - 2m18s
Progress: [=========================                         ] 51.5% (4627/8980, queue: 4337) 33/s (validating, workers: 16, goroutines: 17) - 2m19s
Progress: [=========================                         ] 51.9% (4660/8980, queue: 4301) 33/s (validating, workers: 16, goroutines: 20) - 2m20s
Progress: [==========================                        ] 52.2% (4685/8980, queue: 4279) 33/s (validating, workers: 16, goroutines: 17) - 2m21s
Progress: [==========================                        ] 52.4% (4708/8980, queue: 4256) 33/s (validating, workers: 16, goroutines: 17) - 2m22s
Progress: [==========================                        ] 52.7% (4734/8980, queue: 4230) 33/s (validating, workers: 16, goroutines: 17) - 2m23s
Progress: [==========================                        ] 53.0% (4759/8980, queue: 4205) 33/s (validating, workers: 16, goroutines: 17) - 2m24s
Progress: [==========================                        ] 53.4% (4792/8980, queue: 4172) 33/s (validating, workers: 16, goroutines: 17) - 2m25s
Progress: [==========================                        ] 53.7% (4820/8980, queue: 4143) 33/s (validating, workers: 16, goroutines: 18) - 2m26s
Progress: [===========================                       ] 54.0% (4852/8980, queue: 4109) 33/s (validating, workers: 16, goroutines: 20) - 2m27s
Progress: [===========================                       ] 54.5% (4891/8980, queue: 4073) 33/s (validating, workers: 16, goroutines: 17) - 2m28s
Progress: [===========================                       ] 54.8% (4920/8980, queue: 4044) 33/s (validating, workers: 16, goroutines: 17) - 2m29s
Progress: [===========================                       ] 55.1% (4947/8980, queue: 4017) 33/s (validating, workers: 16, goroutines: 17) - 2m30s
Progress: [===========================                       ] 55.3% (4966/8980, queue: 3998) 33/s (validating, workers: 16, goroutines: 17) - 2m31s
Progress: [===========================                       ] 55.6% (4993/8980, queue: 3971) 33/s (validating, workers: 16, goroutines: 17) - 2m32s
Progress: [===========================                       ] 55.9% (5024/8980, queue: 3940) 33/s (validating, workers: 16, goroutines: 17) - 2m33s
Progress: [============================                      ] 56.3% (5054/8980, queue: 3910) 33/s (validating, workers: 16, goroutines: 17) - 2m34s
Progress: [============================                      ] 56.6% (5080/8980, queue: 3883) 33/s (validating, workers: 16, goroutines: 18) - 2m35s
Progress: [============================                      ] 56.9% (5114/8980, queue: 3850) 33/s (validating, workers: 16, goroutines: 17) - 2m36s
Progress: [============================                      ] 57.3% (5142/8980, queue: 3822) 33/s (validating, workers: 16, goroutines: 17) - 2m37s
Progress: [============================                      ] 57.6% (5169/8980, queue: 3794) 33/s (validating, workers: 16, goroutines: 18) - 2m38s
Progress: [============================                      ] 58.0% (5208/8980, queue: 3756) 33/s (validating, workers: 16, goroutines: 17) - 2m39s
Progress: [=============================                     ] 58.4% (5243/8980, queue: 3720) 33/s (validating, workers: 16, goroutines: 18) - 2m40s
Progress: [=============================                     ] 58.9% (5285/8980, queue: 3679) 33/s (validating, workers: 16, goroutines: 17) - 2m41s
Progress: [=============================                     ] 59.3% (5328/8980, queue: 3636) 33/s (validating, workers: 16, goroutines: 17) - 2m42s
Progress: [=============================                     ] 59.7% (5364/8980, queue: 3599) 33/s (validating, workers: 16, goroutines: 18) - 2m43s
Progress: [==============================                    ] 60.0% (5388/8980, queue: 3576) 33/s (validating, workers: 16, goroutines: 18) - 2m44s
Progress: [==============================                    ] 60.3% (5415/8980, queue: 3547) 33/s (validating, workers: 16, goroutines: 19) - 2m45s
Progress: [==============================                    ] 60.6% (5440/8980, queue: 3522) 33/s (validating, workers: 16, goroutines: 19) - 2m46s
Progress: [==============================                    ] 61.0% (5476/8980, queue: 3487) 33/s (validating, workers: 16, goroutines: 18) - 2m47s
Progress: [==============================                    ] 61.3% (5501/8980, queue: 3462) 33/s (validating, workers: 16, goroutines: 18) - 2m48s
Progress: [==============================                    ] 61.6% (5528/8980, queue: 3436) 33/s (validating, workers: 16, goroutines: 17) - 2m49s
Progress: [==============================                    ] 61.8% (5552/8980, queue: 3411) 33/s (validating, workers: 16, goroutines: 18) - 2m50s
Progress: [===============================                   ] 62.2% (5585/8980, queue: 3378) 33/s (validating, workers: 16, goroutines: 18) - 2m51s
Progress: [===============================                   ] 62.8% (5641/8980, queue: 3323) 33/s (validating, workers: 16, goroutines: 17) - 2m52s
Progress: [===============================                   ] 63.4% (5694/8980, queue: 3270) 33/s (validating, workers: 16, goroutines: 17) - 2m53s
Progress: [===============================                   ] 63.8% (5727/8980, queue: 3237) 33/s (validating, workers: 16, goroutines: 17) - 2m54s
Progress: [================================                  ] 64.1% (5752/8980, queue: 3211) 33/s (validating, workers: 16, goroutines: 18) - 2m55s
Progress: [================================                  ] 64.4% (5782/8980, queue: 3182) 33/s (validating, workers: 16, goroutines: 17) - 2m56s
Progress: [================================                  ] 64.7% (5810/8980, queue: 3153) 33/s (validating, workers: 16, goroutines: 18) - 2m57s
Progress: [================================                  ] 65.1% (5845/8980, queue: 3119) 33/s (validating, workers: 16, goroutines: 17) - 2m58s
Progress: [================================                  ] 65.4% (5869/8980, queue: 3094) 33/s (validating, workers: 16, goroutines: 18) - 2m59s
Progress: [================================                  ] 65.7% (5901/8980, queue: 3063) 33/s (validating, workers: 16, goroutines: 17) - 3m0s
Progress: [================================                  ] 66.0% (5925/8980, queue: 3039) 33/s (validating, workers: 16, goroutines: 17) - 3m1s
Progress: [=================================                 ] 66.3% (5958/8980, queue: 3005) 33/s (validating, workers: 16, goroutines: 18) - 3m2s
Progress: [=================================                 ] 66.7% (5993/8980, queue: 2971) 33/s (validating, workers: 16, goroutines: 17) - 3m3s
Progress: [=================================                 ] 67.2% (6036/8980, queue: 2928) 33/s (validating, workers: 16, goroutines: 17) - 3m4s
Progress: [=================================                 ] 67.6% (6073/8980, queue: 2891) 33/s (validating, workers: 16, goroutines: 17) - 3m5s
Progress: [==================================                ] 68.2% (6125/8980, queue: 2839) 33/s (validating, workers: 16, goroutines: 17) - 3m6s
Progress: [==================================                ] 68.7% (6166/8980, queue: 2798) 33/s (validating, workers: 16, goroutines: 17) - 3m7s
Progress: [==================================                ] 69.4% (6236/8980, queue: 2728) 33/s (validating, workers: 16, goroutines: 17) - 3m8s
Progress: [===================================               ] 70.2% (6301/8980, queue: 2663) 33/s (validating, workers: 16, goroutines: 17) - 3m9s
Progress: [===================================               ] 70.6% (6336/8980, queue: 2628) 33/s (validating, workers: 16, goroutines: 17) - 3m10s
Progress: [===================================               ] 70.9% (6369/8980, queue: 2595) 33/s (validating, workers: 16, goroutines: 17) - 3m11s
Progress: [===================================               ] 71.3% (6405/8980, queue: 2558) 33/s (validating, workers: 16, goroutines: 18) - 3m12s
Progress: [===================================               ] 71.6% (6430/8980, queue: 2534) 33/s (validating, workers: 16, goroutines: 17) - 3m13s
Progress: [===================================               ] 72.0% (6463/8980, queue: 2501) 33/s (validating, workers: 16, goroutines: 17) - 3m14s
Progress: [====================================              ] 72.4% (6501/8980, queue: 2463) 33/s (validating, workers: 16, goroutines: 17) - 3m15s
Progress: [====================================              ] 72.7% (6530/8980, queue: 2433) 33/s (validating, workers: 16, goroutines: 18) - 3m16s
Progress: [====================================              ] 73.2% (6569/8980, queue: 2395) 33/s (validating, workers: 16, goroutines: 17) - 3m17s
Progress: [====================================              ] 73.5% (6603/8980, queue: 2361) 33/s (validating, workers: 16, goroutines: 17) - 3m18s
Progress: [====================================              ] 73.8% (6629/8980, queue: 2335) 33/s (validating, workers: 16, goroutines: 17) - 3m19s
Progress: [=====================================             ] 74.4% (6681/8980, queue: 2283) 33/s (validating, workers: 16, goroutines: 17) - 3m20s
Progress: [=====================================             ] 74.8% (6721/8980, queue: 2243) 33/s (validating, workers: 16, goroutines: 17) - 3m21s
Progress: [=====================================             ] 75.5% (6784/8980, queue: 2178) 34/s (validating, workers: 16, goroutines: 19) - 3m22s
Progress: [======================================            ] 76.4% (6863/8980, queue: 2101) 34/s (validating, workers: 16, goroutines: 17) - 3m23s
Progress: [======================================            ] 77.0% (6918/8980, queue: 2046) 34/s (validating, workers: 16, goroutines: 17) - 3m24s
Progress: [======================================            ] 77.4% (6955/8980, queue: 2008) 34/s (validating, workers: 16, goroutines: 18) - 3m25s
Progress: [=======================================           ] 78.1% (7013/8980, queue: 1951) 34/s (validating, workers: 16, goroutines: 17) - 3m26s
Progress: [=======================================           ] 78.4% (7042/8980, queue: 1922) 34/s (validating, workers: 16, goroutines: 17) - 3m27s
Progress: [=======================================           ] 78.7% (7068/8980, queue: 1896) 34/s (validating, workers: 16, goroutines: 17) - 3m28s
Progress: [=======================================           ] 79.0% (7092/8980, queue: 1872) 34/s (validating, workers: 16, goroutines: 17) - 3m29s
Progress: [=======================================           ] 79.3% (7124/8980, queue: 1840) 34/s (validating, workers: 16, goroutines: 17) - 3m30s
Progress: [=======================================           ] 79.6% (7146/8980, queue: 1816) 34/s (validating, workers: 16, goroutines: 19) - 3m31s
Progress: [========================================          ] 80.1% (7191/8980, queue: 1773) 34/s (validating, workers: 16, goroutines: 17) - 3m32s
Progress: [========================================          ] 80.5% (7232/8980, queue: 1731) 34/s (validating, workers: 16, goroutines: 18) - 3m33s
Progress: [========================================          ] 80.8% (7252/8980, queue: 1712) 34/s (validating, workers: 16, goroutines: 17) - 3m34s
Progress: [========================================          ] 81.6% (7327/8980, queue: 1637) 34/s (validating, workers: 16, goroutines: 17) - 3m35s
Progress: [=========================================         ] 83.0% (7450/8980, queue: 1514) 34/s (validating, workers: 16, goroutines: 17) - 3m36s
Progress: [=========================================         ] 83.6% (7511/8980, queue: 1453) 35/s (validating, workers: 16, goroutines: 17) - 3m37s
Progress: [==========================================        ] 84.0% (7544/8980, queue: 1420) 35/s (validating, workers: 16, goroutines: 17) - 3m38s
Progress: [==========================================        ] 84.3% (7571/8980, queue: 1393) 35/s (validating, workers: 16, goroutines: 17) - 3m39s
Progress: [==========================================        ] 84.6% (7600/8980, queue: 1363) 35/s (validating, workers: 16, goroutines: 18) - 3m40s
Progress: [==========================================        ] 85.2% (7653/8980, queue: 1311) 35/s (validating, workers: 16, goroutines: 17) - 3m41s
Progress: [==========================================        ] 85.6% (7690/8980, queue: 1274) 35/s (validating, workers: 16, goroutines: 17) - 3m42s
Progress: [==========================================        ] 85.9% (7712/8980, queue: 1251) 35/s (validating, workers: 16, goroutines: 18) - 3m43s
Progress: [===========================================       ] 86.6% (7780/8980, queue: 1184) 35/s (validating, workers: 16, goroutines: 17) - 3m44s
Progress: [===========================================       ] 87.3% (7836/8980, queue: 1128) 35/s (validating, workers: 16, goroutines: 17) - 3m45s
Progress: [===========================================       ] 87.6% (7864/8980, queue: 1099) 35/s (validating, workers: 16, goroutines: 18) - 3m46s
Progress: [===========================================       ] 87.9% (7895/8980, queue: 1069) 35/s (validating, workers: 16, goroutines: 17) - 3m47s
Progress: [============================================      ] 88.4% (7934/8980, queue: 1028) 35/s (validating, workers: 16, goroutines: 19) - 3m48s
Progress: [============================================      ] 89.0% (7991/8980, queue: 972) 35/s (validating, workers: 16, goroutines: 18) - 3m49s
Progress: [============================================      ] 89.3% (8020/8980, queue: 943) 35/s (validating, workers: 16, goroutines: 18) - 3m50s
Progress: [============================================      ] 89.7% (8054/8980, queue: 910) 35/s (validating, workers: 16, goroutines: 17) - 3m51s
Progress: [=============================================     ] 90.2% (8104/8980, queue: 860) 35/s (validating, workers: 16, goroutines: 18) - 3m52s
Progress: [=============================================     ] 90.7% (8145/8980, queue: 817) 35/s (validating, workers: 16, goroutines: 19) - 3m53s
Progress: [=============================================     ] 90.9% (8167/8980, queue: 796) 35/s (validating, workers: 16, goroutines: 18) - 3m54s
Progress: [=============================================     ] 91.3% (8195/8980, queue: 767) 35/s (validating, workers: 16, goroutines: 19) - 3m55s
Progress: [=============================================     ] 91.6% (8229/8980, queue: 735) 35/s (validating, workers: 16, goroutines: 17) - 3m56s
Progress: [==============================================    ] 92.4% (8301/8980, queue: 663) 35/s (validating, workers: 16, goroutines: 17) - 3m57s
Progress: [==============================================    ] 93.3% (8382/8980, queue: 581) 35/s (validating, workers: 16, goroutines: 18) - 3m58s
Progress: [===============================================   ] 94.3% (8471/8980, queue: 493) 35/s (validating, workers: 16, goroutines: 17) - 3m59s
Progress: [===============================================   ] 94.9% (8520/8980, queue: 442) 35/s (validating, workers: 16, goroutines: 19) - 4m0s
Progress: [===============================================   ] 95.6% (8581/8980, queue: 383) 36/s (validating, workers: 16, goroutines: 17) - 4m1s
Progress: [===============================================   ] 95.9% (8610/8980, queue: 354) 36/s (validating, workers: 16, goroutines: 17) - 4m2s
Progress: [================================================  ] 96.4% (8657/8980, queue: 307) 36/s (validating, workers: 16, goroutines: 17) - 4m3s
Progress: [================================================  ] 96.9% (8699/8980, queue: 265) 36/s (validating, workers: 16, goroutines: 17) - 4m4s
Progress: [================================================  ] 97.1% (8724/8980, queue: 240) 36/s (validating, workers: 16, goroutines: 17) - 4m5s
Progress: [================================================  ] 97.5% (8754/8980, queue: 209) 36/s (validating, workers: 16, goroutines: 18) - 4m6s
Progress: [================================================  ] 97.9% (8790/8980, queue: 174) 36/s (validating, workers: 16, goroutines: 18) - 4m7s
Progress: [================================================= ] 98.1% (8811/8980, queue: 153) 36/s (validating, workers: 16, goroutines: 17) - 4m8s
Progress: [================================================= ] 98.6% (8852/8980, queue: 111) 36/s (validating, workers: 16, goroutines: 18) - 4m9s
Progress: [================================================= ] 99.0% (8887/8980, queue: 77) 36/s (validating, workers: 16, goroutines: 17) - 4m10s
Progress: [================================================= ] 99.4% (8928/8980, queue: 35) 36/s (validating, workers: 16, goroutines: 18) - 4m11s
Progress: [================================================= ] 99.8% (8963/8980, queue: 0) 36/s (draining in-flight, workers: 16) - 4m12s
Progress: [================================================= ] 100.0% (8976/8980, queue: 0) 36/s (draining in-flight, workers: 16) - 4m12s
Progress: [==================================================] 100.0% (8980/8980, queue: 0) 35/s (completed) - 4m14s

Validation completed: 8980/8980 objects (8980 succeeded, 0 failed)

--- run 2026-09-05T03:40:03Z ---
System check starting...
Preparing loaders and cache...
Proactive Stale CAS cleanup starting...
Proactive Stale CAS cleanup: cleaning 100 kinds (timeout 2m0s)...
Proactive Stale CAS cleanup: account (1/100)...
Proactive Stale CAS cleanup: agent_architecture (2/100)...
Proactive Stale CAS cleanup: agent_feed (3/100)...
Proactive Stale CAS cleanup: agent_onboarding_preparation (4/100)...
Proactive Stale CAS cleanup: agent_skill (5/100)...
Proactive Stale CAS cleanup: agent_task (6/100)...
Proactive Stale CAS cleanup: api_spec (7/100)...
Proactive Stale CAS cleanup: auth_strategy (8/100)...
Proactive Stale CAS cleanup: base_sampler (10/100)...
Proactive Stale CAS cleanup: backlog_item (9/100)...
Proactive Stale CAS cleanup: brand (11/100)...
Proactive Stale CAS cleanup: bucketing_strategy (12/100)...
Proactive Stale CAS cleanup: capacity_advertisement (14/100)...
Proactive Stale CAS cleanup: capability (13/100)...
Proactive Stale CAS cleanup: certificate (15/100)...
Proactive Stale CAS cleanup: command_spec (16/100)...
Proactive Stale CAS cleanup: compute_advertisement (18/100)...
Proactive Stale CAS cleanup: component (17/100)...
Proactive Stale CAS cleanup: context_refresh_schedule (19/100)...
Proactive Stale CAS cleanup: convergence_session (20/100)...
Proactive Stale CAS cleanup: corporate_initiative (21/100)...
Proactive Stale CAS cleanup: criteria (22/100)...
Proactive Stale CAS cleanup: decision (23/100)...
Proactive Stale CAS cleanup: department (24/100)...
Proactive Stale CAS cleanup: digital_asset (25/100)...
Proactive Stale CAS cleanup: division (26/100)...
Proactive Stale CAS cleanup: doc_entry (27/100)...
Proactive Stale CAS cleanup: domain_registry (28/100)...
Proactive Stale CAS cleanup: evolution_management (29/100)...
Proactive Stale CAS cleanup: fission_event (31/100)...
Proactive Stale CAS cleanup: field_registry (30/100)...
Proactive Stale CAS cleanup: glossary_term (32/100)...
Proactive Stale CAS cleanup: glossary_term_relation (33/100)...
Proactive Stale CAS cleanup: goal (34/100)...
Proactive Stale CAS cleanup: import_tracking (35/100)...
Proactive Stale CAS cleanup: important_date (36/100)...
Proactive Stale CAS cleanup: inference_heuristic (37/100)...
Proactive Stale CAS cleanup: keystore_entry (38/100)...
Proactive Stale CAS cleanup: kind_synonym (39/100)...
Proactive Stale CAS cleanup: list_metric_sampler (41/100)...
Proactive Stale CAS cleanup: library (40/100)...
Proactive Stale CAS cleanup: mcp_spec (42/100)...
Proactive Stale CAS cleanup: metrics_feedback (44/100)...
Proactive Stale CAS cleanup: metadata_package (43/100)...
Proactive Stale CAS cleanup: milestone (45/100)...
Proactive Stale CAS cleanup: mission (46/100)...
Proactive Stale CAS cleanup: namespace (47/100)...
Proactive Stale CAS cleanup: namespace_registry (48/100)...
Proactive Stale CAS cleanup: ordered_list_metric_sampler (50/100)...
Proactive Stale CAS cleanup: object_spec (49/100)...
Proactive Stale CAS cleanup: organization (51/100)...
Proactive Stale CAS cleanup: organizational_change (52/100)...
Proactive Stale CAS cleanup: partnership (53/100)...
Proactive Stale CAS cleanup: persona (54/100)...
Proactive Stale CAS cleanup: pipeline (55/100)...
Proactive Stale CAS cleanup: pipeline_definition (56/100)...
Proactive Stale CAS cleanup: pipeline_stage (58/100)...
Proactive Stale CAS cleanup: pipeline_execution (57/100)...
Proactive Stale CAS cleanup: policy (59/100)...
Proactive Stale CAS cleanup: priority_plan (60/100)...
Proactive Stale CAS cleanup: process_hygiene_rule (61/100)...
Proactive Stale CAS cleanup: prompt_template (62/100)...
Proactive Stale CAS cleanup: provider_profile (63/100)...
Proactive Stale CAS cleanup: qa_success (64/100)...
Proactive Stale CAS cleanup: question (65/100)...
Proactive Stale CAS cleanup: release (66/100)...
Proactive Stale CAS cleanup: remote_kernel (67/100)...
Proactive Stale CAS cleanup: requirement (68/100)...
Proactive Stale CAS cleanup: resolver (69/100)...
Proactive Stale CAS cleanup: risk_blocker (70/100)...
Proactive Stale CAS cleanup: roadmap (71/100)...
Proactive Stale CAS cleanup: role (72/100)...
Proactive Stale CAS cleanup: rollback_report (73/100)...
Proactive Stale CAS cleanup: rule (74/100)...
Proactive Stale CAS cleanup: scalar_metric_sampler (76/100)...
Proactive Stale CAS cleanup: sampler_profile (75/100)...
Proactive Stale CAS cleanup: scenario (77/100)...
Proactive Stale CAS cleanup: scheduler_handler_binding (78/100)...
Proactive Stale CAS cleanup: shockwave_router (79/100)...
Proactive Stale CAS cleanup: status_history_metric_sampler (81/100)...
Proactive Stale CAS cleanup: stakeholder_profile (80/100)...
Proactive Stale CAS cleanup: strategic_context (82/100)...
Proactive Stale CAS cleanup: strategic_plan (83/100)...
Proactive Stale CAS cleanup: team (84/100)...
Proactive Stale CAS cleanup: team_configuration (85/100)...
Proactive Stale CAS cleanup: technical_debt (86/100)...
Proactive Stale CAS cleanup: technical_spec (87/100)...
Proactive Stale CAS cleanup: template (88/100)...
Proactive Stale CAS cleanup: test_case (89/100)...
Proactive Stale CAS cleanup: translation_manifest (91/100)...
Proactive Stale CAS cleanup: test_command_rule (90/100)...
Proactive Stale CAS cleanup: validation_rule (92/100)...
Proactive Stale CAS cleanup: vision (93/100)...
Proactive Stale CAS cleanup: vitality_report (95/100)...
Proactive Stale CAS cleanup: visual_plan (94/100)...
Proactive Stale CAS cleanup: vocabulary_scheme (96/100)...
Proactive Stale CAS cleanup: watchdog_registration (97/100)...
Proactive Stale CAS cleanup: workflow (98/100)...
Proactive Stale CAS cleanup: workstream (99/100)...
Proactive Stale CAS cleanup: workstream_transition (100/100)...
Loaders starting...
Loaders ready.
Loading object ID cache...
Warming CAS indexes...
Merging CAS indexes for 46 kinds...
CAS indexes warmed
Cache ready, starting validator...
Discovery starting...
Starting discovery across 100 kinds...
Discovering objects... 8853 found (2s)
Validating 8987 objects (from docs/process/ via object ID cache)...
Progress: [                                                  ] 1.7% (152/8987, queue: 8819) 148/s (validating, workers: 16, goroutines: 17) - 1s
Progress: [=                                                 ] 2.2% (199/8987, queue: 8771) 98/s (validating, workers: 16, goroutines: 18) - 2s
Progress: [=                                                 ] 2.8% (254/8987, queue: 8717) 84/s (validating, workers: 16, goroutines: 17) - 3s
Progress: [=                                                 ] 3.2% (292/8987, queue: 8679) 72/s (validating, workers: 16, goroutines: 17) - 4s
Progress: [=                                                 ] 3.6% (325/8987, queue: 8645) 65/s (validating, workers: 16, goroutines: 18) - 5s
Progress: [==                                                ] 4.2% (378/8987, queue: 8593) 63/s (validating, workers: 16, goroutines: 17) - 6s
Progress: [==                                                ] 4.7% (418/8987, queue: 8553) 59/s (validating, workers: 16, goroutines: 17) - 7s
Progress: [==                                                ] 5.6% (499/8987, queue: 8472) 62/s (validating, workers: 16, goroutines: 17) - 8s
Progress: [===                                               ] 6.2% (560/8987, queue: 8411) 62/s (validating, workers: 16, goroutines: 17) - 9s
Progress: [===                                               ] 6.7% (602/8987, queue: 8369) 60/s (validating, workers: 16, goroutines: 17) - 10s
Progress: [===                                               ] 7.0% (632/8987, queue: 8339) 57/s (validating, workers: 16, goroutines: 17) - 11s
Progress: [===                                               ] 7.4% (664/8987, queue: 8307) 55/s (validating, workers: 16, goroutines: 17) - 12s
Progress: [===                                               ] 7.8% (697/8987, queue: 8274) 53/s (validating, workers: 16, goroutines: 17) - 13s
Progress: [====                                              ] 8.2% (734/8987, queue: 8237) 52/s (validating, workers: 16, goroutines: 17) - 14s
Progress: [====                                              ] 8.5% (763/8987, queue: 8208) 51/s (validating, workers: 16, goroutines: 17) - 15s
Progress: [====                                              ] 9.0% (808/8987, queue: 8163) 50/s (validating, workers: 16, goroutines: 17) - 16s
Progress: [====                                              ] 9.8% (878/8987, queue: 8093) 52/s (validating, workers: 16, goroutines: 17) - 17s
Progress: [=====                                             ] 10.6% (952/8987, queue: 8019) 53/s (validating, workers: 16, goroutines: 17) - 18s
Progress: [=====                                             ] 11.0% (993/8987, queue: 7978) 52/s (validating, workers: 16, goroutines: 17) - 19s
Progress: [=====                                             ] 11.3% (1018/8987, queue: 7953) 51/s (validating, workers: 16, goroutines: 17) - 20s
Progress: [=====                                             ] 11.9% (1067/8987, queue: 7903) 51/s (validating, workers: 16, goroutines: 18) - 21s
Progress: [======                                            ] 12.3% (1107/8987, queue: 7864) 50/s (validating, workers: 16, goroutines: 17) - 22s
Progress: [======                                            ] 12.6% (1136/8987, queue: 7835) 49/s (validating, workers: 16, goroutines: 17) - 23s
Progress: [======                                            ] 13.0% (1165/8987, queue: 7806) 48/s (validating, workers: 16, goroutines: 17) - 24s
Progress: [======                                            ] 13.3% (1198/8987, queue: 7773) 48/s (validating, workers: 16, goroutines: 17) - 25s
Progress: [======                                            ] 13.7% (1229/8987, queue: 7742) 47/s (validating, workers: 16, goroutines: 17) - 26s
Progress: [======                                            ] 14.0% (1258/8987, queue: 7711) 47/s (validating, workers: 16, goroutines: 19) - 27s
Progress: [=======                                           ] 14.3% (1281/8987, queue: 7689) 46/s (validating, workers: 16, goroutines: 18) - 28s
Progress: [=======                                           ] 14.6% (1309/8987, queue: 7661) 45/s (validating, workers: 16, goroutines: 18) - 29s
Progress: [=======                                           ] 14.9% (1341/8987, queue: 7629) 45/s (validating, workers: 16, goroutines: 18) - 30s
Progress: [=======                                           ] 15.2% (1367/8987, queue: 7603) 44/s (validating, workers: 16, goroutines: 18) - 31s
Progress: [=======                                           ] 15.6% (1402/8987, queue: 7569) 44/s (validating, workers: 16, goroutines: 17) - 32s
Progress: [========                                          ] 16.0% (1440/8987, queue: 7531) 44/s (validating, workers: 16, goroutines: 17) - 33s
Progress: [========                                          ] 16.4% (1477/8987, queue: 7494) 43/s (validating, workers: 16, goroutines: 17) - 34s
Progress: [========                                          ] 16.7% (1501/8987, queue: 7470) 43/s (validating, workers: 16, goroutines: 17) - 35s
Progress: [========                                          ] 17.2% (1542/8987, queue: 7429) 43/s (validating, workers: 16, goroutines: 17) - 36s
Progress: [========                                          ] 17.9% (1607/8987, queue: 7364) 43/s (validating, workers: 16, goroutines: 17) - 37s
Progress: [=========                                         ] 18.7% (1681/8987, queue: 7290) 44/s (validating, workers: 16, goroutines: 17) - 38s
Progress: [=========                                         ] 19.6% (1765/8987, queue: 7206) 45/s (validating, workers: 16, goroutines: 17) - 39s
Progress: [==========                                        ] 20.5% (1841/8987, queue: 7130) 46/s (validating, workers: 16, goroutines: 17) - 40s
Progress: [==========                                        ] 21.3% (1915/8987, queue: 7055) 47/s (validating, workers: 16, goroutines: 18) - 41s
Progress: [==========                                        ] 21.9% (1965/8987, queue: 7006) 47/s (validating, workers: 16, goroutines: 17) - 42s
Progress: [===========                                       ] 22.7% (2043/8987, queue: 6927) 47/s (validating, workers: 16, goroutines: 18) - 43s
Progress: [===========                                       ] 23.1% (2076/8987, queue: 6895) 47/s (validating, workers: 16, goroutines: 17) - 44s
Progress: [===========                                       ] 23.4% (2101/8987, queue: 6870) 47/s (validating, workers: 16, goroutines: 17) - 45s
Progress: [===========                                       ] 23.6% (2120/8987, queue: 6850) 46/s (validating, workers: 16, goroutines: 18) - 46s
Progress: [============                                      ] 24.4% (2192/8987, queue: 6779) 47/s (validating, workers: 16, goroutines: 17) - 47s
Progress: [============                                      ] 25.1% (2255/8987, queue: 6716) 47/s (validating, workers: 16, goroutines: 17) - 48s
Progress: [============                                      ] 25.7% (2306/8987, queue: 6665) 47/s (validating, workers: 16, goroutines: 17) - 49s
Progress: [=============                                     ] 26.1% (2344/8987, queue: 6627) 47/s (validating, workers: 16, goroutines: 17) - 50s
Progress: [=============                                     ] 26.6% (2392/8987, queue: 6579) 47/s (validating, workers: 16, goroutines: 17) - 51s
Progress: [=============                                     ] 27.0% (2429/8987, queue: 6542) 47/s (validating, workers: 16, goroutines: 17) - 52s
Progress: [=============                                     ] 27.8% (2497/8987, queue: 6473) 47/s (validating, workers: 16, goroutines: 18) - 53s
Progress: [==============                                    ] 28.2% (2537/8987, queue: 6434) 47/s (validating, workers: 16, goroutines: 17) - 54s
Progress: [==============                                    ] 29.0% (2604/8987, queue: 6367) 47/s (validating, workers: 16, goroutines: 17) - 55s
Progress: [==============                                    ] 29.8% (2680/8987, queue: 6291) 48/s (validating, workers: 16, goroutines: 17) - 56s
Progress: [================                                  ] 32.1% (2881/8987, queue: 6089) 51/s (validating, workers: 16, goroutines: 18) - 57s
Progress: [=================                                 ] 35.3% (3174/8987, queue: 5796) 55/s (validating, workers: 16, goroutines: 18) - 58s
Progress: [===================                               ] 39.5% (3551/8987, queue: 5420) 60/s (validating, workers: 16, goroutines: 17) - 59s
Progress: [======================                            ] 45.1% (4054/8987, queue: 4899) 68/s (validating, workers: 16, goroutines: 33) - 1m0s
Progress: [=========================                         ] 51.3% (4614/8987, queue: 4357) 76/s (validating, workers: 16, goroutines: 17) - 1m1s
Progress: [===========================                       ] 54.0% (4857/8987, queue: 4114) 78/s (validating, workers: 16, goroutines: 17) - 1m2s
Progress: [============================                      ] 56.9% (5116/8987, queue: 3855) 81/s (validating, workers: 16, goroutines: 17) - 1m3s
Progress: [==============================                    ] 61.5% (5529/8987, queue: 3442) 86/s (validating, workers: 16, goroutines: 17) - 1m4s
Progress: [===============================                   ] 63.2% (5676/8987, queue: 3279) 87/s (validating, workers: 16, goroutines: 33) - 1m5s
Progress: [=================================                 ] 67.2% (6036/8987, queue: 2934) 91/s (validating, workers: 16, goroutines: 18) - 1m6s
Progress: [==================================                ] 68.9% (6193/8987, queue: 2778) 92/s (validating, workers: 16, goroutines: 17) - 1m7s
Progress: [===================================               ] 70.8% (6367/8987, queue: 2603) 94/s (validating, workers: 16, goroutines: 18) - 1m8s
Progress: [=====================================             ] 74.0% (6654/8987, queue: 2302) 96/s (validating, workers: 16, goroutines: 26) - 1m9s
Progress: [======================================            ] 76.0% (6833/8987, queue: 2137) 98/s (validating, workers: 16, goroutines: 18) - 1m10s
Progress: [======================================            ] 77.2% (6938/8987, queue: 2033) 98/s (validating, workers: 16, goroutines: 17) - 1m11s
Progress: [======================================            ] 77.9% (7002/8987, queue: 1968) 97/s (validating, workers: 16, goroutines: 18) - 1m12s
Progress: [=======================================           ] 78.4% (7050/8987, queue: 1921) 97/s (validating, workers: 16, goroutines: 17) - 1m13s
Progress: [=======================================           ] 78.7% (7072/8987, queue: 1899) 96/s (validating, workers: 16, goroutines: 17) - 1m14s
Progress: [========================================          ] 80.5% (7232/8987, queue: 1739) 96/s (validating, workers: 16, goroutines: 17) - 1m15s
Progress: [========================================          ] 81.9% (7360/8987, queue: 1610) 97/s (validating, workers: 16, goroutines: 18) - 1m16s
Progress: [=========================================         ] 82.5% (7410/8987, queue: 1561) 96/s (validating, workers: 16, goroutines: 17) - 1m17s
Progress: [=========================================         ] 82.9% (7450/8987, queue: 1520) 95/s (validating, workers: 16, goroutines: 18) - 1m18s
Progress: [=========================================         ] 83.4% (7491/8987, queue: 1480) 95/s (validating, workers: 16, goroutines: 17) - 1m19s
Progress: [=========================================         ] 83.8% (7528/8987, queue: 1443) 94/s (validating, workers: 16, goroutines: 17) - 1m20s
Progress: [==========================================        ] 84.2% (7564/8987, queue: 1407) 93/s (validating, workers: 16, goroutines: 17) - 1m21s
Progress: [==========================================        ] 84.7% (7611/8987, queue: 1360) 93/s (validating, workers: 16, goroutines: 17) - 1m22s
Progress: [==========================================        ] 85.2% (7655/8987, queue: 1315) 92/s (validating, workers: 16, goroutines: 18) - 1m23s
Progress: [==========================================        ] 85.7% (7701/8987, queue: 1270) 92/s (validating, workers: 16, goroutines: 17) - 1m24s
Progress: [===========================================       ] 86.2% (7747/8987, queue: 1223) 91/s (validating, workers: 16, goroutines: 18) - 1m25s
Progress: [===========================================       ] 86.6% (7781/8987, queue: 1190) 90/s (validating, workers: 16, goroutines: 17) - 1m26s
Progress: [===========================================       ] 87.4% (7853/8987, queue: 1117) 90/s (validating, workers: 16, goroutines: 18) - 1m27s
Progress: [============================================      ] 88.5% (7950/8987, queue: 1021) 90/s (validating, workers: 16, goroutines: 17) - 1m28s
Progress: [============================================      ] 89.5% (8047/8987, queue: 924) 90/s (validating, workers: 16, goroutines: 17) - 1m29s
Progress: [============================================      ] 89.9% (8082/8987, queue: 889) 90/s (validating, workers: 16, goroutines: 17) - 1m30s
Progress: [=============================================     ] 90.7% (8150/8987, queue: 820) 90/s (validating, workers: 16, goroutines: 18) - 1m31s
Progress: [=============================================     ] 91.1% (8189/8987, queue: 782) 89/s (validating, workers: 16, goroutines: 17) - 1m32s
Progress: [=============================================     ] 91.4% (8214/8987, queue: 757) 88/s (validating, workers: 16, goroutines: 17) - 1m33s
Progress: [=============================================     ] 91.8% (8251/8987, queue: 720) 88/s (validating, workers: 16, goroutines: 17) - 1m34s
Progress: [==============================================    ] 92.3% (8298/8987, queue: 672) 87/s (validating, workers: 16, goroutines: 18) - 1m35s
Progress: [==============================================    ] 92.7% (8329/8987, queue: 642) 87/s (validating, workers: 16, goroutines: 17) - 1m36s
Progress: [==============================================    ] 93.0% (8354/8987, queue: 616) 86/s (validating, workers: 16, goroutines: 18) - 1m37s
Progress: [==============================================    ] 93.3% (8386/8987, queue: 585) 86/s (validating, workers: 16, goroutines: 17) - 1m38s
Progress: [==============================================    ] 93.9% (8436/8987, queue: 535) 85/s (validating, workers: 16, goroutines: 17) - 1m39s
Progress: [===============================================   ] 94.4% (8480/8987, queue: 490) 85/s (validating, workers: 16, goroutines: 18) - 1m40s
Progress: [===============================================   ] 94.8% (8520/8987, queue: 450) 84/s (validating, workers: 16, goroutines: 18) - 1m41s
Progress: [===============================================   ] 95.2% (8553/8987, queue: 418) 84/s (validating, workers: 16, goroutines: 17) - 1m42s
Progress: [===============================================   ] 95.5% (8581/8987, queue: 390) 83/s (validating, workers: 16, goroutines: 17) - 1m43s
Progress: [===============================================   ] 95.8% (8613/8987, queue: 358) 83/s (validating, workers: 16, goroutines: 17) - 1m44s
Progress: [================================================  ] 96.4% (8662/8987, queue: 309) 82/s (validating, workers: 16, goroutines: 17) - 1m45s
Progress: [================================================  ] 97.1% (8724/8987, queue: 247) 82/s (validating, workers: 16, goroutines: 17) - 1m46s
Progress: [================================================  ] 97.4% (8753/8987, queue: 218) 82/s (validating, workers: 16, goroutines: 17) - 1m47s
Progress: [================================================  ] 97.8% (8790/8987, queue: 181) 81/s (validating, workers: 16, goroutines: 17) - 1m48s
Progress: [================================================= ] 98.2% (8827/8987, queue: 142) 81/s (validating, workers: 16, goroutines: 19) - 1m49s
Progress: [================================================= ] 98.6% (8862/8987, queue: 109) 81/s (validating, workers: 16, goroutines: 17) - 1m50s
Progress: [================================================= ] 99.0% (8896/8987, queue: 75) 80/s (validating, workers: 16, goroutines: 17) - 1m51s
Progress: [================================================= ] 99.1% (8908/8987, queue: 62) 80/s (validating, workers: 16, goroutines: 18) - 1m52s
Progress: [================================================= ] 99.4% (8931/8987, queue: 40) 79/s (validating, workers: 16, goroutines: 17) - 1m53s
Progress: [================================================= ] 99.6% (8954/8987, queue: 17) 79/s (validating, workers: 16, goroutines: 17) - 1m54s
Progress: [================================================= ] 99.8% (8966/8987, queue: 4) 78/s (validating, workers: 16, goroutines: 18) - 1m55s
Progress: [================================================= ] 99.8% (8970/8987, queue: 0) 78/s (draining in-flight, workers: 16) - 1m55s
Progress: [==================================================] 100.0% (8987/8987, queue: 0) 77/s (completed) - 1m57s

Validation completed: 8987/8987 objects (8987 succeeded, 0 failed)

--- run 2026-09-05T03:45:11Z ---
System check starting...
Preparing loaders and cache...
Proactive Stale CAS cleanup starting...
Proactive Stale CAS cleanup: cleaning 100 kinds (timeout 2m0s)...
Proactive Stale CAS cleanup: account (1/100)...
Proactive Stale CAS cleanup: agent_architecture (2/100)...
Proactive Stale CAS cleanup: agent_feed (3/100)...
Proactive Stale CAS cleanup: agent_onboarding_preparation (4/100)...
Proactive Stale CAS cleanup: agent_skill (5/100)...
Proactive Stale CAS cleanup: agent_task (6/100)...
Proactive Stale CAS cleanup: api_spec (7/100)...
Proactive Stale CAS cleanup: auth_strategy (8/100)...
Proactive Stale CAS cleanup: base_sampler (10/100)...
Proactive Stale CAS cleanup: backlog_item (9/100)...
Proactive Stale CAS cleanup: brand (11/100)...
Proactive Stale CAS cleanup: capacity_advertisement (14/100)...
Proactive Stale CAS cleanup: bucketing_strategy (12/100)...
Proactive Stale CAS cleanup: capability (13/100)...
Proactive Stale CAS cleanup: certificate (15/100)...
Proactive Stale CAS cleanup: command_spec (16/100)...
Proactive Stale CAS cleanup: component (17/100)...
Proactive Stale CAS cleanup: compute_advertisement (18/100)...
Proactive Stale CAS cleanup: context_refresh_schedule (19/100)...
Proactive Stale CAS cleanup: convergence_session (20/100)...
Proactive Stale CAS cleanup: corporate_initiative (21/100)...
Proactive Stale CAS cleanup: criteria (22/100)...
Proactive Stale CAS cleanup: decision (23/100)...
Proactive Stale CAS cleanup: department (24/100)...
Proactive Stale CAS cleanup: digital_asset (25/100)...
Proactive Stale CAS cleanup: division (26/100)...
Proactive Stale CAS cleanup: doc_entry (27/100)...
Proactive Stale CAS cleanup: domain_registry (28/100)...
Proactive Stale CAS cleanup: field_registry (30/100)...
Proactive Stale CAS cleanup: fission_event (31/100)...
Proactive Stale CAS cleanup: evolution_management (29/100)...
Proactive Stale CAS cleanup: glossary_term (32/100)...
Proactive Stale CAS cleanup: glossary_term_relation (33/100)...
Proactive Stale CAS cleanup: goal (34/100)...
Proactive Stale CAS cleanup: import_tracking (35/100)...
Proactive Stale CAS cleanup: important_date (36/100)...
Proactive Stale CAS cleanup: inference_heuristic (37/100)...
Proactive Stale CAS cleanup: keystore_entry (38/100)...
Proactive Stale CAS cleanup: kind_synonym (39/100)...
Proactive Stale CAS cleanup: library (40/100)...
Proactive Stale CAS cleanup: list_metric_sampler (41/100)...
Proactive Stale CAS cleanup: mcp_spec (42/100)...
Proactive Stale CAS cleanup: metrics_feedback (44/100)...
Proactive Stale CAS cleanup: metadata_package (43/100)...
Proactive Stale CAS cleanup: milestone (45/100)...
Proactive Stale CAS cleanup: mission (46/100)...
Proactive Stale CAS cleanup: namespace (47/100)...
Proactive Stale CAS cleanup: namespace_registry (48/100)...
Proactive Stale CAS cleanup: ordered_list_metric_sampler (50/100)...
Proactive Stale CAS cleanup: object_spec (49/100)...
Proactive Stale CAS cleanup: organization (51/100)...
Proactive Stale CAS cleanup: organizational_change (52/100)...
Proactive Stale CAS cleanup: partnership (53/100)...
Proactive Stale CAS cleanup: persona (54/100)...
Proactive Stale CAS cleanup: pipeline (55/100)...
Proactive Stale CAS cleanup: pipeline_definition (56/100)...
Proactive Stale CAS cleanup: pipeline_stage (58/100)...
Proactive Stale CAS cleanup: pipeline_execution (57/100)...
Proactive Stale CAS cleanup: policy (59/100)...
Proactive Stale CAS cleanup: priority_plan (60/100)...
Proactive Stale CAS cleanup: process_hygiene_rule (61/100)...
Proactive Stale CAS cleanup: prompt_template (62/100)...
Proactive Stale CAS cleanup: provider_profile (63/100)...
Proactive Stale CAS cleanup: qa_success (64/100)...
Proactive Stale CAS cleanup: question (65/100)...
Proactive Stale CAS cleanup: release (66/100)...
Proactive Stale CAS cleanup: remote_kernel (67/100)...
Proactive Stale CAS cleanup: requirement (68/100)...
Proactive Stale CAS cleanup: resolver (69/100)...
Proactive Stale CAS cleanup: risk_blocker (70/100)...
Proactive Stale CAS cleanup: roadmap (71/100)...
Proactive Stale CAS cleanup: role (72/100)...
Proactive Stale CAS cleanup: rollback_report (73/100)...
Proactive Stale CAS cleanup: scalar_metric_sampler (76/100)...
Proactive Stale CAS cleanup: rule (74/100)...
Proactive Stale CAS cleanup: sampler_profile (75/100)...
Proactive Stale CAS cleanup: scenario (77/100)...
Proactive Stale CAS cleanup: scheduler_handler_binding (78/100)...
Proactive Stale CAS cleanup: shockwave_router (79/100)...
Proactive Stale CAS cleanup: stakeholder_profile (80/100)...
Proactive Stale CAS cleanup: status_history_metric_sampler (81/100)...
Proactive Stale CAS cleanup: strategic_context (82/100)...
Proactive Stale CAS cleanup: strategic_plan (83/100)...
Proactive Stale CAS cleanup: team (84/100)...
Proactive Stale CAS cleanup: team_configuration (85/100)...
Proactive Stale CAS cleanup: technical_debt (86/100)...
Proactive Stale CAS cleanup: technical_spec (87/100)...
Proactive Stale CAS cleanup: template (88/100)...
Proactive Stale CAS cleanup: test_case (89/100)...
Proactive Stale CAS cleanup: test_command_rule (90/100)...
Proactive Stale CAS cleanup: translation_manifest (91/100)...
Proactive Stale CAS cleanup: validation_rule (92/100)...
Proactive Stale CAS cleanup: visual_plan (94/100)...
Proactive Stale CAS cleanup: vision (93/100)...
Proactive Stale CAS cleanup: vitality_report (95/100)...
Proactive Stale CAS cleanup: vocabulary_scheme (96/100)...
Proactive Stale CAS cleanup: watchdog_registration (97/100)...
Proactive Stale CAS cleanup: workflow (98/100)...
Proactive Stale CAS cleanup: workstream (99/100)...
Proactive Stale CAS cleanup: workstream_transition (100/100)...
Loaders starting...
Loaders ready.
Loading object ID cache...
Merging CAS indexes for 3 kinds...
Warming CAS indexes...
CAS indexes warmed
Cache ready, starting validator...
Discovery starting...
Starting discovery across 100 kinds...
Discovering objects... 7714 found (2s)
Validating 8989 objects (from docs/process/ via object ID cache)...
Progress: [                                                  ] 0.7% (67/8989, queue: 8905) 67/s (validating, workers: 16, goroutines: 18) - 1s
Progress: [                                                  ] 1.1% (95/8989, queue: 8878) 47/s (validating, workers: 16, goroutines: 17) - 2s
Progress: [                                                  ] 1.3% (120/8989, queue: 8853) 40/s (validating, workers: 16, goroutines: 17) - 3s
Progress: [                                                  ] 1.6% (146/8989, queue: 8827) 36/s (validating, workers: 16, goroutines: 17) - 4s
Progress: [                                                  ] 1.9% (172/8989, queue: 8801) 34/s (validating, workers: 16, goroutines: 17) - 5s
Progress: [=                                                 ] 2.3% (203/8989, queue: 8769) 34/s (validating, workers: 16, goroutines: 18) - 6s
Progress: [=                                                 ] 2.7% (241/8989, queue: 8732) 34/s (validating, workers: 16, goroutines: 17) - 7s
Progress: [=                                                 ] 3.3% (293/8989, queue: 8680) 37/s (validating, workers: 16, goroutines: 17) - 8s
Progress: [=                                                 ] 3.6% (322/8989, queue: 8650) 36/s (validating, workers: 16, goroutines: 18) - 9s
Progress: [==                                                ] 4.0% (362/8989, queue: 8611) 36/s (validating, workers: 16, goroutines: 17) - 10s
Progress: [==                                                ] 4.4% (399/8989, queue: 8573) 36/s (validating, workers: 16, goroutines: 18) - 11s
Progress: [==                                                ] 5.0% (445/8989, queue: 8528) 37/s (validating, workers: 16, goroutines: 17) - 12s
Progress: [==                                                ] 5.4% (485/8989, queue: 8488) 37/s (validating, workers: 16, goroutines: 17) - 13s
Progress: [==                                                ] 5.9% (527/8989, queue: 8446) 38/s (validating, workers: 16, goroutines: 17) - 14s
Progress: [===                                               ] 6.3% (566/8989, queue: 8406) 38/s (validating, workers: 16, goroutines: 18) - 15s
Progress: [===                                               ] 6.7% (599/8989, queue: 8373) 37/s (validating, workers: 16, goroutines: 18) - 16s
Progress: [===                                               ] 7.0% (631/8989, queue: 8341) 37/s (validating, workers: 16, goroutines: 18) - 17s
Progress: [===                                               ] 7.3% (660/8989, queue: 8313) 37/s (validating, workers: 16, goroutines: 17) - 18s
Progress: [===                                               ] 7.6% (687/8989, queue: 8286) 36/s (validating, workers: 16, goroutines: 17) - 19s
Progress: [====                                              ] 8.1% (727/8989, queue: 8245) 36/s (validating, workers: 16, goroutines: 18) - 20s
Progress: [====                                              ] 8.6% (773/8989, queue: 8199) 37/s (validating, workers: 16, goroutines: 18) - 21s
Progress: [====                                              ] 8.9% (801/8989, queue: 8171) 36/s (validating, workers: 16, goroutines: 18) - 22s
Progress: [====                                              ] 9.3% (837/8989, queue: 8136) 36/s (validating, workers: 16, goroutines: 17) - 23s
Progress: [====                                              ] 9.6% (859/8989, queue: 8113) 36/s (validating, workers: 16, goroutines: 18) - 24s
Progress: [====                                              ] 9.8% (884/8989, queue: 8089) 35/s (validating, workers: 16, goroutines: 17) - 25s
Progress: [=====                                             ] 10.3% (926/8989, queue: 8046) 36/s (validating, workers: 16, goroutines: 18) - 26s
Progress: [=====                                             ] 10.5% (945/8989, queue: 8028) 35/s (validating, workers: 16, goroutines: 17) - 27s
Progress: [=====                                             ] 10.9% (979/8989, queue: 7993) 35/s (validating, workers: 16, goroutines: 18) - 28s
Progress: [=====                                             ] 11.4% (1026/8989, queue: 7947) 35/s (validating, workers: 16, goroutines: 17) - 29s
Progress: [=====                                             ] 11.7% (1053/8989, queue: 7920) 35/s (validating, workers: 16, goroutines: 17) - 30s
Progress: [=====                                             ] 12.0% (1076/8989, queue: 7897) 35/s (validating, workers: 16, goroutines: 17) - 31s
Progress: [======                                            ] 12.3% (1106/8989, queue: 7867) 35/s (validating, workers: 16, goroutines: 17) - 32s
Progress: [======                                            ] 12.8% (1155/8989, queue: 7818) 35/s (validating, workers: 16, goroutines: 17) - 33s
Progress: [======                                            ] 13.3% (1195/8989, queue: 7778) 35/s (validating, workers: 16, goroutines: 17) - 34s
Progress: [======                                            ] 13.7% (1231/8989, queue: 7741) 35/s (validating, workers: 16, goroutines: 18) - 35s
Progress: [=======                                           ] 14.0% (1259/8989, queue: 7714) 35/s (validating, workers: 16, goroutines: 17) - 36s
Progress: [=======                                           ] 14.5% (1299/8989, queue: 7674) 35/s (validating, workers: 16, goroutines: 17) - 37s
Progress: [=======                                           ] 15.0% (1344/8989, queue: 7628) 35/s (validating, workers: 16, goroutines: 18) - 38s
Progress: [=======                                           ] 15.4% (1380/8989, queue: 7592) 35/s (validating, workers: 16, goroutines: 18) - 39s
Progress: [=======                                           ] 15.7% (1411/8989, queue: 7561) 35/s (validating, workers: 16, goroutines: 18) - 40s
Progress: [========                                          ] 16.0% (1439/8989, queue: 7534) 35/s (validating, workers: 16, goroutines: 17) - 41s
Progress: [========                                          ] 16.4% (1475/8989, queue: 7498) 35/s (validating, workers: 16, goroutines: 17) - 42s
Progress: [========                                          ] 17.0% (1524/8989, queue: 7449) 35/s (validating, workers: 16, goroutines: 17) - 43s
Progress: [========                                          ] 17.3% (1558/8989, queue: 7415) 35/s (validating, workers: 16, goroutines: 17) - 44s
Progress: [========                                          ] 17.7% (1593/8989, queue: 7380) 35/s (validating, workers: 16, goroutines: 17) - 45s
Progress: [=========                                         ] 18.2% (1637/8989, queue: 7335) 36/s (validating, workers: 16, goroutines: 18) - 46s
Progress: [=========                                         ] 18.6% (1669/8989, queue: 7302) 36/s (validating, workers: 16, goroutines: 19) - 47s
Progress: [=========                                         ] 19.0% (1708/8989, queue: 7264) 36/s (validating, workers: 16, goroutines: 18) - 48s
Progress: [=========                                         ] 19.3% (1731/8989, queue: 7242) 35/s (validating, workers: 16, goroutines: 17) - 49s
Progress: [=========                                         ] 19.7% (1774/8989, queue: 7199) 35/s (validating, workers: 16, goroutines: 17) - 50s
Progress: [==========                                        ] 20.3% (1826/8989, queue: 7146) 36/s (validating, workers: 16, goroutines: 18) - 51s
Progress: [==========                                        ] 20.8% (1868/8989, queue: 7104) 36/s (validating, workers: 16, goroutines: 18) - 52s
Progress: [==========                                        ] 21.5% (1929/8989, queue: 7041) 36/s (validating, workers: 16, goroutines: 20) - 53s
Progress: [===========                                       ] 22.2% (1996/8989, queue: 6977) 37/s (validating, workers: 16, goroutines: 17) - 54s
Progress: [===========                                       ] 22.7% (2038/8989, queue: 6935) 37/s (validating, workers: 16, goroutines: 17) - 55s
Progress: [===========                                       ] 23.1% (2073/8989, queue: 6899) 37/s (validating, workers: 16, goroutines: 18) - 56s
Progress: [===========                                       ] 23.5% (2115/8989, queue: 6857) 37/s (validating, workers: 16, goroutines: 18) - 57s
Progress: [============                                      ] 24.1% (2163/8989, queue: 6810) 37/s (validating, workers: 16, goroutines: 17) - 58s
Progress: [============                                      ] 24.4% (2197/8989, queue: 6776) 37/s (validating, workers: 16, goroutines: 17) - 59s
Progress: [============                                      ] 24.9% (2238/8989, queue: 6735) 37/s (validating, workers: 16, goroutines: 17) - 1m0s
Progress: [============                                      ] 25.0% (2251/8989, queue: 6721) 37/s (validating, workers: 16, goroutines: 18) - 1m1s
Progress: [============                                      ] 25.4% (2286/8989, queue: 6687) 37/s (validating, workers: 16, goroutines: 17) - 1m2s
Progress: [============                                      ] 25.9% (2332/8989, queue: 6640) 37/s (validating, workers: 16, goroutines: 18) - 1m3s
Progress: [=============                                     ] 26.1% (2342/8989, queue: 6630) 37/s (validating, workers: 16, goroutines: 18) - 1m4s
Progress: [=============                                     ] 26.4% (2369/8989, queue: 6603) 36/s (validating, workers: 16, goroutines: 18) - 1m5s
Progress: [=============                                     ] 26.9% (2419/8989, queue: 6552) 37/s (validating, workers: 16, goroutines: 19) - 1m6s
Progress: [=============                                     ] 27.4% (2461/8989, queue: 6512) 37/s (validating, workers: 16, goroutines: 17) - 1m7s
Progress: [=============                                     ] 27.8% (2497/8989, queue: 6475) 37/s (validating, workers: 16, goroutines: 18) - 1m8s
Progress: [==============                                    ] 28.2% (2535/8989, queue: 6438) 37/s (validating, workers: 16, goroutines: 17) - 1m9s
Progress: [==============                                    ] 28.7% (2580/8989, queue: 6393) 37/s (validating, workers: 16, goroutines: 17) - 1m10s
Progress: [==============                                    ] 29.2% (2625/8989, queue: 6348) 37/s (validating, workers: 16, goroutines: 17) - 1m11s
Progress: [==============                                    ] 29.8% (2677/8989, queue: 6294) 37/s (validating, workers: 16, goroutines: 19) - 1m12s
Progress: [===============                                   ] 30.4% (2731/8989, queue: 6242) 37/s (validating, workers: 16, goroutines: 17) - 1m13s
Progress: [===============                                   ] 30.8% (2771/8989, queue: 6202) 37/s (validating, workers: 16, goroutines: 17) - 1m14s
Progress: [===============                                   ] 31.6% (2840/8989, queue: 6133) 38/s (validating, workers: 16, goroutines: 17) - 1m15s
Progress: [================                                  ] 32.1% (2886/8989, queue: 6087) 38/s (validating, workers: 16, goroutines: 17) - 1m16s
Progress: [================                                  ] 32.7% (2940/8989, queue: 6033) 38/s (validating, workers: 16, goroutines: 17) - 1m17s
Progress: [================                                  ] 33.1% (2971/8989, queue: 6002) 38/s (validating, workers: 16, goroutines: 17) - 1m18s
Progress: [================                                  ] 33.5% (3009/8989, queue: 5963) 38/s (validating, workers: 16, goroutines: 18) - 1m19s
Progress: [=================                                 ] 34.0% (3057/8989, queue: 5916) 38/s (validating, workers: 16, goroutines: 17) - 1m20s
Progress: [=================                                 ] 34.6% (3110/8989, queue: 5862) 38/s (validating, workers: 16, goroutines: 18) - 1m21s
Progress: [=================                                 ] 35.2% (3162/8989, queue: 5811) 39/s (validating, workers: 16, goroutines: 17) - 1m22s
Progress: [=================                                 ] 35.9% (3229/8989, queue: 5743) 39/s (validating, workers: 16, goroutines: 18) - 1m23s
Progress: [==================                                ] 36.5% (3279/8989, queue: 5693) 39/s (validating, workers: 16, goroutines: 18) - 1m24s
Progress: [==================                                ] 36.9% (3315/8989, queue: 5658) 39/s (validating, workers: 16, goroutines: 17) - 1m25s
Progress: [==================                                ] 37.4% (3359/8989, queue: 5614) 39/s (validating, workers: 16, goroutines: 17) - 1m26s
Progress: [==================                                ] 37.9% (3403/8989, queue: 5570) 39/s (validating, workers: 16, goroutines: 17) - 1m27s
Progress: [===================                               ] 38.1% (3425/8989, queue: 5548) 39/s (validating, workers: 16, goroutines: 17) - 1m28s
Progress: [===================                               ] 38.4% (3449/8989, queue: 5524) 39/s (validating, workers: 16, goroutines: 17) - 1m29s
Progress: [===================                               ] 38.7% (3479/8989, queue: 5494) 39/s (validating, workers: 16, goroutines: 17) - 1m30s
Progress: [===================                               ] 39.1% (3516/8989, queue: 5457) 39/s (validating, workers: 16, goroutines: 17) - 1m31s
Progress: [===================                               ] 39.6% (3561/8989, queue: 5412) 39/s (validating, workers: 16, goroutines: 17) - 1m32s
Progress: [====================                              ] 40.0% (3598/8989, queue: 5375) 39/s (validating, workers: 16, goroutines: 17) - 1m33s
Progress: [====================                              ] 40.3% (3621/8989, queue: 5351) 39/s (validating, workers: 16, goroutines: 18) - 1m34s
Progress: [====================                              ] 40.6% (3650/8989, queue: 5323) 38/s (validating, workers: 16, goroutines: 17) - 1m35s
Progress: [====================                              ] 41.0% (3682/8989, queue: 5291) 38/s (validating, workers: 16, goroutines: 17) - 1m36s
Progress: [====================                              ] 41.3% (3712/8989, queue: 5261) 38/s (validating, workers: 16, goroutines: 17) - 1m37s
Progress: [====================                              ] 41.6% (3743/8989, queue: 5230) 38/s (validating, workers: 16, goroutines: 17) - 1m38s
Progress: [====================                              ] 41.9% (3763/8989, queue: 5210) 38/s (validating, workers: 16, goroutines: 17) - 1m39s
Progress: [=====================                             ] 42.2% (3794/8989, queue: 5179) 38/s (validating, workers: 16, goroutines: 17) - 1m40s
Progress: [=====================                             ] 42.6% (3827/8989, queue: 5145) 38/s (validating, workers: 16, goroutines: 18) - 1m41s
Progress: [=====================                             ] 43.0% (3866/8989, queue: 5107) 38/s (validating, workers: 16, goroutines: 17) - 1m42s
Progress: [=====================                             ] 43.3% (3894/8989, queue: 5079) 38/s (validating, workers: 16, goroutines: 17) - 1m43s
Progress: [=====================                             ] 43.7% (3929/8989, queue: 5043) 38/s (validating, workers: 16, goroutines: 18) - 1m44s
Progress: [=====================                             ] 44.0% (3954/8989, queue: 5018) 38/s (validating, workers: 16, goroutines: 18) - 1m45s
Progress: [======================                            ] 44.3% (3980/8989, queue: 4993) 38/s (validating, workers: 16, goroutines: 17) - 1m46s
Progress: [======================                            ] 44.6% (4009/8989, queue: 4963) 37/s (validating, workers: 16, goroutines: 18) - 1m47s
Progress: [======================                            ] 45.0% (4041/8989, queue: 4932) 37/s (validating, workers: 16, goroutines: 17) - 1m48s
Progress: [======================                            ] 45.4% (4084/8989, queue: 4889) 37/s (validating, workers: 16, goroutines: 17) - 1m49s
Progress: [======================                            ] 45.9% (4124/8989, queue: 4848) 37/s (validating, workers: 16, goroutines: 18) - 1m50s
Progress: [=======================                           ] 46.4% (4175/8989, queue: 4798) 38/s (validating, workers: 16, goroutines: 17) - 1m51s
Progress: [=======================                           ] 46.7% (4202/8989, queue: 4771) 38/s (validating, workers: 16, goroutines: 17) - 1m52s
Progress: [=======================                           ] 47.1% (4232/8989, queue: 4740) 37/s (validating, workers: 16, goroutines: 18) - 1m53s
Progress: [=======================                           ] 47.4% (4258/8989, queue: 4715) 37/s (validating, workers: 16, goroutines: 17) - 1m54s
Progress: [=======================                           ] 47.6% (4278/8989, queue: 4695) 37/s (validating, workers: 16, goroutines: 17) - 1m55s
Progress: [=======================                           ] 47.9% (4305/8989, queue: 4667) 37/s (validating, workers: 16, goroutines: 18) - 1m56s
Progress: [========================                          ] 48.2% (4332/8989, queue: 4641) 37/s (validating, workers: 16, goroutines: 17) - 1m57s
Progress: [========================                          ] 48.6% (4367/8989, queue: 4605) 37/s (validating, workers: 16, goroutines: 18) - 1m58s
Progress: [========================                          ] 49.2% (4422/8989, queue: 4551) 37/s (validating, workers: 16, goroutines: 17) - 1m59s
Progress: [========================                          ] 49.5% (4452/8989, queue: 4520) 37/s (validating, workers: 16, goroutines: 18) - 2m0s
Progress: [========================                          ] 49.8% (4481/8989, queue: 4492) 37/s (validating, workers: 16, goroutines: 17) - 2m1s
Progress: [=========================                         ] 50.5% (4538/8989, queue: 4434) 37/s (validating, workers: 16, goroutines: 18) - 2m2s
Progress: [=========================                         ] 50.9% (4574/8989, queue: 4398) 37/s (validating, workers: 16, goroutines: 18) - 2m3s
Progress: [=========================                         ] 51.4% (4618/8989, queue: 4355) 37/s (validating, workers: 16, goroutines: 17) - 2m4s
Progress: [=========================                         ] 51.9% (4669/8989, queue: 4303) 37/s (validating, workers: 16, goroutines: 18) - 2m5s
Progress: [==========================                        ] 52.4% (4707/8989, queue: 4266) 37/s (validating, workers: 16, goroutines: 17) - 2m6s
Progress: [==========================                        ] 52.6% (4731/8989, queue: 4242) 37/s (validating, workers: 16, goroutines: 17) - 2m7s
Progress: [==========================                        ] 53.0% (4763/8989, queue: 4209) 37/s (validating, workers: 16, goroutines: 18) - 2m8s
Progress: [==========================                        ] 53.4% (4800/8989, queue: 4173) 37/s (validating, workers: 16, goroutines: 17) - 2m9s
Progress: [==========================                        ] 53.9% (4846/8989, queue: 4127) 37/s (validating, workers: 16, goroutines: 17) - 2m10s
Progress: [===========================                       ] 54.3% (4879/8989, queue: 4094) 37/s (validating, workers: 16, goroutines: 17) - 2m11s
Progress: [===========================                       ] 54.6% (4912/8989, queue: 4061) 37/s (validating, workers: 16, goroutines: 17) - 2m12s
Progress: [===========================                       ] 55.0% (4945/8989, queue: 4028) 37/s (validating, workers: 16, goroutines: 17) - 2m13s
Progress: [===========================                       ] 55.4% (4977/8989, queue: 3996) 37/s (validating, workers: 16, goroutines: 17) - 2m14s
Progress: [===========================                       ] 55.8% (5015/8989, queue: 3958) 37/s (validating, workers: 16, goroutines: 17) - 2m15s
Progress: [============================                      ] 56.1% (5041/8989, queue: 3931) 37/s (validating, workers: 16, goroutines: 18) - 2m16s
Progress: [============================                      ] 56.5% (5077/8989, queue: 3896) 37/s (validating, workers: 16, goroutines: 17) - 2m17s
Progress: [============================                      ] 56.7% (5096/8989, queue: 3876) 37/s (validating, workers: 16, goroutines: 18) - 2m18s
Progress: [============================                      ] 57.0% (5127/8989, queue: 3846) 37/s (validating, workers: 16, goroutines: 17) - 2m19s
Progress: [============================                      ] 57.4% (5157/8989, queue: 3816) 37/s (validating, workers: 16, goroutines: 17) - 2m20s
Progress: [============================                      ] 57.6% (5182/8989, queue: 3791) 37/s (validating, workers: 16, goroutines: 17) - 2m21s
Progress: [============================                      ] 57.9% (5208/8989, queue: 3765) 37/s (validating, workers: 16, goroutines: 17) - 2m22s
Progress: [=============================                     ] 58.3% (5237/8989, queue: 3736) 37/s (validating, workers: 16, goroutines: 17) - 2m23s
Progress: [=============================                     ] 58.6% (5270/8989, queue: 3702) 37/s (validating, workers: 16, goroutines: 18) - 2m24s
Progress: [=============================                     ] 59.1% (5316/8989, queue: 3656) 37/s (validating, workers: 16, goroutines: 18) - 2m25s
Progress: [=============================                     ] 59.6% (5354/8989, queue: 3619) 37/s (validating, workers: 16, goroutines: 17) - 2m26s
Progress: [=============================                     ] 60.0% (5389/8989, queue: 3584) 37/s (validating, workers: 16, goroutines: 17) - 2m27s
Progress: [==============================                    ] 60.3% (5422/8989, queue: 3550) 37/s (validating, workers: 16, goroutines: 18) - 2m28s
Progress: [==============================                    ] 60.8% (5464/8989, queue: 3509) 37/s (validating, workers: 16, goroutines: 17) - 2m29s
Progress: [==============================                    ] 61.2% (5501/8989, queue: 3469) 37/s (validating, workers: 16, goroutines: 20) - 2m30s
Progress: [==============================                    ] 61.5% (5531/8989, queue: 3442) 37/s (validating, workers: 16, goroutines: 17) - 2m31s
Progress: [==============================                    ] 61.8% (5559/8989, queue: 3414) 37/s (validating, workers: 16, goroutines: 17) - 2m32s
Progress: [===============================                   ] 62.1% (5583/8989, queue: 3390) 36/s (validating, workers: 16, goroutines: 17) - 2m33s
Progress: [===============================                   ] 62.4% (5610/8989, queue: 3363) 36/s (validating, workers: 16, goroutines: 17) - 2m34s
Progress: [===============================                   ] 62.7% (5640/8989, queue: 3332) 36/s (validating, workers: 16, goroutines: 18) - 2m35s
Progress: [===============================                   ] 62.8% (5646/8989, queue: 3326) 36/s (validating, workers: 16, goroutines: 18) - 2m36s
Progress: [===============================                   ] 63.0% (5666/8989, queue: 3307) 36/s (validating, workers: 16, goroutines: 17) - 2m37s
Progress: [===============================                   ] 63.3% (5688/8989, queue: 3284) 36/s (validating, workers: 16, goroutines: 18) - 2m38s
Progress: [===============================                   ] 63.6% (5721/8989, queue: 3251) 36/s (validating, workers: 16, goroutines: 18) - 2m39s
Progress: [================================                  ] 64.1% (5758/8989, queue: 3215) 36/s (validating, workers: 16, goroutines: 17) - 2m40s
Progress: [================================                  ] 64.4% (5792/8989, queue: 3181) 36/s (validating, workers: 16, goroutines: 17) - 2m41s
Progress: [================================                  ] 64.8% (5822/8989, queue: 3151) 36/s (validating, workers: 16, goroutines: 17) - 2m42s
Progress: [================================                  ] 65.1% (5848/8989, queue: 3125) 36/s (validating, workers: 16, goroutines: 17) - 2m43s
Progress: [================================                  ] 65.4% (5880/8989, queue: 3092) 36/s (validating, workers: 16, goroutines: 18) - 2m44s
Progress: [=================================                 ] 66.0% (5934/8989, queue: 3039) 36/s (validating, workers: 16, goroutines: 17) - 2m45s
Progress: [=================================                 ] 66.3% (5963/8989, queue: 3009) 36/s (validating, workers: 16, goroutines: 18) - 2m46s
Progress: [=================================                 ] 66.6% (5984/8989, queue: 2988) 36/s (validating, workers: 16, goroutines: 18) - 2m47s
Progress: [=================================                 ] 67.3% (6047/8989, queue: 2925) 36/s (validating, workers: 16, goroutines: 18) - 2m48s
Progress: [=================================                 ] 67.7% (6082/8989, queue: 2891) 36/s (validating, workers: 16, goroutines: 17) - 2m49s
Progress: [=================================                 ] 67.9% (6102/8989, queue: 2870) 36/s (validating, workers: 16, goroutines: 18) - 2m50s
Progress: [==================================                ] 68.4% (6144/8989, queue: 2829) 36/s (validating, workers: 16, goroutines: 17) - 2m51s
Progress: [==================================                ] 68.6% (6166/8989, queue: 2807) 36/s (validating, workers: 16, goroutines: 17) - 2m52s
Progress: [==================================                ] 68.9% (6193/8989, queue: 2780) 36/s (validating, workers: 16, goroutines: 17) - 2m53s
Progress: [==================================                ] 69.3% (6225/8989, queue: 2748) 36/s (validating, workers: 16, goroutines: 17) - 2m54s
Progress: [==================================                ] 69.8% (6275/8989, queue: 2697) 36/s (validating, workers: 16, goroutines: 18) - 2m55s
Progress: [===================================               ] 70.2% (6308/8989, queue: 2664) 36/s (validating, workers: 16, goroutines: 18) - 2m56s
Progress: [===================================               ] 70.5% (6337/8989, queue: 2635) 36/s (validating, workers: 16, goroutines: 18) - 2m57s
Progress: [===================================               ] 70.8% (6367/8989, queue: 2606) 36/s (validating, workers: 16, goroutines: 17) - 2m58s
Progress: [===================================               ] 71.1% (6394/8989, queue: 2579) 36/s (validating, workers: 16, goroutines: 17) - 2m59s
Progress: [===================================               ] 71.3% (6413/8989, queue: 2559) 36/s (validating, workers: 16, goroutines: 18) - 3m0s
Progress: [===================================               ] 71.7% (6441/8989, queue: 2532) 36/s (validating, workers: 16, goroutines: 17) - 3m1s
Progress: [====================================              ] 72.1% (6483/8989, queue: 2488) 36/s (validating, workers: 16, goroutines: 19) - 3m2s
Progress: [====================================              ] 72.5% (6513/8989, queue: 2459) 36/s (validating, workers: 16, goroutines: 18) - 3m3s
Progress: [====================================              ] 73.2% (6578/8989, queue: 2395) 36/s (validating, workers: 16, goroutines: 17) - 3m4s
Progress: [====================================              ] 73.9% (6644/8989, queue: 2328) 36/s (validating, workers: 16, goroutines: 18) - 3m5s
Progress: [=====================================             ] 74.2% (6671/8989, queue: 2301) 36/s (validating, workers: 16, goroutines: 18) - 3m6s
Progress: [=====================================             ] 74.5% (6695/8989, queue: 2277) 36/s (validating, workers: 16, goroutines: 18) - 3m7s
Progress: [=====================================             ] 74.9% (6729/8989, queue: 2244) 36/s (validating, workers: 16, goroutines: 17) - 3m8s
Progress: [=====================================             ] 75.5% (6789/8989, queue: 2183) 36/s (validating, workers: 16, goroutines: 18) - 3m9s
Progress: [======================================            ] 76.3% (6860/8989, queue: 2112) 36/s (validating, workers: 16, goroutines: 18) - 3m10s
Progress: [======================================            ] 77.2% (6936/8989, queue: 2036) 36/s (validating, workers: 16, goroutines: 18) - 3m11s
Progress: [======================================            ] 77.8% (6991/8989, queue: 1982) 36/s (validating, workers: 16, goroutines: 17) - 3m12s
Progress: [=======================================           ] 78.5% (7058/8989, queue: 1915) 37/s (validating, workers: 16, goroutines: 17) - 3m13s
Progress: [=======================================           ] 79.3% (7132/8989, queue: 1841) 37/s (validating, workers: 16, goroutines: 17) - 3m14s
Progress: [========================================          ] 80.0% (7194/8989, queue: 1779) 37/s (validating, workers: 16, goroutines: 17) - 3m15s
Progress: [========================================          ] 80.5% (7238/8989, queue: 1734) 37/s (validating, workers: 16, goroutines: 18) - 3m16s
Progress: [========================================          ] 81.4% (7316/8989, queue: 1656) 37/s (validating, workers: 16, goroutines: 18) - 3m17s
Progress: [========================================          ] 81.8% (7349/8989, queue: 1624) 37/s (validating, workers: 16, goroutines: 17) - 3m18s
Progress: [=========================================         ] 82.0% (7374/8989, queue: 1599) 37/s (validating, workers: 16, goroutines: 17) - 3m19s
Progress: [=========================================         ] 82.3% (7395/8989, queue: 1577) 37/s (validating, workers: 16, goroutines: 18) - 3m20s
Progress: [=========================================         ] 82.6% (7425/8989, queue: 1548) 37/s (validating, workers: 16, goroutines: 17) - 3m21s
Progress: [=========================================         ] 82.9% (7451/8989, queue: 1522) 37/s (validating, workers: 16, goroutines: 17) - 3m22s
Progress: [=========================================         ] 83.2% (7480/8989, queue: 1493) 37/s (validating, workers: 16, goroutines: 17) - 3m23s
Progress: [=========================================         ] 83.5% (7509/8989, queue: 1464) 37/s (validating, workers: 16, goroutines: 17) - 3m24s
Progress: [=========================================         ] 83.8% (7531/8989, queue: 1441) 37/s (validating, workers: 16, goroutines: 18) - 3m25s
Progress: [==========================================        ] 84.0% (7553/8989, queue: 1419) 37/s (validating, workers: 16, goroutines: 18) - 3m26s
Progress: [==========================================        ] 84.3% (7582/8989, queue: 1390) 37/s (validating, workers: 16, goroutines: 18) - 3m27s
Progress: [==========================================        ] 84.9% (7628/8989, queue: 1344) 37/s (validating, workers: 16, goroutines: 18) - 3m28s
Progress: [==========================================        ] 85.5% (7682/8989, queue: 1291) 37/s (validating, workers: 16, goroutines: 17) - 3m29s
Progress: [==========================================        ] 86.0% (7727/8989, queue: 1246) 37/s (validating, workers: 16, goroutines: 17) - 3m30s
Progress: [===========================================       ] 86.5% (7778/8989, queue: 1194) 37/s (validating, workers: 16, goroutines: 18) - 3m31s
Progress: [===========================================       ] 86.9% (7814/8989, queue: 1159) 37/s (validating, workers: 16, goroutines: 17) - 3m32s
Progress: [===========================================       ] 87.5% (7863/8989, queue: 1110) 37/s (validating, workers: 16, goroutines: 17) - 3m33s
Progress: [===========================================       ] 87.7% (7885/8989, queue: 1088) 37/s (validating, workers: 16, goroutines: 17) - 3m34s
Progress: [============================================      ] 88.0% (7913/8989, queue: 1060) 37/s (validating, workers: 16, goroutines: 17) - 3m35s
Progress: [============================================      ] 88.3% (7937/8989, queue: 1036) 37/s (validating, workers: 16, goroutines: 17) - 3m36s
Progress: [============================================      ] 88.6% (7963/8989, queue: 1010) 37/s (validating, workers: 16, goroutines: 17) - 3m37s
Progress: [============================================      ] 89.1% (8007/8989, queue: 966) 37/s (validating, workers: 16, goroutines: 17) - 3m38s
Progress: [============================================      ] 89.7% (8066/8989, queue: 907) 37/s (validating, workers: 16, goroutines: 17) - 3m39s
Progress: [=============================================     ] 90.2% (8109/8989, queue: 864) 37/s (validating, workers: 16, goroutines: 17) - 3m40s
Progress: [=============================================     ] 90.6% (8140/8989, queue: 833) 37/s (validating, workers: 16, goroutines: 17) - 3m41s
Progress: [=============================================     ] 90.9% (8168/8989, queue: 805) 37/s (validating, workers: 16, goroutines: 17) - 3m42s
Progress: [=============================================     ] 91.1% (8188/8989, queue: 784) 37/s (validating, workers: 16, goroutines: 18) - 3m43s
Progress: [=============================================     ] 91.4% (8218/8989, queue: 755) 37/s (validating, workers: 16, goroutines: 17) - 3m44s
Progress: [==============================================    ] 92.0% (8274/8989, queue: 699) 37/s (validating, workers: 16, goroutines: 17) - 3m45s
Progress: [==============================================    ] 92.6% (8323/8989, queue: 650) 37/s (validating, workers: 16, goroutines: 17) - 3m46s
Progress: [==============================================    ] 93.0% (8356/8989, queue: 617) 37/s (validating, workers: 16, goroutines: 17) - 3m47s
Progress: [==============================================    ] 93.5% (8405/8989, queue: 568) 37/s (validating, workers: 16, goroutines: 17) - 3m48s
Progress: [==============================================    ] 93.9% (8444/8989, queue: 528) 37/s (validating, workers: 16, goroutines: 18) - 3m49s
Progress: [===============================================   ] 94.5% (8494/8989, queue: 478) 37/s (validating, workers: 16, goroutines: 18) - 3m50s
Progress: [===============================================   ] 94.8% (8522/8989, queue: 451) 37/s (validating, workers: 16, goroutines: 17) - 3m51s
Progress: [===============================================   ] 95.1% (8550/8989, queue: 423) 37/s (validating, workers: 16, goroutines: 17) - 3m52s
Progress: [===============================================   ] 95.5% (8584/8989, queue: 389) 37/s (validating, workers: 16, goroutines: 17) - 3m53s
Progress: [===============================================   ] 95.8% (8608/8989, queue: 365) 37/s (validating, workers: 16, goroutines: 17) - 3m54s
Progress: [================================================  ] 96.1% (8637/8989, queue: 336) 37/s (validating, workers: 16, goroutines: 17) - 3m55s
Progress: [================================================  ] 96.4% (8666/8989, queue: 306) 37/s (validating, workers: 16, goroutines: 18) - 3m56s
Progress: [================================================  ] 97.0% (8719/8989, queue: 253) 37/s (validating, workers: 16, goroutines: 18) - 3m57s
Progress: [================================================  ] 97.4% (8759/8989, queue: 214) 37/s (validating, workers: 16, goroutines: 17) - 3m58s
Progress: [================================================  ] 97.7% (8786/8989, queue: 187) 37/s (validating, workers: 16, goroutines: 17) - 3m59s
Progress: [================================================= ] 98.1% (8816/8989, queue: 157) 37/s (validating, workers: 16, goroutines: 17) - 4m0s
Progress: [================================================= ] 98.4% (8844/8989, queue: 129) 37/s (validating, workers: 16, goroutines: 17) - 4m1s
Progress: [================================================= ] 98.6% (8865/8989, queue: 107) 37/s (validating, workers: 16, goroutines: 18) - 4m2s
Progress: [================================================= ] 98.9% (8892/8989, queue: 81) 37/s (validating, workers: 16, goroutines: 17) - 4m3s
Progress: [================================================= ] 99.3% (8929/8989, queue: 43) 37/s (validating, workers: 16, goroutines: 18) - 4m4s
Progress: [================================================= ] 99.8% (8972/8989, queue: 0) 37/s (draining in-flight, workers: 16) - 4m5s
Progress: [================================================= ] 99.8% (8975/8989, queue: 0) 37/s (draining in-flight, workers: 16) - 4m5s
Progress: [==================================================] 100.0% (8989/8989, queue: 0) 36/s (completed) - 4m7s

Validation completed: 8989/8989 objects (8989 succeeded, 0 failed)

--- run 2026-09-05T03:50:03Z ---
System check starting...
Preparing loaders and cache...
Proactive Stale CAS cleanup starting...
Proactive Stale CAS cleanup: cleaning 100 kinds (timeout 2m0s)...
Proactive Stale CAS cleanup: account (1/100)...
Proactive Stale CAS cleanup: agent_architecture (2/100)...
Proactive Stale CAS cleanup: agent_feed (3/100)...
Proactive Stale CAS cleanup: agent_onboarding_preparation (4/100)...
Proactive Stale CAS cleanup: agent_skill (5/100)...
Proactive Stale CAS cleanup: agent_task (6/100)...
Proactive Stale CAS cleanup: api_spec (7/100)...
Proactive Stale CAS cleanup: auth_strategy (8/100)...
Proactive Stale CAS cleanup: backlog_item (9/100)...
Proactive Stale CAS cleanup: base_sampler (10/100)...
Proactive Stale CAS cleanup: brand (11/100)...
Proactive Stale CAS cleanup: capacity_advertisement (14/100)...
Proactive Stale CAS cleanup: bucketing_strategy (12/100)...
Proactive Stale CAS cleanup: capability (13/100)...
Proactive Stale CAS cleanup: command_spec (16/100)...
Proactive Stale CAS cleanup: certificate (15/100)...
Proactive Stale CAS cleanup: compute_advertisement (18/100)...
Proactive Stale CAS cleanup: component (17/100)...
Proactive Stale CAS cleanup: context_refresh_schedule (19/100)...
Proactive Stale CAS cleanup: convergence_session (20/100)...
Proactive Stale CAS cleanup: corporate_initiative (21/100)...
Proactive Stale CAS cleanup: criteria (22/100)...
Proactive Stale CAS cleanup: decision (23/100)...
Proactive Stale CAS cleanup: digital_asset (25/100)...
Proactive Stale CAS cleanup: department (24/100)...
Proactive Stale CAS cleanup: division (26/100)...
Proactive Stale CAS cleanup: doc_entry (27/100)...
Proactive Stale CAS cleanup: domain_registry (28/100)...
Proactive Stale CAS cleanup: evolution_management (29/100)...
Proactive Stale CAS cleanup: field_registry (30/100)...
Proactive Stale CAS cleanup: fission_event (31/100)...
Proactive Stale CAS cleanup: glossary_term (32/100)...
Proactive Stale CAS cleanup: glossary_term_relation (33/100)...
Proactive Stale CAS cleanup: goal (34/100)...
Proactive Stale CAS cleanup: import_tracking (35/100)...
Proactive Stale CAS cleanup: important_date (36/100)...
Proactive Stale CAS cleanup: inference_heuristic (37/100)...
Proactive Stale CAS cleanup: keystore_entry (38/100)...
Proactive Stale CAS cleanup: kind_synonym (39/100)...
Proactive Stale CAS cleanup: library (40/100)...
Proactive Stale CAS cleanup: list_metric_sampler (41/100)...
Proactive Stale CAS cleanup: mcp_spec (42/100)...
Proactive Stale CAS cleanup: metrics_feedback (44/100)...
Proactive Stale CAS cleanup: metadata_package (43/100)...
Proactive Stale CAS cleanup: milestone (45/100)...
Proactive Stale CAS cleanup: mission (46/100)...
Proactive Stale CAS cleanup: namespace (47/100)...
Proactive Stale CAS cleanup: namespace_registry (48/100)...
Proactive Stale CAS cleanup: ordered_list_metric_sampler (50/100)...
Proactive Stale CAS cleanup: object_spec (49/100)...
Proactive Stale CAS cleanup: organization (51/100)...
Proactive Stale CAS cleanup: organizational_change (52/100)...
Proactive Stale CAS cleanup: partnership (53/100)...
Proactive Stale CAS cleanup: persona (54/100)...
Proactive Stale CAS cleanup: pipeline (55/100)...
Proactive Stale CAS cleanup: pipeline_definition (56/100)...
Proactive Stale CAS cleanup: pipeline_stage (58/100)...
Proactive Stale CAS cleanup: pipeline_execution (57/100)...
Proactive Stale CAS cleanup: policy (59/100)...
Proactive Stale CAS cleanup: priority_plan (60/100)...
Proactive Stale CAS cleanup: process_hygiene_rule (61/100)...
Proactive Stale CAS cleanup: prompt_template (62/100)...
Proactive Stale CAS cleanup: provider_profile (63/100)...
Proactive Stale CAS cleanup: qa_success (64/100)...
Proactive Stale CAS cleanup: question (65/100)...
Proactive Stale CAS cleanup: remote_kernel (67/100)...
Proactive Stale CAS cleanup: release (66/100)...
Proactive Stale CAS cleanup: requirement (68/100)...
Proactive Stale CAS cleanup: resolver (69/100)...
Proactive Stale CAS cleanup: risk_blocker (70/100)...
Proactive Stale CAS cleanup: roadmap (71/100)...
Proactive Stale CAS cleanup: role (72/100)...
Proactive Stale CAS cleanup: rollback_report (73/100)...
Proactive Stale CAS cleanup: rule (74/100)...
Proactive Stale CAS cleanup: sampler_profile (75/100)...
Proactive Stale CAS cleanup: scalar_metric_sampler (76/100)...
Proactive Stale CAS cleanup: scenario (77/100)...
Proactive Stale CAS cleanup: scheduler_handler_binding (78/100)...
Proactive Stale CAS cleanup: shockwave_router (79/100)...
Proactive Stale CAS cleanup: status_history_metric_sampler (81/100)...
Proactive Stale CAS cleanup: stakeholder_profile (80/100)...
Proactive Stale CAS cleanup: strategic_context (82/100)...
Proactive Stale CAS cleanup: strategic_plan (83/100)...
Proactive Stale CAS cleanup: team (84/100)...
Proactive Stale CAS cleanup: team_configuration (85/100)...
Proactive Stale CAS cleanup: technical_debt (86/100)...
Proactive Stale CAS cleanup: technical_spec (87/100)...
Proactive Stale CAS cleanup: template (88/100)...
Proactive Stale CAS cleanup: test_case (89/100)...
Proactive Stale CAS cleanup: test_command_rule (90/100)...
Proactive Stale CAS cleanup: translation_manifest (91/100)...
Proactive Stale CAS cleanup: validation_rule (92/100)...
Proactive Stale CAS cleanup: vision (93/100)...
Proactive Stale CAS cleanup: vitality_report (95/100)...
Proactive Stale CAS cleanup: visual_plan (94/100)...
Proactive Stale CAS cleanup: vocabulary_scheme (96/100)...
Proactive Stale CAS cleanup: watchdog_registration (97/100)...
Proactive Stale CAS cleanup: workflow (98/100)...
Proactive Stale CAS cleanup: workstream (99/100)...
Proactive Stale CAS cleanup: workstream_transition (100/100)...
Loaders starting...
Loaders ready.
Loading object ID cache...
Warming CAS indexes...
Merging CAS indexes for 46 kinds...
CAS indexes warmed
Cache ready, starting validator...
Discovery starting...
Starting discovery across 100 kinds...
Validating 9011 objects (from docs/process/ via object ID cache)...
Progress: [                                                  ] 1.3% (113/9011, queue: 8882) 108/s (validating, workers: 16, goroutines: 17) - 1s
Progress: [                                                  ] 1.9% (170/9011, queue: 8825) 83/s (validating, workers: 16, goroutines: 17) - 2s
Progress: [=                                                 ] 2.4% (214/9011, queue: 8781) 70/s (validating, workers: 16, goroutines: 17) - 3s
Progress: [=                                                 ] 2.7% (242/9011, queue: 8753) 60/s (validating, workers: 16, goroutines: 17) - 4s
Progress: [=                                                 ] 3.0% (271/9011, queue: 8724) 54/s (validating, workers: 16, goroutines: 17) - 5s
Progress: [=                                                 ] 3.2% (292/9011, queue: 8702) 48/s (validating, workers: 16, goroutines: 18) - 6s
Progress: [=                                                 ] 3.5% (316/9011, queue: 8679) 45/s (validating, workers: 16, goroutines: 17) - 7s
Progress: [=                                                 ] 3.8% (346/9011, queue: 8648) 43/s (validating, workers: 16, goroutines: 18) - 8s
Progress: [==                                                ] 4.2% (374/9011, queue: 8621) 41/s (validating, workers: 16, goroutines: 17) - 9s
Progress: [==                                                ] 4.4% (396/9011, queue: 8598) 39/s (validating, workers: 16, goroutines: 18) - 10s
Progress: [==                                                ] 4.6% (414/9011, queue: 8581) 37/s (validating, workers: 16, goroutines: 17) - 11s
Progress: [==                                                ] 4.8% (433/9011, queue: 8562) 36/s (validating, workers: 16, goroutines: 17) - 12s
Progress: [==                                                ] 5.1% (459/9011, queue: 8535) 35/s (validating, workers: 16, goroutines: 18) - 13s
Progress: [==                                                ] 5.3% (480/9011, queue: 8514) 34/s (validating, workers: 16, goroutines: 18) - 14s
Progress: [==                                                ] 5.6% (501/9011, queue: 8493) 33/s (validating, workers: 16, goroutines: 18) - 15s
Progress: [==                                                ] 5.8% (522/9011, queue: 8473) 33/s (validating, workers: 16, goroutines: 17) - 16s
Progress: [===                                               ] 6.1% (551/9011, queue: 8443) 32/s (validating, workers: 16, goroutines: 18) - 17s
Progress: [===                                               ] 6.3% (569/9011, queue: 8425) 31/s (validating, workers: 16, goroutines: 18) - 18s
Progress: [===                                               ] 6.5% (585/9011, queue: 8410) 31/s (validating, workers: 16, goroutines: 17) - 19s
Progress: [===                                               ] 6.8% (610/9011, queue: 8385) 30/s (validating, workers: 16, goroutines: 17) - 20s
Progress: [===                                               ] 6.9% (625/9011, queue: 8369) 30/s (validating, workers: 16, goroutines: 18) - 21s
Progress: [===                                               ] 7.1% (644/9011, queue: 8350) 29/s (validating, workers: 16, goroutines: 18) - 22s
Progress: [===                                               ] 7.3% (659/9011, queue: 8336) 29/s (validating, workers: 16, goroutines: 17) - 23s
Progress: [===                                               ] 7.5% (679/9011, queue: 8316) 28/s (validating, workers: 16, goroutines: 17) - 24s
Progress: [===                                               ] 7.8% (700/9011, queue: 8295) 28/s (validating, workers: 16, goroutines: 17) - 25s
Progress: [===                                               ] 8.0% (717/9011, queue: 8278) 28/s (validating, workers: 16, goroutines: 17) - 26s
Progress: [====                                              ] 8.2% (735/9011, queue: 8259) 27/s (validating, workers: 16, goroutines: 18) - 27s
Progress: [====                                              ] 8.4% (760/9011, queue: 8234) 27/s (validating, workers: 16, goroutines: 18) - 28s
Progress: [====                                              ] 9.0% (808/9011, queue: 8187) 28/s (validating, workers: 16, goroutines: 17) - 29s
Progress: [====                                              ] 9.2% (832/9011, queue: 8163) 28/s (validating, workers: 16, goroutines: 17) - 30s
Progress: [====                                              ] 9.6% (863/9011, queue: 8132) 28/s (validating, workers: 16, goroutines: 17) - 31s
Progress: [====                                              ] 10.0% (899/9011, queue: 8095) 28/s (validating, workers: 16, goroutines: 18) - 32s
Progress: [=====                                             ] 10.3% (930/9011, queue: 8065) 28/s (validating, workers: 16, goroutines: 17) - 33s
Progress: [=====                                             ] 10.6% (959/9011, queue: 8036) 28/s (validating, workers: 16, goroutines: 17) - 34s
Progress: [=====                                             ] 10.9% (983/9011, queue: 8012) 28/s (validating, workers: 16, goroutines: 17) - 35s
Progress: [=====                                             ] 11.4% (1028/9011, queue: 7966) 29/s (validating, workers: 16, goroutines: 18) - 36s
Progress: [=====                                             ] 11.7% (1051/9011, queue: 7944) 28/s (validating, workers: 16, goroutines: 17) - 37s
Progress: [======                                            ] 12.0% (1083/9011, queue: 7912) 28/s (validating, workers: 16, goroutines: 17) - 38s
Progress: [======                                            ] 12.3% (1111/9011, queue: 7883) 28/s (validating, workers: 16, goroutines: 18) - 39s
Progress: [======                                            ] 12.6% (1138/9011, queue: 7856) 28/s (validating, workers: 16, goroutines: 18) - 40s
Progress: [======                                            ] 13.2% (1189/9011, queue: 7806) 29/s (validating, workers: 16, goroutines: 17) - 41s
Progress: [======                                            ] 13.7% (1238/9011, queue: 7757) 29/s (validating, workers: 16, goroutines: 17) - 42s
Progress: [=======                                           ] 14.2% (1284/9011, queue: 7711) 30/s (validating, workers: 16, goroutines: 17) - 43s
Progress: [=======                                           ] 14.6% (1314/9011, queue: 7681) 30/s (validating, workers: 16, goroutines: 17) - 44s
Progress: [=======                                           ] 14.9% (1342/9011, queue: 7653) 30/s (validating, workers: 16, goroutines: 17) - 45s
Progress: [=======                                           ] 15.1% (1364/9011, queue: 7631) 30/s (validating, workers: 16, goroutines: 17) - 46s
Progress: [=======                                           ] 15.4% (1387/9011, queue: 7607) 29/s (validating, workers: 16, goroutines: 18) - 47s
Progress: [=======                                           ] 15.6% (1403/9011, queue: 7591) 29/s (validating, workers: 16, goroutines: 18) - 48s
Progress: [=======                                           ] 15.9% (1430/9011, queue: 7565) 29/s (validating, workers: 16, goroutines: 17) - 49s
Progress: [========                                          ] 16.2% (1463/9011, queue: 7532) 29/s (validating, workers: 16, goroutines: 17) - 50s
Progress: [========                                          ] 16.6% (1500/9011, queue: 7494) 29/s (validating, workers: 16, goroutines: 18) - 51s
Progress: [========                                          ] 16.8% (1513/9011, queue: 7482) 29/s (validating, workers: 16, goroutines: 17) - 52s
Progress: [========                                          ] 17.2% (1548/9011, queue: 7446) 29/s (validating, workers: 16, goroutines: 18) - 53s
Progress: [========                                          ] 17.5% (1573/9011, queue: 7422) 29/s (validating, workers: 16, goroutines: 17) - 54s
Progress: [========                                          ] 17.7% (1597/9011, queue: 7397) 29/s (validating, workers: 16, goroutines: 18) - 55s
Progress: [=========                                         ] 18.1% (1627/9011, queue: 7367) 29/s (validating, workers: 16, goroutines: 18) - 56s
Progress: [=========                                         ] 18.4% (1655/9011, queue: 7339) 29/s (validating, workers: 16, goroutines: 18) - 57s
Progress: [=========                                         ] 19.0% (1709/9011, queue: 7285) 29/s (validating, workers: 16, goroutines: 18) - 58s
Progress: [=========                                         ] 19.6% (1763/9011, queue: 7232) 30/s (validating, workers: 16, goroutines: 17) - 59s
Progress: [=========                                         ] 20.0% (1799/9011, queue: 7196) 30/s (validating, workers: 16, goroutines: 17) - 1m0s
Progress: [==========                                        ] 20.3% (1833/9011, queue: 7162) 30/s (validating, workers: 16, goroutines: 17) - 1m1s
Progress: [==========                                        ] 20.8% (1871/9011, queue: 7124) 30/s (validating, workers: 16, goroutines: 17) - 1m2s
Progress: [==========                                        ] 21.1% (1901/9011, queue: 7094) 30/s (validating, workers: 16, goroutines: 17) - 1m3s
Progress: [==========                                        ] 21.4% (1930/9011, queue: 7065) 30/s (validating, workers: 16, goroutines: 17) - 1m4s
Progress: [==========                                        ] 21.7% (1957/9011, queue: 7038) 30/s (validating, workers: 16, goroutines: 17) - 1m5s
Progress: [===========                                       ] 22.2% (1997/9011, queue: 6998) 30/s (validating, workers: 16, goroutines: 17) - 1m6s
Progress: [===========                                       ] 22.5% (2029/9011, queue: 6966) 30/s (validating, workers: 16, goroutines: 17) - 1m7s
Progress: [===========                                       ] 23.1% (2079/9011, queue: 6916) 31/s (validating, workers: 16, goroutines: 17) - 1m8s
Progress: [===========                                       ] 23.6% (2123/9011, queue: 6871) 31/s (validating, workers: 16, goroutines: 18) - 1m9s
Progress: [============                                      ] 24.3% (2187/9011, queue: 6807) 31/s (validating, workers: 16, goroutines: 18) - 1m10s
Progress: [============                                      ] 24.9% (2240/9011, queue: 6754) 32/s (validating, workers: 16, goroutines: 18) - 1m11s
Progress: [============                                      ] 25.4% (2286/9011, queue: 6709) 32/s (validating, workers: 16, goroutines: 17) - 1m12s
Progress: [============                                      ] 25.7% (2316/9011, queue: 6679) 32/s (validating, workers: 16, goroutines: 17) - 1m13s
Progress: [=============                                     ] 26.1% (2352/9011, queue: 6642) 32/s (validating, workers: 16, goroutines: 18) - 1m14s
Progress: [=============                                     ] 26.4% (2382/9011, queue: 6613) 32/s (validating, workers: 16, goroutines: 17) - 1m15s
Progress: [=============                                     ] 26.9% (2425/9011, queue: 6570) 32/s (validating, workers: 16, goroutines: 17) - 1m16s
Progress: [=============                                     ] 27.6% (2486/9011, queue: 6508) 32/s (validating, workers: 16, goroutines: 18) - 1m17s
Progress: [=============                                     ] 28.0% (2519/9011, queue: 6476) 32/s (validating, workers: 16, goroutines: 17) - 1m18s
Progress: [==============                                    ] 28.2% (2541/9011, queue: 6454) 32/s (validating, workers: 16, goroutines: 17) - 1m19s
Progress: [==============                                    ] 28.5% (2567/9011, queue: 6428) 32/s (validating, workers: 16, goroutines: 17) - 1m20s
Progress: [==============                                    ] 28.8% (2597/9011, queue: 6398) 32/s (validating, workers: 16, goroutines: 17) - 1m21s
Progress: [==============                                    ] 29.1% (2621/9011, queue: 6374) 32/s (validating, workers: 16, goroutines: 17) - 1m22s
Progress: [==============                                    ] 29.4% (2645/9011, queue: 6350) 32/s (validating, workers: 16, goroutines: 17) - 1m23s
Progress: [==============                                    ] 29.8% (2681/9011, queue: 6314) 32/s (validating, workers: 16, goroutines: 17) - 1m24s
Progress: [===============                                   ] 30.3% (2729/9011, queue: 6266) 32/s (validating, workers: 16, goroutines: 17) - 1m25s
Progress: [===============                                   ] 30.8% (2777/9011, queue: 6218) 32/s (validating, workers: 16, goroutines: 17) - 1m26s
Progress: [===============                                   ] 31.2% (2814/9011, queue: 6181) 32/s (validating, workers: 16, goroutines: 17) - 1m27s
Progress: [===============                                   ] 31.8% (2867/9011, queue: 6128) 33/s (validating, workers: 16, goroutines: 17) - 1m28s
Progress: [================                                  ] 32.4% (2919/9011, queue: 6076) 33/s (validating, workers: 16, goroutines: 17) - 1m29s
Progress: [================                                  ] 32.8% (2955/9011, queue: 6040) 33/s (validating, workers: 16, goroutines: 17) - 1m30s
Progress: [================                                  ] 33.2% (2988/9011, queue: 6007) 33/s (validating, workers: 16, goroutines: 17) - 1m31s
Progress: [================                                  ] 33.6% (3024/9011, queue: 5971) 33/s (validating, workers: 16, goroutines: 17) - 1m32s
Progress: [================                                  ] 33.9% (3059/9011, queue: 5936) 33/s (validating, workers: 16, goroutines: 17) - 1m33s
Progress: [=================                                 ] 34.3% (3091/9011, queue: 5904) 33/s (validating, workers: 16, goroutines: 17) - 1m34s
Progress: [=================                                 ] 34.8% (3138/9011, queue: 5857) 33/s (validating, workers: 16, goroutines: 17) - 1m35s
Progress: [=================                                 ] 35.4% (3194/9011, queue: 5801) 33/s (validating, workers: 16, goroutines: 17) - 1m36s
Progress: [=================                                 ] 35.9% (3235/9011, queue: 5760) 33/s (validating, workers: 16, goroutines: 17) - 1m37s
Progress: [==================                                ] 36.3% (3274/9011, queue: 5721) 33/s (validating, workers: 16, goroutines: 17) - 1m38s
Progress: [==================                                ] 37.1% (3339/9011, queue: 5656) 34/s (validating, workers: 16, goroutines: 17) - 1m39s
Progress: [===================                               ] 38.0% (3426/9011, queue: 5569) 34/s (validating, workers: 16, goroutines: 17) - 1m40s
Progress: [===================                               ] 39.0% (3516/9011, queue: 5479) 35/s (validating, workers: 16, goroutines: 17) - 1m41s
Progress: [===================                               ] 39.8% (3588/9011, queue: 5406) 35/s (validating, workers: 16, goroutines: 18) - 1m42s
Progress: [====================                              ] 40.2% (3624/9011, queue: 5371) 35/s (validating, workers: 16, goroutines: 17) - 1m43s
Progress: [====================                              ] 40.6% (3658/9011, queue: 5337) 35/s (validating, workers: 16, goroutines: 17) - 1m44s
Progress: [====================                              ] 41.0% (3692/9011, queue: 5302) 35/s (validating, workers: 16, goroutines: 18) - 1m45s
Progress: [====================                              ] 41.3% (3725/9011, queue: 5268) 35/s (validating, workers: 16, goroutines: 19) - 1m46s
Progress: [====================                              ] 42.0% (3782/9011, queue: 5213) 35/s (validating, workers: 16, goroutines: 17) - 1m47s
Progress: [=====================                             ] 42.2% (3805/9011, queue: 5189) 35/s (validating, workers: 16, goroutines: 18) - 1m48s
Progress: [=====================                             ] 42.6% (3843/9011, queue: 5151) 35/s (validating, workers: 16, goroutines: 18) - 1m49s
Progress: [=====================                             ] 42.9% (3870/9011, queue: 5123) 35/s (validating, workers: 16, goroutines: 19) - 1m50s
Progress: [=====================                             ] 43.2% (3892/9011, queue: 5102) 35/s (validating, workers: 16, goroutines: 18) - 1m51s
Progress: [=====================                             ] 43.6% (3926/9011, queue: 5069) 35/s (validating, workers: 16, goroutines: 17) - 1m52s
Progress: [======================                            ] 44.1% (3971/9011, queue: 5023) 35/s (validating, workers: 16, goroutines: 18) - 1m53s
Progress: [======================                            ] 44.4% (4005/9011, queue: 4990) 35/s (validating, workers: 16, goroutines: 17) - 1m54s
Progress: [======================                            ] 44.9% (4045/9011, queue: 4950) 35/s (validating, workers: 16, goroutines: 17) - 1m55s
Progress: [======================                            ] 45.5% (4098/9011, queue: 4895) 35/s (validating, workers: 16, goroutines: 19) - 1m56s
Progress: [======================                            ] 46.0% (4141/9011, queue: 4854) 35/s (validating, workers: 16, goroutines: 17) - 1m57s
Progress: [=======================                           ] 46.3% (4172/9011, queue: 4823) 35/s (validating, workers: 16, goroutines: 17) - 1m58s
Progress: [=======================                           ] 46.6% (4198/9011, queue: 4796) 35/s (validating, workers: 16, goroutines: 18) - 1m59s
Progress: [=======================                           ] 46.9% (4230/9011, queue: 4765) 35/s (validating, workers: 16, goroutines: 17) - 2m0s
Progress: [=======================                           ] 47.3% (4263/9011, queue: 4732) 35/s (validating, workers: 16, goroutines: 17) - 2m1s
Progress: [=======================                           ] 47.6% (4291/9011, queue: 4704) 35/s (validating, workers: 16, goroutines: 17) - 2m2s
Progress: [=======================                           ] 48.0% (4324/9011, queue: 4670) 35/s (validating, workers: 16, goroutines: 18) - 2m3s
Progress: [========================                          ] 48.4% (4363/9011, queue: 4632) 35/s (validating, workers: 16, goroutines: 17) - 2m4s
Progress: [========================                          ] 48.8% (4398/9011, queue: 4597) 35/s (validating, workers: 16, goroutines: 17) - 2m5s
Progress: [========================                          ] 49.3% (4439/9011, queue: 4556) 35/s (validating, workers: 16, goroutines: 17) - 2m6s
Progress: [========================                          ] 49.6% (4471/9011, queue: 4524) 35/s (validating, workers: 16, goroutines: 17) - 2m7s
Progress: [========================                          ] 50.0% (4501/9011, queue: 4494) 35/s (validating, workers: 16, goroutines: 17) - 2m8s
Progress: [=========================                         ] 50.4% (4541/9011, queue: 4454) 35/s (validating, workers: 16, goroutines: 17) - 2m9s
Progress: [=========================                         ] 50.9% (4584/9011, queue: 4411) 35/s (validating, workers: 16, goroutines: 17) - 2m10s
Progress: [=========================                         ] 51.2% (4616/9011, queue: 4379) 35/s (validating, workers: 16, goroutines: 17) - 2m11s
Progress: [=========================                         ] 51.7% (4657/9011, queue: 4338) 35/s (validating, workers: 16, goroutines: 17) - 2m12s
Progress: [==========================                        ] 52.1% (4692/9011, queue: 4303) 35/s (validating, workers: 16, goroutines: 17) - 2m13s
Progress: [==========================                        ] 52.5% (4727/9011, queue: 4268) 35/s (validating, workers: 16, goroutines: 17) - 2m14s
Progress: [==========================                        ] 52.8% (4759/9011, queue: 4236) 35/s (validating, workers: 16, goroutines: 17) - 2m15s
Progress: [==========================                        ] 53.1% (4785/9011, queue: 4209) 35/s (validating, workers: 16, goroutines: 18) - 2m16s
Progress: [==========================                        ] 53.4% (4812/9011, queue: 4183) 35/s (validating, workers: 16, goroutines: 17) - 2m17s
Progress: [==========================                        ] 53.8% (4845/9011, queue: 4150) 35/s (validating, workers: 16, goroutines: 17) - 2m18s
Progress: [===========================                       ] 54.4% (4901/9011, queue: 4093) 35/s (validating, workers: 16, goroutines: 18) - 2m19s
Progress: [===========================                       ] 55.0% (4953/9011, queue: 4042) 35/s (validating, workers: 16, goroutines: 17) - 2m20s
Progress: [===========================                       ] 55.6% (5011/9011, queue: 3983) 36/s (validating, workers: 16, goroutines: 18) - 2m21s
Progress: [============================                      ] 56.1% (5056/9011, queue: 3939) 36/s (validating, workers: 16, goroutines: 17) - 2m22s
Progress: [============================                      ] 56.6% (5098/9011, queue: 3897) 36/s (validating, workers: 16, goroutines: 17) - 2m23s
Progress: [============================                      ] 56.9% (5128/9011, queue: 3867) 36/s (validating, workers: 16, goroutines: 17) - 2m24s
Progress: [============================                      ] 57.3% (5166/9011, queue: 3829) 36/s (validating, workers: 16, goroutines: 17) - 2m25s
Progress: [============================                      ] 57.9% (5219/9011, queue: 3776) 36/s (validating, workers: 16, goroutines: 17) - 2m26s
Progress: [=============================                     ] 58.5% (5273/9011, queue: 3721) 36/s (validating, workers: 16, goroutines: 18) - 2m27s
Progress: [=============================                     ] 59.1% (5326/9011, queue: 3668) 36/s (validating, workers: 16, goroutines: 18) - 2m28s
Progress: [=============================                     ] 59.7% (5382/9011, queue: 3613) 36/s (validating, workers: 16, goroutines: 17) - 2m29s
Progress: [==============================                    ] 60.2% (5427/9011, queue: 3568) 36/s (validating, workers: 16, goroutines: 17) - 2m30s
Progress: [==============================                    ] 60.6% (5459/9011, queue: 3536) 36/s (validating, workers: 16, goroutines: 17) - 2m31s
Progress: [==============================                    ] 61.0% (5497/9011, queue: 3498) 36/s (validating, workers: 16, goroutines: 17) - 2m32s
Progress: [==============================                    ] 61.3% (5528/9011, queue: 3467) 36/s (validating, workers: 16, goroutines: 17) - 2m33s
Progress: [==============================                    ] 61.7% (5564/9011, queue: 3431) 36/s (validating, workers: 16, goroutines: 17) - 2m34s
Progress: [===============================                   ] 62.0% (5588/9011, queue: 3407) 36/s (validating, workers: 16, goroutines: 17) - 2m35s
Progress: [===============================                   ] 62.3% (5617/9011, queue: 3378) 36/s (validating, workers: 16, goroutines: 17) - 2m36s
Progress: [===============================                   ] 62.7% (5647/9011, queue: 3347) 36/s (validating, workers: 16, goroutines: 18) - 2m37s
Progress: [===============================                   ] 63.0% (5677/9011, queue: 3318) 36/s (validating, workers: 16, goroutines: 17) - 2m38s
Progress: [===============================                   ] 63.7% (5736/9011, queue: 3258) 36/s (validating, workers: 16, goroutines: 18) - 2m39s
Progress: [================================                  ] 64.1% (5780/9011, queue: 3215) 36/s (validating, workers: 16, goroutines: 17) - 2m40s
Progress: [================================                  ] 64.6% (5817/9011, queue: 3177) 36/s (validating, workers: 16, goroutines: 18) - 2m41s
Progress: [================================                  ] 65.0% (5854/9011, queue: 3141) 36/s (validating, workers: 16, goroutines: 17) - 2m42s
Progress: [================================                  ] 65.3% (5886/9011, queue: 3109) 36/s (validating, workers: 16, goroutines: 17) - 2m43s
Progress: [================================                  ] 65.8% (5931/9011, queue: 3063) 36/s (validating, workers: 16, goroutines: 18) - 2m44s
Progress: [=================================                 ] 66.5% (5990/9011, queue: 3003) 36/s (validating, workers: 16, goroutines: 19) - 2m45s
Progress: [=================================                 ] 67.2% (6052/9011, queue: 2943) 36/s (validating, workers: 16, goroutines: 17) - 2m46s
Progress: [=================================                 ] 67.7% (6097/9011, queue: 2898) 36/s (validating, workers: 16, goroutines: 17) - 2m47s
Progress: [==================================                ] 68.1% (6134/9011, queue: 2861) 37/s (validating, workers: 16, goroutines: 17) - 2m48s
Progress: [==================================                ] 68.4% (6163/9011, queue: 2832) 36/s (validating, workers: 16, goroutines: 17) - 2m49s
Progress: [==================================                ] 68.8% (6203/9011, queue: 2792) 36/s (validating, workers: 16, goroutines: 17) - 2m50s
Progress: [==================================                ] 69.3% (6247/9011, queue: 2747) 37/s (validating, workers: 16, goroutines: 18) - 2m51s
Progress: [===================================               ] 70.3% (6339/9011, queue: 2655) 37/s (validating, workers: 16, goroutines: 18) - 2m52s
Progress: [===================================               ] 70.9% (6385/9011, queue: 2610) 37/s (validating, workers: 16, goroutines: 17) - 2m53s
Progress: [===================================               ] 71.2% (6416/9011, queue: 2578) 37/s (validating, workers: 16, goroutines: 18) - 2m54s
Progress: [===================================               ] 71.5% (6443/9011, queue: 2552) 37/s (validating, workers: 16, goroutines: 17) - 2m55s
Progress: [===================================               ] 71.8% (6467/9011, queue: 2528) 37/s (validating, workers: 16, goroutines: 17) - 2m56s
Progress: [====================================              ] 72.1% (6498/9011, queue: 2497) 37/s (validating, workers: 16, goroutines: 17) - 2m57s
Progress: [====================================              ] 72.4% (6521/9011, queue: 2472) 37/s (validating, workers: 16, goroutines: 19) - 2m58s
Progress: [====================================              ] 72.8% (6556/9011, queue: 2439) 37/s (validating, workers: 16, goroutines: 17) - 2m59s
Progress: [====================================              ] 73.5% (6625/9011, queue: 2370) 37/s (validating, workers: 16, goroutines: 17) - 3m0s
Progress: [=====================================             ] 74.3% (6694/9011, queue: 2301) 37/s (validating, workers: 16, goroutines: 17) - 3m1s
Progress: [=====================================             ] 75.1% (6771/9011, queue: 2223) 37/s (validating, workers: 16, goroutines: 18) - 3m2s
Progress: [=====================================             ] 75.9% (6841/9011, queue: 2152) 37/s (validating, workers: 16, goroutines: 19) - 3m3s
Progress: [======================================            ] 76.8% (6919/9011, queue: 2075) 38/s (validating, workers: 16, goroutines: 18) - 3m4s
Progress: [======================================            ] 77.2% (6959/9011, queue: 2036) 38/s (validating, workers: 16, goroutines: 17) - 3m5s
Progress: [======================================            ] 77.6% (6992/9011, queue: 2003) 38/s (validating, workers: 16, goroutines: 17) - 3m6s
Progress: [======================================            ] 77.9% (7017/9011, queue: 1978) 38/s (validating, workers: 16, goroutines: 17) - 3m7s
Progress: [=======================================           ] 78.3% (7052/9011, queue: 1943) 38/s (validating, workers: 16, goroutines: 17) - 3m8s
Progress: [=======================================           ] 78.7% (7095/9011, queue: 1900) 38/s (validating, workers: 16, goroutines: 17) - 3m9s
Progress: [=======================================           ] 79.1% (7124/9011, queue: 1869) 37/s (validating, workers: 16, goroutines: 19) - 3m10s
Progress: [=======================================           ] 79.4% (7158/9011, queue: 1837) 37/s (validating, workers: 16, goroutines: 17) - 3m11s
Progress: [=======================================           ] 79.9% (7204/9011, queue: 1791) 38/s (validating, workers: 16, goroutines: 17) - 3m12s
Progress: [========================================          ] 80.2% (7230/9011, queue: 1765) 37/s (validating, workers: 16, goroutines: 17) - 3m13s
Progress: [========================================          ] 80.8% (7279/9011, queue: 1715) 38/s (validating, workers: 16, goroutines: 18) - 3m14s
Progress: [========================================          ] 81.2% (7314/9011, queue: 1681) 37/s (validating, workers: 16, goroutines: 17) - 3m15s
Progress: [========================================          ] 81.5% (7347/9011, queue: 1648) 37/s (validating, workers: 16, goroutines: 17) - 3m16s
Progress: [========================================          ] 81.8% (7372/9011, queue: 1623) 37/s (validating, workers: 16, goroutines: 17) - 3m17s
Progress: [=========================================         ] 82.3% (7419/9011, queue: 1576) 37/s (validating, workers: 16, goroutines: 17) - 3m18s
Progress: [=========================================         ] 82.5% (7437/9011, queue: 1557) 37/s (validating, workers: 16, goroutines: 18) - 3m19s
Progress: [=========================================         ] 82.8% (7461/9011, queue: 1532) 37/s (validating, workers: 16, goroutines: 19) - 3m20s
Progress: [=========================================         ] 83.3% (7502/9011, queue: 1493) 37/s (validating, workers: 16, goroutines: 17) - 3m21s
Progress: [=========================================         ] 83.7% (7538/9011, queue: 1457) 37/s (validating, workers: 16, goroutines: 17) - 3m22s
Progress: [=========================================         ] 84.0% (7569/9011, queue: 1425) 37/s (validating, workers: 16, goroutines: 18) - 3m23s
Progress: [==========================================        ] 84.5% (7613/9011, queue: 1382) 37/s (validating, workers: 16, goroutines: 17) - 3m24s
Progress: [==========================================        ] 85.3% (7682/9011, queue: 1313) 37/s (validating, workers: 16, goroutines: 17) - 3m25s
Progress: [==========================================        ] 85.9% (7739/9011, queue: 1256) 38/s (validating, workers: 16, goroutines: 17) - 3m26s
Progress: [===========================================       ] 86.4% (7783/9011, queue: 1212) 38/s (validating, workers: 16, goroutines: 17) - 3m27s
Progress: [===========================================       ] 87.0% (7837/9011, queue: 1158) 38/s (validating, workers: 16, goroutines: 17) - 3m28s
Progress: [===========================================       ] 87.4% (7874/9011, queue: 1121) 38/s (validating, workers: 16, goroutines: 17) - 3m29s
Progress: [===========================================       ] 87.8% (7910/9011, queue: 1085) 38/s (validating, workers: 16, goroutines: 17) - 3m30s
Progress: [============================================      ] 88.3% (7957/9011, queue: 1038) 38/s (validating, workers: 16, goroutines: 17) - 3m31s
Progress: [============================================      ] 88.6% (7986/9011, queue: 1009) 38/s (validating, workers: 16, goroutines: 17) - 3m32s
Progress: [============================================      ] 89.0% (8021/9011, queue: 974) 38/s (validating, workers: 16, goroutines: 17) - 3m33s
Progress: [============================================      ] 89.4% (8052/9011, queue: 943) 38/s (validating, workers: 16, goroutines: 17) - 3m34s
Progress: [============================================      ] 89.7% (8079/9011, queue: 916) 38/s (validating, workers: 16, goroutines: 17) - 3m35s
Progress: [=============================================     ] 90.0% (8110/9011, queue: 885) 38/s (validating, workers: 16, goroutines: 17) - 3m36s
Progress: [=============================================     ] 90.4% (8148/9011, queue: 847) 38/s (validating, workers: 16, goroutines: 17) - 3m37s
Progress: [=============================================     ] 90.8% (8179/9011, queue: 816) 38/s (validating, workers: 16, goroutines: 17) - 3m38s
Progress: [=============================================     ] 91.2% (8215/9011, queue: 780) 38/s (validating, workers: 16, goroutines: 17) - 3m39s
Progress: [=============================================     ] 91.6% (8254/9011, queue: 741) 38/s (validating, workers: 16, goroutines: 17) - 3m40s
Progress: [==============================================    ] 92.3% (8316/9011, queue: 679) 38/s (validating, workers: 16, goroutines: 17) - 3m41s
Progress: [==============================================    ] 92.7% (8356/9011, queue: 639) 38/s (validating, workers: 16, goroutines: 17) - 3m42s
Progress: [==============================================    ] 93.2% (8399/9011, queue: 596) 38/s (validating, workers: 16, goroutines: 17) - 3m43s
Progress: [===============================================   ] 94.1% (8476/9011, queue: 518) 38/s (validating, workers: 16, goroutines: 18) - 3m44s
Progress: [===============================================   ] 94.9% (8547/9011, queue: 447) 38/s (validating, workers: 16, goroutines: 18) - 3m45s
Progress: [================================================  ] 96.2% (8673/9011, queue: 322) 38/s (validating, workers: 16, goroutines: 17) - 3m46s
Progress: [================================================  ] 96.9% (8733/9011, queue: 262) 38/s (validating, workers: 16, goroutines: 17) - 3m47s
Progress: [================================================  ] 97.6% (8794/9011, queue: 201) 39/s (validating, workers: 16, goroutines: 17) - 3m48s
Progress: [================================================= ] 99.5% (8970/9011, queue: 25) 39/s (validating, workers: 16, goroutines: 17) - 3m49s
Progress: [================================================= ] 99.8% (8991/9011, queue: 0) 39/s (draining in-flight, workers: 16) - 3m49s
Progress: [==================================================] 100.0% (9011/9011, queue: 0) 39/s (completed) - 3m51s

Validation completed: 9011/9011 objects (9011 succeeded, 0 failed)

--- run 2026-09-05T03:55:00Z ---
System check starting...
Preparing loaders and cache...
Proactive Stale CAS cleanup starting...
Proactive Stale CAS cleanup: cleaning 100 kinds (timeout 2m0s)...
Proactive Stale CAS cleanup: account (1/100)...
Proactive Stale CAS cleanup: agent_architecture (2/100)...
Proactive Stale CAS cleanup: agent_feed (3/100)...
Proactive Stale CAS cleanup: agent_onboarding_preparation (4/100)...
Proactive Stale CAS cleanup: agent_skill (5/100)...
Proactive Stale CAS cleanup: agent_task (6/100)...
Proactive Stale CAS cleanup: api_spec (7/100)...
Proactive Stale CAS cleanup: auth_strategy (8/100)...
Proactive Stale CAS cleanup: backlog_item (9/100)...
Proactive Stale CAS cleanup: base_sampler (10/100)...
Proactive Stale CAS cleanup: brand (11/100)...
Proactive Stale CAS cleanup: bucketing_strategy (12/100)...
Proactive Stale CAS cleanup: capacity_advertisement (14/100)...
Proactive Stale CAS cleanup: capability (13/100)...
Proactive Stale CAS cleanup: certificate (15/100)...
Proactive Stale CAS cleanup: command_spec (16/100)...
Proactive Stale CAS cleanup: compute_advertisement (18/100)...
Proactive Stale CAS cleanup: component (17/100)...
Proactive Stale CAS cleanup: context_refresh_schedule (19/100)...
Proactive Stale CAS cleanup: convergence_session (20/100)...
Proactive Stale CAS cleanup: corporate_initiative (21/100)...
Proactive Stale CAS cleanup: criteria (22/100)...
Proactive Stale CAS cleanup: decision (23/100)...
Proactive Stale CAS cleanup: digital_asset (25/100)...
Proactive Stale CAS cleanup: department (24/100)...
Proactive Stale CAS cleanup: division (26/100)...
Proactive Stale CAS cleanup: doc_entry (27/100)...
Proactive Stale CAS cleanup: domain_registry (28/100)...
Proactive Stale CAS cleanup: field_registry (30/100)...
Proactive Stale CAS cleanup: evolution_management (29/100)...
Proactive Stale CAS cleanup: fission_event (31/100)...
Proactive Stale CAS cleanup: glossary_term (32/100)...
Proactive Stale CAS cleanup: glossary_term_relation (33/100)...
Proactive Stale CAS cleanup: goal (34/100)...
Proactive Stale CAS cleanup: import_tracking (35/100)...
Proactive Stale CAS cleanup: inference_heuristic (37/100)...
Proactive Stale CAS cleanup: important_date (36/100)...
Proactive Stale CAS cleanup: keystore_entry (38/100)...
Proactive Stale CAS cleanup: kind_synonym (39/100)...
Proactive Stale CAS cleanup: list_metric_sampler (41/100)...
Proactive Stale CAS cleanup: library (40/100)...
Proactive Stale CAS cleanup: mcp_spec (42/100)...
Proactive Stale CAS cleanup: metrics_feedback (44/100)...
Proactive Stale CAS cleanup: metadata_package (43/100)...
Proactive Stale CAS cleanup: milestone (45/100)...
Proactive Stale CAS cleanup: mission (46/100)...
Proactive Stale CAS cleanup: namespace (47/100)...
Proactive Stale CAS cleanup: namespace_registry (48/100)...
Proactive Stale CAS cleanup: object_spec (49/100)...
Proactive Stale CAS cleanup: ordered_list_metric_sampler (50/100)...
Proactive Stale CAS cleanup: organization (51/100)...
Proactive Stale CAS cleanup: organizational_change (52/100)...
Proactive Stale CAS cleanup: partnership (53/100)...
Proactive Stale CAS cleanup: persona (54/100)...
Proactive Stale CAS cleanup: pipeline (55/100)...
Proactive Stale CAS cleanup: pipeline_definition (56/100)...
Proactive Stale CAS cleanup: pipeline_stage (58/100)...
Proactive Stale CAS cleanup: pipeline_execution (57/100)...
Proactive Stale CAS cleanup: policy (59/100)...
Proactive Stale CAS cleanup: priority_plan (60/100)...
Proactive Stale CAS cleanup: process_hygiene_rule (61/100)...
Proactive Stale CAS cleanup: prompt_template (62/100)...
Proactive Stale CAS cleanup: provider_profile (63/100)...
Proactive Stale CAS cleanup: qa_success (64/100)...
Proactive Stale CAS cleanup: question (65/100)...
Proactive Stale CAS cleanup: release (66/100)...
Proactive Stale CAS cleanup: remote_kernel (67/100)...
Proactive Stale CAS cleanup: requirement (68/100)...
Proactive Stale CAS cleanup: resolver (69/100)...
Proactive Stale CAS cleanup: risk_blocker (70/100)...
Proactive Stale CAS cleanup: roadmap (71/100)...
Proactive Stale CAS cleanup: role (72/100)...
Proactive Stale CAS cleanup: rollback_report (73/100)...
Proactive Stale CAS cleanup: rule (74/100)...
Proactive Stale CAS cleanup: scalar_metric_sampler (76/100)...
Proactive Stale CAS cleanup: sampler_profile (75/100)...
Proactive Stale CAS cleanup: scenario (77/100)...
Proactive Stale CAS cleanup: scheduler_handler_binding (78/100)...
Proactive Stale CAS cleanup: shockwave_router (79/100)...
Proactive Stale CAS cleanup: stakeholder_profile (80/100)...
Proactive Stale CAS cleanup: status_history_metric_sampler (81/100)...
Proactive Stale CAS cleanup: strategic_context (82/100)...
Proactive Stale CAS cleanup: strategic_plan (83/100)...
Proactive Stale CAS cleanup: team (84/100)...
Proactive Stale CAS cleanup: team_configuration (85/100)...
Proactive Stale CAS cleanup: technical_debt (86/100)...
Proactive Stale CAS cleanup: technical_spec (87/100)...
Proactive Stale CAS cleanup: template (88/100)...
Proactive Stale CAS cleanup: test_case (89/100)...
Proactive Stale CAS cleanup: translation_manifest (91/100)...
Proactive Stale CAS cleanup: test_command_rule (90/100)...
Proactive Stale CAS cleanup: validation_rule (92/100)...
Proactive Stale CAS cleanup: vitality_report (95/100)...
Proactive Stale CAS cleanup: visual_plan (94/100)...
Proactive Stale CAS cleanup: vision (93/100)...
Proactive Stale CAS cleanup: vocabulary_scheme (96/100)...
Proactive Stale CAS cleanup: watchdog_registration (97/100)...
Proactive Stale CAS cleanup: workflow (98/100)...
Proactive Stale CAS cleanup: workstream (99/100)...
Proactive Stale CAS cleanup: workstream_transition (100/100)...
Loaders starting...
Loaders ready.
Loading object ID cache...
Warming CAS indexes...
Merging CAS indexes for 46 kinds...
CAS indexes warmed
Cache ready, starting validator...
Discovery starting...
Starting discovery across 100 kinds...
Validating 9015 objects (from docs/process/ via object ID cache)...
Progress: [===                                               ] 7.1% (641/9015, queue: 8342) 622/s (validating, workers: 16, goroutines: 33) - 1s
Progress: [====                                              ] 9.4% (850/9015, queue: 8148) 419/s (validating, workers: 16, goroutines: 18) - 2s
Progress: [======                                            ] 12.5% (1123/9015, queue: 7876) 371/s (validating, workers: 16, goroutines: 17) - 3s
Progress: [======                                            ] 13.2% (1191/9015, queue: 7807) 296/s (validating, workers: 16, goroutines: 18) - 4s
Progress: [=======                                           ] 14.7% (1322/9015, queue: 7676) 263/s (validating, workers: 16, goroutines: 18) - 5s
Progress: [=======                                           ] 15.9% (1432/9015, queue: 7567) 238/s (validating, workers: 16, goroutines: 17) - 6s
Progress: [========                                          ] 17.0% (1534/9015, queue: 7465) 218/s (validating, workers: 16, goroutines: 17) - 7s
Progress: [========                                          ] 17.6% (1591/9015, queue: 7407) 198/s (validating, workers: 16, goroutines: 18) - 8s
Progress: [=========                                         ] 18.4% (1661/9015, queue: 7338) 184/s (validating, workers: 16, goroutines: 17) - 9s
Progress: [=========                                         ] 19.2% (1733/9015, queue: 7266) 173/s (validating, workers: 16, goroutines: 17) - 10s
Progress: [=========                                         ] 19.8% (1787/9015, queue: 7211) 162/s (validating, workers: 16, goroutines: 20) - 11s
Progress: [==========                                        ] 20.4% (1837/9015, queue: 7162) 153/s (validating, workers: 16, goroutines: 17) - 12s
Progress: [===========                                       ] 22.6% (2039/9015, queue: 6959) 157/s (validating, workers: 16, goroutines: 18) - 13s
Progress: [=============                                     ] 26.6% (2400/9015, queue: 6599) 171/s (validating, workers: 16, goroutines: 17) - 14s
Progress: [================                                  ] 32.5% (2934/9015, queue: 6064) 195/s (validating, workers: 16, goroutines: 18) - 15s
Progress: [==================                                ] 36.1% (3250/9015, queue: 5749) 203/s (validating, workers: 16, goroutines: 17) - 16s
Progress: [====================                              ] 41.6% (3753/9015, queue: 5245) 220/s (validating, workers: 16, goroutines: 18) - 17s
Progress: [============================                      ] 56.7% (5107/9015, queue: 3883) 283/s (validating, workers: 16, goroutines: 26) - 18s
Progress: [===================================               ] 71.6% (6456/9015, queue: 2531) 339/s (validating, workers: 16, goroutines: 29) - 19s
Progress: [=========================================         ] 83.1% (7489/9015, queue: 1495) 374/s (validating, workers: 16, goroutines: 26) - 20s
Progress: [=============================================     ] 90.1% (8121/9015, queue: 863) 386/s (validating, workers: 16, goroutines: 32) - 21s
Progress: [================================================= ] 98.0% (8837/9015, queue: 151) 401/s (validating, workers: 16, goroutines: 28) - 22s
Progress: [================================================= ] 99.7% (8988/9015, queue: 0) 403/s (draining in-flight, workers: 16) - 22s
Progress: [==================================================] 100.0% (9015/9015, queue: 0) 372/s (completed) - 24s

Validation completed: 9015/9015 objects (9015 succeeded, 0 failed)

--- run 2026-09-05T04:00:03Z ---
Error: another system check --auto-fix (or autofix batch) is already running; wait for it to finish
2026-09-05T04:00:07Z [error] Command execution failed error=another system check --auto-fix (or autofix batch) is already running; wait for it to finish

--- run 2026-09-05T04:05:00Z ---
System check starting...
Preparing loaders and cache...
Proactive Stale CAS cleanup starting...
Proactive Stale CAS cleanup: cleaning 100 kinds (timeout 2m0s)...
Proactive Stale CAS cleanup: account (1/100)...
Proactive Stale CAS cleanup: agent_architecture (2/100)...
Proactive Stale CAS cleanup: agent_feed (3/100)...
Proactive Stale CAS cleanup: agent_onboarding_preparation (4/100)...
Proactive Stale CAS cleanup: agent_skill (5/100)...
Proactive Stale CAS cleanup: agent_task (6/100)...
Proactive Stale CAS cleanup: api_spec (7/100)...
Proactive Stale CAS cleanup: auth_strategy (8/100)...
Proactive Stale CAS cleanup: backlog_item (9/100)...
Proactive Stale CAS cleanup: base_sampler (10/100)...
Proactive Stale CAS cleanup: brand (11/100)...
Proactive Stale CAS cleanup: bucketing_strategy (12/100)...
Proactive Stale CAS cleanup: capability (13/100)...
Proactive Stale CAS cleanup: capacity_advertisement (14/100)...
Proactive Stale CAS cleanup: certificate (15/100)...
Proactive Stale CAS cleanup: command_spec (16/100)...
Proactive Stale CAS cleanup: compute_advertisement (18/100)...
Proactive Stale CAS cleanup: component (17/100)...
Proactive Stale CAS cleanup: context_refresh_schedule (19/100)...
Proactive Stale CAS cleanup: convergence_session (20/100)...
Proactive Stale CAS cleanup: corporate_initiative (21/100)...
Proactive Stale CAS cleanup: criteria (22/100)...
Proactive Stale CAS cleanup: decision (23/100)...
Proactive Stale CAS cleanup: digital_asset (25/100)...
Proactive Stale CAS cleanup: department (24/100)...
Proactive Stale CAS cleanup: division (26/100)...
Proactive Stale CAS cleanup: doc_entry (27/100)...
Proactive Stale CAS cleanup: domain_registry (28/100)...
Proactive Stale CAS cleanup: field_registry (30/100)...
Proactive Stale CAS cleanup: evolution_management (29/100)...
Proactive Stale CAS cleanup: fission_event (31/100)...
Proactive Stale CAS cleanup: glossary_term (32/100)...
Proactive Stale CAS cleanup: glossary_term_relation (33/100)...
Proactive Stale CAS cleanup: goal (34/100)...
Proactive Stale CAS cleanup: import_tracking (35/100)...
Proactive Stale CAS cleanup: important_date (36/100)...
Proactive Stale CAS cleanup: inference_heuristic (37/100)...
Proactive Stale CAS cleanup: keystore_entry (38/100)...
Proactive Stale CAS cleanup: kind_synonym (39/100)...
Proactive Stale CAS cleanup: library (40/100)...
Proactive Stale CAS cleanup: list_metric_sampler (41/100)...
Proactive Stale CAS cleanup: mcp_spec (42/100)...
Proactive Stale CAS cleanup: metrics_feedback (44/100)...
Proactive Stale CAS cleanup: metadata_package (43/100)...
Proactive Stale CAS cleanup: milestone (45/100)...
Proactive Stale CAS cleanup: mission (46/100)...
Proactive Stale CAS cleanup: namespace (47/100)...
Proactive Stale CAS cleanup: namespace_registry (48/100)...
Proactive Stale CAS cleanup: object_spec (49/100)...
Proactive Stale CAS cleanup: ordered_list_metric_sampler (50/100)...
Proactive Stale CAS cleanup: organization (51/100)...
Proactive Stale CAS cleanup: organizational_change (52/100)...
Proactive Stale CAS cleanup: partnership (53/100)...
Proactive Stale CAS cleanup: persona (54/100)...
Proactive Stale CAS cleanup: pipeline (55/100)...
Proactive Stale CAS cleanup: pipeline_definition (56/100)...
Proactive Stale CAS cleanup: pipeline_stage (58/100)...
Proactive Stale CAS cleanup: pipeline_execution (57/100)...
Proactive Stale CAS cleanup: policy (59/100)...
Proactive Stale CAS cleanup: priority_plan (60/100)...
Proactive Stale CAS cleanup: process_hygiene_rule (61/100)...
Proactive Stale CAS cleanup: prompt_template (62/100)...
Proactive Stale CAS cleanup: provider_profile (63/100)...
Proactive Stale CAS cleanup: qa_success (64/100)...
Proactive Stale CAS cleanup: question (65/100)...
Proactive Stale CAS cleanup: release (66/100)...
Proactive Stale CAS cleanup: remote_kernel (67/100)...
Proactive Stale CAS cleanup: requirement (68/100)...
Proactive Stale CAS cleanup: resolver (69/100)...
Proactive Stale CAS cleanup: risk_blocker (70/100)...
Proactive Stale CAS cleanup: roadmap (71/100)...
Proactive Stale CAS cleanup: role (72/100)...
Proactive Stale CAS cleanup: rollback_report (73/100)...
Proactive Stale CAS cleanup: sampler_profile (75/100)...
Proactive Stale CAS cleanup: rule (74/100)...
Proactive Stale CAS cleanup: scalar_metric_sampler (76/100)...
Proactive Stale CAS cleanup: scenario (77/100)...
Proactive Stale CAS cleanup: scheduler_handler_binding (78/100)...
Proactive Stale CAS cleanup: shockwave_router (79/100)...
Proactive Stale CAS cleanup: status_history_metric_sampler (81/100)...
Proactive Stale CAS cleanup: stakeholder_profile (80/100)...
Proactive Stale CAS cleanup: strategic_context (82/100)...
Proactive Stale CAS cleanup: strategic_plan (83/100)...
Proactive Stale CAS cleanup: team (84/100)...
Proactive Stale CAS cleanup: team_configuration (85/100)...
Proactive Stale CAS cleanup: technical_debt (86/100)...
Proactive Stale CAS cleanup: technical_spec (87/100)...
Proactive Stale CAS cleanup: template (88/100)...
Proactive Stale CAS cleanup: test_case (89/100)...
Proactive Stale CAS cleanup: test_command_rule (90/100)...
Proactive Stale CAS cleanup: translation_manifest (91/100)...
Proactive Stale CAS cleanup: validation_rule (92/100)...
Proactive Stale CAS cleanup: vitality_report (95/100)...
Proactive Stale CAS cleanup: visual_plan (94/100)...
Proactive Stale CAS cleanup: vision (93/100)...
Proactive Stale CAS cleanup: vocabulary_scheme (96/100)...
Proactive Stale CAS cleanup: watchdog_registration (97/100)...
Proactive Stale CAS cleanup: workflow (98/100)...
Proactive Stale CAS cleanup: workstream (99/100)...
Proactive Stale CAS cleanup: workstream_transition (100/100)...
Loaders starting...
Loaders ready.
Loading object ID cache...
Warming CAS indexes...
Merging CAS indexes for 46 kinds...
CAS indexes warmed
Cache ready, starting validator...
Discovery starting...
Starting discovery across 100 kinds...
Validating 8968 objects (from docs/process/ via object ID cache)...
Progress: [=====                                             ] 10.2% (912/8968, queue: 8038) 905/s (validating, workers: 16, goroutines: 19) - 1s
Progress: [==========                                        ] 20.8% (1866/8968, queue: 7072) 928/s (validating, workers: 16, goroutines: 26) - 2s
Progress: [==================                                ] 37.0% (3319/8968, queue: 5633) 1.1k/s (validating, workers: 16, goroutines: 17) - 3s
Progress: [=========================                         ] 50.3% (4515/8968, queue: 4421) 1.1k/s (validating, workers: 16, goroutines: 33) - 4s
Progress: [=================================                 ] 67.1% (6021/8968, queue: 2916) 1.2k/s (validating, workers: 16, goroutines: 27) - 5s
Progress: [==========================================        ] 85.0% (7625/8968, queue: 1311) 1.3k/s (validating, workers: 16, goroutines: 33) - 6s
Progress: [================================================= ] 99.7% (8942/8968, queue: 0) 1.3k/s (draining in-flight, workers: 16) - 7s
Progress: [==================================================] 100.0% (8968/8968, queue: 0) 1.1k/s (completed) - 8s

Validation completed: 8968/8968 objects (8968 succeeded, 0 failed)

--- run 2026-09-05T04:10:00Z ---
System check starting...
Preparing loaders and cache...
Proactive Stale CAS cleanup starting...
Proactive Stale CAS cleanup: cleaning 100 kinds (timeout 2m0s)...
Proactive Stale CAS cleanup: account (1/100)...
Proactive Stale CAS cleanup: agent_architecture (2/100)...
Proactive Stale CAS cleanup: agent_feed (3/100)...
Proactive Stale CAS cleanup: agent_onboarding_preparation (4/100)...
Proactive Stale CAS cleanup: agent_skill (5/100)...
Proactive Stale CAS cleanup: agent_task (6/100)...
Proactive Stale CAS cleanup: api_spec (7/100)...
Proactive Stale CAS cleanup: auth_strategy (8/100)...
Proactive Stale CAS cleanup: base_sampler (10/100)...
Proactive Stale CAS cleanup: backlog_item (9/100)...
Proactive Stale CAS cleanup: brand (11/100)...
Proactive Stale CAS cleanup: capability (13/100)...
Proactive Stale CAS cleanup: bucketing_strategy (12/100)...
Proactive Stale CAS cleanup: capacity_advertisement (14/100)...
Proactive Stale CAS cleanup: command_spec (16/100)...
Proactive Stale CAS cleanup: certificate (15/100)...
Proactive Stale CAS cleanup: component (17/100)...
Proactive Stale CAS cleanup: compute_advertisement (18/100)...
Proactive Stale CAS cleanup: context_refresh_schedule (19/100)...
Proactive Stale CAS cleanup: convergence_session (20/100)...
Proactive Stale CAS cleanup: corporate_initiative (21/100)...
Proactive Stale CAS cleanup: criteria (22/100)...
Proactive Stale CAS cleanup: decision (23/100)...
Proactive Stale CAS cleanup: department (24/100)...
Proactive Stale CAS cleanup: digital_asset (25/100)...
Proactive Stale CAS cleanup: division (26/100)...
Proactive Stale CAS cleanup: doc_entry (27/100)...
Proactive Stale CAS cleanup: domain_registry (28/100)...
Proactive Stale CAS cleanup: field_registry (30/100)...
Proactive Stale CAS cleanup: evolution_management (29/100)...
Proactive Stale CAS cleanup: fission_event (31/100)...
Proactive Stale CAS cleanup: glossary_term (32/100)...
Proactive Stale CAS cleanup: glossary_term_relation (33/100)...
Proactive Stale CAS cleanup: goal (34/100)...
Proactive Stale CAS cleanup: import_tracking (35/100)...
Proactive Stale CAS cleanup: important_date (36/100)...
Proactive Stale CAS cleanup: inference_heuristic (37/100)...
Proactive Stale CAS cleanup: keystore_entry (38/100)...
Proactive Stale CAS cleanup: kind_synonym (39/100)...
Proactive Stale CAS cleanup: list_metric_sampler (41/100)...
Proactive Stale CAS cleanup: library (40/100)...
Proactive Stale CAS cleanup: mcp_spec (42/100)...
Proactive Stale CAS cleanup: metadata_package (43/100)...
Proactive Stale CAS cleanup: metrics_feedback (44/100)...
Proactive Stale CAS cleanup: milestone (45/100)...
Proactive Stale CAS cleanup: mission (46/100)...
Proactive Stale CAS cleanup: namespace (47/100)...
Proactive Stale CAS cleanup: namespace_registry (48/100)...
Proactive Stale CAS cleanup: ordered_list_metric_sampler (50/100)...
Proactive Stale CAS cleanup: object_spec (49/100)...
Proactive Stale CAS cleanup: organization (51/100)...
Proactive Stale CAS cleanup: organizational_change (52/100)...
Proactive Stale CAS cleanup: partnership (53/100)...
Proactive Stale CAS cleanup: persona (54/100)...
Proactive Stale CAS cleanup: pipeline (55/100)...
Proactive Stale CAS cleanup: pipeline_definition (56/100)...
Proactive Stale CAS cleanup: pipeline_stage (58/100)...
Proactive Stale CAS cleanup: pipeline_execution (57/100)...
Proactive Stale CAS cleanup: policy (59/100)...
Proactive Stale CAS cleanup: process_hygiene_rule (61/100)...
Proactive Stale CAS cleanup: priority_plan (60/100)...
Proactive Stale CAS cleanup: provider_profile (63/100)...
Proactive Stale CAS cleanup: prompt_template (62/100)...
Proactive Stale CAS cleanup: qa_success (64/100)...
Proactive Stale CAS cleanup: question (65/100)...
Proactive Stale CAS cleanup: remote_kernel (67/100)...
Proactive Stale CAS cleanup: release (66/100)...
Proactive Stale CAS cleanup: requirement (68/100)...
Proactive Stale CAS cleanup: resolver (69/100)...
Proactive Stale CAS cleanup: risk_blocker (70/100)...
Proactive Stale CAS cleanup: roadmap (71/100)...
Proactive Stale CAS cleanup: role (72/100)...
Proactive Stale CAS cleanup: rollback_report (73/100)...
Proactive Stale CAS cleanup: rule (74/100)...
Proactive Stale CAS cleanup: scalar_metric_sampler (76/100)...
Proactive Stale CAS cleanup: sampler_profile (75/100)...
Proactive Stale CAS cleanup: scenario (77/100)...
Proactive Stale CAS cleanup: scheduler_handler_binding (78/100)...
Proactive Stale CAS cleanup: shockwave_router (79/100)...
Proactive Stale CAS cleanup: status_history_metric_sampler (81/100)...
Proactive Stale CAS cleanup: stakeholder_profile (80/100)...
Proactive Stale CAS cleanup: strategic_context (82/100)...
Proactive Stale CAS cleanup: strategic_plan (83/100)...
Proactive Stale CAS cleanup: team (84/100)...
Proactive Stale CAS cleanup: team_configuration (85/100)...
Proactive Stale CAS cleanup: technical_debt (86/100)...
Proactive Stale CAS cleanup: technical_spec (87/100)...
Proactive Stale CAS cleanup: template (88/100)...
Proactive Stale CAS cleanup: test_case (89/100)...
Proactive Stale CAS cleanup: translation_manifest (91/100)...
Proactive Stale CAS cleanup: test_command_rule (90/100)...
Proactive Stale CAS cleanup: validation_rule (92/100)...
Proactive Stale CAS cleanup: vitality_report (95/100)...
Proactive Stale CAS cleanup: visual_plan (94/100)...
Proactive Stale CAS cleanup: vision (93/100)...
Proactive Stale CAS cleanup: vocabulary_scheme (96/100)...
Proactive Stale CAS cleanup: watchdog_registration (97/100)...
Proactive Stale CAS cleanup: workflow (98/100)...
Proactive Stale CAS cleanup: workstream (99/100)...
Proactive Stale CAS cleanup: workstream_transition (100/100)...
Loaders starting...
Loaders ready.
Loading object ID cache...
Warming CAS indexes...
Merging CAS indexes for 46 kinds...
CAS indexes warmed
Cache ready, starting validator...
Discovery starting...
Starting discovery across 100 kinds...
Validating 9017 objects (from docs/process/ via object ID cache)...
Progress: [====                                              ] 10.0% (900/9017, queue: 8085) 895/s (validating, workers: 16, goroutines: 27) - 1s
Progress: [============                                      ] 25.2% (2269/9017, queue: 6723) 1.1k/s (validating, workers: 16, goroutines: 18) - 2s
Progress: [======================                            ] 44.7% (4030/9017, queue: 4971) 1.3k/s (validating, workers: 16, goroutines: 17) - 3s
Progress: [===============================                   ] 63.2% (5697/9017, queue: 3290) 1.4k/s (validating, workers: 16, goroutines: 31) - 4s
Progress: [====================================              ] 74.0% (6672/9017, queue: 2313) 1.3k/s (validating, workers: 16, goroutines: 33) - 5s
Progress: [==========================================        ] 84.1% (7579/9017, queue: 1412) 1.3k/s (validating, workers: 16, goroutines: 25) - 6s
Progress: [================================================= ] 98.3% (8863/9017, queue: 123) 1.3k/s (validating, workers: 16, goroutines: 33) - 7s
Progress: [================================================= ] 99.7% (8986/9017, queue: 0) 1.3k/s (draining in-flight, workers: 16) - 7s
Progress: [==================================================] 100.0% (9017/9017, queue: 0) 981/s (completed) - 9s

Validation completed: 9017/9017 objects (9017 succeeded, 0 failed)

--- run 2026-09-05T04:15:00Z ---
System check starting...
Preparing loaders and cache...
Proactive Stale CAS cleanup starting...
Proactive Stale CAS cleanup: cleaning 100 kinds (timeout 2m0s)...
Proactive Stale CAS cleanup: account (1/100)...
Proactive Stale CAS cleanup: agent_architecture (2/100)...
Proactive Stale CAS cleanup: agent_feed (3/100)...
Proactive Stale CAS cleanup: agent_onboarding_preparation (4/100)...
Proactive Stale CAS cleanup: agent_skill (5/100)...
Proactive Stale CAS cleanup: agent_task (6/100)...
Proactive Stale CAS cleanup: api_spec (7/100)...
Proactive Stale CAS cleanup: auth_strategy (8/100)...
Proactive Stale CAS cleanup: base_sampler (10/100)...
Proactive Stale CAS cleanup: backlog_item (9/100)...
Proactive Stale CAS cleanup: brand (11/100)...
Proactive Stale CAS cleanup: bucketing_strategy (12/100)...
Proactive Stale CAS cleanup: capability (13/100)...
Proactive Stale CAS cleanup: capacity_advertisement (14/100)...
Proactive Stale CAS cleanup: compute_advertisement (18/100)...
Proactive Stale CAS cleanup: certificate (15/100)...
Proactive Stale CAS cleanup: command_spec (16/100)...
Proactive Stale CAS cleanup: component (17/100)...
Proactive Stale CAS cleanup: context_refresh_schedule (19/100)...
Proactive Stale CAS cleanup: convergence_session (20/100)...
Proactive Stale CAS cleanup: corporate_initiative (21/100)...
Proactive Stale CAS cleanup: criteria (22/100)...
Proactive Stale CAS cleanup: decision (23/100)...
Proactive Stale CAS cleanup: digital_asset (25/100)...
Proactive Stale CAS cleanup: department (24/100)...
Proactive Stale CAS cleanup: division (26/100)...
Proactive Stale CAS cleanup: doc_entry (27/100)...
Proactive Stale CAS cleanup: domain_registry (28/100)...
Proactive Stale CAS cleanup: fission_event (31/100)...
Proactive Stale CAS cleanup: evolution_management (29/100)...
Proactive Stale CAS cleanup: field_registry (30/100)...
Proactive Stale CAS cleanup: glossary_term (32/100)...
Proactive Stale CAS cleanup: glossary_term_relation (33/100)...
Proactive Stale CAS cleanup: goal (34/100)...
Proactive Stale CAS cleanup: import_tracking (35/100)...
Proactive Stale CAS cleanup: inference_heuristic (37/100)...
Proactive Stale CAS cleanup: important_date (36/100)...
Proactive Stale CAS cleanup: keystore_entry (38/100)...
Proactive Stale CAS cleanup: kind_synonym (39/100)...
Proactive Stale CAS cleanup: list_metric_sampler (41/100)...
Proactive Stale CAS cleanup: library (40/100)...
Proactive Stale CAS cleanup: mcp_spec (42/100)...
Proactive Stale CAS cleanup: metrics_feedback (44/100)...
Proactive Stale CAS cleanup: metadata_package (43/100)...
Proactive Stale CAS cleanup: milestone (45/100)...
Proactive Stale CAS cleanup: mission (46/100)...
Proactive Stale CAS cleanup: namespace (47/100)...
Proactive Stale CAS cleanup: namespace_registry (48/100)...
Proactive Stale CAS cleanup: ordered_list_metric_sampler (50/100)...
Proactive Stale CAS cleanup: object_spec (49/100)...
Proactive Stale CAS cleanup: organization (51/100)...
Proactive Stale CAS cleanup: organizational_change (52/100)...
Proactive Stale CAS cleanup: partnership (53/100)...
Proactive Stale CAS cleanup: persona (54/100)...
Proactive Stale CAS cleanup: pipeline (55/100)...
Proactive Stale CAS cleanup: pipeline_definition (56/100)...
Proactive Stale CAS cleanup: pipeline_stage (58/100)...
Proactive Stale CAS cleanup: pipeline_execution (57/100)...
Proactive Stale CAS cleanup: policy (59/100)...
Proactive Stale CAS cleanup: process_hygiene_rule (61/100)...
Proactive Stale CAS cleanup: priority_plan (60/100)...
Proactive Stale CAS cleanup: prompt_template (62/100)...
Proactive Stale CAS cleanup: provider_profile (63/100)...
Proactive Stale CAS cleanup: qa_success (64/100)...
Proactive Stale CAS cleanup: question (65/100)...
Proactive Stale CAS cleanup: release (66/100)...
Proactive Stale CAS cleanup: remote_kernel (67/100)...
Proactive Stale CAS cleanup: requirement (68/100)...
Proactive Stale CAS cleanup: resolver (69/100)...
Proactive Stale CAS cleanup: risk_blocker (70/100)...
Proactive Stale CAS cleanup: roadmap (71/100)...
Proactive Stale CAS cleanup: role (72/100)...
Proactive Stale CAS cleanup: rollback_report (73/100)...
Proactive Stale CAS cleanup: sampler_profile (75/100)...
Proactive Stale CAS cleanup: rule (74/100)...
Proactive Stale CAS cleanup: scalar_metric_sampler (76/100)...
Proactive Stale CAS cleanup: scenario (77/100)...
Proactive Stale CAS cleanup: scheduler_handler_binding (78/100)...
Proactive Stale CAS cleanup: shockwave_router (79/100)...
Proactive Stale CAS cleanup: status_history_metric_sampler (81/100)...
Proactive Stale CAS cleanup: stakeholder_profile (80/100)...
Proactive Stale CAS cleanup: strategic_context (82/100)...
Proactive Stale CAS cleanup: strategic_plan (83/100)...
Proactive Stale CAS cleanup: team (84/100)...
Proactive Stale CAS cleanup: team_configuration (85/100)...
Proactive Stale CAS cleanup: technical_debt (86/100)...
Proactive Stale CAS cleanup: technical_spec (87/100)...
Proactive Stale CAS cleanup: template (88/100)...
Proactive Stale CAS cleanup: test_case (89/100)...
Proactive Stale CAS cleanup: translation_manifest (91/100)...
Proactive Stale CAS cleanup: test_command_rule (90/100)...
Proactive Stale CAS cleanup: validation_rule (92/100)...
Proactive Stale CAS cleanup: vitality_report (95/100)...
Proactive Stale CAS cleanup: vision (93/100)...
Proactive Stale CAS cleanup: visual_plan (94/100)...
Proactive Stale CAS cleanup: vocabulary_scheme (96/100)...
Proactive Stale CAS cleanup: watchdog_registration (97/100)...
Proactive Stale CAS cleanup: workflow (98/100)...
Proactive Stale CAS cleanup: workstream (99/100)...
Proactive Stale CAS cleanup: workstream_transition (100/100)...
Loaders starting...
Loaders ready.
Loading object ID cache...
Warming CAS indexes...
Merging CAS indexes for 46 kinds...
CAS indexes warmed
Cache ready, starting validator...
Discovery starting...
Starting discovery across 100 kinds...
Validating 8969 objects (from docs/process/ via object ID cache)...
Progress: [==                                                ] 4.2% (374/8969, queue: 8571) 362/s (validating, workers: 16, goroutines: 25) - 1s
Progress: [===                                               ] 7.6% (679/8969, queue: 8263) 334/s (validating, workers: 16, goroutines: 29) - 2s
Progress: [======                                            ] 13.9% (1244/8969, queue: 7698) 410/s (validating, workers: 16, goroutines: 28) - 3s
Progress: [==========                                        ] 21.0% (1883/8969, queue: 7054) 467/s (validating, workers: 16, goroutines: 25) - 4s
Progress: [=============                                     ] 28.0% (2508/8969, queue: 6430) 496/s (validating, workers: 16, goroutines: 27) - 5s
Progress: [=================                                 ] 34.6% (3107/8969, queue: 5831) 512/s (validating, workers: 16, goroutines: 25) - 6s
Progress: [====================                              ] 41.1% (3686/8969, queue: 5267) 524/s (validating, workers: 16, goroutines: 17) - 7s
Progress: [=======================                           ] 47.7% (4280/8969, queue: 4660) 531/s (validating, workers: 16, goroutines: 27) - 8s
Progress: [===========================                       ] 54.8% (4919/8969, queue: 4034) 545/s (validating, workers: 16, goroutines: 17) - 9s
Progress: [==============================                    ] 61.8% (5545/8969, queue: 3396) 553/s (validating, workers: 16, goroutines: 29) - 10s
Progress: [===================================               ] 71.6% (6424/8969, queue: 2513) 582/s (validating, workers: 16, goroutines: 30) - 11s
Progress: [=======================================           ] 79.2% (7099/8969, queue: 1854) 590/s (validating, workers: 16, goroutines: 17) - 12s
Progress: [========================================          ] 81.4% (7297/8969, queue: 1640) 558/s (validating, workers: 16, goroutines: 20) - 13s
Progress: [===========================================       ] 87.1% (7816/8969, queue: 1137) 557/s (validating, workers: 16, goroutines: 17) - 14s
Progress: [===============================================   ] 95.2% (8539/8969, queue: 398) 568/s (validating, workers: 16, goroutines: 27) - 15s
Progress: [================================================= ] 99.6% (8937/8969, queue: 0) 575/s (draining in-flight, workers: 16) - 16s
Progress: [==================================================] 100.0% (8969/8969, queue: 0) 521/s (completed) - 17s

Validation completed: 8969/8969 objects (8969 succeeded, 0 failed)

--- run 2026-09-05T04:20:01Z ---
System check starting...
Preparing loaders and cache...
Proactive Stale CAS cleanup starting...
Proactive Stale CAS cleanup: cleaning 100 kinds (timeout 2m0s)...
Proactive Stale CAS cleanup: account (1/100)...
Proactive Stale CAS cleanup: agent_architecture (2/100)...
Proactive Stale CAS cleanup: agent_feed (3/100)...
Proactive Stale CAS cleanup: agent_onboarding_preparation (4/100)...
Proactive Stale CAS cleanup: agent_skill (5/100)...
Proactive Stale CAS cleanup: agent_task (6/100)...
Proactive Stale CAS cleanup: api_spec (7/100)...
Proactive Stale CAS cleanup: auth_strategy (8/100)...
Proactive Stale CAS cleanup: backlog_item (9/100)...
Proactive Stale CAS cleanup: capacity_advertisement (14/100)...
Proactive Stale CAS cleanup: capability (13/100)...
Proactive Stale CAS cleanup: certificate (15/100)...
Proactive Stale CAS cleanup: compute_advertisement (18/100)...
Proactive Stale CAS cleanup: brand (11/100)...
Proactive Stale CAS cleanup: bucketing_strategy (12/100)...
Proactive Stale CAS cleanup: command_spec (16/100)...
Proactive Stale CAS cleanup: base_sampler (10/100)...
Proactive Stale CAS cleanup: context_refresh_schedule (19/100)...
Proactive Stale CAS cleanup: component (17/100)...
Proactive Stale CAS cleanup: convergence_session (20/100)...
Proactive Stale CAS cleanup: corporate_initiative (21/100)...
Proactive Stale CAS cleanup: criteria (22/100)...
Proactive Stale CAS cleanup: decision (23/100)...
Proactive Stale CAS cleanup: department (24/100)...
Proactive Stale CAS cleanup: digital_asset (25/100)...
Proactive Stale CAS cleanup: division (26/100)...
Proactive Stale CAS cleanup: doc_entry (27/100)...
Proactive Stale CAS cleanup: domain_registry (28/100)...
Proactive Stale CAS cleanup: fission_event (31/100)...
Proactive Stale CAS cleanup: field_registry (30/100)...
Proactive Stale CAS cleanup: evolution_management (29/100)...
Proactive Stale CAS cleanup: glossary_term (32/100)...
Proactive Stale CAS cleanup: glossary_term_relation (33/100)...
Proactive Stale CAS cleanup: goal (34/100)...
Proactive Stale CAS cleanup: import_tracking (35/100)...
Proactive Stale CAS cleanup: inference_heuristic (37/100)...
Proactive Stale CAS cleanup: important_date (36/100)...
Proactive Stale CAS cleanup: keystore_entry (38/100)...
Proactive Stale CAS cleanup: kind_synonym (39/100)...
Proactive Stale CAS cleanup: list_metric_sampler (41/100)...
Proactive Stale CAS cleanup: library (40/100)...
Proactive Stale CAS cleanup: mcp_spec (42/100)...
Proactive Stale CAS cleanup: metrics_feedback (44/100)...
Proactive Stale CAS cleanup: metadata_package (43/100)...
Proactive Stale CAS cleanup: milestone (45/100)...
Proactive Stale CAS cleanup: mission (46/100)...
Proactive Stale CAS cleanup: namespace (47/100)...
Proactive Stale CAS cleanup: namespace_registry (48/100)...
Proactive Stale CAS cleanup: object_spec (49/100)...
Proactive Stale CAS cleanup: ordered_list_metric_sampler (50/100)...
Proactive Stale CAS cleanup: organization (51/100)...
Proactive Stale CAS cleanup: organizational_change (52/100)...
Proactive Stale CAS cleanup: partnership (53/100)...
Proactive Stale CAS cleanup: persona (54/100)...
Proactive Stale CAS cleanup: pipeline (55/100)...
Proactive Stale CAS cleanup: pipeline_definition (56/100)...
Proactive Stale CAS cleanup: pipeline_stage (58/100)...
Proactive Stale CAS cleanup: pipeline_execution (57/100)...
Proactive Stale CAS cleanup: policy (59/100)...
Proactive Stale CAS cleanup: priority_plan (60/100)...
Proactive Stale CAS cleanup: process_hygiene_rule (61/100)...
Proactive Stale CAS cleanup: prompt_template (62/100)...
Proactive Stale CAS cleanup: provider_profile (63/100)...
Proactive Stale CAS cleanup: qa_success (64/100)...
Proactive Stale CAS cleanup: question (65/100)...
Proactive Stale CAS cleanup: release (66/100)...
Proactive Stale CAS cleanup: remote_kernel (67/100)...
Proactive Stale CAS cleanup: requirement (68/100)...
Proactive Stale CAS cleanup: resolver (69/100)...
Proactive Stale CAS cleanup: risk_blocker (70/100)...
Proactive Stale CAS cleanup: roadmap (71/100)...
Proactive Stale CAS cleanup: role (72/100)...
Proactive Stale CAS cleanup: rollback_report (73/100)...
Proactive Stale CAS cleanup: scalar_metric_sampler (76/100)...
Proactive Stale CAS cleanup: rule (74/100)...
Proactive Stale CAS cleanup: sampler_profile (75/100)...
Proactive Stale CAS cleanup: scenario (77/100)...
Proactive Stale CAS cleanup: scheduler_handler_binding (78/100)...
Proactive Stale CAS cleanup: shockwave_router (79/100)...
Proactive Stale CAS cleanup: status_history_metric_sampler (81/100)...
Proactive Stale CAS cleanup: stakeholder_profile (80/100)...
Proactive Stale CAS cleanup: strategic_context (82/100)...
Proactive Stale CAS cleanup: strategic_plan (83/100)...
Proactive Stale CAS cleanup: team (84/100)...
Proactive Stale CAS cleanup: team_configuration (85/100)...
Proactive Stale CAS cleanup: technical_debt (86/100)...
Proactive Stale CAS cleanup: technical_spec (87/100)...
Proactive Stale CAS cleanup: template (88/100)...
Proactive Stale CAS cleanup: test_case (89/100)...
Proactive Stale CAS cleanup: translation_manifest (91/100)...
Proactive Stale CAS cleanup: test_command_rule (90/100)...
Proactive Stale CAS cleanup: validation_rule (92/100)...
Proactive Stale CAS cleanup: vitality_report (95/100)...
Proactive Stale CAS cleanup: vision (93/100)...
Proactive Stale CAS cleanup: visual_plan (94/100)...
Proactive Stale CAS cleanup: vocabulary_scheme (96/100)...
Proactive Stale CAS cleanup: watchdog_registration (97/100)...
Proactive Stale CAS cleanup: workflow (98/100)...
Proactive Stale CAS cleanup: workstream (99/100)...
Proactive Stale CAS cleanup: workstream_transition (100/100)...
Loaders starting...
Loaders ready.
Loading object ID cache...
Warming CAS indexes...
Merging CAS indexes for 46 kinds...
CAS indexes warmed
Cache ready, starting validator...
Discovery starting...
Starting discovery across 100 kinds...
Validating 9018 objects (from docs/process/ via object ID cache)...
Progress: [===                                               ] 6.8% (616/9018, queue: 8376) 611/s (validating, workers: 16, goroutines: 27) - 1s
Progress: [=========                                         ] 19.2% (1730/9018, queue: 7272) 861/s (validating, workers: 16, goroutines: 17) - 2s
Progress: [==============                                    ] 29.9% (2698/9018, queue: 6304) 897/s (validating, workers: 16, goroutines: 17) - 3s
Progress: [====================                              ] 41.0% (3695/9018, queue: 5291) 922/s (validating, workers: 16, goroutines: 27) - 4s
Progress: [========================                          ] 48.3% (4360/9018, queue: 4637) 871/s (validating, workers: 16, goroutines: 22) - 5s
Progress: [=============================                     ] 58.8% (5303/9018, queue: 3699) 883/s (validating, workers: 16, goroutines: 17) - 6s
Progress: [==================================                ] 68.9% (6216/9018, queue: 2786) 887/s (validating, workers: 16, goroutines: 17) - 7s
Progress: [========================================          ] 80.9% (7298/9018, queue: 1702) 911/s (validating, workers: 16, goroutines: 19) - 8s
Progress: [================================================  ] 96.2% (8673/9018, queue: 329) 962/s (validating, workers: 16, goroutines: 17) - 9s
Progress: [================================================= ] 99.8% (8996/9018, queue: 0) 977/s (draining in-flight, workers: 16) - 9s
Progress: [==================================================] 100.0% (9018/9018, queue: 0) 809/s (completed) - 11s

Validation completed: 9018/9018 objects (9018 succeeded, 0 failed)

--- run 2026-09-05T04:25:00Z ---
System check starting...
Preparing loaders and cache...
Proactive Stale CAS cleanup starting...
Proactive Stale CAS cleanup: cleaning 100 kinds (timeout 2m0s)...
Proactive Stale CAS cleanup: account (1/100)...
Proactive Stale CAS cleanup: agent_architecture (2/100)...
Proactive Stale CAS cleanup: agent_feed (3/100)...
Proactive Stale CAS cleanup: agent_onboarding_preparation (4/100)...
Proactive Stale CAS cleanup: agent_skill (5/100)...
Proactive Stale CAS cleanup: agent_task (6/100)...
Proactive Stale CAS cleanup: api_spec (7/100)...
Proactive Stale CAS cleanup: auth_strategy (8/100)...
Proactive Stale CAS cleanup: backlog_item (9/100)...
Proactive Stale CAS cleanup: base_sampler (10/100)...
Proactive Stale CAS cleanup: brand (11/100)...
Proactive Stale CAS cleanup: capability (13/100)...
Proactive Stale CAS cleanup: bucketing_strategy (12/100)...
Proactive Stale CAS cleanup: capacity_advertisement (14/100)...
Proactive Stale CAS cleanup: command_spec (16/100)...
Proactive Stale CAS cleanup: certificate (15/100)...
Proactive Stale CAS cleanup: component (17/100)...
Proactive Stale CAS cleanup: compute_advertisement (18/100)...
Proactive Stale CAS cleanup: context_refresh_schedule (19/100)...
Proactive Stale CAS cleanup: convergence_session (20/100)...
Proactive Stale CAS cleanup: corporate_initiative (21/100)...
Proactive Stale CAS cleanup: criteria (22/100)...
Proactive Stale CAS cleanup: decision (23/100)...
Proactive Stale CAS cleanup: department (24/100)...
Proactive Stale CAS cleanup: digital_asset (25/100)...
Proactive Stale CAS cleanup: division (26/100)...
Proactive Stale CAS cleanup: doc_entry (27/100)...
Proactive Stale CAS cleanup: domain_registry (28/100)...
Proactive Stale CAS cleanup: fission_event (31/100)...
Proactive Stale CAS cleanup: evolution_management (29/100)...
Proactive Stale CAS cleanup: field_registry (30/100)...
Proactive Stale CAS cleanup: glossary_term (32/100)...
Proactive Stale CAS cleanup: glossary_term_relation (33/100)...
Proactive Stale CAS cleanup: goal (34/100)...
Proactive Stale CAS cleanup: import_tracking (35/100)...
Proactive Stale CAS cleanup: important_date (36/100)...
Proactive Stale CAS cleanup: inference_heuristic (37/100)...
Proactive Stale CAS cleanup: keystore_entry (38/100)...
Proactive Stale CAS cleanup: kind_synonym (39/100)...
Proactive Stale CAS cleanup: list_metric_sampler (41/100)...
Proactive Stale CAS cleanup: library (40/100)...
Proactive Stale CAS cleanup: mcp_spec (42/100)...
Proactive Stale CAS cleanup: metrics_feedback (44/100)...
Proactive Stale CAS cleanup: metadata_package (43/100)...
Proactive Stale CAS cleanup: milestone (45/100)...
Proactive Stale CAS cleanup: mission (46/100)...
Proactive Stale CAS cleanup: namespace (47/100)...
Proactive Stale CAS cleanup: namespace_registry (48/100)...
Proactive Stale CAS cleanup: ordered_list_metric_sampler (50/100)...
Proactive Stale CAS cleanup: object_spec (49/100)...
Proactive Stale CAS cleanup: organization (51/100)...
Proactive Stale CAS cleanup: organizational_change (52/100)...
Proactive Stale CAS cleanup: partnership (53/100)...
Proactive Stale CAS cleanup: persona (54/100)...
Proactive Stale CAS cleanup: pipeline (55/100)...
Proactive Stale CAS cleanup: pipeline_definition (56/100)...
Proactive Stale CAS cleanup: pipeline_stage (58/100)...
Proactive Stale CAS cleanup: pipeline_execution (57/100)...
Proactive Stale CAS cleanup: policy (59/100)...
Proactive Stale CAS cleanup: process_hygiene_rule (61/100)...
Proactive Stale CAS cleanup: priority_plan (60/100)...
Proactive Stale CAS cleanup: provider_profile (63/100)...
Proactive Stale CAS cleanup: prompt_template (62/100)...
Proactive Stale CAS cleanup: qa_success (64/100)...
Proactive Stale CAS cleanup: question (65/100)...
Proactive Stale CAS cleanup: remote_kernel (67/100)...
Proactive Stale CAS cleanup: release (66/100)...
Proactive Stale CAS cleanup: requirement (68/100)...
Proactive Stale CAS cleanup: resolver (69/100)...
Proactive Stale CAS cleanup: risk_blocker (70/100)...
Proactive Stale CAS cleanup: roadmap (71/100)...
Proactive Stale CAS cleanup: role (72/100)...
Proactive Stale CAS cleanup: rollback_report (73/100)...
Proactive Stale CAS cleanup: sampler_profile (75/100)...
Proactive Stale CAS cleanup: rule (74/100)...
Proactive Stale CAS cleanup: scalar_metric_sampler (76/100)...
Proactive Stale CAS cleanup: scenario (77/100)...
Proactive Stale CAS cleanup: scheduler_handler_binding (78/100)...
Proactive Stale CAS cleanup: shockwave_router (79/100)...
Proactive Stale CAS cleanup: status_history_metric_sampler (81/100)...
Proactive Stale CAS cleanup: stakeholder_profile (80/100)...
Proactive Stale CAS cleanup: strategic_context (82/100)...
Proactive Stale CAS cleanup: strategic_plan (83/100)...
Proactive Stale CAS cleanup: team (84/100)...
Proactive Stale CAS cleanup: team_configuration (85/100)...
Proactive Stale CAS cleanup: technical_debt (86/100)...
Proactive Stale CAS cleanup: technical_spec (87/100)...
Proactive Stale CAS cleanup: template (88/100)...
Proactive Stale CAS cleanup: test_case (89/100)...
Proactive Stale CAS cleanup: translation_manifest (91/100)...
Proactive Stale CAS cleanup: test_command_rule (90/100)...
Proactive Stale CAS cleanup: validation_rule (92/100)...
Proactive Stale CAS cleanup: vitality_report (95/100)...
Proactive Stale CAS cleanup: visual_plan (94/100)...
Proactive Stale CAS cleanup: vision (93/100)...
Proactive Stale CAS cleanup: vocabulary_scheme (96/100)...
Proactive Stale CAS cleanup: watchdog_registration (97/100)...
Proactive Stale CAS cleanup: workflow (98/100)...
Proactive Stale CAS cleanup: workstream (99/100)...
Proactive Stale CAS cleanup: workstream_transition (100/100)...
Loaders starting...
Loaders ready.
Loading object ID cache...
Warming CAS indexes...
Merging CAS indexes for 46 kinds...
CAS indexes warmed
Cache ready, starting validator...
Discovery starting...
Starting discovery across 100 kinds...
Validating 8929 objects (from docs/process/ via object ID cache)...
Progress: [=========                                         ] 18.6% (1657/8929, queue: 7256) 1.6k/s (validating, workers: 16, goroutines: 17) - 1s
Progress: [==================                                ] 37.4% (3339/8929, queue: 5560) 1.7k/s (validating, workers: 16, goroutines: 29) - 2s
Progress: [=============================                     ] 58.4% (5216/8929, queue: 3693) 1.7k/s (validating, workers: 16, goroutines: 21) - 3s
Progress: [==================================                ] 69.1% (6173/8929, queue: 2726) 1.5k/s (validating, workers: 16, goroutines: 25) - 4s
Progress: [=======================================           ] 78.6% (7016/8929, queue: 1881) 1.4k/s (validating, workers: 16, goroutines: 27) - 5s
Progress: [========================================          ] 81.8% (7303/8929, queue: 1610) 1.2k/s (validating, workers: 16, goroutines: 17) - 6s
Progress: [=========================================         ] 82.4% (7360/8929, queue: 1552) 1.0k/s (validating, workers: 16, goroutines: 18) - 7s
Progress: [=========================================         ] 82.7% (7383/8929, queue: 1530) 921/s (validating, workers: 16, goroutines: 17) - 8s
Progress: [=========================================         ] 83.0% (7409/8929, queue: 1503) 821/s (validating, workers: 16, goroutines: 18) - 9s
Progress: [==========================================        ] 84.2% (7517/8929, queue: 1396) 751/s (validating, workers: 16, goroutines: 17) - 10s
Progress: [=============================================     ] 90.2% (8053/8929, queue: 859) 731/s (validating, workers: 16, goroutines: 17) - 11s
Progress: [===============================================   ] 94.9% (8478/8929, queue: 430) 706/s (validating, workers: 16, goroutines: 22) - 12s
Progress: [================================================  ] 97.3% (8691/8929, queue: 222) 668/s (validating, workers: 16, goroutines: 17) - 13s
Progress: [================================================= ] 99.0% (8841/8929, queue: 71) 630/s (validating, workers: 16, goroutines: 18) - 14s
Progress: [================================================= ] 99.7% (8899/8929, queue: 0) 625/s (draining in-flight, workers: 16) - 14s
Progress: [==================================================] 100.0% (8929/8929, queue: 0) 549/s (completed) - 16s

Validation completed: 8929/8929 objects (8929 succeeded, 0 failed)

--- run 2026-09-05T04:30:03Z ---
System check starting...
Preparing loaders and cache...
Proactive Stale CAS cleanup starting...
Proactive Stale CAS cleanup: cleaning 100 kinds (timeout 2m0s)...
Proactive Stale CAS cleanup: account (1/100)...
Proactive Stale CAS cleanup: agent_architecture (2/100)...
Proactive Stale CAS cleanup: agent_feed (3/100)...
Proactive Stale CAS cleanup: agent_onboarding_preparation (4/100)...
Proactive Stale CAS cleanup: agent_skill (5/100)...
Proactive Stale CAS cleanup: agent_task (6/100)...
Proactive Stale CAS cleanup: api_spec (7/100)...
Proactive Stale CAS cleanup: auth_strategy (8/100)...
Proactive Stale CAS cleanup: base_sampler (10/100)...
Proactive Stale CAS cleanup: backlog_item (9/100)...
Proactive Stale CAS cleanup: brand (11/100)...
Proactive Stale CAS cleanup: capacity_advertisement (14/100)...
Proactive Stale CAS cleanup: bucketing_strategy (12/100)...
Proactive Stale CAS cleanup: capability (13/100)...
Proactive Stale CAS cleanup: command_spec (16/100)...
Proactive Stale CAS cleanup: certificate (15/100)...
Proactive Stale CAS cleanup: compute_advertisement (18/100)...
Proactive Stale CAS cleanup: component (17/100)...
Proactive Stale CAS cleanup: context_refresh_schedule (19/100)...
Proactive Stale CAS cleanup: convergence_session (20/100)...
Proactive Stale CAS cleanup: corporate_initiative (21/100)...
Proactive Stale CAS cleanup: criteria (22/100)...
Proactive Stale CAS cleanup: decision (23/100)...
Proactive Stale CAS cleanup: digital_asset (25/100)...
Proactive Stale CAS cleanup: department (24/100)...
Proactive Stale CAS cleanup: division (26/100)...
Proactive Stale CAS cleanup: doc_entry (27/100)...
Proactive Stale CAS cleanup: domain_registry (28/100)...
Proactive Stale CAS cleanup: evolution_management (29/100)...
Proactive Stale CAS cleanup: fission_event (31/100)...
Proactive Stale CAS cleanup: field_registry (30/100)...
Proactive Stale CAS cleanup: glossary_term (32/100)...
Proactive Stale CAS cleanup: glossary_term_relation (33/100)...
Proactive Stale CAS cleanup: goal (34/100)...
Proactive Stale CAS cleanup: import_tracking (35/100)...
Proactive Stale CAS cleanup: important_date (36/100)...
Proactive Stale CAS cleanup: inference_heuristic (37/100)...
Proactive Stale CAS cleanup: keystore_entry (38/100)...
Proactive Stale CAS cleanup: kind_synonym (39/100)...
Proactive Stale CAS cleanup: list_metric_sampler (41/100)...
Proactive Stale CAS cleanup: library (40/100)...
Proactive Stale CAS cleanup: mcp_spec (42/100)...
Proactive Stale CAS cleanup: metrics_feedback (44/100)...
Proactive Stale CAS cleanup: metadata_package (43/100)...
Proactive Stale CAS cleanup: milestone (45/100)...
Proactive Stale CAS cleanup: mission (46/100)...
Proactive Stale CAS cleanup: namespace (47/100)...
Proactive Stale CAS cleanup: namespace_registry (48/100)...
Proactive Stale CAS cleanup: ordered_list_metric_sampler (50/100)...
Proactive Stale CAS cleanup: object_spec (49/100)...
Proactive Stale CAS cleanup: organization (51/100)...
Proactive Stale CAS cleanup: organizational_change (52/100)...
Proactive Stale CAS cleanup: partnership (53/100)...
Proactive Stale CAS cleanup: persona (54/100)...
Proactive Stale CAS cleanup: pipeline (55/100)...
Proactive Stale CAS cleanup: pipeline_definition (56/100)...
Proactive Stale CAS cleanup: pipeline_stage (58/100)...
Proactive Stale CAS cleanup: pipeline_execution (57/100)...
Proactive Stale CAS cleanup: policy (59/100)...
Proactive Stale CAS cleanup: priority_plan (60/100)...
Proactive Stale CAS cleanup: process_hygiene_rule (61/100)...
Proactive Stale CAS cleanup: provider_profile (63/100)...
Proactive Stale CAS cleanup: prompt_template (62/100)...
Proactive Stale CAS cleanup: qa_success (64/100)...
Proactive Stale CAS cleanup: question (65/100)...
Proactive Stale CAS cleanup: release (66/100)...
Proactive Stale CAS cleanup: remote_kernel (67/100)...
Proactive Stale CAS cleanup: requirement (68/100)...
Proactive Stale CAS cleanup: resolver (69/100)...
Proactive Stale CAS cleanup: risk_blocker (70/100)...
Proactive Stale CAS cleanup: roadmap (71/100)...
Proactive Stale CAS cleanup: role (72/100)...
Proactive Stale CAS cleanup: rollback_report (73/100)...
Proactive Stale CAS cleanup: sampler_profile (75/100)...
Proactive Stale CAS cleanup: rule (74/100)...
Proactive Stale CAS cleanup: scalar_metric_sampler (76/100)...
Proactive Stale CAS cleanup: scenario (77/100)...
Proactive Stale CAS cleanup: scheduler_handler_binding (78/100)...
Proactive Stale CAS cleanup: shockwave_router (79/100)...
Proactive Stale CAS cleanup: status_history_metric_sampler (81/100)...
Proactive Stale CAS cleanup: stakeholder_profile (80/100)...
Proactive Stale CAS cleanup: strategic_context (82/100)...
Proactive Stale CAS cleanup: strategic_plan (83/100)...
Proactive Stale CAS cleanup: team (84/100)...
Proactive Stale CAS cleanup: team_configuration (85/100)...
Proactive Stale CAS cleanup: technical_debt (86/100)...
Proactive Stale CAS cleanup: technical_spec (87/100)...
Proactive Stale CAS cleanup: template (88/100)...
Proactive Stale CAS cleanup: test_case (89/100)...
Proactive Stale CAS cleanup: translation_manifest (91/100)...
Proactive Stale CAS cleanup: test_command_rule (90/100)...
Proactive Stale CAS cleanup: validation_rule (92/100)...
Proactive Stale CAS cleanup: vitality_report (95/100)...
Proactive Stale CAS cleanup: vision (93/100)...
Proactive Stale CAS cleanup: visual_plan (94/100)...
Proactive Stale CAS cleanup: vocabulary_scheme (96/100)...
Proactive Stale CAS cleanup: watchdog_registration (97/100)...
Proactive Stale CAS cleanup: workflow (98/100)...
Proactive Stale CAS cleanup: workstream (99/100)...
Proactive Stale CAS cleanup: workstream_transition (100/100)...
Loaders starting...
Loaders ready.
Loading object ID cache...
Warming CAS indexes...
Merging CAS indexes for 46 kinds...
CAS indexes warmed
Cache ready, starting validator...
Discovery starting...
Starting discovery across 100 kinds...
Validating 9024 objects (from docs/process/ via object ID cache)...
Progress: [===========                                       ] 23.0% (2075/9024, queue: 6927) 2.1k/s (validating, workers: 16, goroutines: 23) - 1s
Progress: [=================                                 ] 35.4% (3197/9024, queue: 5811) 1.6k/s (validating, workers: 16, goroutines: 17) - 2s
Progress: [=======================                           ] 46.1% (4163/9024, queue: 4845) 1.4k/s (validating, workers: 16, goroutines: 17) - 3s
Progress: [===========================                       ] 54.8% (4947/9024, queue: 4054) 1.2k/s (validating, workers: 16, goroutines: 18) - 4s
Progress: [=================================                 ] 67.8% (6118/9024, queue: 2890) 1.2k/s (validating, workers: 16, goroutines: 17) - 5s
Progress: [===========================================       ] 86.7% (7821/9024, queue: 1171) 1.3k/s (validating, workers: 16, goroutines: 27) - 6s
Progress: [================================================= ] 99.8% (9009/9024, queue: 0) 1.3k/s (draining in-flight, workers: 16) - 7s
Progress: [==================================================] 100.0% (9024/9024, queue: 0) 1.1k/s (completed) - 8s

Validation completed: 9024/9024 objects (9024 succeeded, 0 failed)

--- run 2026-09-05T04:35:00Z ---
System check starting...
Preparing loaders and cache...
Proactive Stale CAS cleanup starting...
Proactive Stale CAS cleanup: cleaning 100 kinds (timeout 2m0s)...
Proactive Stale CAS cleanup: account (1/100)...
Proactive Stale CAS cleanup: agent_architecture (2/100)...
Proactive Stale CAS cleanup: agent_feed (3/100)...
Proactive Stale CAS cleanup: agent_onboarding_preparation (4/100)...
Proactive Stale CAS cleanup: agent_skill (5/100)...
Proactive Stale CAS cleanup: agent_task (6/100)...
Proactive Stale CAS cleanup: api_spec (7/100)...
Proactive Stale CAS cleanup: auth_strategy (8/100)...
Proactive Stale CAS cleanup: backlog_item (9/100)...
Proactive Stale CAS cleanup: base_sampler (10/100)...
Proactive Stale CAS cleanup: brand (11/100)...
Proactive Stale CAS cleanup: capability (13/100)...
Proactive Stale CAS cleanup: bucketing_strategy (12/100)...
Proactive Stale CAS cleanup: capacity_advertisement (14/100)...
Proactive Stale CAS cleanup: command_spec (16/100)...
Proactive Stale CAS cleanup: certificate (15/100)...
Proactive Stale CAS cleanup: compute_advertisement (18/100)...
Proactive Stale CAS cleanup: component (17/100)...
Proactive Stale CAS cleanup: context_refresh_schedule (19/100)...
Proactive Stale CAS cleanup: convergence_session (20/100)...
Proactive Stale CAS cleanup: corporate_initiative (21/100)...
Proactive Stale CAS cleanup: criteria (22/100)...
Proactive Stale CAS cleanup: decision (23/100)...
Proactive Stale CAS cleanup: digital_asset (25/100)...
Proactive Stale CAS cleanup: department (24/100)...
Proactive Stale CAS cleanup: division (26/100)...
Proactive Stale CAS cleanup: doc_entry (27/100)...
Proactive Stale CAS cleanup: domain_registry (28/100)...
Proactive Stale CAS cleanup: field_registry (30/100)...
Proactive Stale CAS cleanup: evolution_management (29/100)...
Proactive Stale CAS cleanup: fission_event (31/100)...
Proactive Stale CAS cleanup: glossary_term (32/100)...
Proactive Stale CAS cleanup: glossary_term_relation (33/100)...
Proactive Stale CAS cleanup: goal (34/100)...
Proactive Stale CAS cleanup: import_tracking (35/100)...
Proactive Stale CAS cleanup: important_date (36/100)...
Proactive Stale CAS cleanup: inference_heuristic (37/100)...
Proactive Stale CAS cleanup: keystore_entry (38/100)...
Proactive Stale CAS cleanup: kind_synonym (39/100)...
Proactive Stale CAS cleanup: list_metric_sampler (41/100)...
Proactive Stale CAS cleanup: library (40/100)...
Proactive Stale CAS cleanup: mcp_spec (42/100)...
Proactive Stale CAS cleanup: metrics_feedback (44/100)...
Proactive Stale CAS cleanup: metadata_package (43/100)...
Proactive Stale CAS cleanup: milestone (45/100)...
Proactive Stale CAS cleanup: mission (46/100)...
Proactive Stale CAS cleanup: namespace (47/100)...
Proactive Stale CAS cleanup: namespace_registry (48/100)...
Proactive Stale CAS cleanup: ordered_list_metric_sampler (50/100)...
Proactive Stale CAS cleanup: object_spec (49/100)...
Proactive Stale CAS cleanup: organization (51/100)...
Proactive Stale CAS cleanup: organizational_change (52/100)...
Proactive Stale CAS cleanup: partnership (53/100)...
Proactive Stale CAS cleanup: persona (54/100)...
Proactive Stale CAS cleanup: pipeline (55/100)...
Proactive Stale CAS cleanup: pipeline_definition (56/100)...
Proactive Stale CAS cleanup: pipeline_stage (58/100)...
Proactive Stale CAS cleanup: pipeline_execution (57/100)...
Proactive Stale CAS cleanup: policy (59/100)...
Proactive Stale CAS cleanup: process_hygiene_rule (61/100)...
Proactive Stale CAS cleanup: priority_plan (60/100)...
Proactive Stale CAS cleanup: provider_profile (63/100)...
Proactive Stale CAS cleanup: prompt_template (62/100)...
Proactive Stale CAS cleanup: qa_success (64/100)...
Proactive Stale CAS cleanup: question (65/100)...
Proactive Stale CAS cleanup: release (66/100)...
Proactive Stale CAS cleanup: remote_kernel (67/100)...
Proactive Stale CAS cleanup: requirement (68/100)...
Proactive Stale CAS cleanup: resolver (69/100)...
Proactive Stale CAS cleanup: risk_blocker (70/100)...
Proactive Stale CAS cleanup: roadmap (71/100)...
Proactive Stale CAS cleanup: role (72/100)...
Proactive Stale CAS cleanup: rollback_report (73/100)...
Proactive Stale CAS cleanup: rule (74/100)...
Proactive Stale CAS cleanup: scalar_metric_sampler (76/100)...
Proactive Stale CAS cleanup: sampler_profile (75/100)...
Proactive Stale CAS cleanup: scenario (77/100)...
Proactive Stale CAS cleanup: scheduler_handler_binding (78/100)...
Proactive Stale CAS cleanup: shockwave_router (79/100)...
Proactive Stale CAS cleanup: status_history_metric_sampler (81/100)...
Proactive Stale CAS cleanup: stakeholder_profile (80/100)...
Proactive Stale CAS cleanup: strategic_context (82/100)...
Proactive Stale CAS cleanup: strategic_plan (83/100)...
Proactive Stale CAS cleanup: team (84/100)...
Proactive Stale CAS cleanup: team_configuration (85/100)...
Proactive Stale CAS cleanup: technical_debt (86/100)...
Proactive Stale CAS cleanup: technical_spec (87/100)...
Proactive Stale CAS cleanup: template (88/100)...
Proactive Stale CAS cleanup: test_case (89/100)...
Proactive Stale CAS cleanup: test_command_rule (90/100)...
Proactive Stale CAS cleanup: translation_manifest (91/100)...
Proactive Stale CAS cleanup: validation_rule (92/100)...
Proactive Stale CAS cleanup: vitality_report (95/100)...
Proactive Stale CAS cleanup: vision (93/100)...
Proactive Stale CAS cleanup: visual_plan (94/100)...
Proactive Stale CAS cleanup: vocabulary_scheme (96/100)...
Proactive Stale CAS cleanup: watchdog_registration (97/100)...
Proactive Stale CAS cleanup: workflow (98/100)...
Proactive Stale CAS cleanup: workstream (99/100)...
Proactive Stale CAS cleanup: workstream_transition (100/100)...
Loaders starting...
Loaders ready.
Loading object ID cache...
Warming CAS indexes...
Merging CAS indexes for 46 kinds...
CAS indexes warmed
Cache ready, starting validator...
Discovery starting...
Starting discovery across 100 kinds...
Validating 9024 objects (from docs/process/ via object ID cache)...
Progress: [=======                                           ] 15.6% (1407/9024, queue: 7601) 1.4k/s (validating, workers: 16, goroutines: 17) - 1s
Progress: [=================                                 ] 35.7% (3225/9024, queue: 5783) 1.6k/s (validating, workers: 16, goroutines: 17) - 2s
Progress: [=========================                         ] 51.4% (4638/9024, queue: 4355) 1.5k/s (validating, workers: 16, goroutines: 32) - 3s
Progress: [===============================                   ] 63.2% (5707/9024, queue: 3301) 1.4k/s (validating, workers: 16, goroutines: 17) - 4s
Progress: [=======================================           ] 78.6% (7092/9024, queue: 1901) 1.4k/s (validating, workers: 16, goroutines: 29) - 5s
Progress: [===========================================       ] 86.5% (7805/9024, queue: 1187) 1.3k/s (validating, workers: 16, goroutines: 33) - 6s
Progress: [================================================  ] 97.3% (8781/9024, queue: 226) 1.3k/s (validating, workers: 16, goroutines: 25) - 7s
Progress: [================================================= ] 99.8% (9004/9024, queue: 0) 1.2k/s (draining in-flight, workers: 16) - 7s
Progress: [==================================================] 100.0% (9024/9024, queue: 0) 976/s (completed) - 9s

Validation completed: 9024/9024 objects (9024 succeeded, 0 failed)

--- run 2026-09-05T04:40:00Z ---
System check starting...
Preparing loaders and cache...
Proactive Stale CAS cleanup starting...
Proactive Stale CAS cleanup: cleaning 100 kinds (timeout 2m0s)...
Proactive Stale CAS cleanup: account (1/100)...
Proactive Stale CAS cleanup: agent_architecture (2/100)...
Proactive Stale CAS cleanup: agent_feed (3/100)...
Proactive Stale CAS cleanup: agent_onboarding_preparation (4/100)...
Proactive Stale CAS cleanup: agent_skill (5/100)...
Proactive Stale CAS cleanup: agent_task (6/100)...
Proactive Stale CAS cleanup: api_spec (7/100)...
Proactive Stale CAS cleanup: auth_strategy (8/100)...
Proactive Stale CAS cleanup: base_sampler (10/100)...
Proactive Stale CAS cleanup: backlog_item (9/100)...
Proactive Stale CAS cleanup: brand (11/100)...
Proactive Stale CAS cleanup: bucketing_strategy (12/100)...
Proactive Stale CAS cleanup: capacity_advertisement (14/100)...
Proactive Stale CAS cleanup: capability (13/100)...
Proactive Stale CAS cleanup: command_spec (16/100)...
Proactive Stale CAS cleanup: certificate (15/100)...
Proactive Stale CAS cleanup: component (17/100)...
Proactive Stale CAS cleanup: compute_advertisement (18/100)...
Proactive Stale CAS cleanup: context_refresh_schedule (19/100)...
Proactive Stale CAS cleanup: convergence_session (20/100)...
Proactive Stale CAS cleanup: corporate_initiative (21/100)...
Proactive Stale CAS cleanup: criteria (22/100)...
Proactive Stale CAS cleanup: decision (23/100)...
Proactive Stale CAS cleanup: digital_asset (25/100)...
Proactive Stale CAS cleanup: department (24/100)...
Proactive Stale CAS cleanup: division (26/100)...
Proactive Stale CAS cleanup: doc_entry (27/100)...
Proactive Stale CAS cleanup: domain_registry (28/100)...
Proactive Stale CAS cleanup: field_registry (30/100)...
Proactive Stale CAS cleanup: evolution_management (29/100)...
Proactive Stale CAS cleanup: fission_event (31/100)...
Proactive Stale CAS cleanup: glossary_term (32/100)...
Proactive Stale CAS cleanup: glossary_term_relation (33/100)...
Proactive Stale CAS cleanup: goal (34/100)...
Proactive Stale CAS cleanup: import_tracking (35/100)...
Proactive Stale CAS cleanup: inference_heuristic (37/100)...
Proactive Stale CAS cleanup: important_date (36/100)...
Proactive Stale CAS cleanup: keystore_entry (38/100)...
Proactive Stale CAS cleanup: kind_synonym (39/100)...
Proactive Stale CAS cleanup: list_metric_sampler (41/100)...
Proactive Stale CAS cleanup: library (40/100)...
Proactive Stale CAS cleanup: mcp_spec (42/100)...
Proactive Stale CAS cleanup: metrics_feedback (44/100)...
Proactive Stale CAS cleanup: metadata_package (43/100)...
Proactive Stale CAS cleanup: milestone (45/100)...
Proactive Stale CAS cleanup: mission (46/100)...
Proactive Stale CAS cleanup: namespace (47/100)...
Proactive Stale CAS cleanup: namespace_registry (48/100)...
Proactive Stale CAS cleanup: object_spec (49/100)...
Proactive Stale CAS cleanup: ordered_list_metric_sampler (50/100)...
Proactive Stale CAS cleanup: organization (51/100)...
Proactive Stale CAS cleanup: organizational_change (52/100)...
Proactive Stale CAS cleanup: partnership (53/100)...
Proactive Stale CAS cleanup: persona (54/100)...
Proactive Stale CAS cleanup: pipeline (55/100)...
Proactive Stale CAS cleanup: pipeline_definition (56/100)...
Proactive Stale CAS cleanup: pipeline_stage (58/100)...
Proactive Stale CAS cleanup: pipeline_execution (57/100)...
Proactive Stale CAS cleanup: policy (59/100)...
Proactive Stale CAS cleanup: process_hygiene_rule (61/100)...
Proactive Stale CAS cleanup: priority_plan (60/100)...
Proactive Stale CAS cleanup: provider_profile (63/100)...
Proactive Stale CAS cleanup: prompt_template (62/100)...
Proactive Stale CAS cleanup: qa_success (64/100)...
Proactive Stale CAS cleanup: question (65/100)...
Proactive Stale CAS cleanup: remote_kernel (67/100)...
Proactive Stale CAS cleanup: release (66/100)...
Proactive Stale CAS cleanup: requirement (68/100)...
Proactive Stale CAS cleanup: resolver (69/100)...
Proactive Stale CAS cleanup: risk_blocker (70/100)...
Proactive Stale CAS cleanup: roadmap (71/100)...
Proactive Stale CAS cleanup: role (72/100)...
Proactive Stale CAS cleanup: rollback_report (73/100)...
Proactive Stale CAS cleanup: rule (74/100)...
Proactive Stale CAS cleanup: scalar_metric_sampler (76/100)...
Proactive Stale CAS cleanup: sampler_profile (75/100)...
Proactive Stale CAS cleanup: scenario (77/100)...
Proactive Stale CAS cleanup: scheduler_handler_binding (78/100)...
Proactive Stale CAS cleanup: shockwave_router (79/100)...
Proactive Stale CAS cleanup: status_history_metric_sampler (81/100)...
Proactive Stale CAS cleanup: stakeholder_profile (80/100)...
Proactive Stale CAS cleanup: strategic_context (82/100)...
Proactive Stale CAS cleanup: strategic_plan (83/100)...
Proactive Stale CAS cleanup: team (84/100)...
Proactive Stale CAS cleanup: team_configuration (85/100)...
Proactive Stale CAS cleanup: technical_debt (86/100)...
Proactive Stale CAS cleanup: technical_spec (87/100)...
Proactive Stale CAS cleanup: template (88/100)...
Proactive Stale CAS cleanup: test_case (89/100)...
Proactive Stale CAS cleanup: test_command_rule (90/100)...
Proactive Stale CAS cleanup: translation_manifest (91/100)...
Proactive Stale CAS cleanup: validation_rule (92/100)...
Proactive Stale CAS cleanup: visual_plan (94/100)...
Proactive Stale CAS cleanup: vision (93/100)...
Proactive Stale CAS cleanup: vitality_report (95/100)...
Proactive Stale CAS cleanup: vocabulary_scheme (96/100)...
Proactive Stale CAS cleanup: watchdog_registration (97/100)...
Proactive Stale CAS cleanup: workflow (98/100)...
Proactive Stale CAS cleanup: workstream (99/100)...
Proactive Stale CAS cleanup: workstream_transition (100/100)...
Loaders starting...
Loading object ID cache...
Loaders ready.
Warming CAS indexes...
Merging CAS indexes for 46 kinds...
CAS indexes warmed
Cache ready, starting validator...
Discovery starting...
Starting discovery across 100 kinds...
Validating 9022 objects (from docs/process/ via object ID cache)...
Progress: [======                                            ] 13.5% (1220/9022, queue: 7770) 1.2k/s (validating, workers: 16, goroutines: 33) - 1s
Progress: [===========                                       ] 23.4% (2109/9022, queue: 6883) 1.0k/s (validating, workers: 16, goroutines: 30) - 2s
Progress: [=================                                 ] 34.1% (3073/9022, queue: 5933) 1.0k/s (validating, workers: 16, goroutines: 17) - 3s
Progress: [======================                            ] 45.4% (4097/9022, queue: 4909) 1.0k/s (validating, workers: 16, goroutines: 17) - 4s
Progress: [===========================                       ] 55.4% (4998/9022, queue: 4008) 997/s (validating, workers: 16, goroutines: 17) - 5s
Progress: [===============================                   ] 62.3% (5622/9022, queue: 3384) 935/s (validating, workers: 16, goroutines: 17) - 6s
Progress: [===================================               ] 71.6% (6458/9022, queue: 2548) 921/s (validating, workers: 16, goroutines: 17) - 7s
Progress: [=========================================         ] 82.2% (7414/9022, queue: 1592) 926/s (validating, workers: 16, goroutines: 17) - 8s
Progress: [============================================      ] 89.9% (8113/9022, queue: 877) 901/s (validating, workers: 16, goroutines: 33) - 9s
Progress: [================================================  ] 96.4% (8695/9022, queue: 311) 868/s (validating, workers: 16, goroutines: 17) - 10s
Progress: [================================================= ] 99.7% (8997/9022, queue: 0) 864/s (draining in-flight, workers: 16) - 10s
Progress: [================================================= ] 99.9% (9015/9022, queue: 0) 864/s (draining in-flight, workers: 16) - 10s
Progress: [==================================================] 100.0% (9022/9022, queue: 0) 738/s (completed) - 12s

Validation completed: 9022/9022 objects (9022 succeeded, 0 failed)

--- run 2026-09-05T05:08:22Z ---
System check starting...
Preparing loaders and cache...
Proactive Stale CAS cleanup starting...
Proactive Stale CAS cleanup: cleaning 100 kinds (timeout 2m0s)...
Proactive Stale CAS cleanup: account (1/100)...
Proactive Stale CAS cleanup: agent_architecture (2/100)...
Proactive Stale CAS cleanup: agent_feed (3/100)...
Proactive Stale CAS cleanup: agent_onboarding_preparation (4/100)...
Proactive Stale CAS cleanup: agent_skill (5/100)...
Proactive Stale CAS cleanup: agent_task (6/100)...
Proactive Stale CAS cleanup: api_spec (7/100)...
Proactive Stale CAS cleanup: auth_strategy (8/100)...
Proactive Stale CAS cleanup: base_sampler (10/100)...
Proactive Stale CAS cleanup: backlog_item (9/100)...
Proactive Stale CAS cleanup: brand (11/100)...
Proactive Stale CAS cleanup: capability (13/100)...
Proactive Stale CAS cleanup: bucketing_strategy (12/100)...
Proactive Stale CAS cleanup: capacity_advertisement (14/100)...
Proactive Stale CAS cleanup: command_spec (16/100)...
Proactive Stale CAS cleanup: certificate (15/100)...
Proactive Stale CAS cleanup: compute_advertisement (18/100)...
Proactive Stale CAS cleanup: component (17/100)...
Proactive Stale CAS cleanup: context_refresh_schedule (19/100)...
Proactive Stale CAS cleanup: convergence_session (20/100)...
Proactive Stale CAS cleanup: corporate_initiative (21/100)...
Proactive Stale CAS cleanup: criteria (22/100)...
Proactive Stale CAS cleanup: decision (23/100)...
Proactive Stale CAS cleanup: department (24/100)...
Proactive Stale CAS cleanup: digital_asset (25/100)...
Proactive Stale CAS cleanup: division (26/100)...
Proactive Stale CAS cleanup: doc_entry (27/100)...
Proactive Stale CAS cleanup: domain_registry (28/100)...
Proactive Stale CAS cleanup: fission_event (31/100)...
Proactive Stale CAS cleanup: evolution_management (29/100)...
Proactive Stale CAS cleanup: field_registry (30/100)...
Proactive Stale CAS cleanup: glossary_term (32/100)...
Proactive Stale CAS cleanup: glossary_term_relation (33/100)...
Proactive Stale CAS cleanup: goal (34/100)...
Proactive Stale CAS cleanup: import_tracking (35/100)...
Proactive Stale CAS cleanup: important_date (36/100)...
Proactive Stale CAS cleanup: inference_heuristic (37/100)...
Proactive Stale CAS cleanup: keystore_entry (38/100)...
Proactive Stale CAS cleanup: kind_synonym (39/100)...
Proactive Stale CAS cleanup: list_metric_sampler (41/100)...
Proactive Stale CAS cleanup: library (40/100)...
Proactive Stale CAS cleanup: mcp_spec (42/100)...
Proactive Stale CAS cleanup: metrics_feedback (44/100)...
Proactive Stale CAS cleanup: metadata_package (43/100)...
Proactive Stale CAS cleanup: milestone (45/100)...
Proactive Stale CAS cleanup: mission (46/100)...
Proactive Stale CAS cleanup: namespace (47/100)...
Proactive Stale CAS cleanup: namespace_registry (48/100)...
Proactive Stale CAS cleanup: object_spec (49/100)...
Proactive Stale CAS cleanup: ordered_list_metric_sampler (50/100)...
Proactive Stale CAS cleanup: organization (51/100)...
Proactive Stale CAS cleanup: organizational_change (52/100)...
Proactive Stale CAS cleanup: partnership (53/100)...
Proactive Stale CAS cleanup: persona (54/100)...
Proactive Stale CAS cleanup: pipeline (55/100)...
Proactive Stale CAS cleanup: pipeline_definition (56/100)...
Proactive Stale CAS cleanup: pipeline_stage (58/100)...
Proactive Stale CAS cleanup: pipeline_execution (57/100)...
Proactive Stale CAS cleanup: policy (59/100)...
Proactive Stale CAS cleanup: process_hygiene_rule (61/100)...
Proactive Stale CAS cleanup: priority_plan (60/100)...
Proactive Stale CAS cleanup: provider_profile (63/100)...
Proactive Stale CAS cleanup: prompt_template (62/100)...
Proactive Stale CAS cleanup: qa_success (64/100)...
Proactive Stale CAS cleanup: question (65/100)...
Proactive Stale CAS cleanup: release (66/100)...
Proactive Stale CAS cleanup: remote_kernel (67/100)...
Proactive Stale CAS cleanup: requirement (68/100)...
Proactive Stale CAS cleanup: resolver (69/100)...
Proactive Stale CAS cleanup: risk_blocker (70/100)...
Proactive Stale CAS cleanup: roadmap (71/100)...
Proactive Stale CAS cleanup: role (72/100)...
Proactive Stale CAS cleanup: rollback_report (73/100)...
Proactive Stale CAS cleanup: rule (74/100)...
Proactive Stale CAS cleanup: scalar_metric_sampler (76/100)...
Proactive Stale CAS cleanup: sampler_profile (75/100)...
Proactive Stale CAS cleanup: scenario (77/100)...
Proactive Stale CAS cleanup: scheduler_handler_binding (78/100)...
Proactive Stale CAS cleanup: shockwave_router (79/100)...
Proactive Stale CAS cleanup: status_history_metric_sampler (81/100)...
Proactive Stale CAS cleanup: stakeholder_profile (80/100)...
Proactive Stale CAS cleanup: strategic_context (82/100)...
Proactive Stale CAS cleanup: strategic_plan (83/100)...
Proactive Stale CAS cleanup: team (84/100)...
Proactive Stale CAS cleanup: team_configuration (85/100)...
Proactive Stale CAS cleanup: technical_debt (86/100)...
Proactive Stale CAS cleanup: technical_spec (87/100)...
Proactive Stale CAS cleanup: template (88/100)...
Proactive Stale CAS cleanup: test_case (89/100)...
Proactive Stale CAS cleanup: test_command_rule (90/100)...
Proactive Stale CAS cleanup: translation_manifest (91/100)...
Proactive Stale CAS cleanup: validation_rule (92/100)...
Proactive Stale CAS cleanup: vision (93/100)...
Proactive Stale CAS cleanup: vitality_report (95/100)...
Proactive Stale CAS cleanup: visual_plan (94/100)...
Proactive Stale CAS cleanup: vocabulary_scheme (96/100)...
Proactive Stale CAS cleanup: watchdog_registration (97/100)...
Proactive Stale CAS cleanup: workflow (98/100)...
Proactive Stale CAS cleanup: workstream (99/100)...
Proactive Stale CAS cleanup: workstream_transition (100/100)...
Loaders starting...
Loaders ready.
Loading object ID cache...
Warming CAS indexes...
Merging CAS indexes for 46 kinds...
CAS indexes warmed
Cache ready, starting validator...
Discovery starting...
Starting discovery across 100 kinds...
Validating 9028 objects (from docs/process/ via object ID cache)...
Progress: [=========                                         ] 18.7% (1688/9028, queue: 7314) 1.7k/s (validating, workers: 16, goroutines: 27) - 1s
Progress: [=================                                 ] 34.9% (3154/9028, queue: 5843) 1.6k/s (validating, workers: 16, goroutines: 32) - 2s
Progress: [======================                            ] 44.1% (3981/9028, queue: 5031) 1.3k/s (validating, workers: 16, goroutines: 17) - 3s
Progress: [===========================                       ] 54.3% (4899/9028, queue: 4113) 1.2k/s (validating, workers: 16, goroutines: 17) - 4s
Progress: [===============================                   ] 63.8% (5760/9028, queue: 3236) 1.2k/s (validating, workers: 16, goroutines: 33) - 5s
Progress: [===================================               ] 70.8% (6395/9028, queue: 2601) 1.1k/s (validating, workers: 16, goroutines: 26) - 6s
Progress: [=======================================           ] 78.8% (7112/9028, queue: 1884) 1.0k/s (validating, workers: 16, goroutines: 31) - 7s
Progress: [============================================      ] 89.9% (8120/9028, queue: 876) 1.0k/s (validating, workers: 16, goroutines: 33) - 8s
Progress: [================================================= ] 99.5% (8981/9028, queue: 19) 994/s (validating, workers: 16, goroutines: 27) - 9s
Progress: [================================================= ] 99.8% (9006/9028, queue: 0) 990/s (draining in-flight, workers: 16) - 9s
Progress: [==================================================] 100.0% (9028/9028, queue: 0) 805/s (completed) - 11s

Validation completed: 9028/9028 objects (9028 succeeded, 0 failed)
