10:49:44.801 [i] Validating schema event=info operation_id=cli_1788544184013836000 operation_type=cli old_status=started new_status=spec
10:49:44.801 [i] Validating lifecycle new_status=lifecycle event=info operation_id=cli_1788544184013836000 operation_type=cli old_status=started
10:49:44.812 [i] Validating schema new_status=spec event=info operation_id=cli_1788544184013836000 operation_type=cli old_status=started
10:49:44.812 [i] Validating lifecycle operation_id=cli_1788544184013836000 operation_type=cli old_status=started new_status=lifecycle event=info
10:49:44.825 [i] system_check event=info operation_id=check_1788544184817490000 operation_type=system_check status=started mode=async_follow phase=start
10:49:45.242 [i] Async validator started max_workers=16 semaphore_capacity=16 active_goroutines=0 worker_stop_timeout=1m0s cache_save_timeout=20s
10:49:45.245 [i] Object ID cache count mismatch with storage; using storage discovery and triggering cache rebuild
10:49:45.246 [i] Starting object discovery kind_count=100 target_kind=
10:49:45.246 [i] system_check event=info kinds_count=100 process_dir=/Users/lanceettl/zqk-restore-clone/docs/process status=started phase=discovery kinds=[account agent_architecture agent_feed agent_onboarding_preparation agent_skill agent_task api_spec auth_strategy backlog_item base_sampler brand bucketing_strategy capability capacity_advertisement certificate command_spec component compute_advertisement context_refresh_schedule convergence_session corporate_initiative criteria decision department digital_asset division doc_entry domain_registry evolution_management field_registry fission_event glossary_term glossary_term_relation goal import_tracking important_date inference_heuristic keystore_entry kind_synonym library list_metric_sampler mcp_spec metadata_package metrics_feedback milestone mission namespace namespace_registry object_spec ordered_list_metric_sampler organization organizational_change partnership persona pipeline pipeline_definition pipeline_execution pipeline_stage policy priority_plan process_hygiene_rule prompt_template provider_profile qa_success question release remote_kernel requirement resolver risk_blocker roadmap role rollback_report rule sampler_profile scalar_metric_sampler scenario scheduler_handler_binding shockwave_router stakeholder_profile status_history_metric_sampler strategic_context strategic_plan team team_configuration technical_debt technical_spec template test_case test_command_rule translation_manifest validation_rule vision visual_plan vitality_report vocabulary_scheme watchdog_registration workflow workstream workstream_transition]
10:49:45.246 [i] system_check event=info status=in_progress phase=discovery files_found=-1 elapsed_seconds=0.000105792 kind=auth_strategy
10:49:45.246 [i] system_check event=info status=in_progress phase=discovery files_found=-1 elapsed_seconds=7.0166e-05 kind=api_spec
10:49:45.246 [i] system_check status=in_progress phase=discovery files_found=-1 elapsed_seconds=0.000395 kind=account event=info
10:49:45.246 [i] system_check status=in_progress phase=discovery files_found=-1 elapsed_seconds=2.5416e-05 kind=certificate event=info
10:49:45.246 [i] system_check event=info status=in_progress phase=discovery files_found=-1 elapsed_seconds=2.8125e-05 kind=capability
10:49:45.246 [i] system_check event=info status=in_progress phase=discovery files_found=-1 elapsed_seconds=3.4084e-05 kind=base_sampler
10:49:45.247 [i] system_check files_found=-1 elapsed_seconds=4.0916e-05 kind=capacity_advertisement event=info status=in_progress phase=discovery
10:49:45.247 [i] system_check files_found=-1 elapsed_seconds=0.000213167 kind=command_spec event=info status=in_progress phase=discovery
10:49:45.247 [i] system_check event=info status=in_progress phase=discovery files_found=-1 elapsed_seconds=0.0001585 kind=agent_architecture
10:49:45.247 [i] system_check status=in_progress phase=discovery files_found=-1 elapsed_seconds=2.8125e-05 kind=agent_feed event=info
10:49:45.247 [i] system_check event=info status=in_progress phase=discovery files_found=-1 elapsed_seconds=0.000156 kind=brand
10:49:45.247 [i] system_check kind=agent_onboarding_preparation event=info status=in_progress phase=discovery files_found=-1 elapsed_seconds=2.6417e-05
10:49:45.247 [i] system_check elapsed_seconds=0.000213291 kind=agent_skill event=info status=in_progress phase=discovery files_found=-1
10:49:45.247 [i] system_check event=info status=in_progress phase=discovery files_found=-1 elapsed_seconds=7.775e-05 kind=domain_registry
10:49:45.247 [i] system_check phase=discovery files_found=-1 elapsed_seconds=2.1625e-05 kind=inference_heuristic event=info status=in_progress
10:49:45.247 [i] system_check elapsed_seconds=2.1375e-05 kind=keystore_entry event=info status=in_progress phase=discovery files_found=-1
10:49:45.247 [i] system_check status=in_progress phase=discovery files_found=-1 elapsed_seconds=4.1042e-05 kind=kind_synonym event=info
10:49:45.247 [i] system_check status=in_progress phase=discovery files_found=-1 elapsed_seconds=5.1041e-05 kind=library event=info
10:49:45.247 [i] system_check elapsed_seconds=8.8125e-05 kind=namespace event=info status=in_progress phase=discovery files_found=-1
10:49:45.247 [i] system_check files_found=-1 elapsed_seconds=5.0541e-05 kind=namespace_registry event=info status=in_progress phase=discovery
10:49:45.247 [i] system_check elapsed_seconds=0.000632833 kind=object_spec event=info status=in_progress phase=discovery files_found=-1
10:49:45.247 [i] system_check event=info status=in_progress phase=discovery files_found=-1 elapsed_seconds=4.5208e-05 kind=shockwave_router
10:49:45.247 [i] system_check files_found=-1 elapsed_seconds=2.3709e-05 kind=stakeholder_profile event=info status=in_progress phase=discovery
10:49:45.247 [i] system_check elapsed_seconds=2.9625e-05 kind=status_history_metric_sampler event=info status=in_progress phase=discovery files_found=-1
10:49:45.247 [i] system_check phase=discovery files_found=-1 elapsed_seconds=0.00020075 kind=workstream event=info status=in_progress
10:49:45.247 [i] system_check files_found=-1 elapsed_seconds=1.7875e-05 kind=workstream_transition event=info status=in_progress phase=discovery
10:49:45.247 [i] system_check files_found=-1 elapsed_seconds=2.45e-05 kind=important_date event=info status=in_progress phase=discovery
10:49:45.248 [i] system_check event=info status=in_progress phase=discovery files_found=-1 elapsed_seconds=0.00010625 kind=bucketing_strategy
10:49:45.248 [i] system_check kind=team event=info status=in_progress phase=discovery files_found=-1 elapsed_seconds=0.000844041
10:49:45.248 [i] system_check phase=discovery files_found=-1 elapsed_seconds=0.000153 kind=glossary_term_relation event=info status=in_progress
10:49:45.248 [i] system_check phase=discovery files_found=-1 elapsed_seconds=0.000417208 kind=goal event=info status=in_progress
10:49:45.248 [i] system_check event=info status=in_progress phase=discovery files_found=-1 elapsed_seconds=2.4625e-05 kind=import_tracking
10:49:45.248 [i] system_check event=info status=in_progress phase=discovery files_found=-1 elapsed_seconds=7.4083e-05 kind=workflow
10:49:45.248 [i] system_check kind=strategic_context event=info status=in_progress phase=discovery files_found=-1 elapsed_seconds=6.4292e-05
10:49:45.248 [i] system_check event=info status=in_progress phase=discovery files_found=-1 elapsed_seconds=2.5e-05 kind=strategic_plan
10:49:45.248 [i] system_check kind=team_configuration event=info status=in_progress phase=discovery files_found=-1 elapsed_seconds=5.5042e-05
10:49:45.248 [i] system_check kind=technical_debt event=info status=in_progress phase=discovery files_found=-1 elapsed_seconds=0.000251083
10:49:45.249 [i] system_check event=info status=in_progress phase=discovery files_found=-1 elapsed_seconds=0.000104416 kind=digital_asset
10:49:45.249 [i] system_check event=info status=in_progress phase=discovery files_found=-1 elapsed_seconds=3.0417e-05 kind=component
10:49:45.249 [i] system_check kind=compute_advertisement event=info status=in_progress phase=discovery files_found=-1 elapsed_seconds=2.8833e-05
10:49:45.249 [i] system_check files_found=-1 elapsed_seconds=9.4375e-05 kind=decision event=info status=in_progress phase=discovery
10:49:45.249 [i] system_check elapsed_seconds=2.2083e-05 kind=department event=info status=in_progress phase=discovery files_found=-1
10:49:45.249 [i] system_check files_found=-1 elapsed_seconds=5.675e-05 kind=mission event=info status=in_progress phase=discovery
10:49:45.250 [i] system_check kind=list_metric_sampler event=info status=in_progress phase=discovery files_found=-1 elapsed_seconds=3.0208e-05
10:49:45.250 [i] system_check kind=mcp_spec event=info status=in_progress phase=discovery files_found=-1 elapsed_seconds=3.5458e-05
10:49:45.250 [i] system_check event=info status=in_progress phase=discovery files_found=-1 elapsed_seconds=0.0009925 kind=metadata_package
10:49:45.250 [i] system_check elapsed_seconds=2.6083e-05 kind=metrics_feedback event=info status=in_progress phase=discovery files_found=-1
10:49:45.250 [i] system_check status=in_progress phase=discovery files_found=-1 elapsed_seconds=0.000642333 kind=milestone event=info
10:49:45.251 [i] system_check kind=technical_spec event=info status=in_progress phase=discovery files_found=-1 elapsed_seconds=7.4708e-05
10:49:45.251 [i] system_check event=info status=in_progress phase=discovery files_found=-1 elapsed_seconds=4.0875e-05 kind=template
10:49:45.251 [i] system_check kind=test_case event=info status=in_progress phase=discovery files_found=-1 elapsed_seconds=0.000285042
10:49:45.251 [i] system_check event=info status=in_progress phase=discovery files_found=-1 elapsed_seconds=2.375e-05 kind=test_command_rule
10:49:45.251 [i] system_check elapsed_seconds=2.7792e-05 kind=translation_manifest event=info status=in_progress phase=discovery files_found=-1
10:49:45.251 [i] system_check files_found=-1 elapsed_seconds=0.001045041 kind=validation_rule event=info status=in_progress phase=discovery
10:49:45.251 [i] system_check event=info status=in_progress phase=discovery files_found=-1 elapsed_seconds=2.8042e-05 kind=vision
10:49:45.251 [i] system_check status=in_progress phase=discovery files_found=-1 elapsed_seconds=3.3167e-05 kind=visual_plan event=info
10:49:45.251 [i] system_check event=info status=in_progress phase=discovery files_found=-1 elapsed_seconds=2.7e-05 kind=vitality_report
10:49:45.251 [i] system_check phase=discovery files_found=-1 elapsed_seconds=6.6709e-05 kind=vocabulary_scheme event=info status=in_progress
10:49:45.251 [i] system_check status=in_progress phase=discovery files_found=-1 elapsed_seconds=0.000811792 kind=watchdog_registration event=info
10:49:45.251 [i] system_check kind=persona event=info status=in_progress phase=discovery files_found=-1 elapsed_seconds=0.000294666
10:49:45.251 [i] system_check event=info status=in_progress phase=discovery files_found=-1 elapsed_seconds=0.001478625 kind=scheduler_handler_binding
10:49:45.251 [i] system_check files_found=-1 elapsed_seconds=2.9541e-05 kind=ordered_list_metric_sampler event=info status=in_progress phase=discovery
10:49:45.251 [i] system_check phase=discovery files_found=-1 elapsed_seconds=6.55e-05 kind=organization event=info status=in_progress
10:49:45.251 [i] system_check event=info status=in_progress phase=discovery files_found=-1 elapsed_seconds=0.000998083 kind=organizational_change
10:49:45.251 [i] system_check files_found=-1 elapsed_seconds=0.000753334 kind=risk_blocker event=info status=in_progress phase=discovery
10:49:45.251 [i] system_check event=info status=in_progress phase=discovery files_found=-1 elapsed_seconds=7.9459e-05 kind=roadmap
10:49:45.251 [i] system_check event=info status=in_progress phase=discovery files_found=-1 elapsed_seconds=0.000119042 kind=role
10:49:45.251 [i] system_check event=info status=in_progress phase=discovery files_found=-1 elapsed_seconds=0.0007905 kind=rollback_report
10:49:45.251 [i] system_check status=in_progress phase=discovery files_found=-1 elapsed_seconds=6.2875e-05 kind=rule event=info
10:49:45.251 [i] system_check event=info status=in_progress phase=discovery files_found=-1 elapsed_seconds=2.6041e-05 kind=sampler_profile
10:49:45.251 [i] system_check kind=scalar_metric_sampler event=info status=in_progress phase=discovery files_found=-1 elapsed_seconds=2.2542e-05
10:49:45.251 [i] system_check event=info status=in_progress phase=discovery files_found=-1 elapsed_seconds=2.5e-05 kind=scenario
10:49:45.251 [i] system_check files_found=-1 elapsed_seconds=4.4792e-05 kind=division event=info status=in_progress phase=discovery
10:49:45.252 [i] system_check event=info status=in_progress phase=discovery files_found=-1 elapsed_seconds=0.005426125 kind=backlog_item
10:49:45.252 [i] system_check status=in_progress phase=discovery files_found=-1 elapsed_seconds=2.6334e-05 kind=pipeline_stage event=info
10:49:45.252 [i] system_check elapsed_seconds=0.000686917 kind=policy event=info status=in_progress phase=discovery files_found=-1
10:49:45.252 [i] system_check status=in_progress phase=discovery files_found=-1 elapsed_seconds=0.000113291 kind=convergence_session event=info
10:49:45.252 [i] system_check phase=discovery files_found=-1 elapsed_seconds=3.6041e-05 kind=process_hygiene_rule event=info status=in_progress
10:49:45.252 [i] system_check status=in_progress phase=discovery files_found=-1 elapsed_seconds=2.0084e-05 kind=context_refresh_schedule event=info
10:49:45.252 [i] system_check status=in_progress phase=discovery files_found=-1 elapsed_seconds=0.000496958 kind=priority_plan event=info
10:49:45.252 [i] system_check event=info status=in_progress phase=discovery files_found=-1 elapsed_seconds=0.001283292 kind=resolver
10:49:45.252 [i] system_check event=info status=in_progress phase=discovery files_found=-1 elapsed_seconds=2.65e-05 kind=provider_profile
10:49:45.252 [i] system_check status=in_progress phase=discovery files_found=-1 elapsed_seconds=0.000362292 kind=prompt_template event=info
10:49:45.252 [i] system_check event=info status=in_progress phase=discovery files_found=-1 elapsed_seconds=0.001640958 kind=partnership
10:49:45.252 [i] system_check event=info status=in_progress phase=discovery files_found=-1 elapsed_seconds=4.3042e-05 kind=pipeline
10:49:45.252 [i] system_check elapsed_seconds=0.000555958 kind=pipeline_definition event=info status=in_progress phase=discovery files_found=-1
10:49:45.252 [i] system_check kind=question event=info status=in_progress phase=discovery files_found=-1 elapsed_seconds=9.9375e-05
10:49:45.252 [i] system_check elapsed_seconds=2.7292e-05 kind=remote_kernel event=info status=in_progress phase=discovery files_found=-1
10:49:45.252 [i] system_check kind=corporate_initiative event=info status=in_progress phase=discovery files_found=-1 elapsed_seconds=2.4833e-05
10:49:45.252 [i] system_check event=info status=in_progress phase=discovery files_found=-1 elapsed_seconds=2.1125e-05 kind=evolution_management
10:49:45.252 [i] system_check files_found=-1 elapsed_seconds=2.3791e-05 kind=release event=info status=in_progress phase=discovery
10:49:45.252 [i] system_check kind=fission_event event=info status=in_progress phase=discovery files_found=-1 elapsed_seconds=2.4667e-05
10:49:45.252 [i] system_check event=info status=in_progress phase=discovery files_found=-1 elapsed_seconds=2.7084e-05 kind=field_registry
10:49:45.253 [i] system_check status=in_progress phase=discovery files_found=-1 elapsed_seconds=0.001595541 kind=pipeline_execution event=info
10:49:45.253 [i] system_check status=in_progress phase=discovery files_found=-1 elapsed_seconds=0.006329208 kind=criteria event=info
10:49:45.253 [i] system_check event=info status=in_progress phase=discovery files_found=-1 elapsed_seconds=0.001136209 kind=requirement
10:49:45.255 [i] system_check files_found=-1 elapsed_seconds=0.008201 kind=glossary_term event=info status=in_progress phase=discovery
10:49:45.255 [i] system_check elapsed_seconds=0.004614375 kind=qa_success event=info status=in_progress phase=discovery files_found=-1
10:49:45.256 [i] system_check event=info status=in_progress phase=discovery files_found=-1 elapsed_seconds=0.009401541 kind=doc_entry
10:49:45.368 [i] system_check files_found=-1 elapsed_seconds=0.121844542 kind=agent_task event=info status=in_progress phase=discovery
10:49:45.368 [i] discovery_completion duration_seconds=0.1220035 status=completed kinds=[account agent_architecture agent_feed agent_onboarding_preparation agent_skill agent_task api_spec auth_strategy backlog_item base_sampler brand bucketing_strategy capability capacity_advertisement certificate command_spec component compute_advertisement context_refresh_schedule convergence_session corporate_initiative criteria decision department digital_asset division doc_entry domain_registry evolution_management field_registry fission_event glossary_term glossary_term_relation goal import_tracking important_date inference_heuristic keystore_entry kind_synonym library list_metric_sampler mcp_spec metadata_package metrics_feedback milestone mission namespace namespace_registry object_spec ordered_list_metric_sampler organization organizational_change partnership persona pipeline pipeline_definition pipeline_execution pipeline_stage policy priority_plan process_hygiene_rule prompt_template provider_profile qa_success question release remote_kernel requirement resolver risk_blocker roadmap role rollback_report rule sampler_profile scalar_metric_sampler scenario scheduler_handler_binding shockwave_router stakeholder_profile status_history_metric_sampler strategic_context strategic_plan team team_configuration technical_debt technical_spec template test_case test_command_rule translation_manifest validation_rule vision visual_plan vitality_report vocabulary_scheme watchdog_registration workflow workstream workstream_transition] event=info kinds_count=100 files_found=8831
10:49:45.370 [i] async_validation worker_id=worker_0 worker_count=1 processed_count=0 failed_count=0 status=started event=info event_type=worker_start
10:49:45.370 [i] async_validation event=info event_type=worker_start worker_id=worker_0 worker_count=1 processed_count=0 failed_count=0 status=started
10:49:45.379 [i] async_validation event=info event_type=worker_start worker_id=worker_2 worker_count=3 processed_count=0 failed_count=0 status=started
10:49:45.380 [i] async_validation processed_count=0 failed_count=0 status=started event=info event_type=worker_start worker_id=worker_1 worker_count=3
10:49:45.380 [i] async_validation failed_count=0 status=started event=info event_type=worker_start worker_id=worker_2 worker_count=3 processed_count=0
10:49:45.380 [i] async_validation failed_count=0 status=started event=info event_type=worker_start worker_id=worker_1 worker_count=2 processed_count=0
10:49:45.382 [i] async_validation processed_count=0 failed_count=0 status=started event=info event_type=worker_start worker_id=worker_3 worker_count=4
10:49:45.383 [i] async_validation event=info event_type=worker_start worker_id=worker_3 worker_count=4 processed_count=0 failed_count=0 status=started
10:49:45.384 [i] async_validation processed_count=0 failed_count=0 status=started event=info event_type=worker_start worker_id=worker_4 worker_count=5
10:49:45.384 [i] async_validation status=started event=info event_type=worker_start worker_id=worker_4 worker_count=5 processed_count=0 failed_count=0
10:49:45.386 [i] async_validation processed_count=0 failed_count=0 status=started event=info event_type=worker_start worker_id=worker_5 worker_count=6
10:49:45.386 [i] async_validation event_type=worker_start worker_id=worker_5 worker_count=6 processed_count=0 failed_count=0 status=started event=info
10:49:45.394 [i] async_validation failed_count=0 status=started event=info event_type=worker_start worker_id=worker_6 worker_count=8 processed_count=0
10:49:45.394 [i] async_validation failed_count=0 status=started event=info event_type=worker_start worker_id=worker_6 worker_count=7 processed_count=0
10:49:45.395 [i] async_validation worker_id=worker_7 worker_count=8 processed_count=0 failed_count=0 status=started event=info event_type=worker_start
10:49:45.398 [i] async_validation event=info event_type=worker_start worker_id=worker_9 worker_count=10 processed_count=0 failed_count=0 status=started
10:49:45.398 [i] async_validation event_type=worker_start worker_id=worker_8 worker_count=9 processed_count=0 failed_count=0 status=started event=info
10:49:45.403 [i] async_validation worker_id=worker_10 worker_count=11 processed_count=0 failed_count=0 status=started event=info event_type=worker_start
10:49:45.403 [i] async_validation processed_count=0 failed_count=0 status=started event=info event_type=worker_start worker_id=worker_10 worker_count=11
10:49:45.403 [i] async_validation worker_id=worker_7 worker_count=11 processed_count=0 failed_count=0 status=started event=info event_type=worker_start
10:49:45.404 [i] async_validation event=info event_type=worker_start worker_id=worker_8 worker_count=11 processed_count=0 failed_count=0 status=started
10:49:45.405 [i] async_validation event_type=worker_start worker_id=worker_9 worker_count=11 processed_count=0 failed_count=0 status=started event=info
10:49:45.410 [i] async_validation failed_count=0 status=started event=info event_type=worker_start worker_id=worker_11 worker_count=12 processed_count=0
10:49:45.410 [i] async_validation worker_id=worker_11 worker_count=12 processed_count=0 failed_count=0 status=started event=info event_type=worker_start
10:49:45.412 [i] async_validation event=info event_type=worker_start worker_id=worker_12 worker_count=13 processed_count=0 failed_count=0 status=started
10:49:45.414 [i] async_validation worker_count=13 processed_count=0 failed_count=0 status=started event=info event_type=worker_start worker_id=worker_12
10:49:45.416 [i] async_validation event=info event_type=worker_start worker_id=worker_13 worker_count=14 processed_count=0 failed_count=0 status=started
10:49:45.416 [i] async_validation worker_count=14 processed_count=0 failed_count=0 status=started event=info event_type=worker_start worker_id=worker_13
10:49:45.418 [i] async_validation failed_count=0 status=started event=info event_type=worker_start worker_id=worker_14 worker_count=15 processed_count=0
10:49:45.418 [i] async_validation status=started event=info event_type=worker_start worker_id=worker_14 worker_count=15 processed_count=0 failed_count=0
10:49:45.421 [i] async_validation processed_count=0 failed_count=0 status=started event=info event_type=worker_start worker_id=worker_15 worker_count=16
10:49:45.423 [i] async_validation worker_id=worker_15 worker_count=16 processed_count=0 failed_count=0 status=started event=info event_type=worker_start
10:49:45.464 [i] Validating schema operation_id=system_check_1788544184817473000 operation_type=system_check old_status=started new_status=spec event=info
10:49:45.465 [i] Validating lifecycle event=info operation_id=system_check_1788544184817473000 operation_type=system_check old_status=started new_status=lifecycle
10:49:45.482 [i] === POL-DEBUG-001 DEBUG: BEFORE RE-PARSE IN checkObjectWithCacheAndContent === filePath=/Users/lanceettl/zqk-restore-clone/docs/process/policies/645de98670d9ae246b10e24fa7ab97fd6ae1cb0af9497973d7ae2dc59723a1ea.yaml content_len=798 obj_properties_len=17
10:49:45.482 [i] Initial obj.Properties state policy_type_value=requirement body_exists=true body_type=string category_exists=true category_value=code_quality policy_type_exists=true
10:49:45.482 [i] Re-read file from disk file_path=/Users/lanceettl/zqk-restore-clone/docs/process/policies/645de98670d9ae246b10e24fa7ab97fd6ae1cb0af9497973d7ae2dc59723a1ea.yaml latest_content_len=798
10:49:45.482 [i] === POL-DEBUG-001 DEBUG: FINAL objMap BEFORE VALIDATION === objMap_len=17
10:49:45.482 [i] Final objMap state category_value=code_quality policy_type_exists=true policy_type_value=requirement body_exists=true body_type=string body_preview=**Policy governing the approach to debugging issues in the ZQK system. When encountering hangs, cras... category_exists=true
10:49:45.482 [i] === POL-DEBUG-001 DEBUG: VALIDATOR INPUT === objMap_len=17 kind=policy
10:49:45.482 [i] Validator input objMap state category_value=code_quality policy_type_exists=true policy_type_value=requirement body_exists=true body_type=string category_exists=true
10:49:45.482 [i] === POL-DEBUG-001 DEBUG: VALIDATOR RESULT === errors_count=0 warnings_count=0
10:49:45.627 [i] Enqueued objects total cache_misses=8831 total=8831 enqueued_ids=8831 tasks_passed_to_validator=8831 cache_hits=0
10:49:45.627 [i] Pipeline stage completed pipeline_kind=system.async_check_discover_and_enqueue_objects stage=INGEST duration=384.34275ms
10:49:45.627 [i] Pipeline stage completed pipeline_kind=system.async_check_discover_and_enqueue_objects stage=FINALIZE duration=125ns
10:49:45.637 [i] system_check event=info operation_id=check_1788544184817490000 operation_type=system_check status=started total_tasks=8831
10:49:48.772 [i] cache_sidecars cache_event=cache_sidecars_idle project_root=/Users/lanceettl/zqk-restore-clone event=info
10:49:49.014 [i] Operation in progress: cli — lifecycle: Validating lifecycle event=info operation_id=cli_1788544184013836000 operation_type=cli old_status=started new_status=in_progress
10:49:49.123 [i] Validation queue is empty (awaiting in-flight workers and finalization) event=info operation_id=check_1788544184817490000 progress=8799 total_tasks=8831 failed=0 queue_size=0 percent_complete=99.63764013135545 completed=8799
10:49:49.649 [i] Queue empty and all tasks accounted for - stopping validator to force completion detection percent_complete=100.0% progress_count=8831 cached_count=0 total_tasks=8831 time_since_progress=209ns active_workers=16
10:49:49.649 [i] Stopping async validator active_workers=16 active_goroutines=17 queue_size=0 worker_stop_timeout=1m0s
10:49:49.649 [i] All workers stopped
10:49:49.649 [i] Async validator stopped active_goroutines=1
10:49:49.817 [i] Operation in progress: system_check — lifecycle: Validating lifecycle old_status=in_progress new_status=in_progress event=info operation_id=system_check_1788544184817473000 operation_type=system_check
10:49:52.580 [i] system_check duration_seconds=7.754952542 event=info operation_id=check_1788544184817490000 status=completed
10:49:52.580 [i] Complete event=info operation_id=system_check_1788544184817473000 operation_type=system_check old_status=in_progress new_status=complete duration=7.762888917s
10:49:52.581 [i] Validating schema operation_id=system_check_1788544184817473000 operation_type=system_check old_status=started new_status=spec event=info
10:49:52.581 [i] Validating lifecycle event=info operation_id=system_check_1788544184817473000 operation_type=system_check old_status=started new_status=lifecycle
10:49:52.591 [i] Complete event=info operation_id=cli_1788544184013836000 operation_type=cli old_status=in_progress new_status=complete duration=8.577854875s
10:49:52.592 [i] initiate event=info queue_name=listing_index_write_queue event_type=initiate pending_count=0 is_critical=true duration_ms=0
10:49:52.592 [i] initiate is_critical=false duration_ms=0 event=info queue_name=cas_orphan_cleanup_queue event_type=initiate pending_count=0
10:49:52.592 [i] initiate event=info queue_name=async_validation_strategies event_type=initiate pending_count=0 is_critical=false duration_ms=0
10:49:52.592 [i] initiate event_type=initiate pending_count=0 is_critical=true duration_ms=0 event=info queue_name=io_queue_manager
10:49:52.592 [i] initiate duration_ms=0 event=info queue_name=listing_index_write_queue event_type=initiate pending_count=0 is_critical=true
10:49:52.592 [i] initiate event=info queue_name=id_generation_queue_manager event_type=initiate pending_count=0 is_critical=false duration_ms=0
10:49:52.592 [i] initiate event=info queue_name=hash_registry_manager event_type=initiate pending_count=0 is_critical=true duration_ms=0
10:49:52.592 [i] initiate event=info queue_name=hash_registry_manager event_type=initiate pending_count=0 is_critical=true duration_ms=0
10:49:52.592 [i] initiate event=info queue_name=audit_event_buffer event_type=initiate pending_count=0 is_critical=false duration_ms=0
10:49:52.592 [i] initiate event=info queue_name=io_queue_manager event_type=initiate pending_count=0 is_critical=true duration_ms=0
10:49:52.599 [i] initiate event=info queue_name=write-behind-worker-/Users/lanceettl/zqk-restore-clone event_type=initiate pending_count=0 is_critical=true duration_ms=6
10:49:52.599 [i] drain_complete event=info queue_name=hash_registry_manager event_type=drain_complete pending_count=0 is_critical=true duration_ms=0
10:49:52.599 [i] drain_complete event=info queue_name=write-behind-worker-/Users/lanceettl/zqk-restore-clone event_type=drain_complete pending_count=0 is_critical=true duration_ms=0
10:49:52.599 [i] drain_complete is_critical=true duration_ms=0 event=info queue_name=hash_registry_manager event_type=drain_complete pending_count=0
10:49:52.599 [i] drain_start event_type=drain_start pending_count=0 is_critical=true duration_ms=0 event=info queue_name=hash_registry_manager
10:49:52.599 [i] drain_complete duration_ms=0 event=info queue_name=audit_event_buffer event_type=drain_complete pending_count=0 is_critical=false
10:49:52.599 [i] drain_complete is_critical=false duration_ms=0 event=info queue_name=async_validation_strategies event_type=drain_complete pending_count=0
10:49:52.599 [i] drain_start queue_name=audit_event_buffer event_type=drain_start pending_count=0 is_critical=false duration_ms=0 event=info
10:49:52.599 [i] drain_start is_critical=true duration_ms=0 event=info queue_name=write-behind-worker-/Users/lanceettl/zqk-restore-clone event_type=drain_start pending_count=0
10:49:52.599 [i] drain_start event=info queue_name=async_validation_strategies event_type=drain_start pending_count=0 is_critical=false duration_ms=0
10:49:52.599 [i] drain_complete event=info queue_name=cas_orphan_cleanup_queue event_type=drain_complete pending_count=0 is_critical=false duration_ms=0
10:49:52.599 [i] drain_start event=info queue_name=listing_index_write_queue event_type=drain_start pending_count=0 is_critical=true duration_ms=0
10:49:52.599 [i] drain_start pending_count=0 is_critical=true duration_ms=0 event=info queue_name=async_validator event_type=drain_start
10:49:52.599 [i] initiate is_critical=true duration_ms=0 event=info queue_name=async_validator event_type=initiate pending_count=0
10:49:52.599 [i] drain_start event=info queue_name=cas_orphan_cleanup_queue event_type=drain_start pending_count=0 is_critical=false duration_ms=0
10:49:52.599 [i] drain_start is_critical=true duration_ms=0 event=info queue_name=listing_index_write_queue event_type=drain_start pending_count=0
10:49:52.599 [i] drain_complete duration_ms=0 event=info queue_name=io_queue_manager event_type=drain_complete pending_count=0 is_critical=true
10:49:52.599 [i] drain_start event=info queue_name=io_queue_manager event_type=drain_start pending_count=0 is_critical=true duration_ms=0
10:49:52.599 [i] drain_start event=info queue_name=hash_registry_manager event_type=drain_start pending_count=0 is_critical=true duration_ms=0
10:49:52.599 [i] drain_complete is_critical=true duration_ms=0 event=info queue_name=listing_index_write_queue event_type=drain_complete pending_count=0
10:49:52.599 [i] drain_complete is_critical=true duration_ms=0 event=info queue_name=io_queue_manager event_type=drain_complete pending_count=0
10:49:52.599 [i] drain_start event=info queue_name=id_generation_queue_manager event_type=drain_start pending_count=0 is_critical=false duration_ms=0
10:49:52.599 [i] drain_start event=info queue_name=io_queue_manager event_type=drain_start pending_count=0 is_critical=true duration_ms=0
10:49:52.599 [i] drain_complete is_critical=true duration_ms=0 event=info queue_name=listing_index_write_queue event_type=drain_complete pending_count=0
10:49:52.599 [i] drain_complete is_critical=false duration_ms=0 event=info queue_name=id_generation_queue_manager event_type=drain_complete pending_count=0
11:31:31.832 [i] Validating schema old_status=started new_status=spec event=info operation_id=cli_1788546691111209000 operation_type=cli
11:31:31.832 [i] Validating lifecycle old_status=started new_status=lifecycle event=info operation_id=cli_1788546691111209000 operation_type=cli
11:31:31.855 [i] Validating schema event=info operation_id=cli_1788546691111209000 operation_type=cli old_status=started new_status=spec
11:31:31.855 [i] Validating lifecycle old_status=started new_status=lifecycle event=info operation_id=cli_1788546691111209000 operation_type=cli
11:31:31.861 [i] system_check event=info operation_id=check_1788546691857310000 operation_type=system_check status=started mode=async_follow phase=start
11:31:32.450 [i] Async validator started max_workers=16 semaphore_capacity=16 active_goroutines=0 worker_stop_timeout=1m0s cache_save_timeout=20s
11:31:32.454 [i] Starting object discovery target_kind= kind_count=100
11:31:32.454 [i] Using object ID cache for discovery (skipping storage list) kind_count=100
11:31:32.454 [i] system_check process_dir=/Users/lanceettl/zqk-restore-clone/docs/process status=started phase=discovery kinds=[rollback_report agent_onboarding_preparation division team translation_manifest strategic_context pipeline_execution risk_blocker kind_synonym corporate_initiative domain_registry scenario department agent_skill base_sampler metrics_feedback agent_task vision visual_plan capability agent_architecture agent_feed important_date component import_tracking scheduler_handler_binding bucketing_strategy roadmap pipeline_stage field_registry prompt_template strategic_plan workstream object_spec compute_advertisement metadata_package organization brand evolution_management template scalar_metric_sampler organizational_change milestone rule release capacity_advertisement namespace_registry remote_kernel goal team_configuration technical_debt qa_success test_command_rule shockwave_router workstream_transition digital_asset policy vocabulary_scheme doc_entry ordered_list_metric_sampler sampler_profile decision validation_rule namespace resolver convergence_session pipeline certificate pipeline_definition library glossary_term_relation process_hygiene_rule role criteria auth_strategy question vitality_report mission account technical_spec workflow context_refresh_schedule persona status_history_metric_sampler command_spec inference_heuristic requirement backlog_item keystore_entry stakeholder_profile partnership test_case list_metric_sampler glossary_term provider_profile watchdog_registration fission_event api_spec priority_plan mcp_spec] event=info kinds_count=100
11:31:32.457 [i] async_validation event=info event_type=worker_start worker_id=worker_0 worker_count=1 processed_count=0 failed_count=0 status=started
11:31:32.464 [i] async_validation event_type=worker_start worker_id=worker_1 worker_count=2 processed_count=0 failed_count=0 status=started event=info
11:31:32.464 [i] async_validation processed_count=0 failed_count=0 status=started event=info event_type=worker_start worker_id=worker_1 worker_count=2
11:31:32.468 [i] async_validation failed_count=0 status=started event=info event_type=worker_start worker_id=worker_0 worker_count=1 processed_count=0
11:31:32.475 [i] discovery_completion kinds=[rollback_report agent_onboarding_preparation division team translation_manifest strategic_context pipeline_execution risk_blocker kind_synonym corporate_initiative domain_registry scenario department agent_skill base_sampler metrics_feedback agent_task vision visual_plan capability agent_architecture agent_feed important_date component import_tracking scheduler_handler_binding bucketing_strategy roadmap pipeline_stage field_registry prompt_template strategic_plan workstream object_spec compute_advertisement metadata_package organization brand evolution_management template scalar_metric_sampler organizational_change milestone rule release capacity_advertisement namespace_registry remote_kernel goal team_configuration technical_debt qa_success test_command_rule shockwave_router workstream_transition digital_asset policy vocabulary_scheme doc_entry ordered_list_metric_sampler sampler_profile decision validation_rule namespace resolver convergence_session pipeline certificate pipeline_definition library glossary_term_relation process_hygiene_rule role criteria auth_strategy question vitality_report mission account technical_spec workflow context_refresh_schedule persona status_history_metric_sampler command_spec inference_heuristic requirement backlog_item keystore_entry stakeholder_profile partnership test_case list_metric_sampler glossary_term provider_profile watchdog_registration fission_event api_spec priority_plan mcp_spec] event=info kinds_count=100 files_found=8826 duration_seconds=0.020369625 status=completed
11:31:32.477 [i] async_validation event_type=worker_start worker_id=worker_2 worker_count=3 processed_count=0 failed_count=0 status=started event=info
11:31:32.477 [i] async_validation failed_count=0 status=started event=info event_type=worker_start worker_id=worker_2 worker_count=5 processed_count=0
11:31:32.478 [i] async_validation processed_count=0 failed_count=0 status=started event=info event_type=worker_start worker_id=worker_5 worker_count=6
11:31:32.482 [i] async_validation event_type=worker_start worker_id=worker_6 worker_count=8 processed_count=0 failed_count=0 status=started event=info
11:31:32.482 [i] async_validation event=info event_type=worker_start worker_id=worker_4 worker_count=5 processed_count=0 failed_count=0 status=started
11:31:32.482 [i] async_validation event=info event_type=worker_start worker_id=worker_3 worker_count=4 processed_count=0 failed_count=0 status=started
11:31:32.482 [i] async_validation event=info event_type=worker_start worker_id=worker_4 worker_count=6 processed_count=0 failed_count=0 status=started
11:31:32.482 [i] async_validation failed_count=0 status=started event=info event_type=worker_start worker_id=worker_7 worker_count=8 processed_count=0
11:31:32.483 [i] async_validation status=started event=info event_type=worker_start worker_id=worker_6 worker_count=7 processed_count=0 failed_count=0
11:31:32.483 [i] async_validation event=info event_type=worker_start worker_id=worker_5 worker_count=8 processed_count=0 failed_count=0 status=started
11:31:32.485 [i] async_validation failed_count=0 status=started event=info event_type=worker_start worker_id=worker_8 worker_count=9 processed_count=0
11:31:32.486 [i] async_validation failed_count=0 status=started event=info event_type=worker_start worker_id=worker_8 worker_count=9 processed_count=0
11:31:32.486 [i] async_validation worker_count=6 processed_count=0 failed_count=0 status=started event=info event_type=worker_start worker_id=worker_3
11:31:32.486 [i] async_validation worker_count=9 processed_count=0 failed_count=0 status=started event=info event_type=worker_start worker_id=worker_7
11:31:32.488 [i] async_validation status=started event=info event_type=worker_start worker_id=worker_9 worker_count=10 processed_count=0 failed_count=0
11:31:32.489 [i] async_validation event_type=worker_start worker_id=worker_9 worker_count=10 processed_count=0 failed_count=0 status=started event=info
11:31:32.492 [i] async_validation status=started event=info event_type=worker_start worker_id=worker_10 worker_count=11 processed_count=0 failed_count=0
11:31:32.492 [i] async_validation event=info event_type=worker_start worker_id=worker_10 worker_count=11 processed_count=0 failed_count=0 status=started
11:31:32.495 [i] async_validation event_type=worker_start worker_id=worker_11 worker_count=12 processed_count=0 failed_count=0 status=started event=info
11:31:32.495 [i] async_validation worker_id=worker_11 worker_count=12 processed_count=0 failed_count=0 status=started event=info event_type=worker_start
11:31:32.501 [i] async_validation worker_count=14 processed_count=0 failed_count=0 status=started event=info event_type=worker_start worker_id=worker_13
11:31:32.501 [i] async_validation failed_count=0 status=started event=info event_type=worker_start worker_id=worker_12 worker_count=14 processed_count=0
11:31:32.501 [i] async_validation event_type=worker_start worker_id=worker_12 worker_count=13 processed_count=0 failed_count=0 status=started event=info
11:31:32.504 [i] async_validation worker_id=worker_14 worker_count=15 processed_count=0 failed_count=0 status=started event=info event_type=worker_start
11:31:32.504 [i] async_validation event=info event_type=worker_start worker_id=worker_13 worker_count=15 processed_count=0 failed_count=0 status=started
11:31:32.506 [i] async_validation event=info event_type=worker_start worker_id=worker_15 worker_count=16 processed_count=0 failed_count=0 status=started
11:31:32.513 [i] async_validation failed_count=0 status=started event=info event_type=worker_start worker_id=worker_15 worker_count=16 processed_count=0
11:31:32.514 [i] async_validation event=info event_type=worker_start worker_id=worker_14 worker_count=16 processed_count=0 failed_count=0 status=started
11:31:32.545 [i] === POL-DEBUG-001 DEBUG: BEFORE RE-PARSE IN checkObjectWithCacheAndContent === filePath=/Users/lanceettl/zqk-restore-clone/docs/process/policies/645de98670d9ae246b10e24fa7ab97fd6ae1cb0af9497973d7ae2dc59723a1ea.yaml content_len=798 obj_properties_len=17
11:31:32.545 [i] Initial obj.Properties state body_type=string category_exists=true category_value=code_quality policy_type_exists=true policy_type_value=requirement body_exists=true
11:31:32.545 [i] Re-read file from disk latest_content_len=798 file_path=/Users/lanceettl/zqk-restore-clone/docs/process/policies/645de98670d9ae246b10e24fa7ab97fd6ae1cb0af9497973d7ae2dc59723a1ea.yaml
11:31:32.545 [i] === POL-DEBUG-001 DEBUG: FINAL objMap BEFORE VALIDATION === objMap_len=17
11:31:32.545 [i] Final objMap state category_exists=true category_value=code_quality policy_type_exists=true policy_type_value=requirement body_exists=true body_type=string body_preview=**Policy governing the approach to debugging issues in the ZQK system. When encountering hangs, cras...
11:31:32.545 [i] === POL-DEBUG-001 DEBUG: VALIDATOR INPUT === objMap_len=17 kind=policy
11:31:32.545 [i] Validator input objMap state category_exists=true category_value=code_quality policy_type_exists=true policy_type_value=requirement body_exists=true body_type=string
11:31:32.546 [i] === POL-DEBUG-001 DEBUG: VALIDATOR RESULT === errors_count=0 warnings_count=0
11:31:32.709 [i] Enqueued objects total cache_hits=0 cache_misses=8826 total=8826 enqueued_ids=8826 tasks_passed_to_validator=8826
11:31:32.709 [i] Pipeline stage completed pipeline_kind=system.async_check_discover_and_enqueue_objects stage=INGEST duration=258.238917ms
11:31:32.709 [i] Pipeline stage completed pipeline_kind=system.async_check_discover_and_enqueue_objects stage=FINALIZE duration=125ns
11:31:32.716 [i] system_check operation_type=system_check status=started total_tasks=8826 event=info operation_id=check_1788546691857310000
11:31:36.112 [i] Operation in progress: cli — lifecycle: Validating lifecycle event=info operation_id=cli_1788546691111209000 operation_type=cli old_status=started new_status=in_progress
11:31:36.375 [i] Validation queue is empty (awaiting in-flight workers and finalization) event=info operation_id=check_1788546691857310000 progress=8801 total_tasks=8826 percent_complete=99.71674597779288 failed=0 queue_size=0 completed=8801
11:31:36.720 [i] Queue empty and all tasks accounted for - stopping validator to force completion detection active_workers=16 percent_complete=100.0% progress_count=8826 cached_count=0 total_tasks=8826 time_since_progress=83ns
11:31:36.720 [i] Stopping async validator active_workers=16 active_goroutines=17 queue_size=0 worker_stop_timeout=1m0s
11:31:36.721 [i] All workers stopped
11:31:36.721 [i] Async validator stopped active_goroutines=1
11:31:36.857 [i] Operation in progress: system_check event=info operation_id=system_check_1788546691857297000 operation_type=system_check old_status=in_progress new_status=in_progress
11:31:39.741 [i] Complete event=info operation_id=system_check_1788546691857297000 operation_type=system_check old_status=in_progress new_status=complete duration=7.884154042s
11:31:39.741 [i] system_check operation_id=check_1788546691857310000 status=completed duration_seconds=7.87948575 event=info
11:31:39.741 [i] Complete event=info operation_id=cli_1788546691111209000 operation_type=cli old_status=in_progress new_status=complete duration=8.630611125s
11:31:39.742 [i] initiate event=info queue_name=cas_orphan_cleanup_queue event_type=initiate pending_count=0 is_critical=false duration_ms=0
11:31:39.742 [i] initiate event=info queue_name=listing_index_write_queue event_type=initiate pending_count=0 is_critical=true duration_ms=0
11:31:39.742 [i] initiate event_type=initiate pending_count=0 is_critical=true duration_ms=0 event=info queue_name=write-behind-worker-/Users/lanceettl/zqk-restore-clone
11:31:39.742 [i] initiate event=info queue_name=id_generation_queue_manager event_type=initiate pending_count=0 is_critical=false duration_ms=0
11:31:39.742 [i] drain_complete event=info queue_name=cas_orphan_cleanup_queue event_type=drain_complete pending_count=0 is_critical=false duration_ms=0
11:31:39.742 [i] initiate event=info queue_name=io_queue_manager event_type=initiate pending_count=0 is_critical=true duration_ms=0
11:31:39.742 [i] initiate event=info queue_name=async_validator event_type=initiate pending_count=0 is_critical=true duration_ms=0
11:31:39.742 [i] initiate duration_ms=0 event=info queue_name=audit_event_buffer event_type=initiate pending_count=0 is_critical=false
11:31:39.742 [i] drain_complete pending_count=0 is_critical=false duration_ms=0 event=info queue_name=async_validation_strategies event_type=drain_complete
11:31:39.742 [i] drain_complete queue_name=write-behind-worker-/Users/lanceettl/zqk-restore-clone event_type=drain_complete pending_count=0 is_critical=true duration_ms=0 event=info
11:31:39.742 [i] initiate is_critical=true duration_ms=0 event=info queue_name=listing_index_write_queue event_type=initiate pending_count=0
11:31:39.742 [i] drain_complete pending_count=0 is_critical=true duration_ms=0 event=info queue_name=hash_registry_manager event_type=drain_complete
11:31:39.742 [i] initiate event_type=initiate pending_count=0 is_critical=true duration_ms=0 event=info queue_name=hash_registry_manager
11:31:39.742 [i] drain_start is_critical=false duration_ms=0 event=info queue_name=id_generation_queue_manager event_type=drain_start pending_count=0
11:31:39.742 [i] drain_start event=info queue_name=async_validation_strategies event_type=drain_start pending_count=0 is_critical=false duration_ms=0
11:31:39.742 [i] drain_start event=info queue_name=io_queue_manager event_type=drain_start pending_count=0 is_critical=true duration_ms=0
11:31:39.742 [i] drain_start event=info queue_name=hash_registry_manager event_type=drain_start pending_count=0 is_critical=true duration_ms=0
11:31:39.742 [i] drain_start queue_name=cas_orphan_cleanup_queue event_type=drain_start pending_count=0 is_critical=false duration_ms=0 event=info
11:31:39.742 [i] drain_start is_critical=true duration_ms=0 event=info queue_name=io_queue_manager event_type=drain_start pending_count=0
11:31:39.742 [i] drain_complete pending_count=0 is_critical=true duration_ms=0 event=info queue_name=io_queue_manager event_type=drain_complete
11:31:39.742 [i] initiate event=info queue_name=async_validation_strategies event_type=initiate pending_count=0 is_critical=false duration_ms=0
11:31:39.742 [i] initiate is_critical=true duration_ms=0 event=info queue_name=hash_registry_manager event_type=initiate pending_count=0
11:31:39.742 [i] drain_complete is_critical=true duration_ms=0 event=info queue_name=listing_index_write_queue event_type=drain_complete pending_count=0
11:31:39.742 [i] drain_complete event=info queue_name=id_generation_queue_manager event_type=drain_complete pending_count=0 is_critical=false duration_ms=0
11:31:39.742 [i] drain_complete event_type=drain_complete pending_count=0 is_critical=true duration_ms=0 event=info queue_name=hash_registry_manager
11:31:39.742 [i] drain_complete event=info queue_name=listing_index_write_queue event_type=drain_complete pending_count=0 is_critical=true duration_ms=0
11:31:39.742 [i] drain_start event=info queue_name=audit_event_buffer event_type=drain_start pending_count=0 is_critical=false duration_ms=0
11:31:39.742 [i] initiate queue_name=io_queue_manager event_type=initiate pending_count=0 is_critical=true duration_ms=0 event=info
11:31:39.742 [i] drain_start duration_ms=0 event=info queue_name=async_validator event_type=drain_start pending_count=0 is_critical=true
11:31:39.742 [i] drain_complete duration_ms=0 event=info queue_name=io_queue_manager event_type=drain_complete pending_count=0 is_critical=true
11:31:39.742 [i] drain_start event=info queue_name=hash_registry_manager event_type=drain_start pending_count=0 is_critical=true duration_ms=0
11:31:39.742 [i] drain_start is_critical=true duration_ms=0 event=info queue_name=write-behind-worker-/Users/lanceettl/zqk-restore-clone event_type=drain_start pending_count=0
11:31:39.742 [i] drain_start pending_count=0 is_critical=true duration_ms=0 event=info queue_name=listing_index_write_queue event_type=drain_start
11:31:39.742 [i] drain_complete is_critical=false duration_ms=0 event=info queue_name=audit_event_buffer event_type=drain_complete pending_count=0
11:31:39.742 [i] drain_start event_type=drain_start pending_count=0 is_critical=true duration_ms=0 event=info queue_name=listing_index_write_queue
11:35:49.725 [i] Validating schema operation_type=cli old_status=started new_status=spec event=info operation_id=cli_1788546948690462000
11:35:49.750 [i] Validating lifecycle new_status=lifecycle event=info operation_id=cli_1788546948690462000 operation_type=cli old_status=started
11:35:49.795 [i] system_check event=info operation_id=check_1788546949786024000 operation_type=system_check status=started mode=async_follow phase=start
11:35:50.226 [i] Async validator started max_workers=16 semaphore_capacity=16 active_goroutines=0 worker_stop_timeout=1m0s cache_save_timeout=20s
11:35:50.231 [i] Starting object discovery kind_count=100 target_kind=
11:35:50.231 [i] Using object ID cache for discovery (skipping storage list) kind_count=100
11:35:50.231 [i] system_check event=info kinds_count=100 process_dir=/Users/lanceettl/zqk-restore-clone/docs/process status=started phase=discovery kinds=[strategic_context partnership qa_success shockwave_router resolver workstream important_date evolution_management bucketing_strategy rule organizational_change metadata_package command_spec question rollback_report team strategic_plan fission_event policy visual_plan corporate_initiative vision glossary_term account agent_feed scalar_metric_sampler workstream_transition domain_registry agent_skill list_metric_sampler validation_rule risk_blocker translation_manifest inference_heuristic role component base_sampler digital_asset sampler_profile mission milestone persona pipeline_stage field_registry capability template convergence_session vitality_report agent_onboarding_preparation team_configuration process_hygiene_rule test_case organization agent_task pipeline keystore_entry library kind_synonym import_tracking auth_strategy remote_kernel roadmap prompt_template certificate compute_advertisement namespace_registry agent_architecture pipeline_execution pipeline_definition criteria mcp_spec ordered_list_metric_sampler scheduler_handler_binding workflow watchdog_registration division test_command_rule department context_refresh_schedule namespace object_spec api_spec goal doc_entry stakeholder_profile requirement decision glossary_term_relation priority_plan scenario metrics_feedback vocabulary_scheme technical_spec backlog_item capacity_advertisement release provider_profile status_history_metric_sampler technical_debt brand]
11:35:50.234 [i] async_validation worker_id=worker_0 worker_count=1 processed_count=0 failed_count=0 status=started event=info event_type=worker_start
11:35:50.235 [i] async_validation worker_id=worker_0 worker_count=1 processed_count=0 failed_count=0 status=started event=info event_type=worker_start
11:35:50.237 [i] async_validation event=info event_type=worker_start worker_id=worker_1 worker_count=2 processed_count=0 failed_count=0 status=started
11:35:50.237 [i] async_validation status=started event=info event_type=worker_start worker_id=worker_1 worker_count=2 processed_count=0 failed_count=0
11:35:50.239 [i] async_validation processed_count=0 failed_count=0 status=started event=info event_type=worker_start worker_id=worker_2 worker_count=3
11:35:50.239 [i] async_validation worker_id=worker_2 worker_count=3 processed_count=0 failed_count=0 status=started event=info event_type=worker_start
11:35:50.241 [i] async_validation event=info event_type=worker_start worker_id=worker_3 worker_count=4 processed_count=0 failed_count=0 status=started
11:35:50.241 [i] async_validation event=info event_type=worker_start worker_id=worker_3 worker_count=4 processed_count=0 failed_count=0 status=started
11:35:50.242 [i] discovery_completion files_found=8826 duration_seconds=0.010979459 status=completed kinds=[strategic_context partnership qa_success shockwave_router resolver workstream important_date evolution_management bucketing_strategy rule organizational_change metadata_package command_spec question rollback_report team strategic_plan fission_event policy visual_plan corporate_initiative vision glossary_term account agent_feed scalar_metric_sampler workstream_transition domain_registry agent_skill list_metric_sampler validation_rule risk_blocker translation_manifest inference_heuristic role component base_sampler digital_asset sampler_profile mission milestone persona pipeline_stage field_registry capability template convergence_session vitality_report agent_onboarding_preparation team_configuration process_hygiene_rule test_case organization agent_task pipeline keystore_entry library kind_synonym import_tracking auth_strategy remote_kernel roadmap prompt_template certificate compute_advertisement namespace_registry agent_architecture pipeline_execution pipeline_definition criteria mcp_spec ordered_list_metric_sampler scheduler_handler_binding workflow watchdog_registration division test_command_rule department context_refresh_schedule namespace object_spec api_spec goal doc_entry stakeholder_profile requirement decision glossary_term_relation priority_plan scenario metrics_feedback vocabulary_scheme technical_spec backlog_item capacity_advertisement release provider_profile status_history_metric_sampler technical_debt brand] event=info kinds_count=100
11:35:50.245 [i] async_validation event=info event_type=worker_start worker_id=worker_4 worker_count=5 processed_count=0 failed_count=0 status=started
11:35:50.246 [i] async_validation worker_count=5 processed_count=0 failed_count=0 status=started event=info event_type=worker_start worker_id=worker_4
11:35:50.248 [i] async_validation worker_count=6 processed_count=0 failed_count=0 status=started event=info event_type=worker_start worker_id=worker_5
11:35:50.249 [i] async_validation event=info event_type=worker_start worker_id=worker_5 worker_count=6 processed_count=0 failed_count=0 status=started
11:35:50.252 [i] async_validation failed_count=0 status=started event=info event_type=worker_start worker_id=worker_6 worker_count=7 processed_count=0
11:35:50.252 [i] async_validation failed_count=0 status=started event=info event_type=worker_start worker_id=worker_6 worker_count=7 processed_count=0
11:35:50.255 [i] async_validation processed_count=0 failed_count=0 status=started event=info event_type=worker_start worker_id=worker_7 worker_count=8
11:35:50.255 [i] async_validation status=started event=info event_type=worker_start worker_id=worker_7 worker_count=8 processed_count=0 failed_count=0
11:35:50.257 [i] async_validation event_type=worker_start worker_id=worker_8 worker_count=9 processed_count=0 failed_count=0 status=started event=info
11:35:50.257 [i] async_validation event=info event_type=worker_start worker_id=worker_8 worker_count=9 processed_count=0 failed_count=0 status=started
11:35:50.259 [i] async_validation event=info event_type=worker_start worker_id=worker_9 worker_count=10 processed_count=0 failed_count=0 status=started
11:35:50.259 [i] async_validation processed_count=0 failed_count=0 status=started event=info event_type=worker_start worker_id=worker_9 worker_count=10
11:35:50.261 [i] async_validation worker_id=worker_10 worker_count=11 processed_count=0 failed_count=0 status=started event=info event_type=worker_start
11:35:50.261 [i] async_validation event=info event_type=worker_start worker_id=worker_10 worker_count=11 processed_count=0 failed_count=0 status=started
11:35:50.263 [i] async_validation worker_count=12 processed_count=0 failed_count=0 status=started event=info event_type=worker_start worker_id=worker_11
11:35:50.263 [i] async_validation status=started event=info event_type=worker_start worker_id=worker_11 worker_count=12 processed_count=0 failed_count=0
11:35:50.265 [i] async_validation processed_count=0 failed_count=0 status=started event=info event_type=worker_start worker_id=worker_12 worker_count=13
11:35:50.265 [i] async_validation event=info event_type=worker_start worker_id=worker_12 worker_count=13 processed_count=0 failed_count=0 status=started
11:35:50.267 [i] async_validation processed_count=0 failed_count=0 status=started event=info event_type=worker_start worker_id=worker_13 worker_count=14
11:35:50.267 [i] async_validation event=info event_type=worker_start worker_id=worker_13 worker_count=14 processed_count=0 failed_count=0 status=started
11:35:50.269 [i] async_validation status=started event=info event_type=worker_start worker_id=worker_14 worker_count=15 processed_count=0 failed_count=0
11:35:50.269 [i] async_validation status=started event=info event_type=worker_start worker_id=worker_14 worker_count=15 processed_count=0 failed_count=0
11:35:50.271 [i] async_validation event_type=worker_start worker_id=worker_15 worker_count=16 processed_count=0 failed_count=0 status=started event=info
11:35:50.272 [i] async_validation worker_count=16 processed_count=0 failed_count=0 status=started event=info event_type=worker_start worker_id=worker_15
11:35:50.313 [i] === POL-DEBUG-001 DEBUG: BEFORE RE-PARSE IN checkObjectWithCacheAndContent === filePath=/Users/lanceettl/zqk-restore-clone/docs/process/policies/645de98670d9ae246b10e24fa7ab97fd6ae1cb0af9497973d7ae2dc59723a1ea.yaml content_len=798 obj_properties_len=17
11:35:50.313 [i] Initial obj.Properties state category_value=code_quality policy_type_exists=true policy_type_value=requirement body_exists=true body_type=string category_exists=true
11:35:50.313 [i] Re-read file from disk latest_content_len=798 file_path=/Users/lanceettl/zqk-restore-clone/docs/process/policies/645de98670d9ae246b10e24fa7ab97fd6ae1cb0af9497973d7ae2dc59723a1ea.yaml
11:35:50.313 [i] === POL-DEBUG-001 DEBUG: FINAL objMap BEFORE VALIDATION === objMap_len=17
11:35:50.313 [i] Final objMap state category_exists=true category_value=code_quality policy_type_exists=true policy_type_value=requirement body_exists=true body_type=string body_preview=**Policy governing the approach to debugging issues in the ZQK system. When encountering hangs, cras...
11:35:50.313 [i] === POL-DEBUG-001 DEBUG: VALIDATOR INPUT === objMap_len=17 kind=policy
11:35:50.313 [i] Validator input objMap state policy_type_value=requirement body_exists=true body_type=string category_exists=true category_value=code_quality policy_type_exists=true
11:35:50.313 [i] === POL-DEBUG-001 DEBUG: VALIDATOR RESULT === errors_count=0 warnings_count=0
11:35:50.328 [i] Validating schema operation_type=system_check old_status=started new_status=spec event=info operation_id=system_check_1788546949786006000
11:35:50.328 [i] Validating lifecycle operation_id=system_check_1788546949786006000 operation_type=system_check old_status=started new_status=lifecycle event=info
11:35:50.460 [i] Enqueued objects total tasks_passed_to_validator=8826 cache_hits=0 cache_misses=8826 total=8826 enqueued_ids=8826
11:35:50.460 [i] Pipeline stage completed pipeline_kind=system.async_check_discover_and_enqueue_objects stage=INGEST duration=232.092667ms
11:35:50.460 [i] Pipeline stage completed pipeline_kind=system.async_check_discover_and_enqueue_objects stage=FINALIZE duration=250ns
11:35:50.465 [i] system_check status=started total_tasks=8826 event=info operation_id=check_1788546949786024000 operation_type=system_check
11:35:53.690 [i] Operation in progress: cli — lifecycle: Validating lifecycle event=info operation_id=cli_1788546948690462000 operation_type=cli old_status=started new_status=in_progress
11:35:54.787 [i] Operation in progress: system_check — lifecycle: Validating lifecycle operation_id=system_check_1788546949786006000 operation_type=system_check old_status=in_progress new_status=in_progress event=info
11:35:54.881 [i] Validation queue is empty (awaiting in-flight workers and finalization) percent_complete=99.67142533423974 completed=8797 queue_size=0 event=info progress=8797 failed=0 operation_id=check_1788546949786024000 total_tasks=8826
11:35:55.475 [i] Queue empty and all tasks accounted for - stopping validator to force completion detection cached_count=0 total_tasks=8826 time_since_progress=125ns active_workers=16 percent_complete=100.0% progress_count=8826
11:35:55.475 [i] Stopping async validator active_workers=16 active_goroutines=17 queue_size=0 worker_stop_timeout=1m0s
11:35:55.476 [i] All workers stopped
11:35:55.476 [i] Async validator stopped active_goroutines=1
11:35:58.583 [i] system_check event=info operation_id=check_1788546949786024000 status=completed duration_seconds=8.787876917
11:35:58.583 [i] Complete operation_type=system_check old_status=in_progress new_status=complete duration=8.797014791s event=info operation_id=system_check_1788546949786006000
11:35:58.585 [i] Validating schema event=info operation_id=system_check_1788546949786006000 operation_type=system_check old_status=started new_status=spec
11:35:58.585 [i] Validating lifecycle new_status=lifecycle event=info operation_id=system_check_1788546949786006000 operation_type=system_check old_status=started
11:35:58.594 [i] Complete duration=9.904237125s event=info operation_id=cli_1788546948690462000 operation_type=cli old_status=in_progress new_status=complete
11:35:58.595 [i] initiate duration_ms=0 event=info queue_name=hash_registry_manager event_type=initiate pending_count=0 is_critical=true
11:35:58.595 [i] initiate event_type=initiate pending_count=0 is_critical=false duration_ms=0 event=info queue_name=async_validation_strategies
11:35:58.595 [i] initiate event=info queue_name=cas_orphan_cleanup_queue event_type=initiate pending_count=0 is_critical=false duration_ms=0
11:35:58.595 [i] initiate is_critical=true duration_ms=0 event=info queue_name=io_queue_manager event_type=initiate pending_count=0
11:35:58.595 [i] initiate is_critical=true duration_ms=0 event=info queue_name=listing_index_write_queue event_type=initiate pending_count=0
11:35:58.595 [i] initiate pending_count=0 is_critical=true duration_ms=0 event=info queue_name=listing_index_write_queue event_type=initiate
11:35:58.595 [i] initiate event=info queue_name=id_generation_queue_manager event_type=initiate pending_count=0 is_critical=false duration_ms=0
11:35:58.595 [i] initiate pending_count=0 is_critical=true duration_ms=0 event=info queue_name=io_queue_manager event_type=initiate
11:35:58.595 [i] initiate is_critical=false duration_ms=0 event=info queue_name=audit_event_buffer event_type=initiate pending_count=0
11:35:58.595 [i] initiate pending_count=0 is_critical=true duration_ms=0 event=info queue_name=hash_registry_manager event_type=initiate
11:35:58.605 [i] initiate queue_name=async_validator event_type=initiate pending_count=0 is_critical=true duration_ms=0 event=info
11:35:58.605 [i] drain_complete event_type=drain_complete pending_count=0 is_critical=true duration_ms=0 event=info queue_name=listing_index_write_queue
11:35:58.605 [i] initiate event=info queue_name=write-behind-worker-/Users/lanceettl/zqk-restore-clone event_type=initiate pending_count=0 is_critical=true duration_ms=10
11:35:58.605 [i] drain_complete event_type=drain_complete pending_count=0 is_critical=true duration_ms=0 event=info queue_name=hash_registry_manager
11:35:58.605 [i] drain_start event_type=drain_start pending_count=0 is_critical=true duration_ms=0 event=info queue_name=listing_index_write_queue
11:35:58.605 [i] drain_start event=info queue_name=hash_registry_manager event_type=drain_start pending_count=0 is_critical=true duration_ms=0
11:35:58.605 [i] drain_start event=info queue_name=async_validator event_type=drain_start pending_count=0 is_critical=true duration_ms=0
11:35:58.605 [i] drain_complete pending_count=0 is_critical=true duration_ms=0 event=info queue_name=hash_registry_manager event_type=drain_complete
11:35:58.605 [i] drain_start event=info queue_name=write-behind-worker-/Users/lanceettl/zqk-restore-clone event_type=drain_start pending_count=0 is_critical=true duration_ms=0
11:35:58.605 [i] drain_start event_type=drain_start pending_count=0 is_critical=true duration_ms=0 event=info queue_name=io_queue_manager
11:35:58.605 [i] drain_complete pending_count=0 is_critical=false duration_ms=0 event=info queue_name=async_validation_strategies event_type=drain_complete
11:35:58.605 [i] drain_complete pending_count=0 is_critical=true duration_ms=0 event=info queue_name=write-behind-worker-/Users/lanceettl/zqk-restore-clone event_type=drain_complete
11:35:58.605 [i] drain_start event=info queue_name=listing_index_write_queue event_type=drain_start pending_count=0 is_critical=true duration_ms=0
11:35:58.605 [i] drain_start event_type=drain_start pending_count=0 is_critical=false duration_ms=0 event=info queue_name=audit_event_buffer
11:35:58.605 [i] drain_start is_critical=false duration_ms=0 event=info queue_name=id_generation_queue_manager event_type=drain_start pending_count=0
11:35:58.605 [i] drain_complete event_type=drain_complete pending_count=0 is_critical=true duration_ms=0 event=info queue_name=io_queue_manager
11:35:58.605 [i] drain_complete event=info queue_name=id_generation_queue_manager event_type=drain_complete pending_count=0 is_critical=false duration_ms=0
11:35:58.605 [i] drain_start pending_count=0 is_critical=false duration_ms=0 event=info queue_name=async_validation_strategies event_type=drain_start
11:35:58.605 [i] drain_start duration_ms=0 event=info queue_name=io_queue_manager event_type=drain_start pending_count=0 is_critical=true
11:35:58.605 [i] drain_complete is_critical=false duration_ms=0 event=info queue_name=audit_event_buffer event_type=drain_complete pending_count=0
11:35:58.605 [i] drain_start event=info queue_name=cas_orphan_cleanup_queue event_type=drain_start pending_count=0 is_critical=false duration_ms=0
11:35:58.605 [i] drain_start queue_name=hash_registry_manager event_type=drain_start pending_count=0 is_critical=true duration_ms=0 event=info
11:35:58.605 [i] drain_complete is_critical=true duration_ms=0 event=info queue_name=listing_index_write_queue event_type=drain_complete pending_count=0
11:35:58.605 [i] drain_complete queue_name=cas_orphan_cleanup_queue event_type=drain_complete pending_count=0 is_critical=false duration_ms=0 event=info
11:35:58.605 [i] drain_complete pending_count=0 is_critical=true duration_ms=0 event=info queue_name=io_queue_manager event_type=drain_complete
11:45:45.118 [i] Validating lifecycle operation_type=cli old_status=started new_status=lifecycle event=info operation_id=cli_1788547543983733000
11:45:45.118 [i] Validating schema operation_type=cli old_status=started new_status=spec event=info operation_id=cli_1788547543983733000
11:45:45.136 [i] Validating lifecycle new_status=lifecycle event=info operation_id=cli_1788547543983733000 operation_type=cli old_status=started
11:45:45.136 [i] Validating schema event=info operation_id=cli_1788547543983733000 operation_type=cli old_status=started new_status=spec
11:45:45.147 [i] system_check mode=async_follow phase=start event=info operation_id=check_1788547545140534000 operation_type=system_check status=started
11:45:46.407 [i] Async validator started semaphore_capacity=16 active_goroutines=0 worker_stop_timeout=1m0s cache_save_timeout=20s max_workers=16
11:45:46.468 [i] Starting object discovery kind_count=100 target_kind=
11:45:46.468 [i] Using object ID cache for discovery (skipping storage list) kind_count=100
11:45:46.468 [i] system_check event=info kinds_count=100 process_dir=/Users/lanceettl/zqk-restore-clone/docs/process status=started phase=discovery kinds=[provider_profile status_history_metric_sampler agent_skill field_registry criteria glossary_term agent_onboarding_preparation visual_plan resolver kind_synonym qa_success translation_manifest ordered_list_metric_sampler policy shockwave_router vocabulary_scheme corporate_initiative account command_spec rule watchdog_registration mission technical_debt stakeholder_profile component agent_feed vitality_report requirement mcp_spec agent_task milestone workstream workstream_transition scalar_metric_sampler remote_kernel doc_entry risk_blocker pipeline_definition goal test_command_rule import_tracking digital_asset compute_advertisement persona strategic_context metadata_package pipeline_stage team_configuration convergence_session role department technical_spec api_spec roadmap test_case capacity_advertisement agent_architecture brand capability workflow context_refresh_schedule division rollback_report fission_event partnership process_hygiene_rule backlog_item pipeline decision inference_heuristic bucketing_strategy template certificate base_sampler team domain_registry organizational_change scheduler_handler_binding namespace organization validation_rule metrics_feedback namespace_registry sampler_profile scenario object_spec library release important_date glossary_term_relation prompt_template evolution_management vision question keystore_entry auth_strategy priority_plan pipeline_execution list_metric_sampler strategic_plan]
11:45:46.472 [i] async_validation event_type=worker_start worker_id=worker_0 worker_count=1 processed_count=0 failed_count=0 status=started event=info
11:45:46.473 [i] async_validation status=started event=info event_type=worker_start worker_id=worker_0 worker_count=1 processed_count=0 failed_count=0
11:45:46.474 [i] async_validation event=info event_type=worker_start worker_id=worker_1 worker_count=2 processed_count=0 failed_count=0 status=started
11:45:46.474 [i] async_validation event=info event_type=worker_start worker_id=worker_1 worker_count=2 processed_count=0 failed_count=0 status=started
11:45:46.476 [i] async_validation processed_count=0 failed_count=0 status=started event=info event_type=worker_start worker_id=worker_2 worker_count=3
11:45:46.477 [i] async_validation status=started event=info event_type=worker_start worker_id=worker_2 worker_count=3 processed_count=0 failed_count=0
11:45:46.478 [i] discovery_completion kinds_count=100 files_found=8828 duration_seconds=0.009794 status=completed kinds=[provider_profile status_history_metric_sampler agent_skill field_registry criteria glossary_term agent_onboarding_preparation visual_plan resolver kind_synonym qa_success translation_manifest ordered_list_metric_sampler policy shockwave_router vocabulary_scheme corporate_initiative account command_spec rule watchdog_registration mission technical_debt stakeholder_profile component agent_feed vitality_report requirement mcp_spec agent_task milestone workstream workstream_transition scalar_metric_sampler remote_kernel doc_entry risk_blocker pipeline_definition goal test_command_rule import_tracking digital_asset compute_advertisement persona strategic_context metadata_package pipeline_stage team_configuration convergence_session role department technical_spec api_spec roadmap test_case capacity_advertisement agent_architecture brand capability workflow context_refresh_schedule division rollback_report fission_event partnership process_hygiene_rule backlog_item pipeline decision inference_heuristic bucketing_strategy template certificate base_sampler team domain_registry organizational_change scheduler_handler_binding namespace organization validation_rule metrics_feedback namespace_registry sampler_profile scenario object_spec library release important_date glossary_term_relation prompt_template evolution_management vision question keystore_entry auth_strategy priority_plan pipeline_execution list_metric_sampler strategic_plan] event=info
11:45:46.478 [i] async_validation worker_count=4 processed_count=0 failed_count=0 status=started event=info event_type=worker_start worker_id=worker_3
11:45:46.478 [i] async_validation event_type=worker_start worker_id=worker_3 worker_count=4 processed_count=0 failed_count=0 status=started event=info
11:45:46.481 [i] async_validation event_type=worker_start worker_id=worker_4 worker_count=5 processed_count=0 failed_count=0 status=started event=info
11:45:46.481 [i] async_validation processed_count=0 failed_count=0 status=started event=info event_type=worker_start worker_id=worker_4 worker_count=5
11:45:46.483 [i] async_validation processed_count=0 failed_count=0 status=started event=info event_type=worker_start worker_id=worker_5 worker_count=6
11:45:46.483 [i] async_validation event=info event_type=worker_start worker_id=worker_5 worker_count=6 processed_count=0 failed_count=0 status=started
11:45:46.485 [i] async_validation status=started event=info event_type=worker_start worker_id=worker_6 worker_count=7 processed_count=0 failed_count=0
11:45:46.485 [i] async_validation processed_count=0 failed_count=0 status=started event=info event_type=worker_start worker_id=worker_6 worker_count=7
11:45:46.489 [i] async_validation event=info event_type=worker_start worker_id=worker_7 worker_count=8 processed_count=0 failed_count=0 status=started
11:45:46.489 [i] async_validation event_type=worker_start worker_id=worker_7 worker_count=8 processed_count=0 failed_count=0 status=started event=info
11:45:46.492 [i] async_validation event_type=worker_start worker_id=worker_8 worker_count=9 processed_count=0 failed_count=0 status=started event=info
11:45:46.492 [i] async_validation event_type=worker_start worker_id=worker_8 worker_count=9 processed_count=0 failed_count=0 status=started event=info
11:45:46.496 [i] async_validation failed_count=0 status=started event=info event_type=worker_start worker_id=worker_9 worker_count=10 processed_count=0
11:45:46.496 [i] async_validation processed_count=0 failed_count=0 status=started event=info event_type=worker_start worker_id=worker_9 worker_count=10
11:45:46.499 [i] async_validation status=started event=info event_type=worker_start worker_id=worker_10 worker_count=12 processed_count=0 failed_count=0
11:45:46.499 [i] async_validation worker_id=worker_10 worker_count=11 processed_count=0 failed_count=0 status=started event=info event_type=worker_start
11:45:46.504 [i] async_validation event=info event_type=worker_start worker_id=worker_11 worker_count=13 processed_count=0 failed_count=0 status=started
11:45:46.504 [i] async_validation event=info event_type=worker_start worker_id=worker_11 worker_count=12 processed_count=0 failed_count=0 status=started
11:45:46.504 [i] async_validation event_type=worker_start worker_id=worker_13 worker_count=14 processed_count=0 failed_count=0 status=started event=info
11:45:46.504 [i] async_validation event=info event_type=worker_start worker_id=worker_13 worker_count=14 processed_count=0 failed_count=0 status=started
11:45:46.504 [i] async_validation worker_count=14 processed_count=0 failed_count=0 status=started event=info event_type=worker_start worker_id=worker_12
11:45:46.504 [i] async_validation event=info event_type=worker_start worker_id=worker_12 worker_count=13 processed_count=0 failed_count=0 status=started
11:45:46.505 [i] async_validation worker_id=worker_14 worker_count=15 processed_count=0 failed_count=0 status=started event=info event_type=worker_start
11:45:46.505 [i] async_validation event=info event_type=worker_start worker_id=worker_14 worker_count=15 processed_count=0 failed_count=0 status=started
11:45:46.507 [i] async_validation processed_count=0 failed_count=0 status=started event=info event_type=worker_start worker_id=worker_15 worker_count=16
11:45:46.507 [i] async_validation failed_count=0 status=started event=info event_type=worker_start worker_id=worker_15 worker_count=16 processed_count=0
11:45:46.565 [i] Validating schema old_status=started new_status=spec event=info operation_id=system_check_1788547545140523000 operation_type=system_check
11:45:46.565 [i] Validating lifecycle old_status=started new_status=lifecycle event=info operation_id=system_check_1788547545140523000 operation_type=system_check
11:45:46.685 [i] Enqueued objects total total=8828 enqueued_ids=8828 tasks_passed_to_validator=8828 cache_hits=0 cache_misses=8828
11:45:46.685 [i] Pipeline stage completed pipeline_kind=system.async_check_discover_and_enqueue_objects stage=INGEST duration=244.015625ms
11:45:46.685 [i] Pipeline stage completed pipeline_kind=system.async_check_discover_and_enqueue_objects stage=FINALIZE duration=166ns
11:45:46.694 [i] system_check total_tasks=8828 event=info operation_id=check_1788547545140534000 operation_type=system_check status=started
11:45:46.838 [i] === POL-DEBUG-001 DEBUG: BEFORE RE-PARSE IN checkObjectWithCacheAndContent === filePath=/Users/lanceettl/zqk-restore-clone/docs/process/policies/645de98670d9ae246b10e24fa7ab97fd6ae1cb0af9497973d7ae2dc59723a1ea.yaml content_len=798 obj_properties_len=17
11:45:46.838 [i] Initial obj.Properties state policy_type_exists=true policy_type_value=requirement body_exists=true body_type=string category_exists=true category_value=code_quality
11:45:46.838 [i] Re-read file from disk latest_content_len=798 file_path=/Users/lanceettl/zqk-restore-clone/docs/process/policies/645de98670d9ae246b10e24fa7ab97fd6ae1cb0af9497973d7ae2dc59723a1ea.yaml
11:45:46.838 [i] === POL-DEBUG-001 DEBUG: FINAL objMap BEFORE VALIDATION === objMap_len=17
11:45:46.838 [i] Final objMap state policy_type_exists=true policy_type_value=requirement body_exists=true body_type=string body_preview=**Policy governing the approach to debugging issues in the ZQK system. When encountering hangs, cras... category_exists=true category_value=code_quality
11:45:46.838 [i] === POL-DEBUG-001 DEBUG: VALIDATOR INPUT === kind=policy objMap_len=17
11:45:46.838 [i] Validator input objMap state policy_type_exists=true policy_type_value=requirement body_exists=true body_type=string category_exists=true category_value=code_quality
11:45:46.838 [i] === POL-DEBUG-001 DEBUG: VALIDATOR RESULT === errors_count=0 warnings_count=0
11:45:48.985 [i] Operation in progress: cli — lifecycle: Validating lifecycle old_status=started new_status=in_progress event=info operation_id=cli_1788547543983733000 operation_type=cli
11:45:50.140 [i] Operation in progress: system_check — lifecycle: Validating lifecycle old_status=in_progress new_status=in_progress event=info operation_id=system_check_1788547545140523000 operation_type=system_check
11:45:53.868 [i] Validation queue is empty (awaiting in-flight workers and finalization) queue_size=0 percent_complete=99.80743090167648 event=info operation_id=check_1788547545140534000 progress=8811 total_tasks=8828 completed=8811 failed=0
11:45:54.708 [i] Queue empty and all tasks accounted for - stopping validator to force completion detection percent_complete=100.0% progress_count=8828 cached_count=0 total_tasks=8828 time_since_progress=125ns active_workers=16
11:45:54.708 [i] Stopping async validator active_workers=16 active_goroutines=17 queue_size=0 worker_stop_timeout=1m0s
11:45:54.708 [i] All workers stopped
11:45:54.708 [i] Async validator stopped active_goroutines=1
11:45:55.142 [i] Operation in progress: system_check — lifecycle: Validating lifecycle operation_id=system_check_1788547545140523000 operation_type=system_check old_status=in_progress new_status=in_progress event=info
11:45:57.878 [i] Complete duration=12.740368375s event=info operation_id=system_check_1788547545140523000 operation_type=system_check old_status=in_progress new_status=complete
11:45:57.878 [i] system_check status=completed duration_seconds=12.733589042 event=info operation_id=check_1788547545140534000
11:45:57.886 [i] Validating schema event=info operation_id=system_check_1788547545140523000 operation_type=system_check old_status=started new_status=spec
11:45:57.886 [i] Validating lifecycle event=info operation_id=system_check_1788547545140523000 operation_type=system_check old_status=started new_status=lifecycle
11:45:57.891 [i] Complete event=info operation_id=cli_1788547543983733000 operation_type=cli old_status=in_progress new_status=complete duration=13.910594625s
11:45:57.892 [i] initiate event=info queue_name=listing_index_write_queue event_type=initiate pending_count=0 is_critical=true duration_ms=0
11:45:57.892 [i] initiate event=info queue_name=cas_orphan_cleanup_queue event_type=initiate pending_count=0 is_critical=false duration_ms=0
11:45:57.892 [i] initiate event=info queue_name=hash_registry_manager event_type=initiate pending_count=0 is_critical=true duration_ms=0
11:45:57.892 [i] initiate event=info queue_name=io_queue_manager event_type=initiate pending_count=0 is_critical=true duration_ms=0
11:45:57.892 [i] initiate event_type=initiate pending_count=0 is_critical=false duration_ms=0 event=info queue_name=id_generation_queue_manager
11:45:57.892 [i] initiate event_type=initiate pending_count=0 is_critical=true duration_ms=0 event=info queue_name=listing_index_write_queue
11:45:57.892 [i] initiate event=info queue_name=audit_event_buffer event_type=initiate pending_count=0 is_critical=false duration_ms=0
11:45:57.892 [i] initiate event_type=initiate pending_count=0 is_critical=false duration_ms=0 event=info queue_name=async_validation_strategies
11:45:57.892 [i] initiate pending_count=0 is_critical=true duration_ms=0 event=info queue_name=io_queue_manager event_type=initiate
11:45:57.892 [i] initiate event=info queue_name=hash_registry_manager event_type=initiate pending_count=0 is_critical=true duration_ms=0
11:45:57.933 [i] initiate queue_name=async_validator event_type=initiate pending_count=0 is_critical=true duration_ms=0 event=info
11:45:57.933 [i] initiate pending_count=0 is_critical=true duration_ms=41 event=info queue_name=write-behind-worker-/Users/lanceettl/zqk-restore-clone event_type=initiate
11:45:57.933 [i] drain_complete event=info queue_name=async_validation_strategies event_type=drain_complete pending_count=0 is_critical=false duration_ms=0
11:45:57.933 [i] drain_start event=info queue_name=async_validation_strategies event_type=drain_start pending_count=0 is_critical=false duration_ms=0
11:45:57.933 [i] drain_complete event=info queue_name=write-behind-worker-/Users/lanceettl/zqk-restore-clone event_type=drain_complete pending_count=0 is_critical=true duration_ms=0
11:45:57.933 [i] drain_complete pending_count=0 is_critical=false duration_ms=0 event=info queue_name=id_generation_queue_manager event_type=drain_complete
11:45:57.933 [i] drain_start event=info queue_name=async_validator event_type=drain_start pending_count=0 is_critical=true duration_ms=0
11:45:57.933 [i] drain_complete duration_ms=0 event=info queue_name=audit_event_buffer event_type=drain_complete pending_count=0 is_critical=false
11:45:57.933 [i] drain_complete event_type=drain_complete pending_count=0 is_critical=true duration_ms=0 event=info queue_name=listing_index_write_queue
11:45:57.933 [i] drain_start event=info queue_name=id_generation_queue_manager event_type=drain_start pending_count=0 is_critical=false duration_ms=0
11:45:57.933 [i] drain_complete duration_ms=0 event=info queue_name=listing_index_write_queue event_type=drain_complete pending_count=0 is_critical=true
11:45:57.933 [i] drain_complete pending_count=0 is_critical=false duration_ms=0 event=info queue_name=cas_orphan_cleanup_queue event_type=drain_complete
11:45:57.933 [i] drain_start queue_name=write-behind-worker-/Users/lanceettl/zqk-restore-clone event_type=drain_start pending_count=0 is_critical=true duration_ms=0 event=info
11:45:57.933 [i] drain_start event=info queue_name=listing_index_write_queue event_type=drain_start pending_count=0 is_critical=true duration_ms=0
11:45:57.933 [i] drain_start queue_name=cas_orphan_cleanup_queue event_type=drain_start pending_count=0 is_critical=false duration_ms=0 event=info
11:45:57.933 [i] drain_complete event_type=drain_complete pending_count=0 is_critical=true duration_ms=0 event=info queue_name=io_queue_manager
11:45:57.933 [i] drain_start event=info queue_name=listing_index_write_queue event_type=drain_start pending_count=0 is_critical=true duration_ms=0
11:45:57.933 [i] drain_start event=info queue_name=audit_event_buffer event_type=drain_start pending_count=0 is_critical=false duration_ms=0
11:45:57.933 [i] drain_complete duration_ms=0 event=info queue_name=hash_registry_manager event_type=drain_complete pending_count=0 is_critical=true
11:45:57.933 [i] drain_complete duration_ms=0 event=info queue_name=io_queue_manager event_type=drain_complete pending_count=0 is_critical=true
11:45:57.933 [i] drain_complete event_type=drain_complete pending_count=0 is_critical=true duration_ms=0 event=info queue_name=hash_registry_manager
11:45:57.933 [i] drain_start event_type=drain_start pending_count=0 is_critical=true duration_ms=0 event=info queue_name=io_queue_manager
11:45:57.933 [i] drain_start event=info queue_name=hash_registry_manager event_type=drain_start pending_count=0 is_critical=true duration_ms=0
11:45:57.933 [i] drain_start duration_ms=0 event=info queue_name=hash_registry_manager event_type=drain_start pending_count=0 is_critical=true
11:45:57.933 [i] drain_start event=info queue_name=io_queue_manager event_type=drain_start pending_count=0 is_critical=true duration_ms=0
13:54:01.379 [i] Validating schema new_status=spec event=info operation_id=cli_1788555240721697000 operation_type=cli old_status=started
13:54:01.379 [i] Validating lifecycle old_status=started new_status=lifecycle event=info operation_id=cli_1788555240721697000 operation_type=cli
13:54:01.389 [i] Validating schema event=info operation_id=cli_1788555240721697000 operation_type=cli old_status=started new_status=spec
13:54:01.389 [i] Validating lifecycle event=info operation_id=cli_1788555240721697000 operation_type=cli old_status=started new_status=lifecycle
13:54:01.397 [i] system_check mode=async_follow phase=start event=info operation_id=check_1788555241391980000 operation_type=system_check status=started
13:54:04.281 [i] Async validator started max_workers=16 semaphore_capacity=16 active_goroutines=0 worker_stop_timeout=1m0s cache_save_timeout=20s
13:54:04.284 [i] Starting object discovery kind_count=100 target_kind=
13:54:04.284 [i] Using object ID cache for discovery (skipping storage list) kind_count=100
13:54:04.284 [i] system_check kinds=[important_date process_hygiene_rule policy evolution_management workflow organizational_change doc_entry prompt_template glossary_term_relation pipeline_execution strategic_plan strategic_context workstream visual_plan technical_debt compute_advertisement team_configuration test_command_rule validation_rule corporate_initiative decision release inference_heuristic auth_strategy rule roadmap vocabulary_scheme risk_blocker kind_synonym team question vitality_report backlog_item shockwave_router department agent_onboarding_preparation requirement template bucketing_strategy certificate persona resolver agent_task api_spec pipeline_stage domain_registry workstream_transition mcp_spec stakeholder_profile agent_feed field_registry metadata_package scalar_metric_sampler vision agent_skill base_sampler capacity_advertisement import_tracking translation_manifest priority_plan milestone sampler_profile technical_spec criteria test_case digital_asset partnership scheduler_handler_binding watchdog_registration agent_architecture namespace namespace_registry capability scenario account role glossary_term division status_history_metric_sampler library organization rollback_report keystore_entry metrics_feedback goal qa_success pipeline_definition command_spec component pipeline list_metric_sampler mission remote_kernel fission_event object_spec ordered_list_metric_sampler brand context_refresh_schedule convergence_session provider_profile] event=info kinds_count=100 process_dir=/Users/lanceettl/zqk-restore-clone/docs/process status=started phase=discovery
13:54:04.287 [i] async_validation processed_count=0 failed_count=0 status=started event=info event_type=worker_start worker_id=worker_0 worker_count=1
13:54:04.291 [i] async_validation worker_count=2 processed_count=0 failed_count=0 status=started event=info event_type=worker_start worker_id=worker_1
13:54:04.295 [i] async_validation event=info event_type=worker_start worker_id=worker_0 worker_count=1 processed_count=0 failed_count=0 status=started
13:54:04.295 [i] async_validation processed_count=0 failed_count=0 status=started event=info event_type=worker_start worker_id=worker_1 worker_count=4
13:54:04.295 [i] async_validation failed_count=0 status=started event=info event_type=worker_start worker_id=worker_2 worker_count=3 processed_count=0
13:54:04.295 [i] async_validation worker_id=worker_3 worker_count=4 processed_count=0 failed_count=0 status=started event=info event_type=worker_start
13:54:04.295 [i] async_validation event=info event_type=worker_start worker_id=worker_3 worker_count=4 processed_count=0 failed_count=0 status=started
13:54:04.295 [i] async_validation worker_id=worker_2 worker_count=4 processed_count=0 failed_count=0 status=started event=info event_type=worker_start
13:54:04.297 [i] async_validation event=info event_type=worker_start worker_id=worker_4 worker_count=5 processed_count=0 failed_count=0 status=started
13:54:04.297 [i] async_validation worker_id=worker_4 worker_count=5 processed_count=0 failed_count=0 status=started event=info event_type=worker_start
13:54:04.297 [i] discovery_completion event=info kinds_count=100 files_found=8787 duration_seconds=0.013284667 status=completed kinds=[important_date process_hygiene_rule policy evolution_management workflow organizational_change doc_entry prompt_template glossary_term_relation pipeline_execution strategic_plan strategic_context workstream visual_plan technical_debt compute_advertisement team_configuration test_command_rule validation_rule corporate_initiative decision release inference_heuristic auth_strategy rule roadmap vocabulary_scheme risk_blocker kind_synonym team question vitality_report backlog_item shockwave_router department agent_onboarding_preparation requirement template bucketing_strategy certificate persona resolver agent_task api_spec pipeline_stage domain_registry workstream_transition mcp_spec stakeholder_profile agent_feed field_registry metadata_package scalar_metric_sampler vision agent_skill base_sampler capacity_advertisement import_tracking translation_manifest priority_plan milestone sampler_profile technical_spec criteria test_case digital_asset partnership scheduler_handler_binding watchdog_registration agent_architecture namespace namespace_registry capability scenario account role glossary_term division status_history_metric_sampler library organization rollback_report keystore_entry metrics_feedback goal qa_success pipeline_definition command_spec component pipeline list_metric_sampler mission remote_kernel fission_event object_spec ordered_list_metric_sampler brand context_refresh_schedule convergence_session provider_profile]
13:54:04.300 [i] async_validation event=info event_type=worker_start worker_id=worker_5 worker_count=6 processed_count=0 failed_count=0 status=started
13:54:04.301 [i] async_validation event_type=worker_start worker_id=worker_5 worker_count=6 processed_count=0 failed_count=0 status=started event=info
13:54:04.307 [i] async_validation worker_id=worker_6 worker_count=7 processed_count=0 failed_count=0 status=started event=info event_type=worker_start
13:54:04.307 [i] async_validation event_type=worker_start worker_id=worker_6 worker_count=7 processed_count=0 failed_count=0 status=started event=info
13:54:04.310 [i] async_validation event=info event_type=worker_start worker_id=worker_7 worker_count=8 processed_count=0 failed_count=0 status=started
13:54:04.310 [i] async_validation worker_id=worker_7 worker_count=8 processed_count=0 failed_count=0 status=started event=info event_type=worker_start
13:54:04.312 [i] async_validation event_type=worker_start worker_id=worker_8 worker_count=9 processed_count=0 failed_count=0 status=started event=info
13:54:04.312 [i] async_validation failed_count=0 status=started event=info event_type=worker_start worker_id=worker_8 worker_count=9 processed_count=0
13:54:04.314 [i] async_validation failed_count=0 status=started event=info event_type=worker_start worker_id=worker_9 worker_count=10 processed_count=0
13:54:04.314 [i] async_validation worker_id=worker_9 worker_count=10 processed_count=0 failed_count=0 status=started event=info event_type=worker_start
13:54:04.316 [i] async_validation event=info event_type=worker_start worker_id=worker_10 worker_count=11 processed_count=0 failed_count=0 status=started
13:54:04.317 [i] async_validation status=started event=info event_type=worker_start worker_id=worker_10 worker_count=11 processed_count=0 failed_count=0
13:54:04.319 [i] async_validation failed_count=0 status=started event=info event_type=worker_start worker_id=worker_11 worker_count=12 processed_count=0
13:54:04.319 [i] async_validation worker_count=12 processed_count=0 failed_count=0 status=started event=info event_type=worker_start worker_id=worker_11
13:54:04.320 [i] async_validation event_type=worker_start worker_id=worker_12 worker_count=13 processed_count=0 failed_count=0 status=started event=info
13:54:04.321 [i] async_validation event=info event_type=worker_start worker_id=worker_12 worker_count=13 processed_count=0 failed_count=0 status=started
13:54:04.334 [i] async_validation event=info event_type=worker_start worker_id=worker_13 worker_count=14 processed_count=0 failed_count=0 status=started
13:54:04.335 [i] async_validation status=started event=info event_type=worker_start worker_id=worker_14 worker_count=15 processed_count=0 failed_count=0
13:54:04.341 [i] async_validation failed_count=0 status=started event=info event_type=worker_start worker_id=worker_14 worker_count=15 processed_count=0
13:54:04.341 [i] async_validation event=info event_type=worker_start worker_id=worker_15 worker_count=16 processed_count=0 failed_count=0 status=started
13:54:04.369 [i] === POL-DEBUG-001 DEBUG: BEFORE RE-PARSE IN checkObjectWithCacheAndContent === filePath=/Users/lanceettl/zqk-restore-clone/docs/process/policies/645de98670d9ae246b10e24fa7ab97fd6ae1cb0af9497973d7ae2dc59723a1ea.yaml content_len=798 obj_properties_len=17
13:54:04.369 [i] Initial obj.Properties state body_exists=true body_type=string category_exists=true category_value=code_quality policy_type_exists=true policy_type_value=requirement
13:54:04.369 [i] Re-read file from disk latest_content_len=798 file_path=/Users/lanceettl/zqk-restore-clone/docs/process/policies/645de98670d9ae246b10e24fa7ab97fd6ae1cb0af9497973d7ae2dc59723a1ea.yaml
13:54:04.369 [i] === POL-DEBUG-001 DEBUG: FINAL objMap BEFORE VALIDATION === objMap_len=17
13:54:04.369 [i] Final objMap state category_value=code_quality policy_type_exists=true policy_type_value=requirement body_exists=true body_type=string body_preview=**Policy governing the approach to debugging issues in the ZQK system. When encountering hangs, cras... category_exists=true
13:54:04.369 [i] === POL-DEBUG-001 DEBUG: VALIDATOR INPUT === kind=policy objMap_len=17
13:54:04.369 [i] Validator input objMap state category_exists=true category_value=code_quality policy_type_exists=true policy_type_value=requirement body_exists=true body_type=string
13:54:04.370 [i] === POL-DEBUG-001 DEBUG: VALIDATOR RESULT === errors_count=0 warnings_count=0
13:54:04.370 [i] async_validation event=info event_type=worker_start worker_id=worker_15 worker_count=16 processed_count=0 failed_count=0 status=started
13:54:04.370 [i] async_validation event_type=worker_start worker_id=worker_13 worker_count=14 processed_count=0 failed_count=0 status=started event=info
13:54:04.574 [i] Enqueued objects total cache_misses=8787 total=8787 enqueued_ids=8787 tasks_passed_to_validator=8787 cache_hits=0
13:54:04.574 [i] Pipeline stage completed pipeline_kind=system.async_check_discover_and_enqueue_objects stage=INGEST duration=292.235166ms
13:54:04.574 [i] Pipeline stage completed pipeline_kind=system.async_check_discover_and_enqueue_objects stage=FINALIZE duration=42ns
13:54:04.586 [i] system_check event=info operation_id=check_1788555241391980000 operation_type=system_check status=started total_tasks=8787
13:54:05.723 [i] Operation in progress: cli — lifecycle: Validating lifecycle event=info operation_id=cli_1788555240721697000 operation_type=cli old_status=started new_status=in_progress
13:54:06.392 [i] Operation in progress: system_check new_status=in_progress event=info operation_id=system_check_1788555241391961000 operation_type=system_check old_status=in_progress
13:54:08.696 [i] Validation queue is empty (awaiting in-flight workers and finalization) event=info percent_complete=99.77239103220667 completed=8767 failed=0 queue_size=0 operation_id=check_1788555241391980000 progress=8767 total_tasks=8787
13:54:09.588 [i] Queue empty and all tasks accounted for - stopping validator to force completion detection cached_count=0 total_tasks=8787 time_since_progress=83ns active_workers=16 percent_complete=100.0% progress_count=8787
13:54:09.588 [i] Stopping async validator queue_size=0 worker_stop_timeout=1m0s active_workers=16 active_goroutines=17
13:54:09.589 [i] All workers stopped
13:54:09.589 [i] Async validator stopped active_goroutines=1
13:54:11.392 [i] Operation in progress: system_check operation_type=system_check old_status=in_progress new_status=in_progress event=info operation_id=system_check_1788555241391961000
13:54:13.170 [i] Complete event=info operation_id=system_check_1788555241391961000 operation_type=system_check old_status=in_progress new_status=complete duration=11.77809125s
13:54:13.170 [i] system_check event=info operation_id=check_1788555241391980000 status=completed duration_seconds=11.772705
13:54:13.170 [i] Complete operation_type=cli old_status=in_progress new_status=complete duration=12.4487325s event=info operation_id=cli_1788555240721697000
13:54:13.175 [i] initiate pending_count=0 is_critical=true duration_ms=0 event=info queue_name=listing_index_write_queue event_type=initiate
13:54:13.175 [i] initiate event=info queue_name=io_queue_manager event_type=initiate pending_count=0 is_critical=true duration_ms=0
13:54:13.175 [i] initiate event=info queue_name=cas_orphan_cleanup_queue event_type=initiate pending_count=0 is_critical=false duration_ms=0
13:54:13.175 [i] initiate duration_ms=0 event=info queue_name=listing_index_write_queue event_type=initiate pending_count=0 is_critical=true
13:54:13.175 [i] initiate is_critical=true duration_ms=0 event=info queue_name=io_queue_manager event_type=initiate pending_count=0
13:54:13.175 [i] drain_complete pending_count=0 is_critical=false duration_ms=0 event=info queue_name=cas_orphan_cleanup_queue event_type=drain_complete
13:54:13.175 [i] drain_complete event=info queue_name=io_queue_manager event_type=drain_complete pending_count=0 is_critical=true duration_ms=0
13:54:13.175 [i] drain_start event=info queue_name=cas_orphan_cleanup_queue event_type=drain_start pending_count=0 is_critical=false duration_ms=0
13:54:13.175 [i] drain_start event=info queue_name=io_queue_manager event_type=drain_start pending_count=0 is_critical=true duration_ms=0
13:54:13.175 [i] drain_start is_critical=true duration_ms=0 event=info queue_name=write-behind-worker-/Users/lanceettl/zqk-restore-clone event_type=drain_start pending_count=0
13:54:13.175 [i] drain_start event_type=drain_start pending_count=0 is_critical=true duration_ms=0 event=info queue_name=listing_index_write_queue
13:54:13.175 [i] drain_complete is_critical=true duration_ms=0 event=info queue_name=write-behind-worker-/Users/lanceettl/zqk-restore-clone event_type=drain_complete pending_count=0
13:54:13.175 [i] drain_start event_type=drain_start pending_count=0 is_critical=true duration_ms=0 event=info queue_name=io_queue_manager
13:54:13.175 [i] initiate event=info queue_name=write-behind-worker-/Users/lanceettl/zqk-restore-clone event_type=initiate pending_count=0 is_critical=true duration_ms=0
13:54:13.175 [i] initiate is_critical=true duration_ms=0 event=info queue_name=hash_registry_manager event_type=initiate pending_count=0
13:54:13.175 [i] initiate event_type=initiate pending_count=0 is_critical=false duration_ms=0 event=info queue_name=id_generation_queue_manager
13:54:13.175 [i] initiate is_critical=true duration_ms=0 event=info queue_name=hash_registry_manager event_type=initiate pending_count=0
13:54:13.175 [i] drain_complete queue_name=listing_index_write_queue event_type=drain_complete pending_count=0 is_critical=true duration_ms=0 event=info
13:54:13.175 [i] drain_complete event=info queue_name=listing_index_write_queue event_type=drain_complete pending_count=0 is_critical=true duration_ms=0
13:54:13.175 [i] drain_complete event=info queue_name=io_queue_manager event_type=drain_complete pending_count=0 is_critical=true duration_ms=0
13:54:13.175 [i] initiate pending_count=0 is_critical=true duration_ms=0 event=info queue_name=async_validator event_type=initiate
13:54:13.175 [i] initiate is_critical=false duration_ms=0 event=info queue_name=audit_event_buffer event_type=initiate pending_count=0
13:54:13.175 [i] drain_complete event=info queue_name=async_validation_strategies event_type=drain_complete pending_count=0 is_critical=false duration_ms=0
13:54:13.175 [i] drain_start is_critical=false duration_ms=0 event=info queue_name=audit_event_buffer event_type=drain_start pending_count=0
13:54:13.175 [i] drain_complete event=info queue_name=hash_registry_manager event_type=drain_complete pending_count=0 is_critical=true duration_ms=0
13:54:13.175 [i] drain_complete pending_count=0 is_critical=false duration_ms=0 event=info queue_name=audit_event_buffer event_type=drain_complete
13:54:13.175 [i] drain_start event=info queue_name=hash_registry_manager event_type=drain_start pending_count=0 is_critical=true duration_ms=0
13:54:13.175 [i] drain_start duration_ms=0 event=info queue_name=async_validator event_type=drain_start pending_count=0 is_critical=true
13:54:13.175 [i] drain_complete duration_ms=0 event=info queue_name=hash_registry_manager event_type=drain_complete pending_count=0 is_critical=true
13:54:13.175 [i] initiate event=info queue_name=async_validation_strategies event_type=initiate pending_count=0 is_critical=false duration_ms=0
13:54:13.175 [i] drain_complete event_type=drain_complete pending_count=0 is_critical=false duration_ms=0 event=info queue_name=id_generation_queue_manager
13:54:13.175 [i] drain_start pending_count=0 is_critical=false duration_ms=0 event=info queue_name=id_generation_queue_manager event_type=drain_start
13:54:13.175 [i] drain_start pending_count=0 is_critical=true duration_ms=0 event=info queue_name=hash_registry_manager event_type=drain_start
13:54:13.175 [i] drain_start queue_name=async_validation_strategies event_type=drain_start pending_count=0 is_critical=false duration_ms=0 event=info
13:54:13.175 [i] drain_start event=info queue_name=listing_index_write_queue event_type=drain_start pending_count=0 is_critical=true duration_ms=0
14:04:22.510 [i] Validating schema operation_id=cli_1788555861935178000 operation_type=cli old_status=started new_status=spec event=info
14:04:22.510 [i] Validating lifecycle new_status=lifecycle event=info operation_id=cli_1788555861935178000 operation_type=cli old_status=started
14:04:22.519 [i] Validating schema operation_type=cli old_status=started new_status=spec event=info operation_id=cli_1788555861935178000
14:04:22.519 [i] Validating lifecycle operation_id=cli_1788555861935178000 operation_type=cli old_status=started new_status=lifecycle event=info
14:04:22.526 [i] system_check event=info operation_id=check_1788555862521471000 operation_type=system_check status=started mode=async_follow phase=start
14:04:22.990 [i] Async validator started max_workers=16 semaphore_capacity=16 active_goroutines=0 worker_stop_timeout=1m0s cache_save_timeout=20s
14:04:22.993 [i] Starting object discovery kind_count=100 target_kind=
14:04:22.993 [i] Using object ID cache for discovery (skipping storage list) kind_count=100
14:04:22.993 [i] system_check kinds_count=100 process_dir=/Users/lanceettl/zqk-restore-clone/docs/process status=started phase=discovery kinds=[ordered_list_metric_sampler prompt_template strategic_context department remote_kernel policy pipeline command_spec object_spec certificate digital_asset brand resolver validation_rule fission_event capacity_advertisement risk_blocker goal rule priority_plan keystore_entry pipeline_stage mcp_spec glossary_term template workstream_transition import_tracking question scalar_metric_sampler team metrics_feedback kind_synonym visual_plan account partnership convergence_session auth_strategy namespace_registry shockwave_router metadata_package technical_debt vision library watchdog_registration base_sampler division stakeholder_profile important_date agent_architecture provider_profile test_case bucketing_strategy agent_feed api_spec inference_heuristic test_command_rule scheduler_handler_binding agent_onboarding_preparation list_metric_sampler criteria sampler_profile workflow scenario component backlog_item corporate_initiative requirement glossary_term_relation technical_spec agent_skill milestone decision evolution_management release vitality_report agent_task field_registry mission strategic_plan organization translation_manifest context_refresh_schedule status_history_metric_sampler workstream namespace qa_success roadmap process_hygiene_rule doc_entry pipeline_execution organizational_change persona role domain_registry pipeline_definition team_configuration rollback_report compute_advertisement vocabulary_scheme capability] event=info
14:04:23.003 [i] discovery_completion duration_seconds=0.009963708 status=completed kinds=[ordered_list_metric_sampler prompt_template strategic_context department remote_kernel policy pipeline command_spec object_spec certificate digital_asset brand resolver validation_rule fission_event capacity_advertisement risk_blocker goal rule priority_plan keystore_entry pipeline_stage mcp_spec glossary_term template workstream_transition import_tracking question scalar_metric_sampler team metrics_feedback kind_synonym visual_plan account partnership convergence_session auth_strategy namespace_registry shockwave_router metadata_package technical_debt vision library watchdog_registration base_sampler division stakeholder_profile important_date agent_architecture provider_profile test_case bucketing_strategy agent_feed api_spec inference_heuristic test_command_rule scheduler_handler_binding agent_onboarding_preparation list_metric_sampler criteria sampler_profile workflow scenario component backlog_item corporate_initiative requirement glossary_term_relation technical_spec agent_skill milestone decision evolution_management release vitality_report agent_task field_registry mission strategic_plan organization translation_manifest context_refresh_schedule status_history_metric_sampler workstream namespace qa_success roadmap process_hygiene_rule doc_entry pipeline_execution organizational_change persona role domain_registry pipeline_definition team_configuration rollback_report compute_advertisement vocabulary_scheme capability] event=info kinds_count=100 files_found=8787
14:04:23.009 [i] Validating lifecycle operation_id=system_check_1788555862521455000 operation_type=system_check old_status=started new_status=lifecycle event=info
14:04:23.009 [i] Validating schema old_status=started new_status=spec event=info operation_id=system_check_1788555862521455000 operation_type=system_check
14:04:23.429 [i] Enqueued objects total cache_hits=8787 cache_misses=8787 total=8787 enqueued_ids=8787 tasks_passed_to_validator=0
14:04:23.429 [i] Pipeline stage completed stage=INGEST duration=438.149166ms pipeline_kind=system.async_check_discover_and_enqueue_objects
14:04:23.429 [i] Pipeline stage completed pipeline_kind=system.async_check_discover_and_enqueue_objects stage=FINALIZE duration=42ns
14:04:23.435 [i] system_check total_tasks=8787 event=info operation_id=check_1788555862521471000 operation_type=system_check status=started
14:04:24.441 [i] Queue empty and all tasks accounted for - stopping validator to force completion detection percent_complete=100.0% progress_count=0 cached_count=8787 total_tasks=8787 time_since_progress=417ns active_workers=0
14:04:24.441 [i] Stopping async validator active_workers=0 active_goroutines=1 queue_size=0 worker_stop_timeout=1m0s
14:04:24.441 [i] All workers stopped
14:04:24.441 [i] Async validator stopped active_goroutines=1
14:04:26.935 [i] Operation in progress: cli — lifecycle: Validating lifecycle operation_type=cli old_status=started new_status=in_progress event=info operation_id=cli_1788555861935178000
14:04:26.946 [i] Complete operation_id=system_check_1788555862521455000 operation_type=system_check old_status=in_progress new_status=complete duration=4.425367083s event=info
14:04:26.946 [i] system_check event=info operation_id=check_1788555862521471000 status=completed duration_seconds=4.420618542
14:04:26.949 [i] Validating schema operation_id=system_check_1788555862521455000 operation_type=system_check old_status=started new_status=spec event=info
14:04:26.949 [i] Validating lifecycle event=info operation_id=system_check_1788555862521455000 operation_type=system_check old_status=started new_status=lifecycle
14:04:26.961 [i] Complete old_status=in_progress new_status=complete duration=5.026303541s event=info operation_id=cli_1788555861935178000 operation_type=cli
14:04:26.961 [i] initiate queue_name=listing_index_write_queue event_type=initiate pending_count=0 is_critical=true duration_ms=0 event=info
14:04:26.961 [i] initiate event=info queue_name=listing_index_write_queue event_type=initiate pending_count=0 is_critical=true duration_ms=0
14:04:26.961 [i] initiate queue_name=cas_orphan_cleanup_queue event_type=initiate pending_count=0 is_critical=false duration_ms=0 event=info
14:04:26.961 [i] initiate queue_name=io_queue_manager event_type=initiate pending_count=0 is_critical=true duration_ms=0 event=info
14:04:26.961 [i] initiate event=info queue_name=audit_event_buffer event_type=initiate pending_count=0 is_critical=false duration_ms=0
14:04:26.961 [i] initiate duration_ms=0 event=info queue_name=async_validation_strategies event_type=initiate pending_count=0 is_critical=false
14:04:26.961 [i] initiate event=info queue_name=hash_registry_manager event_type=initiate pending_count=0 is_critical=true duration_ms=0
14:04:26.961 [i] initiate event=info queue_name=id_generation_queue_manager event_type=initiate pending_count=0 is_critical=false duration_ms=0
14:04:26.962 [i] initiate event=info queue_name=io_queue_manager event_type=initiate pending_count=0 is_critical=true duration_ms=0
14:04:26.961 [i] initiate queue_name=hash_registry_manager event_type=initiate pending_count=0 is_critical=true duration_ms=0 event=info
14:04:26.983 [i] initiate queue_name=async_validator event_type=initiate pending_count=0 is_critical=true duration_ms=0 event=info
14:04:26.983 [i] drain_complete duration_ms=0 event=info queue_name=async_validation_strategies event_type=drain_complete pending_count=0 is_critical=false
14:04:26.983 [i] initiate event=info queue_name=write-behind-worker-/Users/lanceettl/zqk-restore-clone event_type=initiate pending_count=0 is_critical=true duration_ms=21
14:04:26.983 [i] drain_start event=info queue_name=audit_event_buffer event_type=drain_start pending_count=0 is_critical=false duration_ms=0
14:04:26.983 [i] drain_complete event_type=drain_complete pending_count=0 is_critical=false duration_ms=0 event=info queue_name=id_generation_queue_manager
14:04:26.983 [i] drain_start event=info queue_name=async_validation_strategies event_type=drain_start pending_count=0 is_critical=false duration_ms=0
14:04:26.984 [i] drain_start event_type=drain_start pending_count=0 is_critical=true duration_ms=0 event=info queue_name=hash_registry_manager
14:04:26.984 [i] drain_complete event=info queue_name=hash_registry_manager event_type=drain_complete pending_count=0 is_critical=true duration_ms=0
14:04:26.984 [i] drain_start pending_count=0 is_critical=false duration_ms=0 event=info queue_name=id_generation_queue_manager event_type=drain_start
14:04:26.984 [i] drain_complete event=info queue_name=listing_index_write_queue event_type=drain_complete pending_count=0 is_critical=true duration_ms=0
14:04:26.984 [i] drain_complete event_type=drain_complete pending_count=0 is_critical=false duration_ms=0 event=info queue_name=audit_event_buffer
14:04:26.984 [i] drain_start event=info queue_name=io_queue_manager event_type=drain_start pending_count=0 is_critical=true duration_ms=0
14:04:26.984 [i] drain_start is_critical=true duration_ms=0 event=info queue_name=write-behind-worker-/Users/lanceettl/zqk-restore-clone event_type=drain_start pending_count=0
14:04:26.984 [i] drain_complete event=info queue_name=write-behind-worker-/Users/lanceettl/zqk-restore-clone event_type=drain_complete pending_count=0 is_critical=true duration_ms=0
14:04:26.984 [i] drain_start queue_name=listing_index_write_queue event_type=drain_start pending_count=0 is_critical=true duration_ms=0 event=info
14:04:26.984 [i] drain_complete duration_ms=0 event=info queue_name=listing_index_write_queue event_type=drain_complete pending_count=0 is_critical=true
14:04:26.984 [i] drain_complete queue_name=io_queue_manager event_type=drain_complete pending_count=0 is_critical=true duration_ms=0 event=info
14:04:26.984 [i] drain_start event=info queue_name=async_validator event_type=drain_start pending_count=0 is_critical=true duration_ms=0
14:04:26.984 [i] drain_start event_type=drain_start pending_count=0 is_critical=true duration_ms=0 event=info queue_name=io_queue_manager
14:04:26.984 [i] drain_start queue_name=cas_orphan_cleanup_queue event_type=drain_start pending_count=0 is_critical=false duration_ms=0 event=info
14:04:26.984 [i] drain_start event=info queue_name=listing_index_write_queue event_type=drain_start pending_count=0 is_critical=true duration_ms=0
14:04:26.984 [i] drain_complete event_type=drain_complete pending_count=0 is_critical=true duration_ms=0 event=info queue_name=hash_registry_manager
14:04:26.984 [i] drain_complete is_critical=true duration_ms=0 event=info queue_name=io_queue_manager event_type=drain_complete pending_count=0
14:04:26.984 [i] drain_complete event=info queue_name=cas_orphan_cleanup_queue event_type=drain_complete pending_count=0 is_critical=false duration_ms=0
14:04:26.984 [i] drain_start event=info queue_name=hash_registry_manager event_type=drain_start pending_count=0 is_critical=true duration_ms=0
16:20:38.038 [i] Validating schema event=info operation_id=cli_1788564035729506000 operation_type=cli old_status=started new_status=spec
16:20:38.039 [i] Validating lifecycle old_status=started new_status=lifecycle event=info operation_id=cli_1788564035729506000 operation_type=cli
16:20:38.130 [i] Validating schema event=info operation_id=cli_1788564035729506000 operation_type=cli old_status=started new_status=spec
16:20:38.130 [i] Validating lifecycle event=info operation_id=cli_1788564035729506000 operation_type=cli old_status=started new_status=lifecycle
16:20:38.217 [i] system_check status=started mode=async_follow phase=start event=info operation_id=check_1788564038192531000 operation_type=system_check
16:20:40.730 [i] Operation in progress: cli — lifecycle: Validating lifecycle event=info operation_id=cli_1788564035729506000 operation_type=cli old_status=started new_status=in_progress
16:20:43.192 [i] Operation in progress: system_check event=info operation_id=system_check_1788564038192504000 operation_type=system_check old_status=in_progress new_status=in_progress
16:20:48.192 [i] Operation in progress: system_check new_status=in_progress event=info operation_id=system_check_1788564038192504000 operation_type=system_check old_status=in_progress
16:20:53.192 [i] Operation in progress: system_check old_status=in_progress new_status=in_progress event=info operation_id=system_check_1788564038192504000 operation_type=system_check
16:20:58.193 [i] Operation in progress: system_check old_status=in_progress new_status=in_progress event=info operation_id=system_check_1788564038192504000 operation_type=system_check
16:21:03.192 [i] Operation in progress: system_check old_status=in_progress new_status=in_progress event=info operation_id=system_check_1788564038192504000 operation_type=system_check
16:21:08.192 [i] Operation in progress: system_check new_status=in_progress event=info operation_id=system_check_1788564038192504000 operation_type=system_check old_status=in_progress
16:21:13.192 [i] Operation in progress: system_check operation_id=system_check_1788564038192504000 operation_type=system_check old_status=in_progress new_status=in_progress event=info
16:21:16.948 [i] Async validator started max_workers=16 semaphore_capacity=16 active_goroutines=0 worker_stop_timeout=1m0s cache_save_timeout=20s
16:21:16.960 [i] Object ID cache count mismatch with storage; using storage discovery and triggering cache rebuild
16:21:16.961 [i] Starting object discovery kind_count=100 target_kind=
16:21:16.961 [i] system_check event=info kinds_count=100 process_dir=/Users/lanceettl/zqk-restore-clone/docs/process status=started phase=discovery kinds=[account agent_architecture agent_feed agent_onboarding_preparation agent_skill agent_task api_spec auth_strategy backlog_item base_sampler brand bucketing_strategy capability capacity_advertisement certificate command_spec component compute_advertisement context_refresh_schedule convergence_session corporate_initiative criteria decision department digital_asset division doc_entry domain_registry evolution_management field_registry fission_event glossary_term glossary_term_relation goal import_tracking important_date inference_heuristic keystore_entry kind_synonym library list_metric_sampler mcp_spec metadata_package metrics_feedback milestone mission namespace namespace_registry object_spec ordered_list_metric_sampler organization organizational_change partnership persona pipeline pipeline_definition pipeline_execution pipeline_stage policy priority_plan process_hygiene_rule prompt_template provider_profile qa_success question release remote_kernel requirement resolver risk_blocker roadmap role rollback_report rule sampler_profile scalar_metric_sampler scenario scheduler_handler_binding shockwave_router stakeholder_profile status_history_metric_sampler strategic_context strategic_plan team team_configuration technical_debt technical_spec template test_case test_command_rule translation_manifest validation_rule vision visual_plan vitality_report vocabulary_scheme watchdog_registration workflow workstream workstream_transition]
16:21:16.961 [i] system_check event=info status=in_progress phase=discovery files_found=-1 elapsed_seconds=0.000191917 kind=certificate
16:21:16.961 [i] system_check kind=capacity_advertisement event=info status=in_progress phase=discovery files_found=-1 elapsed_seconds=4.1625e-05
16:21:16.961 [i] system_check event=info status=in_progress phase=discovery files_found=-1 elapsed_seconds=0.000447042 kind=compute_advertisement
16:21:16.961 [i] system_check elapsed_seconds=2.5334e-05 kind=command_spec event=info status=in_progress phase=discovery files_found=-1
16:21:16.961 [i] system_check status=in_progress phase=discovery files_found=-1 elapsed_seconds=0.000367333 kind=capability event=info
16:21:16.961 [i] system_check event=info status=in_progress phase=discovery files_found=-1 elapsed_seconds=3.5375e-05 kind=base_sampler
16:21:16.961 [i] system_check files_found=-1 elapsed_seconds=0.000637959 kind=account event=info status=in_progress phase=discovery
16:21:16.961 [i] system_check files_found=-1 elapsed_seconds=4.1625e-05 kind=brand event=info status=in_progress phase=discovery
16:21:16.961 [i] system_check kind=component event=info status=in_progress phase=discovery files_found=-1 elapsed_seconds=2.8541e-05
16:21:16.961 [i] system_check files_found=-1 elapsed_seconds=3.1375e-05 kind=bucketing_strategy event=info status=in_progress phase=discovery
16:21:16.962 [i] system_check event=info status=in_progress phase=discovery files_found=-1 elapsed_seconds=2.9875e-05 kind=field_registry
16:21:16.963 [i] system_check event=info status=in_progress phase=discovery files_found=-1 elapsed_seconds=0.000529375 kind=persona
16:21:16.963 [i] system_check phase=discovery files_found=-1 elapsed_seconds=4.9583e-05 kind=shockwave_router event=info status=in_progress
16:21:16.963 [i] system_check phase=discovery files_found=-1 elapsed_seconds=2.8042e-05 kind=stakeholder_profile event=info status=in_progress
16:21:16.963 [i] system_check status=in_progress phase=discovery files_found=-1 elapsed_seconds=2.8042e-05 kind=status_history_metric_sampler event=info
16:21:16.963 [i] system_check event=info status=in_progress phase=discovery files_found=-1 elapsed_seconds=7.1292e-05 kind=vocabulary_scheme
16:21:16.963 [i] system_check event=info status=in_progress phase=discovery files_found=-1 elapsed_seconds=0.001122584 kind=watchdog_registration
16:21:16.963 [i] system_check event=info status=in_progress phase=discovery files_found=-1 elapsed_seconds=0.000137125 kind=workflow
16:21:16.964 [i] system_check event=info status=in_progress phase=discovery files_found=-1 elapsed_seconds=0.0002235 kind=workstream
16:21:16.964 [i] system_check files_found=-1 elapsed_seconds=2.3333e-05 kind=workstream_transition event=info status=in_progress phase=discovery
16:21:16.964 [i] system_check event=info status=in_progress phase=discovery files_found=-1 elapsed_seconds=0.0002115 kind=agent_skill
16:21:16.964 [i] system_check elapsed_seconds=2.1417e-05 kind=agent_feed event=info status=in_progress phase=discovery files_found=-1
16:21:16.964 [i] system_check files_found=-1 elapsed_seconds=3.1209e-05 kind=agent_onboarding_preparation event=info status=in_progress phase=discovery
16:21:16.964 [i] system_check files_found=-1 elapsed_seconds=2.4583e-05 kind=agent_architecture event=info status=in_progress phase=discovery
16:21:16.965 [i] system_check phase=discovery files_found=-1 elapsed_seconds=4.0917e-05 kind=auth_strategy event=info status=in_progress
16:21:16.965 [i] system_check kind=vitality_report event=info status=in_progress phase=discovery files_found=-1 elapsed_seconds=2.8708e-05
16:21:16.965 [i] system_check phase=discovery files_found=-1 elapsed_seconds=5.1708e-05 kind=technical_spec event=info status=in_progress
16:21:16.965 [i] system_check event=info status=in_progress phase=discovery files_found=-1 elapsed_seconds=2.0166e-05 kind=template
16:21:16.966 [i] system_check kind=test_case event=info status=in_progress phase=discovery files_found=-1 elapsed_seconds=0.000319541
16:21:16.965 [i] system_check kind=strategic_context event=info status=in_progress phase=discovery files_found=-1 elapsed_seconds=8.0292e-05
16:21:16.966 [i] system_check phase=discovery files_found=-1 elapsed_seconds=2.4e-05 kind=test_command_rule event=info status=in_progress
16:21:16.966 [i] system_check event=info status=in_progress phase=discovery files_found=-1 elapsed_seconds=2.2375e-05 kind=translation_manifest
16:21:16.966 [i] system_check status=in_progress phase=discovery files_found=-1 elapsed_seconds=2.4208e-05 kind=strategic_plan event=info
16:21:16.966 [i] system_check files_found=-1 elapsed_seconds=0.000726042 kind=team event=info status=in_progress phase=discovery
16:21:16.966 [i] system_check files_found=-1 elapsed_seconds=3.6625e-05 kind=visual_plan event=info status=in_progress phase=discovery
16:21:16.966 [i] system_check status=in_progress phase=discovery files_found=-1 elapsed_seconds=2.9916e-05 kind=vision event=info
16:21:16.966 [i] system_check kind=team_configuration event=info status=in_progress phase=discovery files_found=-1 elapsed_seconds=4.8e-05
16:21:16.966 [i] system_check event=info status=in_progress phase=discovery files_found=-1 elapsed_seconds=0.000241292 kind=partnership
16:21:16.966 [i] system_check event=info status=in_progress phase=discovery files_found=-1 elapsed_seconds=2.6792e-05 kind=important_date
16:21:16.966 [i] system_check event=info status=in_progress phase=discovery files_found=-1 elapsed_seconds=0.0003205 kind=technical_debt
16:21:16.966 [i] system_check event=info status=in_progress phase=discovery files_found=-1 elapsed_seconds=0.000465041 kind=inference_heuristic
16:21:16.966 [i] system_check phase=discovery files_found=-1 elapsed_seconds=0.000779 kind=metadata_package event=info status=in_progress
16:21:16.966 [i] system_check status=in_progress phase=discovery files_found=-1 elapsed_seconds=2.9125e-05 kind=keystore_entry event=info
16:21:16.966 [i] system_check status=in_progress phase=discovery files_found=-1 elapsed_seconds=0.000224875 kind=metrics_feedback event=info
16:21:16.966 [i] system_check event=info status=in_progress phase=discovery files_found=-1 elapsed_seconds=4.3959e-05 kind=api_spec
16:21:16.966 [i] system_check event=info status=in_progress phase=discovery files_found=-1 elapsed_seconds=4.3417e-05 kind=kind_synonym
16:21:16.966 [i] system_check elapsed_seconds=0.000692375 kind=milestone event=info status=in_progress phase=discovery files_found=-1
16:21:16.966 [i] system_check status=in_progress phase=discovery files_found=-1 elapsed_seconds=4.4833e-05 kind=namespace_registry event=info
16:21:16.966 [i] system_check phase=discovery files_found=-1 elapsed_seconds=2.4666e-05 kind=list_metric_sampler event=info status=in_progress
16:21:16.966 [i] system_check event=info status=in_progress phase=discovery files_found=-1 elapsed_seconds=2.9167e-05 kind=mission
16:21:16.966 [i] system_check status=in_progress phase=discovery files_found=-1 elapsed_seconds=6.0292e-05 kind=library event=info
16:21:16.966 [i] system_check elapsed_seconds=3.3833e-05 kind=mcp_spec event=info status=in_progress phase=discovery files_found=-1
16:21:16.966 [i] system_check status=in_progress phase=discovery files_found=-1 elapsed_seconds=0.00068825 kind=object_spec event=info
16:21:16.966 [i] system_check elapsed_seconds=2.5916e-05 kind=ordered_list_metric_sampler event=info status=in_progress phase=discovery files_found=-1
16:21:16.966 [i] system_check phase=discovery files_found=-1 elapsed_seconds=5.3791e-05 kind=organization event=info status=in_progress
16:21:16.966 [i] system_check files_found=-1 elapsed_seconds=6.5875e-05 kind=namespace event=info status=in_progress phase=discovery
16:21:16.966 [i] system_check kind=organizational_change event=info status=in_progress phase=discovery files_found=-1 elapsed_seconds=0.001347334
16:21:16.967 [i] system_check kind=digital_asset event=info status=in_progress phase=discovery files_found=-1 elapsed_seconds=4.2042e-05
16:21:16.967 [i] system_check elapsed_seconds=0.000135875 kind=decision event=info status=in_progress phase=discovery files_found=-1
16:21:16.967 [i] system_check elapsed_seconds=0.001234667 kind=scheduler_handler_binding event=info status=in_progress phase=discovery files_found=-1
16:21:16.967 [i] system_check event=info status=in_progress phase=discovery files_found=-1 elapsed_seconds=3.0292e-05 kind=department
16:21:16.967 [i] system_check files_found=-1 elapsed_seconds=3.7959e-05 kind=sampler_profile event=info status=in_progress phase=discovery
16:21:16.967 [i] system_check phase=discovery files_found=-1 elapsed_seconds=4.9167e-05 kind=scalar_metric_sampler event=info status=in_progress
16:21:16.967 [i] system_check elapsed_seconds=5.4042e-05 kind=scenario event=info status=in_progress phase=discovery files_found=-1
16:21:16.967 [i] system_check kind=validation_rule event=info status=in_progress phase=discovery files_found=-1 elapsed_seconds=0.002718
16:21:16.967 [i] system_check kind=division event=info status=in_progress phase=discovery files_found=-1 elapsed_seconds=5.1417e-05
16:21:16.967 [i] system_check event=info status=in_progress phase=discovery files_found=-1 elapsed_seconds=2.6667e-05 kind=corporate_initiative
16:21:16.967 [i] system_check event=info status=in_progress phase=discovery files_found=-1 elapsed_seconds=0.001751334 kind=pipeline_definition
16:21:16.967 [i] system_check event=info status=in_progress phase=discovery files_found=-1 elapsed_seconds=5.4e-05 kind=pipeline
16:21:16.967 [i] system_check elapsed_seconds=8.3584e-05 kind=domain_registry event=info status=in_progress phase=discovery files_found=-1
16:21:16.967 [i] system_check files_found=-1 elapsed_seconds=2.6291e-05 kind=evolution_management event=info status=in_progress phase=discovery
16:21:16.967 [i] system_check event=info status=in_progress phase=discovery files_found=-1 elapsed_seconds=3.7375e-05 kind=pipeline_stage
16:21:16.967 [i] system_check event=info status=in_progress phase=discovery files_found=-1 elapsed_seconds=7.2125e-05 kind=rule
16:21:16.967 [i] system_check files_found=-1 elapsed_seconds=0.000731916 kind=policy event=info status=in_progress phase=discovery
16:21:16.967 [i] system_check event=info status=in_progress phase=discovery files_found=-1 elapsed_seconds=0.000548292 kind=priority_plan
16:21:16.967 [i] system_check status=in_progress phase=discovery files_found=-1 elapsed_seconds=2.6458e-05 kind=process_hygiene_rule event=info
16:21:16.967 [i] system_check event=info status=in_progress phase=discovery files_found=-1 elapsed_seconds=0.00011275 kind=role
16:21:16.967 [i] system_check phase=discovery files_found=-1 elapsed_seconds=0.000204459 kind=glossary_term_relation event=info status=in_progress
16:21:16.967 [i] system_check kind=import_tracking event=info status=in_progress phase=discovery files_found=-1 elapsed_seconds=0.000604167
16:21:16.967 [i] system_check event=info status=in_progress phase=discovery files_found=-1 elapsed_seconds=2.7042e-05 kind=context_refresh_schedule
16:21:16.967 [i] system_check kind=fission_event event=info status=in_progress phase=discovery files_found=-1 elapsed_seconds=2.3667e-05
16:21:16.967 [i] system_check phase=discovery files_found=-1 elapsed_seconds=0.000126 kind=convergence_session event=info status=in_progress
16:21:16.968 [i] system_check files_found=-1 elapsed_seconds=0.00368275 kind=pipeline_execution event=info status=in_progress phase=discovery
16:21:16.968 [i] system_check event=info status=in_progress phase=discovery files_found=-1 elapsed_seconds=9.4541e-05 kind=roadmap
16:21:16.968 [i] system_check event=info status=in_progress phase=discovery files_found=-1 elapsed_seconds=0.000783583 kind=risk_blocker
16:21:16.968 [i] system_check phase=discovery files_found=-1 elapsed_seconds=0.000290958 kind=prompt_template event=info status=in_progress
16:21:16.968 [i] system_check files_found=-1 elapsed_seconds=0.001251291 kind=requirement event=info status=in_progress phase=discovery
16:21:16.968 [i] system_check kind=resolver event=info status=in_progress phase=discovery files_found=-1 elapsed_seconds=0.000871625
16:21:16.968 [i] system_check event=info status=in_progress phase=discovery files_found=-1 elapsed_seconds=2.6833e-05 kind=release
16:21:16.968 [i] system_check status=in_progress phase=discovery files_found=-1 elapsed_seconds=0.001485917 kind=rollback_report event=info
16:21:16.968 [i] system_check phase=discovery files_found=-1 elapsed_seconds=2.5083e-05 kind=remote_kernel event=info status=in_progress
16:21:16.968 [i] system_check event=info status=in_progress phase=discovery files_found=-1 elapsed_seconds=0.000218916 kind=question
16:21:16.969 [i] system_check phase=discovery files_found=-1 elapsed_seconds=3.5166e-05 kind=provider_profile event=info status=in_progress
16:21:16.969 [i] system_check event=info status=in_progress phase=discovery files_found=-1 elapsed_seconds=0.001535583 kind=goal
16:21:16.970 [i] system_check event=info status=in_progress phase=discovery files_found=-1 elapsed_seconds=0.008575709 kind=criteria
16:21:16.971 [i] system_check phase=discovery files_found=-1 elapsed_seconds=0.009017041 kind=glossary_term event=info status=in_progress
16:21:16.972 [i] system_check event=info status=in_progress phase=discovery files_found=-1 elapsed_seconds=0.010490417 kind=doc_entry
16:21:16.975 [i] system_check files_found=-1 elapsed_seconds=0.006334167 kind=qa_success event=info status=in_progress phase=discovery
16:21:17.157 [i] system_check status=in_progress phase=discovery files_found=-1 elapsed_seconds=0.195761958 kind=backlog_item event=info
16:21:18.192 [i] Operation in progress: system_check operation_id=system_check_1788564038192504000 operation_type=system_check old_status=in_progress new_status=in_progress event=info
16:21:18.961 [i] system_check event=info status=in_progress phase=discovery files_found=8843 elapsed_seconds=2.000341042
16:21:19.588 [i] system_check phase=discovery files_found=-1 elapsed_seconds=2.623586 kind=agent_task event=info status=in_progress
16:21:19.588 [i] discovery_completion files_found=8971 duration_seconds=2.627140334 status=completed kinds=[account agent_architecture agent_feed agent_onboarding_preparation agent_skill agent_task api_spec auth_strategy backlog_item base_sampler brand bucketing_strategy capability capacity_advertisement certificate command_spec component compute_advertisement context_refresh_schedule convergence_session corporate_initiative criteria decision department digital_asset division doc_entry domain_registry evolution_management field_registry fission_event glossary_term glossary_term_relation goal import_tracking important_date inference_heuristic keystore_entry kind_synonym library list_metric_sampler mcp_spec metadata_package metrics_feedback milestone mission namespace namespace_registry object_spec ordered_list_metric_sampler organization organizational_change partnership persona pipeline pipeline_definition pipeline_execution pipeline_stage policy priority_plan process_hygiene_rule prompt_template provider_profile qa_success question release remote_kernel requirement resolver risk_blocker roadmap role rollback_report rule sampler_profile scalar_metric_sampler scenario scheduler_handler_binding shockwave_router stakeholder_profile status_history_metric_sampler strategic_context strategic_plan team team_configuration technical_debt technical_spec template test_case test_command_rule translation_manifest validation_rule vision visual_plan vitality_report vocabulary_scheme watchdog_registration workflow workstream workstream_transition] event=info kinds_count=100
16:21:19.590 [i] async_validation worker_count=1 processed_count=0 failed_count=0 status=started event=info event_type=worker_start worker_id=worker_0
16:21:19.590 [i] async_validation failed_count=0 status=started event=info event_type=worker_start worker_id=worker_0 worker_count=1 processed_count=0
16:21:19.592 [i] async_validation event_type=worker_start worker_id=worker_1 worker_count=2 processed_count=0 failed_count=0 status=started event=info
16:21:19.593 [i] async_validation event=info event_type=worker_start worker_id=worker_1 worker_count=2 processed_count=0 failed_count=0 status=started
16:21:19.594 [i] async_validation worker_id=worker_2 worker_count=3 processed_count=0 failed_count=0 status=started event=info event_type=worker_start
16:21:19.595 [i] async_validation status=started event=info event_type=worker_start worker_id=worker_2 worker_count=3 processed_count=0 failed_count=0
16:21:19.599 [i] async_validation event=info event_type=worker_start worker_id=worker_3 worker_count=4 processed_count=0 failed_count=0 status=started
16:21:19.599 [i] async_validation event=info event_type=worker_start worker_id=worker_3 worker_count=4 processed_count=0 failed_count=0 status=started
16:21:19.602 [i] async_validation event=info event_type=worker_start worker_id=worker_4 worker_count=5 processed_count=0 failed_count=0 status=started
16:21:19.602 [i] async_validation status=started event=info event_type=worker_start worker_id=worker_4 worker_count=5 processed_count=0 failed_count=0
16:21:19.604 [i] async_validation event=info event_type=worker_start worker_id=worker_5 worker_count=6 processed_count=0 failed_count=0 status=started
16:21:19.604 [i] async_validation worker_count=6 processed_count=0 failed_count=0 status=started event=info event_type=worker_start worker_id=worker_5
16:21:19.606 [i] async_validation event=info event_type=worker_start worker_id=worker_6 worker_count=7 processed_count=0 failed_count=0 status=started
16:21:19.606 [i] async_validation failed_count=0 status=started event=info event_type=worker_start worker_id=worker_6 worker_count=7 processed_count=0
16:21:19.608 [i] async_validation status=started event=info event_type=worker_start worker_id=worker_7 worker_count=8 processed_count=0 failed_count=0
16:21:19.608 [i] async_validation event=info event_type=worker_start worker_id=worker_7 worker_count=8 processed_count=0 failed_count=0 status=started
16:21:19.610 [i] async_validation event=info event_type=worker_start worker_id=worker_8 worker_count=9 processed_count=0 failed_count=0 status=started
16:21:19.610 [i] async_validation failed_count=0 status=started event=info event_type=worker_start worker_id=worker_8 worker_count=9 processed_count=0
16:21:19.612 [i] async_validation failed_count=0 status=started event=info event_type=worker_start worker_id=worker_9 worker_count=10 processed_count=0
16:21:19.612 [i] async_validation status=started event=info event_type=worker_start worker_id=worker_9 worker_count=10 processed_count=0 failed_count=0
16:21:19.614 [i] async_validation event=info event_type=worker_start worker_id=worker_10 worker_count=11 processed_count=0 failed_count=0 status=started
16:21:19.614 [i] async_validation event=info event_type=worker_start worker_id=worker_10 worker_count=11 processed_count=0 failed_count=0 status=started
16:21:19.616 [i] async_validation processed_count=0 failed_count=0 status=started event=info event_type=worker_start worker_id=worker_11 worker_count=12
16:21:19.616 [i] async_validation status=started event=info event_type=worker_start worker_id=worker_11 worker_count=12 processed_count=0 failed_count=0
16:21:19.618 [i] async_validation event_type=worker_start worker_id=worker_12 worker_count=13 processed_count=0 failed_count=0 status=started event=info
16:21:19.618 [i] async_validation event_type=worker_start worker_id=worker_12 worker_count=13 processed_count=0 failed_count=0 status=started event=info
16:21:19.620 [i] async_validation failed_count=0 status=started event=info event_type=worker_start worker_id=worker_13 worker_count=14 processed_count=0
16:21:19.620 [i] async_validation processed_count=0 failed_count=0 status=started event=info event_type=worker_start worker_id=worker_13 worker_count=14
16:21:19.622 [i] async_validation worker_count=15 processed_count=0 failed_count=0 status=started event=info event_type=worker_start worker_id=worker_14
16:21:19.622 [i] async_validation event=info event_type=worker_start worker_id=worker_14 worker_count=15 processed_count=0 failed_count=0 status=started
16:21:19.625 [i] async_validation failed_count=0 status=started event=info event_type=worker_start worker_id=worker_15 worker_count=16 processed_count=0
16:21:19.625 [i] async_validation processed_count=0 failed_count=0 status=started event=info event_type=worker_start worker_id=worker_15 worker_count=16
16:21:19.798 [i] Enqueued objects total total=8971 enqueued_ids=8971 tasks_passed_to_validator=8971 cache_hits=0 cache_misses=8971
16:21:19.798 [i] Pipeline stage completed pipeline_kind=system.async_check_discover_and_enqueue_objects stage=INGEST duration=2.839168875s
16:21:19.798 [i] Pipeline stage completed duration=42ns pipeline_kind=system.async_check_discover_and_enqueue_objects stage=FINALIZE
16:21:19.806 [i] system_check event=info operation_id=check_1788564038192531000 operation_type=system_check status=started total_tasks=8971
16:21:21.140 [i] === POL-DEBUG-001 DEBUG: BEFORE RE-PARSE IN checkObjectWithCacheAndContent === filePath=/Users/lanceettl/zqk-restore-clone/docs/process/policies/645de98670d9ae246b10e24fa7ab97fd6ae1cb0af9497973d7ae2dc59723a1ea.yaml content_len=798 obj_properties_len=17
16:21:21.140 [i] Initial obj.Properties state category_exists=true category_value=code_quality policy_type_exists=true policy_type_value=requirement body_exists=true body_type=string
16:21:21.140 [i] Re-read file from disk latest_content_len=798 file_path=/Users/lanceettl/zqk-restore-clone/docs/process/policies/645de98670d9ae246b10e24fa7ab97fd6ae1cb0af9497973d7ae2dc59723a1ea.yaml
16:21:21.140 [i] === POL-DEBUG-001 DEBUG: FINAL objMap BEFORE VALIDATION === objMap_len=17
16:21:21.140 [i] Final objMap state category_exists=true category_value=code_quality policy_type_exists=true policy_type_value=requirement body_exists=true body_type=string body_preview=**Policy governing the approach to debugging issues in the ZQK system. When encountering hangs, cras...
16:21:21.140 [i] === POL-DEBUG-001 DEBUG: VALIDATOR INPUT === kind=policy objMap_len=17
16:21:21.140 [i] Validator input objMap state policy_type_value=requirement body_exists=true body_type=string category_exists=true category_value=code_quality policy_type_exists=true
16:21:21.140 [i] === POL-DEBUG-001 DEBUG: VALIDATOR RESULT === errors_count=0 warnings_count=0
16:21:23.192 [i] Operation in progress: system_check event=info operation_id=system_check_1788564038192504000 operation_type=system_check old_status=in_progress new_status=in_progress
16:21:28.192 [i] Operation in progress: system_check event=info operation_id=system_check_1788564038192504000 operation_type=system_check old_status=in_progress new_status=in_progress
16:21:29.211 [i] cache_sidecars event=info cache_event=cache_sidecars_idle project_root=/Users/lanceettl/zqk-restore-clone
16:21:33.192 [i] Operation in progress: system_check operation_id=system_check_1788564038192504000 operation_type=system_check old_status=in_progress new_status=in_progress event=info
16:21:36.440 [w] validation_phase_slow object_id=PRI-CEF-REMAINING-OPEN-CLOSE-001 kind=priority_plan phase=instance_validation duration=4.373779167s
16:21:38.192 [i] Operation in progress: system_check event=info operation_id=system_check_1788564038192504000 operation_type=system_check old_status=in_progress new_status=in_progress
16:21:43.192 [i] Operation in progress: system_check event=info operation_id=system_check_1788564038192504000 operation_type=system_check old_status=in_progress new_status=in_progress
16:21:48.192 [i] Operation in progress: system_check event=info operation_id=system_check_1788564038192504000 operation_type=system_check old_status=in_progress new_status=in_progress
16:21:53.192 [i] Operation in progress: system_check event=info operation_id=system_check_1788564038192504000 operation_type=system_check old_status=in_progress new_status=in_progress
16:21:58.192 [i] Operation in progress: system_check event=info operation_id=system_check_1788564038192504000 operation_type=system_check old_status=in_progress new_status=in_progress
16:22:03.192 [i] Operation in progress: system_check event=info operation_id=system_check_1788564038192504000 operation_type=system_check old_status=in_progress new_status=in_progress
16:22:08.192 [i] Operation in progress: system_check event=info operation_id=system_check_1788564038192504000 operation_type=system_check old_status=in_progress new_status=in_progress
16:22:13.192 [i] Operation in progress: system_check event=info operation_id=system_check_1788564038192504000 operation_type=system_check old_status=in_progress new_status=in_progress
16:22:18.192 [i] Operation in progress: system_check event=info operation_id=system_check_1788564038192504000 operation_type=system_check old_status=in_progress new_status=in_progress
16:22:23.192 [i] Operation in progress: system_check operation_type=system_check old_status=in_progress new_status=in_progress event=info operation_id=system_check_1788564038192504000
16:22:28.192 [i] Operation in progress: system_check new_status=in_progress event=info operation_id=system_check_1788564038192504000 operation_type=system_check old_status=in_progress
16:22:33.192 [i] Operation in progress: system_check event=info operation_id=system_check_1788564038192504000 operation_type=system_check old_status=in_progress new_status=in_progress
16:24:53.780 [i] Validation queue is empty (awaiting in-flight workers and finalization) event=info percent_complete=99.81050050161632 completed=8954 failed=0 operation_id=check_1788564038192531000 progress=8954 total_tasks=8971 queue_size=0
16:24:54.808 [i] Queue empty and all tasks accounted for - stopping validator to force completion detection progress_count=8971 cached_count=0 total_tasks=8971 time_since_progress=42ns active_workers=16 percent_complete=100.0%
16:24:54.808 [i] Stopping async validator active_workers=16 active_goroutines=17 queue_size=0 worker_stop_timeout=1m0s
16:24:54.808 [i] All workers stopped
16:24:54.808 [i] Async validator stopped active_goroutines=1
16:25:16.248 [i] system_check operation_id=check_1788564038192531000 status=completed duration_seconds=278.031938 event=info
16:25:16.248 [i] Complete operation_type=system_check old_status=in_progress new_status=complete duration=4m38.056389916s event=info operation_id=system_check_1788564038192504000
16:25:16.268 [i] Validating schema event=info operation_id=system_check_1788564038192504000 operation_type=system_check old_status=started new_status=spec
16:25:16.268 [i] Validating lifecycle event=info operation_id=system_check_1788564038192504000 operation_type=system_check old_status=started new_status=lifecycle
16:25:16.274 [i] Complete event=info operation_id=cli_1788564035729506000 operation_type=cli old_status=in_progress new_status=complete duration=4m40.545355s
16:25:16.275 [i] initiate event=info queue_name=io_queue_manager event_type=initiate pending_count=0 is_critical=true duration_ms=0
16:25:16.275 [i] initiate pending_count=0 is_critical=true duration_ms=0 event=info queue_name=hash_registry_manager event_type=initiate
16:25:16.275 [i] initiate is_critical=true duration_ms=0 event=info queue_name=io_queue_manager event_type=initiate pending_count=0
16:25:16.275 [i] initiate queue_name=listing_index_write_queue event_type=initiate pending_count=0 is_critical=true duration_ms=0 event=info
16:25:16.275 [i] initiate event=info queue_name=async_validation_strategies event_type=initiate pending_count=0 is_critical=false duration_ms=0
16:25:16.275 [i] initiate event_type=initiate pending_count=0 is_critical=false duration_ms=0 event=info queue_name=cas_orphan_cleanup_queue
16:25:16.275 [i] initiate event=info queue_name=audit_event_buffer event_type=initiate pending_count=0 is_critical=false duration_ms=0
16:25:16.275 [i] initiate pending_count=0 is_critical=true duration_ms=0 event=info queue_name=hash_registry_manager event_type=initiate
16:25:16.275 [i] initiate event=info queue_name=listing_index_write_queue event_type=initiate pending_count=0 is_critical=true duration_ms=0
16:25:16.275 [i] initiate event=info queue_name=id_generation_queue_manager event_type=initiate pending_count=0 is_critical=false duration_ms=0
16:25:16.359 [i] initiate is_critical=true duration_ms=0 event=info queue_name=async_validator event_type=initiate pending_count=0
16:25:16.359 [i] drain_complete is_critical=false duration_ms=0 event=info queue_name=async_validation_strategies event_type=drain_complete pending_count=0
16:25:16.359 [i] initiate queue_name=write-behind-worker-/Users/lanceettl/zqk-restore-clone event_type=initiate pending_count=0 is_critical=true duration_ms=84 event=info
16:25:16.359 [i] drain_start event_type=drain_start pending_count=0 is_critical=false duration_ms=0 event=info queue_name=async_validation_strategies
16:25:16.359 [i] drain_complete pending_count=0 is_critical=false duration_ms=0 event=info queue_name=audit_event_buffer event_type=drain_complete
16:25:16.359 [i] drain_start event=info queue_name=listing_index_write_queue event_type=drain_start pending_count=0 is_critical=true duration_ms=0
16:25:16.359 [i] drain_start event=info queue_name=async_validator event_type=drain_start pending_count=0 is_critical=true duration_ms=0
16:25:16.359 [i] drain_complete event=info queue_name=write-behind-worker-/Users/lanceettl/zqk-restore-clone event_type=drain_complete pending_count=0 is_critical=true duration_ms=0
16:25:16.359 [i] drain_complete queue_name=hash_registry_manager event_type=drain_complete pending_count=0 is_critical=true duration_ms=0 event=info
16:25:16.359 [i] drain_complete event_type=drain_complete pending_count=0 is_critical=true duration_ms=0 event=info queue_name=listing_index_write_queue
16:25:16.359 [i] drain_start event=info queue_name=audit_event_buffer event_type=drain_start pending_count=0 is_critical=false duration_ms=0
16:25:16.359 [i] drain_complete duration_ms=0 event=info queue_name=hash_registry_manager event_type=drain_complete pending_count=0 is_critical=true
16:25:16.359 [i] drain_start duration_ms=0 event=info queue_name=hash_registry_manager event_type=drain_start pending_count=0 is_critical=true
16:25:16.359 [i] drain_complete event_type=drain_complete pending_count=0 is_critical=false duration_ms=0 event=info queue_name=id_generation_queue_manager
16:25:16.359 [i] drain_start event=info queue_name=io_queue_manager event_type=drain_start pending_count=0 is_critical=true duration_ms=0
16:25:16.359 [i] drain_complete pending_count=0 is_critical=true duration_ms=0 event=info queue_name=io_queue_manager event_type=drain_complete
16:25:16.359 [i] drain_complete event=info queue_name=io_queue_manager event_type=drain_complete pending_count=0 is_critical=true duration_ms=0
16:25:16.359 [i] drain_complete event=info queue_name=listing_index_write_queue event_type=drain_complete pending_count=0 is_critical=true duration_ms=0
16:25:16.359 [i] drain_start is_critical=true duration_ms=0 event=info queue_name=hash_registry_manager event_type=drain_start pending_count=0
16:25:16.359 [i] drain_start event=info queue_name=id_generation_queue_manager event_type=drain_start pending_count=0 is_critical=false duration_ms=0
16:25:16.359 [i] drain_start event=info queue_name=listing_index_write_queue event_type=drain_start pending_count=0 is_critical=true duration_ms=0
16:25:16.359 [i] drain_start duration_ms=0 event=info queue_name=io_queue_manager event_type=drain_start pending_count=0 is_critical=true
16:25:16.359 [i] drain_start is_critical=true duration_ms=0 event=info queue_name=write-behind-worker-/Users/lanceettl/zqk-restore-clone event_type=drain_start pending_count=0
16:25:16.359 [i] drain_start event=info queue_name=cas_orphan_cleanup_queue event_type=drain_start pending_count=0 is_critical=false duration_ms=0
16:25:16.359 [i] drain_complete event=info queue_name=cas_orphan_cleanup_queue event_type=drain_complete pending_count=0 is_critical=false duration_ms=0
16:38:28.439 [i] Validating schema event=info operation_id=cli_1788565107743845000 operation_type=cli old_status=started new_status=spec
16:38:28.439 [i] Validating lifecycle event=info operation_id=cli_1788565107743845000 operation_type=cli old_status=started new_status=lifecycle
16:38:28.464 [i] Validating schema event=info operation_id=cli_1788565107743845000 operation_type=cli old_status=started new_status=spec
16:38:28.464 [i] Validating lifecycle event=info operation_id=cli_1788565107743845000 operation_type=cli old_status=started new_status=lifecycle
16:38:28.471 [i] system_check event=info operation_id=check_1788565108466866000 operation_type=system_check status=started mode=async_follow phase=start
16:38:29.964 [i] Async validator started max_workers=16 semaphore_capacity=16 active_goroutines=0 worker_stop_timeout=1m0s cache_save_timeout=20s
16:38:29.968 [i] Object ID cache count mismatch with storage; using storage discovery and triggering cache rebuild
16:38:29.968 [i] Starting object discovery kind_count=100 target_kind=
16:38:29.969 [i] system_check status=started phase=discovery kinds=[account agent_architecture agent_feed agent_onboarding_preparation agent_skill agent_task api_spec auth_strategy backlog_item base_sampler brand bucketing_strategy capability capacity_advertisement certificate command_spec component compute_advertisement context_refresh_schedule convergence_session corporate_initiative criteria decision department digital_asset division doc_entry domain_registry evolution_management field_registry fission_event glossary_term glossary_term_relation goal import_tracking important_date inference_heuristic keystore_entry kind_synonym library list_metric_sampler mcp_spec metadata_package metrics_feedback milestone mission namespace namespace_registry object_spec ordered_list_metric_sampler organization organizational_change partnership persona pipeline pipeline_definition pipeline_execution pipeline_stage policy priority_plan process_hygiene_rule prompt_template provider_profile qa_success question release remote_kernel requirement resolver risk_blocker roadmap role rollback_report rule sampler_profile scalar_metric_sampler scenario scheduler_handler_binding shockwave_router stakeholder_profile status_history_metric_sampler strategic_context strategic_plan team team_configuration technical_debt technical_spec template test_case test_command_rule translation_manifest validation_rule vision visual_plan vitality_report vocabulary_scheme watchdog_registration workflow workstream workstream_transition] event=info kinds_count=100 process_dir=/Users/lanceettl/zqk-restore-clone/docs/process
16:38:29.969 [i] system_check files_found=-1 elapsed_seconds=9.4958e-05 kind=agent_architecture event=info status=in_progress phase=discovery
16:38:29.969 [i] system_check kind=api_spec event=info status=in_progress phase=discovery files_found=-1 elapsed_seconds=8.6583e-05
16:38:29.969 [i] system_check event=info status=in_progress phase=discovery files_found=-1 elapsed_seconds=5.525e-05 kind=agent_onboarding_preparation
16:38:29.969 [i] system_check event=info status=in_progress phase=discovery files_found=-1 elapsed_seconds=3.9292e-05 kind=agent_feed
16:38:29.969 [i] system_check event=info status=in_progress phase=discovery files_found=-1 elapsed_seconds=0.000262 kind=agent_skill
16:38:29.969 [i] system_check event=info status=in_progress phase=discovery files_found=-1 elapsed_seconds=0.000189875 kind=auth_strategy
16:38:29.969 [i] system_check elapsed_seconds=0.000838917 kind=account event=info status=in_progress phase=discovery files_found=-1
16:38:29.970 [i] system_check elapsed_seconds=4.8417e-05 kind=pipeline event=info status=in_progress phase=discovery files_found=-1
16:38:29.970 [i] system_check event=info status=in_progress phase=discovery files_found=-1 elapsed_seconds=0.000178542 kind=glossary_term_relation
16:38:29.970 [i] system_check files_found=-1 elapsed_seconds=8.4792e-05 kind=namespace event=info status=in_progress phase=discovery
16:38:29.970 [i] system_check event=info status=in_progress phase=discovery files_found=-1 elapsed_seconds=3.8041e-05 kind=base_sampler
16:38:29.970 [i] system_check files_found=-1 elapsed_seconds=2.5584e-05 kind=corporate_initiative event=info status=in_progress phase=discovery
16:38:29.970 [i] system_check event=info status=in_progress phase=discovery files_found=-1 elapsed_seconds=4.2791e-05 kind=namespace_registry
16:38:29.970 [i] system_check event=info status=in_progress phase=discovery files_found=-1 elapsed_seconds=2.7042e-05 kind=partnership
16:38:29.970 [i] system_check event=info status=in_progress phase=discovery files_found=-1 elapsed_seconds=4e-05 kind=brand
16:38:29.970 [i] system_check event=info status=in_progress phase=discovery files_found=-1 elapsed_seconds=0.000629958 kind=object_spec
16:38:29.970 [i] system_check event=info status=in_progress phase=discovery files_found=-1 elapsed_seconds=0.000292042 kind=persona
16:38:29.970 [i] system_check kind=bucketing_strategy event=info status=in_progress phase=discovery files_found=-1 elapsed_seconds=2.4791e-05
16:38:29.970 [i] system_check event=info status=in_progress phase=discovery files_found=-1 elapsed_seconds=2.2667e-05 kind=component
16:38:29.970 [i] system_check kind=capability event=info status=in_progress phase=discovery files_found=-1 elapsed_seconds=0.000122959
16:38:29.970 [i] system_check event=info status=in_progress phase=discovery files_found=-1 elapsed_seconds=2.7458e-05 kind=compute_advertisement
16:38:29.970 [i] system_check phase=discovery files_found=-1 elapsed_seconds=7.4459e-05 kind=capacity_advertisement event=info status=in_progress
16:38:29.970 [i] system_check event=info status=in_progress phase=discovery files_found=-1 elapsed_seconds=2.425e-05 kind=context_refresh_schedule
16:38:29.970 [i] system_check status=in_progress phase=discovery files_found=-1 elapsed_seconds=0.000177167 kind=certificate event=info
16:38:29.970 [i] system_check status=in_progress phase=discovery files_found=-1 elapsed_seconds=2.7542e-05 kind=command_spec event=info
16:38:29.970 [i] system_check event=info status=in_progress phase=discovery files_found=-1 elapsed_seconds=0.00011625 kind=convergence_session
16:38:29.970 [i] system_check event=info status=in_progress phase=discovery files_found=-1 elapsed_seconds=3.8834e-05 kind=ordered_list_metric_sampler
16:38:29.970 [i] system_check event=info status=in_progress phase=discovery files_found=-1 elapsed_seconds=5.5875e-05 kind=organization
16:38:29.970 [i] system_check event=info status=in_progress phase=discovery files_found=-1 elapsed_seconds=0.000557416 kind=metadata_package
16:38:29.970 [i] system_check files_found=-1 elapsed_seconds=0.00100375 kind=organizational_change event=info status=in_progress phase=discovery
16:38:29.970 [i] system_check phase=discovery files_found=-1 elapsed_seconds=3.775e-05 kind=mission event=info status=in_progress
16:38:29.970 [i] system_check event=info status=in_progress phase=discovery files_found=-1 elapsed_seconds=0.000420417 kind=goal
16:38:29.970 [i] system_check kind=import_tracking event=info status=in_progress phase=discovery files_found=-1 elapsed_seconds=2.6417e-05
16:38:29.971 [i] system_check event=info status=in_progress phase=discovery files_found=-1 elapsed_seconds=2.4583e-05 kind=important_date
16:38:29.971 [i] system_check event=info status=in_progress phase=discovery files_found=-1 elapsed_seconds=3.4917e-05 kind=inference_heuristic
16:38:29.971 [i] system_check files_found=-1 elapsed_seconds=2.2125e-05 kind=keystore_entry event=info status=in_progress phase=discovery
16:38:29.971 [i] system_check event=info status=in_progress phase=discovery files_found=-1 elapsed_seconds=4.5125e-05 kind=kind_synonym
16:38:29.982 [i] system_check event=info status=in_progress phase=discovery files_found=-1 elapsed_seconds=4.75e-05 kind=library
16:38:29.982 [i] system_check files_found=-1 elapsed_seconds=3.1417e-05 kind=list_metric_sampler event=info status=in_progress phase=discovery
16:38:29.982 [i] system_check phase=discovery files_found=-1 elapsed_seconds=3.2042e-05 kind=mcp_spec event=info status=in_progress
16:38:29.982 [i] system_check phase=discovery files_found=-1 elapsed_seconds=3.025e-05 kind=metrics_feedback event=info status=in_progress
16:38:29.982 [i] system_check elapsed_seconds=0.000673292 kind=milestone event=info status=in_progress phase=discovery files_found=-1
16:38:29.982 [i] system_check phase=discovery files_found=-1 elapsed_seconds=0.011725875 kind=pipeline_definition event=info status=in_progress
16:38:29.982 [i] system_check event=info status=in_progress phase=discovery files_found=-1 elapsed_seconds=4.8625e-05 kind=digital_asset
16:38:29.982 [i] system_check event=info status=in_progress phase=discovery files_found=-1 elapsed_seconds=6.3042e-05 kind=division
16:38:29.983 [i] system_check phase=discovery files_found=-1 elapsed_seconds=0.000305 kind=workflow event=info status=in_progress
16:38:29.983 [i] system_check phase=discovery files_found=-1 elapsed_seconds=0.000320041 kind=workstream event=info status=in_progress
16:38:29.983 [i] system_check phase=discovery files_found=-1 elapsed_seconds=3.1084e-05 kind=workstream_transition event=info status=in_progress
16:38:29.983 [i] system_check files_found=-1 elapsed_seconds=3.275e-05 kind=test_command_rule event=info status=in_progress phase=discovery
16:38:29.983 [i] system_check event=info status=in_progress phase=discovery files_found=-1 elapsed_seconds=5.0667e-05 kind=shockwave_router
16:38:29.983 [i] system_check elapsed_seconds=2.5292e-05 kind=stakeholder_profile event=info status=in_progress phase=discovery files_found=-1
16:38:29.983 [i] system_check event=info status=in_progress phase=discovery files_found=-1 elapsed_seconds=3.375e-05 kind=status_history_metric_sampler
16:38:29.983 [i] system_check phase=discovery files_found=-1 elapsed_seconds=6.9708e-05 kind=strategic_context event=info status=in_progress
16:38:29.983 [i] system_check event=info status=in_progress phase=discovery files_found=-1 elapsed_seconds=2.2625e-05 kind=strategic_plan
16:38:29.984 [i] system_check event=info status=in_progress phase=discovery files_found=-1 elapsed_seconds=7.0875e-05 kind=vocabulary_scheme
16:38:29.984 [i] system_check event=info status=in_progress phase=discovery files_found=-1 elapsed_seconds=3.0208e-05 kind=translation_manifest
16:38:29.984 [i] system_check files_found=-1 elapsed_seconds=0.000408583 kind=domain_registry event=info status=in_progress phase=discovery
16:38:29.985 [i] system_check files_found=-1 elapsed_seconds=6.2166e-05 kind=vision event=info status=in_progress phase=discovery
16:38:29.985 [i] system_check elapsed_seconds=4.1541e-05 kind=visual_plan event=info status=in_progress phase=discovery files_found=-1
16:38:29.985 [i] system_check event=info status=in_progress phase=discovery files_found=-1 elapsed_seconds=6.1375e-05 kind=vitality_report
16:38:29.985 [i] system_check event=info status=in_progress phase=discovery files_found=-1 elapsed_seconds=0.014201709 kind=validation_rule
16:38:29.985 [i] system_check files_found=-1 elapsed_seconds=0.003006084 kind=pipeline_execution event=info status=in_progress phase=discovery
16:38:29.987 [i] system_check phase=discovery files_found=-1 elapsed_seconds=0.005517 kind=watchdog_registration event=info status=in_progress
16:38:29.988 [i] system_check status=in_progress phase=discovery files_found=-1 elapsed_seconds=9.6208e-05 kind=team_configuration event=info
16:38:29.988 [i] system_check event=info status=in_progress phase=discovery files_found=-1 elapsed_seconds=0.000263708 kind=technical_debt
16:38:29.988 [i] system_check status=in_progress phase=discovery files_found=-1 elapsed_seconds=0.00013075 kind=decision event=info
16:38:29.988 [i] system_check files_found=-1 elapsed_seconds=3.0542e-05 kind=department event=info status=in_progress phase=discovery
16:38:29.988 [i] system_check event=info status=in_progress phase=discovery files_found=-1 elapsed_seconds=4.5584e-05 kind=template
16:38:29.988 [i] system_check event=info status=in_progress phase=discovery files_found=-1 elapsed_seconds=6.6583e-05 kind=technical_spec
16:38:29.988 [i] system_check event=info status=in_progress phase=discovery files_found=-1 elapsed_seconds=0.000371875 kind=test_case
16:38:29.988 [i] system_check elapsed_seconds=0.011364 kind=team event=info status=in_progress phase=discovery files_found=-1
16:38:29.988 [i] system_check event=info status=in_progress phase=discovery files_found=-1 elapsed_seconds=0.000450875 kind=scheduler_handler_binding
16:38:29.989 [i] system_check status=in_progress phase=discovery files_found=-1 elapsed_seconds=3.1625e-05 kind=provider_profile event=info
16:38:29.989 [i] system_check kind=question event=info status=in_progress phase=discovery files_found=-1 elapsed_seconds=0.000114792
16:38:29.989 [i] system_check event=info status=in_progress phase=discovery files_found=-1 elapsed_seconds=0.000213833 kind=prompt_template
16:38:29.989 [i] system_check status=in_progress phase=discovery files_found=-1 elapsed_seconds=3.1083e-05 kind=process_hygiene_rule event=info
16:38:29.989 [i] system_check event=info status=in_progress phase=discovery files_found=-1 elapsed_seconds=4.8834e-05 kind=pipeline_stage
16:38:29.989 [i] system_check event=info status=in_progress phase=discovery files_found=-1 elapsed_seconds=0.000132167 kind=remote_kernel
16:38:29.989 [i] system_check event=info status=in_progress phase=discovery files_found=-1 elapsed_seconds=0.000159125 kind=sampler_profile
16:38:29.989 [i] system_check files_found=-1 elapsed_seconds=3.8917e-05 kind=scalar_metric_sampler event=info status=in_progress phase=discovery
16:38:29.989 [i] system_check elapsed_seconds=3.1208e-05 kind=release event=info status=in_progress phase=discovery files_found=-1
16:38:29.989 [i] system_check event=info status=in_progress phase=discovery files_found=-1 elapsed_seconds=0.000119958 kind=role
16:38:29.989 [i] system_check files_found=-1 elapsed_seconds=3.2333e-05 kind=field_registry event=info status=in_progress phase=discovery
16:38:29.989 [i] system_check kind=policy event=info status=in_progress phase=discovery files_found=-1 elapsed_seconds=0.000813459
16:38:29.991 [i] system_check phase=discovery files_found=-1 elapsed_seconds=0.00051425 kind=priority_plan event=info status=in_progress
16:38:29.991 [i] system_check kind=scenario event=info status=in_progress phase=discovery files_found=-1 elapsed_seconds=3.3792e-05
16:38:29.991 [i] system_check phase=discovery files_found=-1 elapsed_seconds=0.018676833 kind=criteria event=info status=in_progress
16:38:29.991 [i] system_check phase=discovery files_found=-1 elapsed_seconds=2.9125e-05 kind=fission_event event=info status=in_progress
16:38:29.991 [i] system_check status=in_progress phase=discovery files_found=-1 elapsed_seconds=2.5584e-05 kind=evolution_management event=info
16:38:29.991 [i] system_check files_found=-1 elapsed_seconds=7.9375e-05 kind=roadmap event=info status=in_progress phase=discovery
16:38:29.991 [i] system_check phase=discovery files_found=-1 elapsed_seconds=0.001273334 kind=requirement event=info status=in_progress
16:38:29.991 [i] system_check kind=rollback_report event=info status=in_progress phase=discovery files_found=-1 elapsed_seconds=0.002397333
16:38:29.991 [i] system_check event=info status=in_progress phase=discovery files_found=-1 elapsed_seconds=7.7791e-05 kind=rule
16:38:29.991 [i] system_check phase=discovery files_found=-1 elapsed_seconds=0.000824292 kind=risk_blocker event=info status=in_progress
16:38:29.992 [i] system_check files_found=-1 elapsed_seconds=0.023085375 kind=glossary_term event=info status=in_progress phase=discovery
16:38:29.992 [i] system_check event=info status=in_progress phase=discovery files_found=-1 elapsed_seconds=0.002698291 kind=resolver
16:38:29.993 [i] system_check phase=discovery files_found=-1 elapsed_seconds=0.006866708 kind=qa_success event=info status=in_progress
16:38:29.993 [i] system_check event=info status=in_progress phase=discovery files_found=-1 elapsed_seconds=0.02329575 kind=doc_entry
16:38:30.127 [i] system_check phase=discovery files_found=-1 elapsed_seconds=0.158032083 kind=backlog_item event=info status=in_progress
16:38:30.742 [i] system_check phase=discovery files_found=-1 elapsed_seconds=0.773768 kind=agent_task event=info status=in_progress
16:38:30.743 [i] discovery_completion status=completed kinds=[account agent_architecture agent_feed agent_onboarding_preparation agent_skill agent_task api_spec auth_strategy backlog_item base_sampler brand bucketing_strategy capability capacity_advertisement certificate command_spec component compute_advertisement context_refresh_schedule convergence_session corporate_initiative criteria decision department digital_asset division doc_entry domain_registry evolution_management field_registry fission_event glossary_term glossary_term_relation goal import_tracking important_date inference_heuristic keystore_entry kind_synonym library list_metric_sampler mcp_spec metadata_package metrics_feedback milestone mission namespace namespace_registry object_spec ordered_list_metric_sampler organization organizational_change partnership persona pipeline pipeline_definition pipeline_execution pipeline_stage policy priority_plan process_hygiene_rule prompt_template provider_profile qa_success question release remote_kernel requirement resolver risk_blocker roadmap role rollback_report rule sampler_profile scalar_metric_sampler scenario scheduler_handler_binding shockwave_router stakeholder_profile status_history_metric_sampler strategic_context strategic_plan team team_configuration technical_debt technical_spec template test_case test_command_rule translation_manifest validation_rule vision visual_plan vitality_report vocabulary_scheme watchdog_registration workflow workstream workstream_transition] event=info kinds_count=100 files_found=8953 duration_seconds=0.774073167
16:38:30.751 [i] async_validation event=info event_type=worker_start worker_id=worker_0 worker_count=1 processed_count=0 failed_count=0 status=started
16:38:30.751 [i] async_validation worker_id=worker_0 worker_count=1 processed_count=0 failed_count=0 status=started event=info event_type=worker_start
16:38:30.762 [i] async_validation status=started event=info event_type=worker_start worker_id=worker_2 worker_count=3 processed_count=0 failed_count=0
16:38:30.762 [i] async_validation event_type=worker_start worker_id=worker_1 worker_count=2 processed_count=0 failed_count=0 status=started event=info
16:38:30.762 [i] async_validation processed_count=0 failed_count=0 status=started event=info event_type=worker_start worker_id=worker_2 worker_count=4
16:38:30.762 [i] async_validation worker_count=4 processed_count=0 failed_count=0 status=started event=info event_type=worker_start worker_id=worker_3
16:38:30.767 [i] async_validation processed_count=0 failed_count=0 status=started event=info event_type=worker_start worker_id=worker_1 worker_count=4
16:38:30.768 [i] async_validation processed_count=0 failed_count=0 status=started event=info event_type=worker_start worker_id=worker_5 worker_count=6
16:38:30.768 [i] async_validation worker_id=worker_6 worker_count=7 processed_count=0 failed_count=0 status=started event=info event_type=worker_start
16:38:30.768 [i] async_validation status=started event=info event_type=worker_start worker_id=worker_4 worker_count=7 processed_count=0 failed_count=0
16:38:30.768 [i] async_validation status=started event=info event_type=worker_start worker_id=worker_4 worker_count=5 processed_count=0 failed_count=0
16:38:30.768 [i] async_validation failed_count=0 status=started event=info event_type=worker_start worker_id=worker_3 worker_count=6 processed_count=0
16:38:30.770 [i] async_validation worker_id=worker_5 worker_count=7 processed_count=0 failed_count=0 status=started event=info event_type=worker_start
16:38:30.770 [i] async_validation event=info event_type=worker_start worker_id=worker_7 worker_count=8 processed_count=0 failed_count=0 status=started
16:38:30.770 [i] async_validation worker_count=8 processed_count=0 failed_count=0 status=started event=info event_type=worker_start worker_id=worker_6
16:38:30.771 [i] async_validation worker_id=worker_7 worker_count=8 processed_count=0 failed_count=0 status=started event=info event_type=worker_start
16:38:30.773 [i] async_validation event=info event_type=worker_start worker_id=worker_8 worker_count=9 processed_count=0 failed_count=0 status=started
16:38:30.773 [i] async_validation event_type=worker_start worker_id=worker_8 worker_count=9 processed_count=0 failed_count=0 status=started event=info
16:38:30.779 [i] async_validation event=info event_type=worker_start worker_id=worker_9 worker_count=10 processed_count=0 failed_count=0 status=started
16:38:30.779 [i] async_validation event=info event_type=worker_start worker_id=worker_9 worker_count=10 processed_count=0 failed_count=0 status=started
16:38:30.787 [i] async_validation failed_count=0 status=started event=info event_type=worker_start worker_id=worker_10 worker_count=11 processed_count=0
16:38:30.787 [i] async_validation processed_count=0 failed_count=0 status=started event=info event_type=worker_start worker_id=worker_10 worker_count=11
16:38:30.789 [i] async_validation worker_id=worker_11 worker_count=12 processed_count=0 failed_count=0 status=started event=info event_type=worker_start
16:38:30.792 [i] async_validation status=started event=info event_type=worker_start worker_id=worker_12 worker_count=13 processed_count=0 failed_count=0
16:38:30.792 [i] async_validation failed_count=0 status=started event=info event_type=worker_start worker_id=worker_11 worker_count=12 processed_count=0
16:38:30.793 [i] async_validation failed_count=0 status=started event=info event_type=worker_start worker_id=worker_12 worker_count=13 processed_count=0
16:38:30.794 [i] async_validation worker_id=worker_13 worker_count=14 processed_count=0 failed_count=0 status=started event=info event_type=worker_start
16:38:30.801 [i] async_validation status=started event=info event_type=worker_start worker_id=worker_14 worker_count=15 processed_count=0 failed_count=0
16:38:30.801 [i] async_validation event=info event_type=worker_start worker_id=worker_15 worker_count=16 processed_count=0 failed_count=0 status=started
16:38:30.801 [i] async_validation status=started event=info event_type=worker_start worker_id=worker_15 worker_count=16 processed_count=0 failed_count=0
16:38:30.803 [i] async_validation processed_count=0 failed_count=0 status=started event=info event_type=worker_start worker_id=worker_13 worker_count=15
16:38:30.805 [i] async_validation event=info event_type=worker_start worker_id=worker_14 worker_count=16 processed_count=0 failed_count=0 status=started
16:38:30.838 [i] === POL-DEBUG-001 DEBUG: BEFORE RE-PARSE IN checkObjectWithCacheAndContent === content_len=798 obj_properties_len=17 filePath=/Users/lanceettl/zqk-restore-clone/docs/process/policies/645de98670d9ae246b10e24fa7ab97fd6ae1cb0af9497973d7ae2dc59723a1ea.yaml
16:38:30.838 [i] Initial obj.Properties state policy_type_exists=true policy_type_value=requirement body_exists=true body_type=string category_exists=true category_value=code_quality
16:38:30.838 [i] Re-read file from disk latest_content_len=798 file_path=/Users/lanceettl/zqk-restore-clone/docs/process/policies/645de98670d9ae246b10e24fa7ab97fd6ae1cb0af9497973d7ae2dc59723a1ea.yaml
16:38:30.838 [i] === POL-DEBUG-001 DEBUG: FINAL objMap BEFORE VALIDATION === objMap_len=17
16:38:30.838 [i] Final objMap state policy_type_value=requirement body_exists=true body_type=string body_preview=**Policy governing the approach to debugging issues in the ZQK system. When encountering hangs, cras... category_exists=true category_value=code_quality policy_type_exists=true
16:38:30.838 [i] === POL-DEBUG-001 DEBUG: VALIDATOR INPUT === objMap_len=17 kind=policy
16:38:30.838 [i] Validator input objMap state body_exists=true body_type=string category_exists=true category_value=code_quality policy_type_exists=true policy_type_value=requirement
16:38:30.838 [i] === POL-DEBUG-001 DEBUG: VALIDATOR RESULT === errors_count=0 warnings_count=0
16:38:31.025 [i] Enqueued objects total total=8953 enqueued_ids=8953 tasks_passed_to_validator=8953 cache_hits=0 cache_misses=8953
16:38:31.025 [i] Pipeline stage completed pipeline_kind=system.async_check_discover_and_enqueue_objects stage=INGEST duration=1.059256583s
16:38:31.025 [i] Pipeline stage completed duration=0s pipeline_kind=system.async_check_discover_and_enqueue_objects stage=FINALIZE
16:38:31.030 [i] system_check status=started total_tasks=8953 event=info operation_id=check_1788565108466866000 operation_type=system_check
16:38:32.743 [i] Operation in progress: cli — lifecycle: Validating lifecycle event=info operation_id=cli_1788565107743845000 operation_type=cli old_status=started new_status=in_progress
16:38:33.467 [i] Operation in progress: system_check old_status=in_progress new_status=in_progress event=info operation_id=system_check_1788565108466853000 operation_type=system_check
16:38:34.750 [i] cache_sidecars project_root=/Users/lanceettl/zqk-restore-clone event=info cache_event=cache_sidecars_idle
16:38:36.326 [i] Validation queue is empty (awaiting in-flight workers and finalization) queue_size=0 event=info total_tasks=8953 percent_complete=99.67608622807998 completed=8924 operation_id=check_1788565108466866000 progress=8924 failed=0
16:38:37.034 [i] Queue empty and all tasks accounted for - stopping validator to force completion detection percent_complete=100.0% progress_count=8953 cached_count=0 total_tasks=8953 time_since_progress=42ns active_workers=16
16:38:37.034 [i] Stopping async validator active_workers=16 active_goroutines=17 queue_size=0 worker_stop_timeout=1m0s
16:38:37.034 [i] All workers stopped
16:38:37.034 [i] Async validator stopped active_goroutines=1
16:38:38.467 [i] Operation in progress: system_check event=info operation_id=system_check_1788565108466853000 operation_type=system_check old_status=in_progress new_status=in_progress
16:38:40.194 [i] system_check event=info operation_id=check_1788565108466866000 status=completed duration_seconds=11.7227715
16:38:40.194 [i] Complete event=info operation_id=system_check_1788565108466853000 operation_type=system_check old_status=in_progress new_status=complete duration=11.727719416s
16:38:40.195 [i] Complete new_status=complete duration=12.451144333s event=info operation_id=cli_1788565107743845000 operation_type=cli old_status=in_progress
16:38:40.204 [i] initiate queue_name=io_queue_manager event_type=initiate pending_count=0 is_critical=true duration_ms=0 event=info
16:38:40.204 [i] initiate queue_name=listing_index_write_queue event_type=initiate pending_count=0 is_critical=true duration_ms=0 event=info
16:38:40.204 [i] initiate is_critical=true duration_ms=0 event=info queue_name=io_queue_manager event_type=initiate pending_count=0
16:38:40.204 [i] initiate pending_count=0 is_critical=true duration_ms=0 event=info queue_name=hash_registry_manager event_type=initiate
16:38:40.204 [i] initiate event_type=initiate pending_count=0 is_critical=true duration_ms=0 event=info queue_name=hash_registry_manager
16:38:40.204 [i] initiate is_critical=false duration_ms=0 event=info queue_name=id_generation_queue_manager event_type=initiate pending_count=0
16:38:40.204 [i] initiate is_critical=true duration_ms=0 event=info queue_name=listing_index_write_queue event_type=initiate pending_count=0
16:38:40.204 [i] initiate is_critical=false duration_ms=0 event=info queue_name=cas_orphan_cleanup_queue event_type=initiate pending_count=0
16:38:40.204 [i] initiate duration_ms=0 event=info queue_name=async_validation_strategies event_type=initiate pending_count=0 is_critical=false
16:38:40.204 [i] initiate event=info queue_name=audit_event_buffer event_type=initiate pending_count=0 is_critical=false duration_ms=0
16:38:40.204 [i] initiate event=info queue_name=write-behind-worker-/Users/lanceettl/zqk-restore-clone event_type=initiate pending_count=0 is_critical=true duration_ms=0
16:38:40.204 [i] drain_complete event=info queue_name=hash_registry_manager event_type=drain_complete pending_count=0 is_critical=true duration_ms=0
16:38:40.204 [i] initiate queue_name=async_validator event_type=initiate pending_count=0 is_critical=true duration_ms=0 event=info
16:38:40.205 [i] drain_complete event=info queue_name=hash_registry_manager event_type=drain_complete pending_count=0 is_critical=true duration_ms=0
16:38:40.205 [i] drain_complete queue_name=id_generation_queue_manager event_type=drain_complete pending_count=0 is_critical=false duration_ms=0 event=info
16:38:40.205 [i] drain_complete event=info queue_name=audit_event_buffer event_type=drain_complete pending_count=0 is_critical=false duration_ms=0
16:38:40.205 [i] drain_complete queue_name=async_validation_strategies event_type=drain_complete pending_count=0 is_critical=false duration_ms=0 event=info
16:38:40.205 [i] drain_complete event=info queue_name=write-behind-worker-/Users/lanceettl/zqk-restore-clone event_type=drain_complete pending_count=0 is_critical=true duration_ms=0
16:38:40.205 [i] drain_complete event=info queue_name=listing_index_write_queue event_type=drain_complete pending_count=0 is_critical=true duration_ms=0
16:38:40.205 [i] drain_start event=info queue_name=hash_registry_manager event_type=drain_start pending_count=0 is_critical=true duration_ms=0
16:38:40.205 [i] drain_complete event=info queue_name=io_queue_manager event_type=drain_complete pending_count=0 is_critical=true duration_ms=0
16:38:40.205 [i] drain_start event=info queue_name=listing_index_write_queue event_type=drain_start pending_count=0 is_critical=true duration_ms=0
16:38:40.205 [i] drain_start event=info queue_name=id_generation_queue_manager event_type=drain_start pending_count=0 is_critical=false duration_ms=0
16:38:40.205 [i] drain_start queue_name=hash_registry_manager event_type=drain_start pending_count=0 is_critical=true duration_ms=0 event=info
16:38:40.205 [i] drain_start queue_name=listing_index_write_queue event_type=drain_start pending_count=0 is_critical=true duration_ms=0 event=info
16:38:40.205 [i] drain_start event=info queue_name=write-behind-worker-/Users/lanceettl/zqk-restore-clone event_type=drain_start pending_count=0 is_critical=true duration_ms=0
16:38:40.205 [i] drain_start duration_ms=0 event=info queue_name=async_validation_strategies event_type=drain_start pending_count=0 is_critical=false
16:38:40.205 [i] drain_start pending_count=0 is_critical=false duration_ms=0 event=info queue_name=audit_event_buffer event_type=drain_start
16:38:40.205 [i] drain_start is_critical=false duration_ms=0 event=info queue_name=cas_orphan_cleanup_queue event_type=drain_start pending_count=0
16:38:40.205 [i] drain_start event=info queue_name=async_validator event_type=drain_start pending_count=0 is_critical=true duration_ms=0
16:38:40.205 [i] drain_complete duration_ms=0 event=info queue_name=cas_orphan_cleanup_queue event_type=drain_complete pending_count=0 is_critical=false
16:38:40.205 [i] drain_complete event_type=drain_complete pending_count=0 is_critical=true duration_ms=0 event=info queue_name=listing_index_write_queue
16:38:40.205 [i] drain_start is_critical=true duration_ms=0 event=info queue_name=io_queue_manager event_type=drain_start pending_count=0
16:38:40.205 [i] drain_complete queue_name=io_queue_manager event_type=drain_complete pending_count=0 is_critical=true duration_ms=0 event=info
16:38:40.205 [i] drain_start event=info queue_name=io_queue_manager event_type=drain_start pending_count=0 is_critical=true duration_ms=0
20:18:40.246 [i] Validating schema new_status=spec event=info operation_id=cli_1788578319529992000 operation_type=cli old_status=started
20:18:40.246 [i] Validating lifecycle event=info operation_id=cli_1788578319529992000 operation_type=cli old_status=started new_status=lifecycle
20:18:40.255 [i] Validating schema event=info operation_id=cli_1788578319529992000 operation_type=cli old_status=started new_status=spec
20:18:40.255 [i] Validating lifecycle event=info operation_id=cli_1788578319529992000 operation_type=cli old_status=started new_status=lifecycle
20:18:40.261 [e] Operation failed event=error operation_id=object_update_1788578320258724000 operation_type=object_update caller_file=coordinator.go caller_line=134 old_status=in_progress new_status=error error=manual status updates are restricted to preserve lifecycle integrity. Use 'zqk object promote|demote|park <id>' to move through the lifecycle state machine. Human interactive TTY snap-remedy (--override) is blocked for non-TTY/agent shells   Use --verbose for full error details.   Use --verbose for full error details.
20:18:40.266 [e] Operation failed operation_type=cli new_status=error event=error caller_file=coordinator.go old_status=in_progress error=manual status updates are restricted to preserve lifecycle integrity. Use 'zqk object promote|demote|park <id>' to move through the lifecycle state machine. Human interactive TTY snap-remedy (--override) is blocked for non-TTY/agent shells   Use --verbose for full error details.   Use --verbose for full error details. caller_line=134 operation_id=cli_1788578319529992000
20:18:40.266 [i] initiate pending_count=0 is_critical=true duration_ms=0 event=info queue_name=listing_index_write_queue event_type=initiate
20:18:40.266 [i] initiate event_type=initiate pending_count=0 is_critical=false duration_ms=0 event=info queue_name=cas_orphan_cleanup_queue
20:18:40.266 [i] initiate pending_count=0 is_critical=true duration_ms=0 event=info queue_name=io_queue_manager event_type=initiate
20:18:40.266 [i] initiate event_type=initiate pending_count=0 is_critical=true duration_ms=0 event=info queue_name=io_queue_manager
20:18:40.266 [i] initiate is_critical=true duration_ms=0 event=info queue_name=listing_index_write_queue event_type=initiate pending_count=0
20:18:40.266 [i] initiate event=info queue_name=hash_registry_manager event_type=initiate pending_count=0 is_critical=true duration_ms=0
20:18:40.266 [i] initiate event=info queue_name=audit_event_buffer event_type=initiate pending_count=0 is_critical=false duration_ms=0
20:18:40.266 [i] initiate pending_count=0 is_critical=true duration_ms=0 event=info queue_name=hash_registry_manager event_type=initiate
20:18:40.266 [i] initiate event_type=initiate pending_count=0 is_critical=false duration_ms=0 event=info queue_name=async_validation_strategies
20:18:40.266 [i] drain_complete pending_count=0 is_critical=true duration_ms=0 event=info queue_name=listing_index_write_queue event_type=drain_complete
20:18:40.266 [i] drain_start queue_name=listing_index_write_queue event_type=drain_start pending_count=0 is_critical=true duration_ms=0 event=info
20:18:40.266 [i] drain_start pending_count=0 is_critical=true duration_ms=0 event=info queue_name=listing_index_write_queue event_type=drain_start
20:18:40.266 [i] drain_start event=info queue_name=hash_registry_manager event_type=drain_start pending_count=0 is_critical=true duration_ms=0
20:18:40.266 [i] drain_complete event_type=drain_complete pending_count=0 is_critical=false duration_ms=0 event=info queue_name=cas_orphan_cleanup_queue
20:18:40.266 [i] drain_complete duration_ms=0 event=info queue_name=hash_registry_manager event_type=drain_complete pending_count=0 is_critical=true
20:18:40.266 [i] initiate queue_name=id_generation_queue_manager event_type=initiate pending_count=0 is_critical=false duration_ms=0 event=info
20:18:40.266 [i] drain_complete event=info queue_name=write-behind-worker-/Users/lanceettl/zqk-restore-clone event_type=drain_complete pending_count=0 is_critical=true duration_ms=0
20:18:40.266 [i] drain_complete event_type=drain_complete pending_count=0 is_critical=false duration_ms=0 event=info queue_name=id_generation_queue_manager
20:18:40.266 [i] drain_start event=info queue_name=id_generation_queue_manager event_type=drain_start pending_count=0 is_critical=false duration_ms=0
20:18:40.266 [i] drain_start event_type=drain_start pending_count=0 is_critical=true duration_ms=0 event=info queue_name=io_queue_manager
20:18:40.266 [i] drain_start event=info queue_name=write-behind-worker-/Users/lanceettl/zqk-restore-clone event_type=drain_start pending_count=0 is_critical=true duration_ms=0
20:18:40.266 [i] drain_complete is_critical=true duration_ms=0 event=info queue_name=hash_registry_manager event_type=drain_complete pending_count=0
20:18:40.266 [i] drain_start queue_name=hash_registry_manager event_type=drain_start pending_count=0 is_critical=true duration_ms=0 event=info
20:18:40.266 [i] drain_complete pending_count=0 is_critical=false duration_ms=0 event=info queue_name=audit_event_buffer event_type=drain_complete
20:18:40.266 [i] drain_start event=info queue_name=audit_event_buffer event_type=drain_start pending_count=0 is_critical=false duration_ms=0
20:18:40.266 [i] drain_start event=info queue_name=async_validation_strategies event_type=drain_start pending_count=0 is_critical=false duration_ms=0
20:18:40.266 [i] drain_start event=info queue_name=io_queue_manager event_type=drain_start pending_count=0 is_critical=true duration_ms=0
20:18:40.266 [i] drain_complete pending_count=0 is_critical=false duration_ms=0 event=info queue_name=async_validation_strategies event_type=drain_complete
20:18:40.266 [e] Command execution failed error=manual status updates are restricted to preserve lifecycle integrity. Use 'zqk object promote|demote|park <id>' to move through the lifecycle state machine. Human interactive TTY snap-remedy (--override) is blocked for non-TTY/agent shells   Use --verbose for full error details.   Use --verbose for full error details.
20:20:49.888 [i] Validating schema event=info operation_id=cli_1788578449315741000 operation_type=cli old_status=started new_status=spec
20:20:49.888 [i] Validating lifecycle new_status=lifecycle event=info operation_id=cli_1788578449315741000 operation_type=cli old_status=started
20:20:49.896 [i] Validating schema event=info operation_id=cli_1788578449315741000 operation_type=cli old_status=started new_status=spec
20:20:49.896 [i] Validating lifecycle event=info operation_id=cli_1788578449315741000 operation_type=cli old_status=started new_status=lifecycle
20:20:49.907 [i] system_check phase=start mode=async_follow event=info operation_id=check_1788578449902388000 operation_type=system_check status=started
20:20:49.945 [w] Object ID cache not ready when creating async validation function - reference validation may fail cache_size=0
20:20:49.945 [i] Async validator started worker_stop_timeout=1m0s cache_save_timeout=20s max_workers=16 semaphore_capacity=16 active_goroutines=0
20:20:49.947 [i] Starting object discovery kind_count=100 target_kind=
20:20:49.948 [i] system_check status=started phase=discovery kinds=[account agent_architecture agent_feed agent_onboarding_preparation agent_skill agent_task api_spec auth_strategy backlog_item base_sampler brand bucketing_strategy capability capacity_advertisement certificate command_spec component compute_advertisement context_refresh_schedule convergence_session corporate_initiative criteria decision department digital_asset division doc_entry domain_registry evolution_management field_registry fission_event glossary_term glossary_term_relation goal import_tracking important_date inference_heuristic keystore_entry kind_synonym library list_metric_sampler mcp_spec metadata_package metrics_feedback milestone mission namespace namespace_registry object_spec ordered_list_metric_sampler organization organizational_change partnership persona pipeline pipeline_definition pipeline_execution pipeline_stage policy priority_plan process_hygiene_rule prompt_template provider_profile qa_success question release remote_kernel requirement resolver risk_blocker roadmap role rollback_report rule sampler_profile scalar_metric_sampler scenario scheduler_handler_binding shockwave_router stakeholder_profile status_history_metric_sampler strategic_context strategic_plan team team_configuration technical_debt technical_spec template test_case test_command_rule translation_manifest validation_rule vision visual_plan vitality_report vocabulary_scheme watchdog_registration workflow workstream workstream_transition] event=info kinds_count=100 process_dir=/Users/lanceettl/zqk-restore-clone/docs/process
20:20:49.948 [i] system_check event=info status=in_progress phase=discovery files_found=-1 elapsed_seconds=5.1958e-05 kind=agent_feed
20:20:49.948 [i] system_check files_found=-1 elapsed_seconds=2.3e-05 kind=agent_architecture event=info status=in_progress phase=discovery
20:20:49.948 [i] system_check event=info status=in_progress phase=discovery files_found=-1 elapsed_seconds=7.9667e-05 kind=api_spec
20:20:49.949 [i] system_check event=info status=in_progress phase=discovery files_found=-1 elapsed_seconds=0.001139542 kind=agent_onboarding_preparation
20:20:49.949 [i] system_check event=info status=in_progress phase=discovery files_found=-1 elapsed_seconds=0.001480792 kind=agent_skill
20:20:49.950 [i] system_check files_found=-1 elapsed_seconds=0.001523042 kind=glossary_term_relation event=info status=in_progress phase=discovery
20:20:49.950 [i] system_check kind=account event=info status=in_progress phase=discovery files_found=-1 elapsed_seconds=0.001913834
20:20:49.952 [i] system_check phase=discovery files_found=-1 elapsed_seconds=3.1542e-05 kind=auth_strategy event=info status=in_progress
20:20:49.952 [i] system_check status=in_progress phase=discovery files_found=-1 elapsed_seconds=2.5167e-05 kind=base_sampler event=info
20:20:49.952 [i] system_check phase=discovery files_found=-1 elapsed_seconds=2.3583e-05 kind=pipeline_stage event=info status=in_progress
20:20:49.952 [i] system_check event=info status=in_progress phase=discovery files_found=-1 elapsed_seconds=0.000793292 kind=team
20:20:49.952 [i] system_check elapsed_seconds=0.002409833 kind=policy event=info status=in_progress phase=discovery files_found=-1
20:20:49.952 [i] system_check event=info status=in_progress phase=discovery files_found=-1 elapsed_seconds=0.000967625 kind=watchdog_registration
20:20:49.952 [i] system_check elapsed_seconds=7.1625e-05 kind=import_tracking event=info status=in_progress phase=discovery files_found=-1
20:20:49.952 [i] system_check kind=pipeline_execution event=info status=in_progress phase=discovery files_found=-1 elapsed_seconds=0.004166417
20:20:49.952 [i] system_check status=in_progress phase=discovery files_found=-1 elapsed_seconds=0.002008958 kind=technical_debt event=info
20:20:49.952 [i] system_check event=info status=in_progress phase=discovery files_found=-1 elapsed_seconds=0.000985083 kind=template
20:20:49.952 [i] system_check status=in_progress phase=discovery files_found=-1 elapsed_seconds=0.001089958 kind=decision event=info
20:20:49.952 [i] system_check status=in_progress phase=discovery files_found=-1 elapsed_seconds=0.00125975 kind=workstream event=info
20:20:49.953 [i] system_check elapsed_seconds=5.5625e-05 kind=important_date event=info status=in_progress phase=discovery files_found=-1
20:20:49.953 [i] system_check phase=discovery files_found=-1 elapsed_seconds=8.7917e-05 kind=inference_heuristic event=info status=in_progress
20:20:49.953 [i] system_check event=info status=in_progress phase=discovery files_found=-1 elapsed_seconds=6.0125e-05 kind=keystore_entry
20:20:49.953 [i] system_check elapsed_seconds=5.2208e-05 kind=kind_synonym event=info status=in_progress phase=discovery files_found=-1
20:20:49.953 [i] system_check elapsed_seconds=3.825e-05 kind=component event=info status=in_progress phase=discovery files_found=-1
20:20:49.953 [i] system_check event=info status=in_progress phase=discovery files_found=-1 elapsed_seconds=2.8208e-05 kind=compute_advertisement
20:20:49.953 [i] system_check status=in_progress phase=discovery files_found=-1 elapsed_seconds=2.5167e-05 kind=corporate_initiative event=info
20:20:49.953 [i] system_check status=in_progress phase=discovery files_found=-1 elapsed_seconds=2.3125e-05 kind=context_refresh_schedule event=info
20:20:49.953 [i] system_check phase=discovery files_found=-1 elapsed_seconds=0.000905416 kind=convergence_session event=info status=in_progress
20:20:49.953 [i] system_check phase=discovery files_found=-1 elapsed_seconds=7.2292e-05 kind=department event=info status=in_progress
20:20:49.953 [i] system_check elapsed_seconds=0.000146083 kind=digital_asset event=info status=in_progress phase=discovery files_found=-1
20:20:49.953 [i] system_check phase=discovery files_found=-1 elapsed_seconds=0.001136417 kind=workstream_transition event=info status=in_progress
20:20:49.953 [i] system_check kind=milestone event=info status=in_progress phase=discovery files_found=-1 elapsed_seconds=0.001603208
20:20:49.953 [i] system_check phase=discovery files_found=-1 elapsed_seconds=3.1917e-05 kind=metrics_feedback event=info status=in_progress
20:20:49.953 [i] system_check event=info status=in_progress phase=discovery files_found=-1 elapsed_seconds=2.15e-05 kind=bucketing_strategy
20:20:49.953 [i] system_check elapsed_seconds=2.5584e-05 kind=capability event=info status=in_progress phase=discovery files_found=-1
20:20:49.953 [i] system_check phase=discovery files_found=-1 elapsed_seconds=2.2833e-05 kind=capacity_advertisement event=info status=in_progress
20:20:49.953 [i] system_check elapsed_seconds=2.25e-05 kind=certificate event=info status=in_progress phase=discovery files_found=-1
20:20:49.953 [i] system_check files_found=-1 elapsed_seconds=3.3667e-05 kind=list_metric_sampler event=info status=in_progress phase=discovery
20:20:49.953 [i] system_check kind=goal event=info status=in_progress phase=discovery files_found=-1 elapsed_seconds=0.002479792
20:20:49.953 [i] system_check status=in_progress phase=discovery files_found=-1 elapsed_seconds=0.001387167 kind=prompt_template event=info
20:20:49.953 [i] system_check elapsed_seconds=1.9416e-05 kind=command_spec event=info status=in_progress phase=discovery files_found=-1
20:20:49.953 [i] system_check status=in_progress phase=discovery files_found=-1 elapsed_seconds=0.002359834 kind=workflow event=info
20:20:49.954 [i] system_check files_found=-1 elapsed_seconds=0.000593917 kind=vocabulary_scheme event=info status=in_progress phase=discovery
20:20:49.954 [i] system_check event=info status=in_progress phase=discovery files_found=-1 elapsed_seconds=0.001077292 kind=team_configuration
20:20:49.954 [i] system_check event=info status=in_progress phase=discovery files_found=-1 elapsed_seconds=0.000123375 kind=technical_spec
20:20:49.954 [i] system_check files_found=-1 elapsed_seconds=4.7125e-05 kind=brand event=info status=in_progress phase=discovery
20:20:49.954 [i] system_check status=in_progress phase=discovery files_found=-1 elapsed_seconds=2.6416e-05 kind=test_command_rule event=info
20:20:49.954 [i] system_check event=info status=in_progress phase=discovery files_found=-1 elapsed_seconds=3.15e-05 kind=evolution_management
20:20:49.954 [i] system_check phase=discovery files_found=-1 elapsed_seconds=2.4959e-05 kind=translation_manifest event=info status=in_progress
20:20:49.954 [i] system_check event=info status=in_progress phase=discovery files_found=-1 elapsed_seconds=0.000836541 kind=namespace
20:20:49.954 [i] system_check elapsed_seconds=7.275e-05 kind=vision event=info status=in_progress phase=discovery files_found=-1
20:20:49.954 [i] system_check files_found=-1 elapsed_seconds=2.35e-05 kind=visual_plan event=info status=in_progress phase=discovery
20:20:49.954 [i] system_check files_found=-1 elapsed_seconds=2.3209e-05 kind=vitality_report event=info status=in_progress phase=discovery
20:20:49.954 [i] system_check event=info status=in_progress phase=discovery files_found=-1 elapsed_seconds=0.001595584 kind=object_spec
20:20:49.954 [i] system_check event=info status=in_progress phase=discovery files_found=-1 elapsed_seconds=0.000969708 kind=namespace_registry
20:20:49.954 [i] system_check phase=discovery files_found=-1 elapsed_seconds=2.5458e-05 kind=ordered_list_metric_sampler event=info status=in_progress
20:20:49.955 [i] system_check elapsed_seconds=1.95e-05 kind=fission_event event=info status=in_progress phase=discovery files_found=-1
20:20:49.955 [i] system_check event=info status=in_progress phase=discovery files_found=-1 elapsed_seconds=2.6125e-05 kind=field_registry
20:20:49.955 [i] system_check event=info status=in_progress phase=discovery files_found=-1 elapsed_seconds=0.000448084 kind=mission
20:20:49.955 [i] system_check event=info status=in_progress phase=discovery files_found=-1 elapsed_seconds=0.001340916 kind=priority_plan
20:20:49.955 [i] system_check kind=strategic_plan event=info status=in_progress phase=discovery files_found=-1 elapsed_seconds=0.001021458
20:20:49.955 [i] system_check event=info status=in_progress phase=discovery files_found=-1 elapsed_seconds=2.9083e-05 kind=process_hygiene_rule
20:20:49.955 [i] system_check kind=provider_profile event=info status=in_progress phase=discovery files_found=-1 elapsed_seconds=2.3208e-05
20:20:49.955 [i] system_check files_found=-1 elapsed_seconds=2.65e-05 kind=status_history_metric_sampler event=info status=in_progress phase=discovery
20:20:49.956 [i] system_check kind=rollback_report event=info status=in_progress phase=discovery files_found=-1 elapsed_seconds=0.001387584
20:20:49.956 [i] system_check status=in_progress phase=discovery files_found=-1 elapsed_seconds=0.0032185 kind=mcp_spec event=info
20:20:49.956 [i] system_check kind=strategic_context event=info status=in_progress phase=discovery files_found=-1 elapsed_seconds=0.001141375
20:20:49.958 [i] system_check files_found=-1 elapsed_seconds=0.000770959 kind=release event=info status=in_progress phase=discovery
20:20:49.958 [i] system_check event=info status=in_progress phase=discovery files_found=-1 elapsed_seconds=0.003502333 kind=division
20:20:49.958 [i] system_check status=in_progress phase=discovery files_found=-1 elapsed_seconds=0.004825583 kind=library event=info
20:20:49.958 [i] system_check kind=roadmap event=info status=in_progress phase=discovery files_found=-1 elapsed_seconds=0.002714125
20:20:49.958 [i] system_check event=info status=in_progress phase=discovery files_found=-1 elapsed_seconds=0.002874458 kind=role
20:20:49.958 [i] system_check files_found=-1 elapsed_seconds=0.004762458 kind=domain_registry event=info status=in_progress phase=discovery
20:20:49.958 [i] system_check event=info status=in_progress phase=discovery files_found=-1 elapsed_seconds=0.000803584 kind=remote_kernel
20:20:49.958 [i] system_check event=info status=in_progress phase=discovery files_found=-1 elapsed_seconds=0.0029315 kind=risk_blocker
20:20:49.958 [i] system_check kind=scenario event=info status=in_progress phase=discovery files_found=-1 elapsed_seconds=0.001410334
20:20:49.958 [i] system_check event=info status=in_progress phase=discovery files_found=-1 elapsed_seconds=0.0014485 kind=rule
20:20:49.958 [i] system_check event=info status=in_progress phase=discovery files_found=-1 elapsed_seconds=0.003042666 kind=organization
20:20:49.958 [i] system_check event=info status=in_progress phase=discovery files_found=-1 elapsed_seconds=0.001454166 kind=scalar_metric_sampler
20:20:49.958 [i] system_check event=info status=in_progress phase=discovery files_found=-1 elapsed_seconds=0.001250875 kind=pipeline
20:20:49.958 [i] system_check elapsed_seconds=0.003809167 kind=stakeholder_profile event=info status=in_progress phase=discovery files_found=-1
20:20:49.958 [i] system_check kind=sampler_profile event=info status=in_progress phase=discovery files_found=-1 elapsed_seconds=0.001374792
20:20:49.958 [i] system_check event=info status=in_progress phase=discovery files_found=-1 elapsed_seconds=0.001262125 kind=pipeline_definition
20:20:49.958 [i] system_check kind=metadata_package event=info status=in_progress phase=discovery files_found=-1 elapsed_seconds=0.005117667
20:20:49.958 [i] system_check event=info status=in_progress phase=discovery files_found=-1 elapsed_seconds=0.004195042 kind=partnership
20:20:49.958 [i] system_check event=info status=in_progress phase=discovery files_found=-1 elapsed_seconds=0.002151541 kind=resolver
20:20:49.958 [i] system_check status=in_progress phase=discovery files_found=-1 elapsed_seconds=0.002313583 kind=validation_rule event=info
20:20:49.958 [i] system_check event=info status=in_progress phase=discovery files_found=-1 elapsed_seconds=0.002227292 kind=shockwave_router
20:20:49.958 [i] system_check event=info status=in_progress phase=discovery files_found=-1 elapsed_seconds=0.004567208 kind=question
20:20:49.958 [i] system_check event=info status=in_progress phase=discovery files_found=-1 elapsed_seconds=0.004357125 kind=persona
20:20:49.958 [i] system_check event=info status=in_progress phase=discovery files_found=-1 elapsed_seconds=0.004278459 kind=organizational_change
20:20:49.959 [i] system_check files_found=-1 elapsed_seconds=0.007063917 kind=test_case event=info status=in_progress phase=discovery
20:20:49.961 [i] system_check phase=discovery files_found=-1 elapsed_seconds=0.011199 kind=criteria event=info status=in_progress
20:20:49.965 [i] system_check files_found=-1 elapsed_seconds=0.009651209 kind=scheduler_handler_binding event=info status=in_progress phase=discovery
20:20:49.967 [i] system_check event=info status=in_progress phase=discovery files_found=-1 elapsed_seconds=0.013298083 kind=glossary_term
20:20:49.969 [i] system_check status=in_progress phase=discovery files_found=-1 elapsed_seconds=0.016815208 kind=doc_entry event=info
20:20:50.030 [i] system_check event=info status=in_progress phase=discovery files_found=-1 elapsed_seconds=0.075401833 kind=requirement
20:20:50.085 [i] system_check status=in_progress phase=discovery files_found=-1 elapsed_seconds=0.13739775 kind=backlog_item event=info
20:20:50.443 [i] system_check status=in_progress phase=discovery files_found=-1 elapsed_seconds=0.49146275 kind=qa_success event=info
20:20:51.135 [i] system_check status=in_progress phase=discovery files_found=-1 elapsed_seconds=1.186945959 kind=agent_task event=info
20:20:51.135 [i] discovery_completion event=info kinds_count=100 files_found=8961 duration_seconds=1.187242708 status=completed kinds=[account agent_architecture agent_feed agent_onboarding_preparation agent_skill agent_task api_spec auth_strategy backlog_item base_sampler brand bucketing_strategy capability capacity_advertisement certificate command_spec component compute_advertisement context_refresh_schedule convergence_session corporate_initiative criteria decision department digital_asset division doc_entry domain_registry evolution_management field_registry fission_event glossary_term glossary_term_relation goal import_tracking important_date inference_heuristic keystore_entry kind_synonym library list_metric_sampler mcp_spec metadata_package metrics_feedback milestone mission namespace namespace_registry object_spec ordered_list_metric_sampler organization organizational_change partnership persona pipeline pipeline_definition pipeline_execution pipeline_stage policy priority_plan process_hygiene_rule prompt_template provider_profile qa_success question release remote_kernel requirement resolver risk_blocker roadmap role rollback_report rule sampler_profile scalar_metric_sampler scenario scheduler_handler_binding shockwave_router stakeholder_profile status_history_metric_sampler strategic_context strategic_plan team team_configuration technical_debt technical_spec template test_case test_command_rule translation_manifest validation_rule vision visual_plan vitality_report vocabulary_scheme watchdog_registration workflow workstream workstream_transition]
20:20:51.137 [i] async_validation event=info event_type=worker_start worker_id=worker_0 worker_count=1 processed_count=0 failed_count=0 status=started
20:20:51.137 [i] async_validation worker_id=worker_0 worker_count=1 processed_count=0 failed_count=0 status=started event=info event_type=worker_start
20:20:51.150 [i] async_validation processed_count=0 failed_count=0 status=started event=info event_type=worker_start worker_id=worker_3 worker_count=4
20:20:51.151 [i] async_validation failed_count=0 status=started event=info event_type=worker_start worker_id=worker_1 worker_count=2 processed_count=0
20:20:51.151 [i] async_validation event=info event_type=worker_start worker_id=worker_1 worker_count=6 processed_count=0 failed_count=0 status=started
20:20:51.151 [i] async_validation status=started event=info event_type=worker_start worker_id=worker_2 worker_count=3 processed_count=0 failed_count=0
20:20:51.151 [i] async_validation event=info event_type=worker_start worker_id=worker_2 worker_count=6 processed_count=0 failed_count=0 status=started
20:20:51.151 [i] async_validation failed_count=0 status=started event=info event_type=worker_start worker_id=worker_4 worker_count=5 processed_count=0
20:20:51.151 [i] async_validation event_type=worker_start worker_id=worker_3 worker_count=6 processed_count=0 failed_count=0 status=started event=info
20:20:51.151 [i] async_validation status=started event=info event_type=worker_start worker_id=worker_4 worker_count=6 processed_count=0 failed_count=0
20:20:51.151 [i] async_validation worker_count=7 processed_count=0 failed_count=0 status=started event=info event_type=worker_start worker_id=worker_6
20:20:51.154 [i] async_validation worker_id=worker_6 worker_count=8 processed_count=0 failed_count=0 status=started event=info event_type=worker_start
20:20:51.154 [i] async_validation event=info event_type=worker_start worker_id=worker_7 worker_count=8 processed_count=0 failed_count=0 status=started
20:20:51.154 [i] async_validation event=info event_type=worker_start worker_id=worker_5 worker_count=7 processed_count=0 failed_count=0 status=started
20:20:51.154 [i] async_validation event=info event_type=worker_start worker_id=worker_5 worker_count=6 processed_count=0 failed_count=0 status=started
20:20:51.155 [i] async_validation event=info event_type=worker_start worker_id=worker_7 worker_count=8 processed_count=0 failed_count=0 status=started
20:20:51.158 [i] async_validation worker_count=9 processed_count=0 failed_count=0 status=started event=info event_type=worker_start worker_id=worker_8
20:20:51.160 [i] async_validation processed_count=0 failed_count=0 status=started event=info event_type=worker_start worker_id=worker_8 worker_count=9
20:20:51.164 [i] async_validation failed_count=0 status=started event=info event_type=worker_start worker_id=worker_9 worker_count=10 processed_count=0
20:20:51.164 [i] async_validation processed_count=0 failed_count=0 status=started event=info event_type=worker_start worker_id=worker_9 worker_count=10
20:20:51.166 [i] async_validation event_type=worker_start worker_id=worker_10 worker_count=11 processed_count=0 failed_count=0 status=started event=info
20:20:51.166 [i] async_validation status=started event=info event_type=worker_start worker_id=worker_10 worker_count=11 processed_count=0 failed_count=0
20:20:51.168 [i] async_validation event=info event_type=worker_start worker_id=worker_11 worker_count=12 processed_count=0 failed_count=0 status=started
20:20:51.168 [i] async_validation status=started event=info event_type=worker_start worker_id=worker_11 worker_count=12 processed_count=0 failed_count=0
20:20:51.170 [i] async_validation event_type=worker_start worker_id=worker_12 worker_count=13 processed_count=0 failed_count=0 status=started event=info
20:20:51.170 [i] async_validation event_type=worker_start worker_id=worker_12 worker_count=13 processed_count=0 failed_count=0 status=started event=info
20:20:51.173 [i] async_validation processed_count=0 failed_count=0 status=started event=info event_type=worker_start worker_id=worker_13 worker_count=14
20:20:51.173 [i] async_validation event_type=worker_start worker_id=worker_13 worker_count=14 processed_count=0 failed_count=0 status=started event=info
20:20:51.175 [i] async_validation event_type=worker_start worker_id=worker_14 worker_count=15 processed_count=0 failed_count=0 status=started event=info
20:20:51.175 [i] async_validation status=started event=info event_type=worker_start worker_id=worker_14 worker_count=15 processed_count=0 failed_count=0
20:20:51.177 [i] async_validation worker_count=16 processed_count=0 failed_count=0 status=started event=info event_type=worker_start worker_id=worker_15
20:20:51.177 [i] async_validation event=info event_type=worker_start worker_id=worker_15 worker_count=16 processed_count=0 failed_count=0 status=started
20:20:51.254 [i] === POL-DEBUG-001 DEBUG: BEFORE RE-PARSE IN checkObjectWithCacheAndContent === filePath=/Users/lanceettl/zqk-restore-clone/docs/process/policies/645de98670d9ae246b10e24fa7ab97fd6ae1cb0af9497973d7ae2dc59723a1ea.yaml content_len=798 obj_properties_len=17
20:20:51.254 [i] Initial obj.Properties state body_exists=true body_type=string category_exists=true category_value=code_quality policy_type_exists=true policy_type_value=requirement
20:20:51.254 [i] Re-read file from disk latest_content_len=798 file_path=/Users/lanceettl/zqk-restore-clone/docs/process/policies/645de98670d9ae246b10e24fa7ab97fd6ae1cb0af9497973d7ae2dc59723a1ea.yaml
20:20:51.254 [i] === POL-DEBUG-001 DEBUG: FINAL objMap BEFORE VALIDATION === objMap_len=17
20:20:51.254 [i] Final objMap state policy_type_exists=true policy_type_value=requirement body_exists=true body_type=string body_preview=**Policy governing the approach to debugging issues in the ZQK system. When encountering hangs, cras... category_exists=true category_value=code_quality
20:20:51.254 [i] === POL-DEBUG-001 DEBUG: VALIDATOR INPUT === objMap_len=17 kind=policy
20:20:51.254 [i] Validator input objMap state category_exists=true category_value=code_quality policy_type_exists=true policy_type_value=requirement body_exists=true body_type=string
20:20:51.255 [i] === POL-DEBUG-001 DEBUG: VALIDATOR RESULT === errors_count=0 warnings_count=0
20:20:51.392 [i] Enqueued objects total enqueued_ids=8961 tasks_passed_to_validator=8961 cache_hits=0 cache_misses=8961 total=8961
20:20:51.392 [i] Pipeline stage completed pipeline_kind=system.async_check_discover_and_enqueue_objects stage=INGEST duration=1.445224208s
20:20:51.392 [i] Pipeline stage completed pipeline_kind=system.async_check_discover_and_enqueue_objects stage=FINALIZE duration=0s
20:20:51.399 [i] system_check event=info operation_id=check_1788578449902388000 operation_type=system_check status=started total_tasks=8961
20:20:54.315 [i] Operation in progress: cli — lifecycle: Validating lifecycle operation_type=cli old_status=started new_status=in_progress event=info operation_id=cli_1788578449315741000
20:20:54.908 [i] Operation in progress: system_check operation_id=system_check_1788578449902374000 operation_type=system_check old_status=in_progress new_status=in_progress event=info
20:20:55.906 [i] cache_sidecars event=info cache_event=cache_sidecars_idle project_root=/Users/lanceettl/zqk-restore-clone
20:20:56.559 [i] cache_availability event=info cache_available=false entry_count=8961 operation=reference_check_PRI-CEF-R28-REMEDIATE-001
20:20:56.559 [w] Cache availability event via coordinator status=error available=false entry_count=8961 operation_id=cache_availability_reference_check_PRI-CEF-R28-REMEDIATE-001_1788578456 operation=reference_check_PRI-CEF-R28-REMEDIATE-001
20:20:56.562 [i] cache_availability cache_available=false entry_count=8961 operation=reference_check_PRI-CEF-R28-REMEDIATE-001 event=info
20:20:56.562 [w] Cache availability event via coordinator operation=reference_check_PRI-CEF-R28-REMEDIATE-001 status=error available=false entry_count=8961 operation_id=cache_availability_reference_check_PRI-CEF-R28-REMEDIATE-001_1788578456
20:20:56.564 [i] cache_availability entry_count=8961 operation=reference_check_PRI-CEF-R28-REMEDIATE-001 event=info cache_available=false
20:20:56.564 [w] Cache availability event via coordinator operation_id=cache_availability_reference_check_PRI-CEF-R28-REMEDIATE-001_1788578456 operation=reference_check_PRI-CEF-R28-REMEDIATE-001 status=error available=false entry_count=8961
20:20:56.577 [i] cache_availability event=info cache_available=false entry_count=8961 operation=reference_check_PRI-CEF-R28-REMEDIATE-001
20:20:56.577 [w] Cache availability event via coordinator operation=reference_check_PRI-CEF-R28-REMEDIATE-001 status=error available=false entry_count=8961 operation_id=cache_availability_reference_check_PRI-CEF-R28-REMEDIATE-001_1788578456
20:20:56.582 [i] cache_availability cache_available=false entry_count=8961 operation=reference_check_PRI-CEF-R28-REMEDIATE-001 event=info
20:20:56.582 [w] Cache availability event via coordinator operation=reference_check_PRI-CEF-R28-REMEDIATE-001 status=error available=false entry_count=8961 operation_id=cache_availability_reference_check_PRI-CEF-R28-REMEDIATE-001_1788578456
20:20:56.594 [i] cache_availability event=info cache_available=false entry_count=8961 operation=reference_check_PRI-CEF-R28-REMEDIATE-001
20:20:56.594 [w] Cache availability event via coordinator available=false entry_count=8961 operation_id=cache_availability_reference_check_PRI-CEF-R28-REMEDIATE-001_1788578456 operation=reference_check_PRI-CEF-R28-REMEDIATE-001 status=error
20:20:56.600 [i] cache_availability operation=reference_check_PRI-CEF-R28-REMEDIATE-001 event=info cache_available=false entry_count=8961
20:20:56.600 [w] Cache availability event via coordinator status=error available=false entry_count=8961 operation_id=cache_availability_reference_check_PRI-CEF-R28-REMEDIATE-001_1788578456 operation=reference_check_PRI-CEF-R28-REMEDIATE-001
20:20:56.602 [i] cache_availability event=info cache_available=false entry_count=8961 operation=reference_check_PRI-CEF-R28-REMEDIATE-001
20:20:56.602 [w] Cache availability event via coordinator operation=reference_check_PRI-CEF-R28-REMEDIATE-001 status=error available=false entry_count=8961 operation_id=cache_availability_reference_check_PRI-CEF-R28-REMEDIATE-001_1788578456
20:20:56.603 [i] cache_availability event=info cache_available=false entry_count=8961 operation=reference_check_PRI-CEF-R28-REMEDIATE-001
20:20:56.603 [w] Cache availability event via coordinator available=false entry_count=8961 operation_id=cache_availability_reference_check_PRI-CEF-R28-REMEDIATE-001_1788578456 operation=reference_check_PRI-CEF-R28-REMEDIATE-001 status=error
20:20:56.610 [i] cache_availability event=info cache_available=false entry_count=8961 operation=reference_check_PRI-CEF-R28-REMEDIATE-001
20:20:56.610 [w] Cache availability event via coordinator operation=reference_check_PRI-CEF-R28-REMEDIATE-001 status=error available=false entry_count=8961 operation_id=cache_availability_reference_check_PRI-CEF-R28-REMEDIATE-001_1788578456
20:20:56.612 [i] cache_availability cache_available=false entry_count=8961 operation=reference_check_PRI-CEF-R28-REMEDIATE-001 event=info
20:20:56.612 [w] Cache availability event via coordinator operation=reference_check_PRI-CEF-R28-REMEDIATE-001 status=error available=false entry_count=8961 operation_id=cache_availability_reference_check_PRI-CEF-R28-REMEDIATE-001_1788578456
20:20:56.638 [i] cache_availability event=info cache_available=false entry_count=8961 operation=reference_check_PRI-CEF-R28-REMEDIATE-001
20:20:56.638 [w] Cache availability event via coordinator operation_id=cache_availability_reference_check_PRI-CEF-R28-REMEDIATE-001_1788578456 operation=reference_check_PRI-CEF-R28-REMEDIATE-001 status=error available=false entry_count=8961
20:20:56.639 [i] cache_availability event=info cache_available=false entry_count=8961 operation=reference_check_PRI-CEF-R28-REMEDIATE-001
20:20:56.639 [w] Cache availability event via coordinator operation_id=cache_availability_reference_check_PRI-CEF-R28-REMEDIATE-001_1788578456 operation=reference_check_PRI-CEF-R28-REMEDIATE-001 status=error available=false entry_count=8961
20:20:56.658 [i] cache_availability operation=reference_check_PRI-CEF-R28-REMEDIATE-001 event=info cache_available=false entry_count=8961
20:20:56.658 [w] Cache availability event via coordinator status=error available=false entry_count=8961 operation_id=cache_availability_reference_check_PRI-CEF-R28-REMEDIATE-001_1788578456 operation=reference_check_PRI-CEF-R28-REMEDIATE-001
20:20:56.659 [i] cache_availability operation=reference_check_PRI-CEF-R28-REMEDIATE-001 event=info cache_available=false entry_count=8961
20:20:56.659 [w] Cache availability event via coordinator operation=reference_check_PRI-CEF-R28-REMEDIATE-001 status=error available=false entry_count=8961 operation_id=cache_availability_reference_check_PRI-CEF-R28-REMEDIATE-001_1788578456
20:20:56.667 [i] cache_availability cache_available=false entry_count=8961 operation=reference_check_PRI-CEF-R28-REMEDIATE-001 event=info
20:20:56.667 [w] Cache availability event via coordinator entry_count=8961 operation_id=cache_availability_reference_check_PRI-CEF-R28-REMEDIATE-001_1788578456 operation=reference_check_PRI-CEF-R28-REMEDIATE-001 status=error available=false
20:20:56.672 [i] cache_availability entry_count=8961 operation=reference_check_PRI-CEF-R28-REMEDIATE-001 event=info cache_available=false
20:20:56.672 [w] Cache availability event via coordinator operation=reference_check_PRI-CEF-R28-REMEDIATE-001 status=error available=false entry_count=8961 operation_id=cache_availability_reference_check_PRI-CEF-R28-REMEDIATE-001_1788578456
20:20:56.674 [i] cache_availability event=info cache_available=false entry_count=8961 operation=reference_check_PRI-CEF-R28-REMEDIATE-001
20:20:56.674 [w] Cache availability event via coordinator operation=reference_check_PRI-CEF-R28-REMEDIATE-001 status=error available=false entry_count=8961 operation_id=cache_availability_reference_check_PRI-CEF-R28-REMEDIATE-001_1788578456
20:20:56.675 [i] cache_availability entry_count=8961 operation=reference_check_PRI-CEF-R28-REMEDIATE-001 event=info cache_available=false
20:20:56.675 [w] Cache availability event via coordinator available=false entry_count=8961 operation_id=cache_availability_reference_check_PRI-CEF-R28-REMEDIATE-001_1788578456 operation=reference_check_PRI-CEF-R28-REMEDIATE-001 status=error
20:20:56.675 [i] cache_availability entry_count=8961 operation=reference_check_PRI-CEF-R28-REMEDIATE-001 event=info cache_available=false
20:20:56.675 [w] Cache availability event via coordinator operation=reference_check_PRI-CEF-R28-REMEDIATE-001 status=error available=false entry_count=8961 operation_id=cache_availability_reference_check_PRI-CEF-R28-REMEDIATE-001_1788578456
20:20:56.683 [i] cache_availability event=info cache_available=false entry_count=8961 operation=reference_check_PRI-CEF-R28-REMEDIATE-001
20:20:56.683 [w] Cache availability event via coordinator entry_count=8961 operation_id=cache_availability_reference_check_PRI-CEF-R28-REMEDIATE-001_1788578456 operation=reference_check_PRI-CEF-R28-REMEDIATE-001 status=error available=false
20:20:56.684 [i] cache_availability entry_count=8961 operation=reference_check_PRI-CEF-R28-REMEDIATE-001 event=info cache_available=false
20:20:56.684 [w] Cache availability event via coordinator available=false entry_count=8961 operation_id=cache_availability_reference_check_PRI-CEF-R28-REMEDIATE-001_1788578456 operation=reference_check_PRI-CEF-R28-REMEDIATE-001 status=error
20:20:56.692 [i] Validation queue is empty (awaiting in-flight workers and finalization) event=info operation_id=check_1788578449902388000 progress=8932 failed=0 queue_size=0 total_tasks=8961 percent_complete=99.67637540453075 completed=8932
20:20:56.696 [i] cache_availability event=info cache_available=false entry_count=8961 operation=reference_check_PRI-CEF-R28-REMEDIATE-001
20:20:56.696 [w] Cache availability event via coordinator entry_count=8961 operation_id=cache_availability_reference_check_PRI-CEF-R28-REMEDIATE-001_1788578456 operation=reference_check_PRI-CEF-R28-REMEDIATE-001 status=error available=false
20:20:56.701 [i] cache_availability event=info cache_available=false entry_count=8961 operation=reference_check_PRI-CEF-R28-REMEDIATE-001
20:20:56.701 [w] Cache availability event via coordinator status=error available=false entry_count=8961 operation_id=cache_availability_reference_check_PRI-CEF-R28-REMEDIATE-001_1788578456 operation=reference_check_PRI-CEF-R28-REMEDIATE-001
20:20:56.707 [i] cache_availability event=info cache_available=false entry_count=8961 operation=reference_check_PRI-CEF-R28-REMEDIATE-001
20:20:56.707 [w] Cache availability event via coordinator operation_id=cache_availability_reference_check_PRI-CEF-R28-REMEDIATE-001_1788578456 operation=reference_check_PRI-CEF-R28-REMEDIATE-001 status=error available=false entry_count=8961
20:20:56.719 [i] cache_availability event=info cache_available=false entry_count=8961 operation=reference_check_PRI-CEF-R28-REMEDIATE-001
20:20:56.719 [w] Cache availability event via coordinator available=false entry_count=8961 operation_id=cache_availability_reference_check_PRI-CEF-R28-REMEDIATE-001_1788578456 operation=reference_check_PRI-CEF-R28-REMEDIATE-001 status=error
20:20:56.724 [i] cache_availability cache_available=false entry_count=8961 operation=reference_check_PRI-CEF-R28-REMEDIATE-001 event=info
20:20:56.724 [w] Cache availability event via coordinator operation=reference_check_PRI-CEF-R28-REMEDIATE-001 status=error available=false entry_count=8961 operation_id=cache_availability_reference_check_PRI-CEF-R28-REMEDIATE-001_1788578456
20:20:56.728 [i] cache_availability event=info cache_available=false entry_count=8961 operation=reference_check_PRI-CEF-R28-REMEDIATE-001
20:20:56.728 [w] Cache availability event via coordinator operation_id=cache_availability_reference_check_PRI-CEF-R28-REMEDIATE-001_1788578456 operation=reference_check_PRI-CEF-R28-REMEDIATE-001 status=error available=false entry_count=8961
20:20:56.731 [i] cache_availability event=info cache_available=false entry_count=8961 operation=reference_check_PRI-CEF-R28-REMEDIATE-001
20:20:56.731 [w] Cache availability event via coordinator available=false entry_count=8961 operation_id=cache_availability_reference_check_PRI-CEF-R28-REMEDIATE-001_1788578456 operation=reference_check_PRI-CEF-R28-REMEDIATE-001 status=error
20:20:56.734 [i] cache_availability operation=reference_check_PRI-CEF-R28-REMEDIATE-001 event=info cache_available=false entry_count=8961
20:20:56.734 [w] Cache availability event via coordinator operation=reference_check_PRI-CEF-R28-REMEDIATE-001 status=error available=false entry_count=8961 operation_id=cache_availability_reference_check_PRI-CEF-R28-REMEDIATE-001_1788578456
20:20:56.755 [i] cache_availability operation=reference_check_PRI-CEF-R28-REMEDIATE-001 event=info cache_available=false entry_count=8961
20:20:56.755 [w] Cache availability event via coordinator available=false entry_count=8961 operation_id=cache_availability_reference_check_PRI-CEF-R28-REMEDIATE-001_1788578456 operation=reference_check_PRI-CEF-R28-REMEDIATE-001 status=error
20:20:56.756 [i] cache_availability cache_available=false entry_count=8961 operation=reference_check_PRI-CEF-R28-REMEDIATE-001 event=info
20:20:56.756 [w] Cache availability event via coordinator operation=reference_check_PRI-CEF-R28-REMEDIATE-001 status=error available=false entry_count=8961 operation_id=cache_availability_reference_check_PRI-CEF-R28-REMEDIATE-001_1788578456
20:20:56.764 [i] cache_availability event=info cache_available=false entry_count=8961 operation=reference_check_PRI-CEF-R28-REMEDIATE-001
20:20:56.764 [w] Cache availability event via coordinator operation=reference_check_PRI-CEF-R28-REMEDIATE-001 status=error available=false entry_count=8961 operation_id=cache_availability_reference_check_PRI-CEF-R28-REMEDIATE-001_1788578456
20:20:57.401 [i] Queue empty and all tasks accounted for - stopping validator to force completion detection total_tasks=8961 time_since_progress=125ns active_workers=16 percent_complete=100.0% progress_count=8961 cached_count=0
20:20:57.401 [i] Stopping async validator active_workers=16 active_goroutines=17 queue_size=0 worker_stop_timeout=1m0s
20:20:57.401 [i] All workers stopped
20:20:57.401 [i] Async validator stopped active_goroutines=1
20:20:59.902 [i] Operation in progress: system_check event=info operation_id=system_check_1788578449902374000 operation_type=system_check old_status=in_progress new_status=in_progress
20:21:01.252 [i] system_check event=info operation_id=check_1788578449902388000 status=completed duration_seconds=11.345531625
20:21:01.252 [i] Complete new_status=complete duration=11.350577583s event=info operation_id=system_check_1788578449902374000 operation_type=system_check old_status=in_progress
20:21:01.259 [i] Complete new_status=complete duration=11.9382955s event=info operation_id=cli_1788578449315741000 operation_type=cli old_status=in_progress
20:21:01.259 [i] initiate event=info queue_name=cas_orphan_cleanup_queue event_type=initiate pending_count=0 is_critical=false duration_ms=0
20:21:01.259 [i] initiate event_type=initiate pending_count=0 is_critical=true duration_ms=0 event=info queue_name=listing_index_write_queue
20:21:01.259 [i] drain_complete duration_ms=0 event=info queue_name=async_validation_strategies event_type=drain_complete pending_count=0 is_critical=false
20:21:01.259 [i] drain_complete event=info queue_name=id_generation_queue_manager event_type=drain_complete pending_count=0 is_critical=false duration_ms=0
20:21:01.259 [i] drain_start event=info queue_name=id_generation_queue_manager event_type=drain_start pending_count=0 is_critical=false duration_ms=0
20:21:01.259 [i] drain_complete event=info queue_name=write-behind-worker-/Users/lanceettl/zqk-restore-clone event_type=drain_complete pending_count=0 is_critical=true duration_ms=0
20:21:01.259 [i] initiate event=info queue_name=write-behind-worker-/Users/lanceettl/zqk-restore-clone event_type=initiate pending_count=0 is_critical=true duration_ms=0
20:21:01.259 [i] drain_start pending_count=0 is_critical=false duration_ms=0 event=info queue_name=async_validation_strategies event_type=drain_start
20:21:01.259 [i] drain_complete event_type=drain_complete pending_count=0 is_critical=false duration_ms=0 event=info queue_name=audit_event_buffer
20:21:01.259 [i] initiate is_critical=true duration_ms=0 event=info queue_name=hash_registry_manager event_type=initiate pending_count=0
20:21:01.259 [i] initiate event=info queue_name=hash_registry_manager event_type=initiate pending_count=0 is_critical=true duration_ms=0
20:21:01.259 [i] initiate event=info queue_name=audit_event_buffer event_type=initiate pending_count=0 is_critical=false duration_ms=0
20:21:01.259 [i] drain_start is_critical=true duration_ms=0 event=info queue_name=hash_registry_manager event_type=drain_start pending_count=0
20:21:01.259 [i] initiate queue_name=async_validation_strategies event_type=initiate pending_count=0 is_critical=false duration_ms=0 event=info
20:21:01.259 [i] initiate event=info queue_name=id_generation_queue_manager event_type=initiate pending_count=0 is_critical=false duration_ms=0
20:21:01.259 [i] drain_start pending_count=0 is_critical=true duration_ms=0 event=info queue_name=hash_registry_manager event_type=drain_start
20:21:01.259 [i] drain_complete event=info queue_name=hash_registry_manager event_type=drain_complete pending_count=0 is_critical=true duration_ms=0
20:21:01.259 [i] drain_start event=info queue_name=audit_event_buffer event_type=drain_start pending_count=0 is_critical=false duration_ms=0
20:21:01.259 [i] initiate duration_ms=0 event=info queue_name=async_validator event_type=initiate pending_count=0 is_critical=true
20:21:01.259 [i] drain_start duration_ms=0 event=info queue_name=listing_index_write_queue event_type=drain_start pending_count=0 is_critical=true
20:21:01.259 [i] initiate is_critical=true duration_ms=0 event=info queue_name=io_queue_manager event_type=initiate pending_count=0
20:21:01.259 [i] drain_complete event_type=drain_complete pending_count=0 is_critical=true duration_ms=0 event=info queue_name=listing_index_write_queue
20:21:01.259 [i] drain_start queue_name=async_validator event_type=drain_start pending_count=0 is_critical=true duration_ms=0 event=info
20:21:01.259 [i] drain_start pending_count=0 is_critical=false duration_ms=0 event=info queue_name=cas_orphan_cleanup_queue event_type=drain_start
20:21:01.259 [i] drain_start pending_count=0 is_critical=true duration_ms=0 event=info queue_name=io_queue_manager event_type=drain_start
20:21:01.259 [i] drain_complete queue_name=hash_registry_manager event_type=drain_complete pending_count=0 is_critical=true duration_ms=0 event=info
20:21:01.260 [i] drain_start event=info queue_name=io_queue_manager event_type=drain_start pending_count=0 is_critical=true duration_ms=0
20:21:01.259 [i] drain_start event=info queue_name=listing_index_write_queue event_type=drain_start pending_count=0 is_critical=true duration_ms=0
20:21:01.260 [i] drain_start pending_count=0 is_critical=true duration_ms=0 event=info queue_name=write-behind-worker-/Users/lanceettl/zqk-restore-clone event_type=drain_start
20:21:01.260 [i] drain_complete event_type=drain_complete pending_count=0 is_critical=true duration_ms=0 event=info queue_name=listing_index_write_queue
20:21:01.260 [i] drain_complete event=info queue_name=io_queue_manager event_type=drain_complete pending_count=0 is_critical=true duration_ms=0
20:21:01.260 [i] drain_complete pending_count=0 is_critical=true duration_ms=0 event=info queue_name=io_queue_manager event_type=drain_complete
20:21:01.260 [i] initiate is_critical=true duration_ms=0 event=info queue_name=io_queue_manager event_type=initiate pending_count=0
20:21:01.259 [i] initiate event=info queue_name=listing_index_write_queue event_type=initiate pending_count=0 is_critical=true duration_ms=0
20:21:01.259 [i] drain_complete event_type=drain_complete pending_count=0 is_critical=false duration_ms=0 event=info queue_name=cas_orphan_cleanup_queue
20:37:03.320 [i] Validating schema old_status=started new_status=spec event=info operation_id=cli_1788579422312120000 operation_type=cli
20:37:03.320 [i] Validating lifecycle new_status=lifecycle event=info operation_id=cli_1788579422312120000 operation_type=cli old_status=started
20:37:03.337 [i] Validating schema operation_id=cli_1788579422312120000 operation_type=cli old_status=started new_status=spec event=info
20:37:03.337 [i] Validating lifecycle old_status=started new_status=lifecycle event=info operation_id=cli_1788579422312120000 operation_type=cli
20:37:03.345 [i] system_check event=info operation_id=check_1788579423339781000 operation_type=system_check status=started mode=async_follow phase=start
20:37:04.189 [i] Async validator started max_workers=16 semaphore_capacity=16 active_goroutines=0 worker_stop_timeout=1m0s cache_save_timeout=20s
20:37:04.197 [i] Starting object discovery kind_count=100 target_kind=
20:37:04.197 [i] Using object ID cache for discovery (skipping storage list) kind_count=100
20:37:04.197 [i] system_check kinds_count=100 process_dir=/Users/lanceettl/zqk-restore-clone/docs/process status=started phase=discovery kinds=[ordered_list_metric_sampler kind_synonym scheduler_handler_binding milestone context_refresh_schedule glossary_term bucketing_strategy library convergence_session persona compute_advertisement status_history_metric_sampler pipeline important_date prompt_template component decision namespace_registry pipeline_stage vitality_report capability brand workstream_transition api_spec technical_spec mission vision organizational_change qa_success scenario certificate base_sampler object_spec division evolution_management roadmap sampler_profile agent_architecture agent_onboarding_preparation account backlog_item keystore_entry scalar_metric_sampler test_case agent_task shockwave_router doc_entry glossary_term_relation question mcp_spec list_metric_sampler policy priority_plan namespace validation_rule organization rollback_report department technical_debt visual_plan agent_skill translation_manifest criteria watchdog_registration field_registry fission_event process_hygiene_rule strategic_plan goal test_command_rule domain_registry agent_feed template workflow vocabulary_scheme auth_strategy import_tracking remote_kernel rule pipeline_definition provider_profile partnership capacity_advertisement pipeline_execution command_spec workstream digital_asset release metadata_package resolver metrics_feedback corporate_initiative requirement team_configuration stakeholder_profile team inference_heuristic risk_blocker role strategic_context] event=info
20:37:04.210 [i] async_validation failed_count=0 status=started event=info event_type=worker_start worker_id=worker_0 worker_count=1 processed_count=0
20:37:04.210 [i] async_validation failed_count=0 status=started event=info event_type=worker_start worker_id=worker_0 worker_count=1 processed_count=0
20:37:04.212 [i] async_validation event=info event_type=worker_start worker_id=worker_1 worker_count=2 processed_count=0 failed_count=0 status=started
20:37:04.212 [i] async_validation event=info event_type=worker_start worker_id=worker_1 worker_count=2 processed_count=0 failed_count=0 status=started
20:37:04.215 [i] async_validation failed_count=0 status=started event=info event_type=worker_start worker_id=worker_2 worker_count=3 processed_count=0
20:37:04.215 [i] async_validation event_type=worker_start worker_id=worker_2 worker_count=3 processed_count=0 failed_count=0 status=started event=info
20:37:04.216 [i] discovery_completion kinds=[ordered_list_metric_sampler kind_synonym scheduler_handler_binding milestone context_refresh_schedule glossary_term bucketing_strategy library convergence_session persona compute_advertisement status_history_metric_sampler pipeline important_date prompt_template component decision namespace_registry pipeline_stage vitality_report capability brand workstream_transition api_spec technical_spec mission vision organizational_change qa_success scenario certificate base_sampler object_spec division evolution_management roadmap sampler_profile agent_architecture agent_onboarding_preparation account backlog_item keystore_entry scalar_metric_sampler test_case agent_task shockwave_router doc_entry glossary_term_relation question mcp_spec list_metric_sampler policy priority_plan namespace validation_rule organization rollback_report department technical_debt visual_plan agent_skill translation_manifest criteria watchdog_registration field_registry fission_event process_hygiene_rule strategic_plan goal test_command_rule domain_registry agent_feed template workflow vocabulary_scheme auth_strategy import_tracking remote_kernel rule pipeline_definition provider_profile partnership capacity_advertisement pipeline_execution command_spec workstream digital_asset release metadata_package resolver metrics_feedback corporate_initiative requirement team_configuration stakeholder_profile team inference_heuristic risk_blocker role strategic_context] event=info kinds_count=100 files_found=8938 duration_seconds=0.01887225 status=completed
20:37:04.219 [i] async_validation event=info event_type=worker_start worker_id=worker_3 worker_count=4 processed_count=0 failed_count=0 status=started
20:37:04.223 [i] async_validation failed_count=0 status=started event=info event_type=worker_start worker_id=worker_3 worker_count=5 processed_count=0
20:37:04.223 [i] async_validation processed_count=0 failed_count=0 status=started event=info event_type=worker_start worker_id=worker_4 worker_count=5
20:37:04.226 [i] async_validation event=info event_type=worker_start worker_id=worker_4 worker_count=5 processed_count=0 failed_count=0 status=started
20:37:04.226 [i] async_validation event=info event_type=worker_start worker_id=worker_5 worker_count=6 processed_count=0 failed_count=0 status=started
20:37:04.226 [i] async_validation status=started event=info event_type=worker_start worker_id=worker_5 worker_count=6 processed_count=0 failed_count=0
20:37:04.231 [i] async_validation event_type=worker_start worker_id=worker_6 worker_count=7 processed_count=0 failed_count=0 status=started event=info
20:37:04.231 [i] async_validation failed_count=0 status=started event=info event_type=worker_start worker_id=worker_6 worker_count=7 processed_count=0
20:37:04.235 [i] async_validation event_type=worker_start worker_id=worker_7 worker_count=8 processed_count=0 failed_count=0 status=started event=info
20:37:04.237 [i] async_validation event=info event_type=worker_start worker_id=worker_7 worker_count=8 processed_count=0 failed_count=0 status=started
20:37:04.251 [i] async_validation event_type=worker_start worker_id=worker_8 worker_count=9 processed_count=0 failed_count=0 status=started event=info
20:37:04.251 [i] async_validation failed_count=0 status=started event=info event_type=worker_start worker_id=worker_8 worker_count=9 processed_count=0
20:37:04.253 [i] async_validation event_type=worker_start worker_id=worker_9 worker_count=10 processed_count=0 failed_count=0 status=started event=info
20:37:04.254 [i] async_validation processed_count=0 failed_count=0 status=started event=info event_type=worker_start worker_id=worker_9 worker_count=10
20:37:04.255 [i] async_validation processed_count=0 failed_count=0 status=started event=info event_type=worker_start worker_id=worker_10 worker_count=11
20:37:04.257 [i] async_validation failed_count=0 status=started event=info event_type=worker_start worker_id=worker_10 worker_count=12 processed_count=0
20:37:04.257 [i] async_validation worker_count=12 processed_count=0 failed_count=0 status=started event=info event_type=worker_start worker_id=worker_11
20:37:04.258 [i] async_validation worker_id=worker_11 worker_count=12 processed_count=0 failed_count=0 status=started event=info event_type=worker_start
20:37:04.259 [i] async_validation event_type=worker_start worker_id=worker_12 worker_count=13 processed_count=0 failed_count=0 status=started event=info
20:37:04.264 [i] async_validation status=started event=info event_type=worker_start worker_id=worker_13 worker_count=14 processed_count=0 failed_count=0
20:37:04.264 [i] async_validation event_type=worker_start worker_id=worker_12 worker_count=15 processed_count=0 failed_count=0 status=started event=info
20:37:04.264 [i] async_validation event_type=worker_start worker_id=worker_13 worker_count=15 processed_count=0 failed_count=0 status=started event=info
20:37:04.264 [i] async_validation worker_count=15 processed_count=0 failed_count=0 status=started event=info event_type=worker_start worker_id=worker_14
20:37:04.267 [i] async_validation worker_count=16 processed_count=0 failed_count=0 status=started event=info event_type=worker_start worker_id=worker_14
20:37:04.267 [i] async_validation event_type=worker_start worker_id=worker_15 worker_count=16 processed_count=0 failed_count=0 status=started event=info
20:37:04.267 [i] async_validation status=started event=info event_type=worker_start worker_id=worker_15 worker_count=16 processed_count=0 failed_count=0
20:37:04.494 [i] Enqueued objects total enqueued_ids=8938 tasks_passed_to_validator=8936 cache_hits=2 cache_misses=8938 total=8938
20:37:04.494 [i] Pipeline stage completed duration=301.292917ms pipeline_kind=system.async_check_discover_and_enqueue_objects stage=INGEST
20:37:04.494 [i] Pipeline stage completed pipeline_kind=system.async_check_discover_and_enqueue_objects stage=FINALIZE duration=42ns
20:37:04.531 [i] system_check operation_type=system_check status=started total_tasks=8938 event=info operation_id=check_1788579423339781000
20:37:05.672 [i] === POL-DEBUG-001 DEBUG: BEFORE RE-PARSE IN checkObjectWithCacheAndContent === filePath=/Users/lanceettl/zqk-restore-clone/docs/process/policies/645de98670d9ae246b10e24fa7ab97fd6ae1cb0af9497973d7ae2dc59723a1ea.yaml content_len=798 obj_properties_len=17
20:37:05.672 [i] Initial obj.Properties state category_exists=true category_value=code_quality policy_type_exists=true policy_type_value=requirement body_exists=true body_type=string
20:37:05.672 [i] Re-read file from disk latest_content_len=798 file_path=/Users/lanceettl/zqk-restore-clone/docs/process/policies/645de98670d9ae246b10e24fa7ab97fd6ae1cb0af9497973d7ae2dc59723a1ea.yaml
20:37:05.672 [i] === POL-DEBUG-001 DEBUG: FINAL objMap BEFORE VALIDATION === objMap_len=17
20:37:05.672 [i] Final objMap state body_preview=**Policy governing the approach to debugging issues in the ZQK system. When encountering hangs, cras... category_exists=true category_value=code_quality policy_type_exists=true policy_type_value=requirement body_exists=true body_type=string
20:37:05.672 [i] === POL-DEBUG-001 DEBUG: VALIDATOR INPUT === objMap_len=17 kind=policy
20:37:05.672 [i] Validator input objMap state category_exists=true category_value=code_quality policy_type_exists=true policy_type_value=requirement body_exists=true body_type=string
20:37:05.673 [i] === POL-DEBUG-001 DEBUG: VALIDATOR RESULT === errors_count=0 warnings_count=0
20:37:07.312 [i] Operation in progress: cli — lifecycle: Validating lifecycle event=info operation_id=cli_1788579422312120000 operation_type=cli old_status=started new_status=in_progress
20:37:08.339 [i] Operation in progress: system_check event=info operation_id=system_check_1788579423339759000 operation_type=system_check old_status=in_progress new_status=in_progress
20:37:13.339 [i] Operation in progress: system_check event=info operation_id=system_check_1788579423339759000 operation_type=system_check old_status=in_progress new_status=in_progress
20:37:18.339 [i] Operation in progress: system_check operation_id=system_check_1788579423339759000 operation_type=system_check old_status=in_progress new_status=in_progress event=info
20:37:23.340 [i] Operation in progress: system_check event=info operation_id=system_check_1788579423339759000 operation_type=system_check old_status=in_progress new_status=in_progress
20:37:28.340 [i] Operation in progress: system_check new_status=in_progress event=info operation_id=system_check_1788579423339759000 operation_type=system_check old_status=in_progress
20:37:33.340 [i] Operation in progress: system_check event=info operation_id=system_check_1788579423339759000 operation_type=system_check old_status=in_progress new_status=in_progress
20:37:38.340 [i] Operation in progress: system_check operation_id=system_check_1788579423339759000 operation_type=system_check old_status=in_progress new_status=in_progress event=info
20:37:43.340 [i] Operation in progress: system_check event=info operation_id=system_check_1788579423339759000 operation_type=system_check old_status=in_progress new_status=in_progress
20:37:48.340 [i] Operation in progress: system_check event=info operation_id=system_check_1788579423339759000 operation_type=system_check old_status=in_progress new_status=in_progress
20:37:53.340 [i] Operation in progress: system_check new_status=in_progress event=info operation_id=system_check_1788579423339759000 operation_type=system_check old_status=in_progress
20:37:58.340 [i] Operation in progress: system_check old_status=in_progress new_status=in_progress event=info operation_id=system_check_1788579423339759000 operation_type=system_check
20:38:03.340 [i] Operation in progress: system_check new_status=in_progress event=info operation_id=system_check_1788579423339759000 operation_type=system_check old_status=in_progress
20:38:08.340 [i] Operation in progress: system_check new_status=in_progress event=info operation_id=system_check_1788579423339759000 operation_type=system_check old_status=in_progress
20:38:13.340 [i] Operation in progress: system_check event=info operation_id=system_check_1788579423339759000 operation_type=system_check old_status=in_progress new_status=in_progress
20:38:18.340 [i] Operation in progress: system_check event=info operation_id=system_check_1788579423339759000 operation_type=system_check old_status=in_progress new_status=in_progress
20:38:23.340 [i] Operation in progress: system_check event=info operation_id=system_check_1788579423339759000 operation_type=system_check old_status=in_progress new_status=in_progress
20:38:28.340 [i] Operation in progress: system_check operation_id=system_check_1788579423339759000 operation_type=system_check old_status=in_progress new_status=in_progress event=info
20:38:33.340 [i] Operation in progress: system_check event=info operation_id=system_check_1788579423339759000 operation_type=system_check old_status=in_progress new_status=in_progress
20:38:38.340 [i] Operation in progress: system_check event=info operation_id=system_check_1788579423339759000 operation_type=system_check old_status=in_progress new_status=in_progress
20:38:43.340 [i] Operation in progress: system_check event=info operation_id=system_check_1788579423339759000 operation_type=system_check old_status=in_progress new_status=in_progress
20:38:48.346 [i] Operation in progress: system_check event=info operation_id=system_check_1788579423339759000 operation_type=system_check old_status=in_progress new_status=in_progress
20:38:53.340 [i] Operation in progress: system_check operation_type=system_check old_status=in_progress new_status=in_progress event=info operation_id=system_check_1788579423339759000
20:38:58.340 [i] Operation in progress: system_check new_status=in_progress event=info operation_id=system_check_1788579423339759000 operation_type=system_check old_status=in_progress
20:39:48.901 [i] Validation queue is empty (awaiting in-flight workers and finalization) progress=8919 completed=8919 failed=0 total_tasks=8938 percent_complete=99.78742447974939 queue_size=0 event=info operation_id=check_1788579423339781000
20:39:48.901 [i] Validation queue is empty (awaiting in-flight workers and finalization) event=info progress=8919 percent_complete=99.78742447974939 completed=8919 failed=0 queue_size=0 operation_id=check_1788579423339781000 total_tasks=8938
20:39:49.535 [i] Queue empty and all tasks accounted for - stopping validator to force completion detection active_workers=16 percent_complete=100.0% progress_count=8936 cached_count=2 total_tasks=8938 time_since_progress=167ns
20:39:49.535 [i] Stopping async validator active_workers=16 active_goroutines=17 queue_size=0 worker_stop_timeout=1m0s
20:39:49.535 [i] All workers stopped
20:39:49.535 [i] Async validator stopped active_goroutines=1
20:39:54.217 [i] Complete operation_type=system_check old_status=in_progress new_status=complete duration=2m50.876186125s event=info operation_id=system_check_1788579423339759000
20:39:54.217 [i] system_check operation_id=check_1788579423339781000 status=completed duration_seconds=170.870181375 event=info
20:39:54.222 [i] Validating schema new_status=spec event=info operation_id=system_check_1788579423339759000 operation_type=system_check old_status=started
20:39:54.222 [i] Validating lifecycle event=info operation_id=system_check_1788579423339759000 operation_type=system_check old_status=started new_status=lifecycle
20:39:54.229 [i] Complete event=info operation_id=cli_1788579422312120000 operation_type=cli old_status=in_progress new_status=complete duration=2m51.916693s
20:39:54.230 [i] initiate event=info queue_name=async_validation_strategies event_type=initiate pending_count=0 is_critical=false duration_ms=0
20:39:54.230 [i] initiate event=info queue_name=io_queue_manager event_type=initiate pending_count=0 is_critical=true duration_ms=0
20:39:54.230 [i] initiate pending_count=0 is_critical=false duration_ms=0 event=info queue_name=id_generation_queue_manager event_type=initiate
20:39:54.230 [i] initiate event=info queue_name=hash_registry_manager event_type=initiate pending_count=0 is_critical=true duration_ms=0
20:39:54.230 [i] initiate is_critical=false duration_ms=0 event=info queue_name=audit_event_buffer event_type=initiate pending_count=0
20:39:54.230 [i] initiate pending_count=0 is_critical=true duration_ms=0 event=info queue_name=listing_index_write_queue event_type=initiate
20:39:54.230 [i] initiate event=info queue_name=io_queue_manager event_type=initiate pending_count=0 is_critical=true duration_ms=0
20:39:54.230 [i] initiate event=info queue_name=cas_orphan_cleanup_queue event_type=initiate pending_count=0 is_critical=false duration_ms=0
20:39:54.230 [i] initiate event=info queue_name=hash_registry_manager event_type=initiate pending_count=0 is_critical=true duration_ms=0
20:39:54.230 [i] initiate queue_name=listing_index_write_queue event_type=initiate pending_count=0 is_critical=true duration_ms=0 event=info
20:39:54.251 [i] drain_complete duration_ms=0 event=info queue_name=hash_registry_manager event_type=drain_complete pending_count=0 is_critical=true
20:39:54.251 [i] initiate queue_name=async_validator event_type=initiate pending_count=0 is_critical=true duration_ms=0 event=info
20:39:54.251 [i] initiate event=info queue_name=write-behind-worker-/Users/lanceettl/zqk-restore-clone event_type=initiate pending_count=0 is_critical=true duration_ms=20
20:39:54.251 [i] drain_complete duration_ms=0 event=info queue_name=hash_registry_manager event_type=drain_complete pending_count=0 is_critical=true
20:39:54.251 [i] drain_complete is_critical=true duration_ms=0 event=info queue_name=listing_index_write_queue event_type=drain_complete pending_count=0
20:39:54.251 [i] drain_complete event_type=drain_complete pending_count=0 is_critical=false duration_ms=0 event=info queue_name=id_generation_queue_manager
20:39:54.251 [i] drain_complete event=info queue_name=listing_index_write_queue event_type=drain_complete pending_count=0 is_critical=true duration_ms=0
20:39:54.251 [i] drain_complete pending_count=0 is_critical=false duration_ms=0 event=info queue_name=audit_event_buffer event_type=drain_complete
20:39:54.251 [i] drain_start event=info queue_name=listing_index_write_queue event_type=drain_start pending_count=0 is_critical=true duration_ms=0
20:39:54.251 [i] drain_complete event=info queue_name=cas_orphan_cleanup_queue event_type=drain_complete pending_count=0 is_critical=false duration_ms=0
20:39:54.251 [i] drain_start queue_name=listing_index_write_queue event_type=drain_start pending_count=0 is_critical=true duration_ms=0 event=info
20:39:54.251 [i] drain_complete event=info queue_name=write-behind-worker-/Users/lanceettl/zqk-restore-clone event_type=drain_complete pending_count=0 is_critical=true duration_ms=0
20:39:54.251 [i] drain_complete event=info queue_name=async_validation_strategies event_type=drain_complete pending_count=0 is_critical=false duration_ms=0
20:39:54.251 [i] drain_start event=info queue_name=hash_registry_manager event_type=drain_start pending_count=0 is_critical=true duration_ms=0
20:39:54.251 [i] drain_start is_critical=true duration_ms=0 event=info queue_name=io_queue_manager event_type=drain_start pending_count=0
20:39:54.251 [i] drain_complete event_type=drain_complete pending_count=0 is_critical=true duration_ms=0 event=info queue_name=io_queue_manager
20:39:54.251 [i] drain_start event=info queue_name=write-behind-worker-/Users/lanceettl/zqk-restore-clone event_type=drain_start pending_count=0 is_critical=true duration_ms=0
20:39:54.251 [i] drain_start queue_name=id_generation_queue_manager event_type=drain_start pending_count=0 is_critical=false duration_ms=0 event=info
20:39:54.251 [i] drain_start pending_count=0 is_critical=false duration_ms=0 event=info queue_name=async_validation_strategies event_type=drain_start
20:39:54.251 [i] drain_start event=info queue_name=async_validator event_type=drain_start pending_count=0 is_critical=true duration_ms=0
20:39:54.251 [i] drain_start queue_name=hash_registry_manager event_type=drain_start pending_count=0 is_critical=true duration_ms=0 event=info
20:39:54.251 [i] drain_complete queue_name=io_queue_manager event_type=drain_complete pending_count=0 is_critical=true duration_ms=0 event=info
20:39:54.251 [i] drain_start event=info queue_name=audit_event_buffer event_type=drain_start pending_count=0 is_critical=false duration_ms=0
20:39:54.251 [i] drain_start queue_name=io_queue_manager event_type=drain_start pending_count=0 is_critical=true duration_ms=0 event=info
20:39:54.251 [i] drain_start event=info queue_name=cas_orphan_cleanup_queue event_type=drain_start pending_count=0 is_critical=false duration_ms=0
