[2026-09-04 13:38:19.700] run start daemon_tcp=127.0.0.1:8443 request_timeout=30s heartbeat=5s stdio_keepalive=45s
[2026-09-04 13:38:19.713] daemon dial begin tcp=127.0.0.1:8443
[2026-09-04 13:38:19.729] daemon call ok method=initialize id=1 bytes=257
[2026-09-04 13:38:19.732] daemon initialize ok
[2026-09-04 13:38:19.739] daemon call ok method=events/subscribe id=2 bytes=125
[2026-09-04 13:38:19.743] events/subscribe ok client_id=ide-ide-proxy
[2026-09-04 13:38:19.832] daemon notify queued method=notifications/event bytes=304
[2026-09-04 13:38:24.812] daemon notify queued method=notifications/message bytes=230
[2026-09-04 13:38:24.827] daemon call ok method=ping id=3 bytes=36
[2026-09-04 13:38:29.808] daemon call ok method=ping id=4 bytes=36
[2026-09-04 13:38:34.803] daemon call ok method=ping id=5 bytes=36
[2026-09-04 13:38:39.803] daemon call ok method=ping id=6 bytes=36
[2026-09-04 13:38:44.804] daemon call ok method=ping id=7 bytes=36
[2026-09-04 13:38:44.919] daemon notify queued method=notifications/event bytes=365
[2026-09-04 13:38:48.492] daemon notify queued method=notifications/event bytes=365
[2026-09-04 13:38:49.794] daemon call ok method=ping id=8 bytes=36
[2026-09-04 13:38:54.805] daemon call ok method=ping id=9 bytes=36
[2026-09-04 13:38:59.791] daemon call ok method=ping id=10 bytes=37
[2026-09-04 13:39:04.808] daemon call ok method=ping id=11 bytes=37
[2026-09-04 13:39:09.789] daemon call ok method=ping id=12 bytes=37
[2026-09-04 13:39:14.790] daemon call ok method=ping id=13 bytes=37
[2026-09-04 13:39:19.791] daemon call ok method=ping id=14 bytes=37
[2026-09-04 13:39:24.787] daemon call ok method=ping id=15 bytes=37
[2026-09-04 13:39:29.788] daemon call ok method=ping id=16 bytes=37
[2026-09-04 13:39:34.788] daemon call ok method=ping id=17 bytes=37
[2026-09-04 13:39:39.787] daemon call ok method=ping id=18 bytes=37
[2026-09-04 13:39:44.790] daemon call ok method=ping id=19 bytes=37
[2026-09-04 13:39:49.786] daemon call ok method=ping id=20 bytes=37
[2026-09-04 13:39:54.789] daemon call ok method=ping id=21 bytes=37
[2026-09-04 13:39:59.785] daemon call ok method=ping id=22 bytes=37
[2026-09-04 13:40:05.197] daemon call ok method=ping id=23 bytes=37
[2026-09-04 13:40:09.784] daemon call ok method=ping id=24 bytes=37
[2026-09-04 13:40:14.786] daemon call ok method=ping id=25 bytes=37
[2026-09-04 13:40:19.786] daemon call ok method=ping id=26 bytes=37
[2026-09-04 13:40:24.788] daemon call ok method=ping id=27 bytes=37
[2026-09-04 13:40:29.786] daemon call ok method=ping id=28 bytes=37
[2026-09-04 13:40:34.784] daemon call ok method=ping id=29 bytes=37
[2026-09-04 13:40:39.786] daemon call ok method=ping id=30 bytes=37
[2026-09-04 13:40:44.787] daemon call ok method=ping id=31 bytes=37
[2026-09-04 13:40:49.786] daemon call ok method=ping id=32 bytes=37
[2026-09-04 13:40:54.785] daemon call ok method=ping id=33 bytes=37
[2026-09-04 13:40:59.790] daemon call ok method=ping id=34 bytes=37
[2026-09-04 13:41:04.786] daemon call ok method=ping id=35 bytes=37
[2026-09-04 13:41:09.787] daemon call ok method=ping id=36 bytes=37
[2026-09-04 13:41:14.784] daemon call ok method=ping id=37 bytes=37
[2026-09-04 13:41:19.785] daemon call ok method=ping id=38 bytes=37
[2026-09-04 13:41:24.792] daemon call ok method=ping id=39 bytes=37
[2026-09-04 13:41:29.784] daemon call ok method=ping id=40 bytes=37
[2026-09-04 13:41:34.787] daemon call ok method=ping id=41 bytes=37
[2026-09-04 13:41:39.784] daemon call ok method=ping id=42 bytes=37
[2026-09-04 13:41:44.786] daemon call ok method=ping id=43 bytes=37
[2026-09-04 13:41:49.784] daemon call ok method=ping id=44 bytes=37
[2026-09-04 13:41:54.784] daemon call ok method=ping id=45 bytes=37
[2026-09-04 13:41:59.789] daemon call ok method=ping id=46 bytes=37
[2026-09-04 13:42:04.785] daemon call ok method=ping id=47 bytes=37
[2026-09-04 13:42:09.785] daemon call ok method=ping id=48 bytes=37
[2026-09-04 13:42:14.785] daemon call ok method=ping id=49 bytes=37
[2026-09-04 13:42:19.784] daemon call ok method=ping id=50 bytes=37
[2026-09-04 13:42:24.785] daemon call ok method=ping id=51 bytes=37
[2026-09-04 13:42:29.785] daemon call ok method=ping id=52 bytes=37
[2026-09-04 13:42:34.786] daemon call ok method=ping id=53 bytes=37
[2026-09-04 13:42:39.784] daemon call ok method=ping id=54 bytes=37
[2026-09-04 13:42:44.784] daemon call ok method=ping id=55 bytes=37
[2026-09-04 13:42:49.787] daemon call ok method=ping id=56 bytes=37
[2026-09-04 13:42:54.786] daemon call ok method=ping id=57 bytes=37
[2026-09-04 13:42:59.787] daemon call ok method=ping id=58 bytes=37
[2026-09-04 13:43:04.786] daemon call ok method=ping id=59 bytes=37
[2026-09-04 13:43:09.784] daemon call ok method=ping id=60 bytes=37
[2026-09-04 13:43:14.784] daemon call ok method=ping id=61 bytes=37
[2026-09-04 13:43:19.785] daemon call ok method=ping id=62 bytes=37
[2026-09-04 13:43:24.783] daemon call ok method=ping id=63 bytes=37
[2026-09-04 13:43:29.783] daemon call ok method=ping id=64 bytes=37
[2026-09-04 13:43:34.787] daemon call ok method=ping id=65 bytes=37
[2026-09-04 13:43:39.784] daemon call ok method=ping id=66 bytes=37
[2026-09-04 13:43:44.785] daemon call ok method=ping id=67 bytes=37
[2026-09-04 13:43:49.784] daemon call ok method=ping id=68 bytes=37
[2026-09-04 13:43:54.784] daemon call ok method=ping id=69 bytes=37
[2026-09-04 13:43:59.785] daemon call ok method=ping id=70 bytes=37
[2026-09-04 13:44:04.786] daemon call ok method=ping id=71 bytes=37
[2026-09-04 13:44:09.786] daemon call ok method=ping id=72 bytes=37
[2026-09-04 13:44:14.784] daemon call ok method=ping id=73 bytes=37
[2026-09-04 13:44:19.783] daemon call ok method=ping id=74 bytes=37
[2026-09-04 13:44:24.824] daemon call ok method=ping id=75 bytes=37
[2026-09-04 13:44:29.807] daemon call ok method=ping id=76 bytes=37
[2026-09-04 13:44:34.784] daemon call ok method=ping id=77 bytes=37
[2026-09-04 13:44:39.787] daemon call ok method=ping id=78 bytes=37
[2026-09-04 13:44:44.783] daemon call ok method=ping id=79 bytes=37
[2026-09-04 13:44:49.784] daemon call ok method=ping id=80 bytes=37
[2026-09-04 13:44:54.783] daemon call ok method=ping id=81 bytes=37
[2026-09-04 13:44:59.788] daemon call ok method=ping id=82 bytes=37
[2026-09-04 13:45:04.784] daemon call ok method=ping id=83 bytes=37
[2026-09-04 13:45:09.786] daemon call ok method=ping id=84 bytes=37
[2026-09-04 13:45:14.784] daemon call ok method=ping id=85 bytes=37
[2026-09-04 13:45:19.784] daemon call ok method=ping id=86 bytes=37
[2026-09-04 13:45:24.783] daemon call ok method=ping id=87 bytes=37
[2026-09-04 13:45:29.784] daemon call ok method=ping id=88 bytes=37
[2026-09-04 13:45:34.785] daemon call ok method=ping id=89 bytes=37
[2026-09-04 13:45:39.784] daemon call ok method=ping id=90 bytes=37
[2026-09-04 13:45:44.785] daemon call ok method=ping id=91 bytes=37
[2026-09-04 13:45:49.794] daemon call ok method=ping id=92 bytes=37
[2026-09-04 13:45:54.782] daemon call ok method=ping id=93 bytes=37
[2026-09-04 13:45:59.783] daemon call ok method=ping id=94 bytes=37
[2026-09-04 13:46:04.782] daemon call ok method=ping id=95 bytes=37
[2026-09-04 13:46:09.784] daemon call ok method=ping id=96 bytes=37
[2026-09-04 13:46:14.782] daemon call ok method=ping id=97 bytes=37
[2026-09-04 13:46:19.783] daemon call ok method=ping id=98 bytes=37
[2026-09-04 13:46:24.782] daemon call ok method=ping id=99 bytes=37
[2026-09-04 13:46:29.782] daemon call ok method=ping id=100 bytes=38
[2026-09-04 13:46:34.782] daemon call ok method=ping id=101 bytes=38
[2026-09-04 13:46:39.782] daemon call ok method=ping id=102 bytes=38
[2026-09-04 13:46:44.782] daemon call ok method=ping id=103 bytes=38
[2026-09-04 13:46:49.782] daemon call ok method=ping id=104 bytes=38
[2026-09-04 13:46:54.782] daemon call ok method=ping id=105 bytes=38
[2026-09-04 13:46:59.782] daemon call ok method=ping id=106 bytes=38
[2026-09-04 13:47:04.782] daemon call ok method=ping id=107 bytes=38
[2026-09-04 13:47:09.784] daemon call ok method=ping id=108 bytes=38
[2026-09-04 13:47:14.782] daemon call ok method=ping id=109 bytes=38
[2026-09-04 13:47:19.782] daemon call ok method=ping id=110 bytes=38
[2026-09-04 13:47:24.782] daemon call ok method=ping id=111 bytes=38
[2026-09-04 13:47:29.782] daemon call ok method=ping id=112 bytes=38
[2026-09-04 13:47:34.782] daemon call ok method=ping id=113 bytes=38
[2026-09-04 13:47:39.782] daemon call ok method=ping id=114 bytes=38
[2026-09-04 13:47:44.782] daemon call ok method=ping id=115 bytes=38
[2026-09-04 13:47:49.782] daemon call ok method=ping id=116 bytes=38
[2026-09-04 13:47:54.782] daemon call ok method=ping id=117 bytes=38
[2026-09-04 13:47:59.782] daemon call ok method=ping id=118 bytes=38
[2026-09-04 13:48:04.782] daemon call ok method=ping id=119 bytes=38
[2026-09-04 13:48:09.782] daemon call ok method=ping id=120 bytes=38
[2026-09-04 13:48:14.782] daemon call ok method=ping id=121 bytes=38
[2026-09-04 13:48:19.782] daemon call ok method=ping id=122 bytes=38
[2026-09-04 13:48:24.782] daemon call ok method=ping id=123 bytes=38
[2026-09-04 13:48:29.782] daemon call ok method=ping id=124 bytes=38
[2026-09-04 13:48:34.782] daemon call ok method=ping id=125 bytes=38
[2026-09-04 13:48:39.782] daemon call ok method=ping id=126 bytes=38
[2026-09-04 13:48:44.782] daemon call ok method=ping id=127 bytes=38
[2026-09-04 13:48:49.782] daemon call ok method=ping id=128 bytes=38
[2026-09-04 13:48:54.782] daemon call ok method=ping id=129 bytes=38
[2026-09-04 13:48:59.781] daemon call ok method=ping id=130 bytes=38
[2026-09-04 13:49:04.782] daemon call ok method=ping id=131 bytes=38
[2026-09-04 13:49:09.782] daemon call ok method=ping id=132 bytes=38
[2026-09-04 13:49:14.781] daemon call ok method=ping id=133 bytes=38
[2026-09-04 13:49:19.782] daemon call ok method=ping id=134 bytes=38
[2026-09-04 13:49:24.781] daemon call ok method=ping id=135 bytes=38
[2026-09-04 13:49:29.781] daemon call ok method=ping id=136 bytes=38
[2026-09-04 13:49:34.781] daemon call ok method=ping id=137 bytes=38
[2026-09-04 13:49:39.781] daemon call ok method=ping id=138 bytes=38
[2026-09-04 13:49:44.781] daemon call ok method=ping id=139 bytes=38
[2026-09-04 13:49:49.784] daemon call ok method=ping id=140 bytes=38
[2026-09-04 13:49:54.781] daemon call ok method=ping id=141 bytes=38
[2026-09-04 13:49:59.781] daemon call ok method=ping id=142 bytes=38
[2026-09-04 13:50:04.781] daemon call ok method=ping id=143 bytes=38
[2026-09-04 13:50:09.781] daemon call ok method=ping id=144 bytes=38
[2026-09-04 13:50:14.781] daemon call ok method=ping id=145 bytes=38
[2026-09-04 13:50:19.781] daemon call ok method=ping id=146 bytes=38
[2026-09-04 13:50:24.781] daemon call ok method=ping id=147 bytes=38
[2026-09-04 13:50:29.781] daemon call ok method=ping id=148 bytes=38
[2026-09-04 13:50:34.781] daemon call ok method=ping id=149 bytes=38
[2026-09-04 13:50:39.781] daemon call ok method=ping id=150 bytes=38
[2026-09-04 13:50:44.781] daemon call ok method=ping id=151 bytes=38
[2026-09-04 13:50:49.781] daemon call ok method=ping id=152 bytes=38
[2026-09-04 13:50:54.781] daemon call ok method=ping id=153 bytes=38
[2026-09-04 13:50:59.781] daemon call ok method=ping id=154 bytes=38
[2026-09-04 13:51:04.781] daemon call ok method=ping id=155 bytes=38
[2026-09-04 13:51:09.781] daemon call ok method=ping id=156 bytes=38
[2026-09-04 13:51:14.781] daemon call ok method=ping id=157 bytes=38
[2026-09-04 13:51:19.782] daemon call ok method=ping id=158 bytes=38
[2026-09-04 13:51:24.782] daemon call ok method=ping id=159 bytes=38
[2026-09-04 13:51:29.781] daemon call ok method=ping id=160 bytes=38
[2026-09-04 13:51:34.781] daemon call ok method=ping id=161 bytes=38
[2026-09-04 13:51:39.781] daemon call ok method=ping id=162 bytes=38
[2026-09-04 13:51:44.781] daemon call ok method=ping id=163 bytes=38
[2026-09-04 13:51:49.781] daemon call ok method=ping id=164 bytes=38
[2026-09-04 13:51:54.781] daemon call ok method=ping id=165 bytes=38
[2026-09-04 13:51:59.782] daemon call ok method=ping id=166 bytes=38
[2026-09-04 13:52:04.781] daemon call ok method=ping id=167 bytes=38
[2026-09-04 13:52:09.781] daemon call ok method=ping id=168 bytes=38
[2026-09-04 13:52:14.783] daemon call ok method=ping id=169 bytes=38
[2026-09-04 13:52:19.781] daemon call ok method=ping id=170 bytes=38
[2026-09-04 13:52:24.781] daemon call ok method=ping id=171 bytes=38
[2026-09-04 13:52:29.781] daemon call ok method=ping id=172 bytes=38
[2026-09-04 13:52:34.781] daemon call ok method=ping id=173 bytes=38
[2026-09-04 13:52:39.781] daemon call ok method=ping id=174 bytes=38
[2026-09-04 13:52:44.781] daemon call ok method=ping id=175 bytes=38
[2026-09-04 13:52:49.781] daemon call ok method=ping id=176 bytes=38
[2026-09-04 13:52:54.782] daemon call ok method=ping id=177 bytes=38
[2026-09-04 13:52:59.780] daemon call ok method=ping id=178 bytes=38
[2026-09-04 13:53:04.780] daemon call ok method=ping id=179 bytes=38
[2026-09-04 13:53:09.781] daemon call ok method=ping id=180 bytes=38
[2026-09-04 13:53:14.782] daemon call ok method=ping id=181 bytes=38
[2026-09-04 13:53:19.781] daemon call ok method=ping id=182 bytes=38
[2026-09-04 13:53:24.791] daemon call ok method=ping id=183 bytes=38
[2026-09-04 13:53:29.781] daemon call ok method=ping id=184 bytes=38
[2026-09-04 13:53:34.781] daemon call ok method=ping id=185 bytes=38
[2026-09-04 13:53:39.781] daemon call ok method=ping id=186 bytes=38
[2026-09-04 13:53:44.780] daemon call ok method=ping id=187 bytes=38
[2026-09-04 13:53:49.780] daemon call ok method=ping id=188 bytes=38
[2026-09-04 13:53:54.791] daemon call ok method=ping id=189 bytes=38
[2026-09-04 13:53:59.780] daemon call ok method=ping id=190 bytes=38
[2026-09-04 13:54:04.786] daemon call ok method=ping id=191 bytes=38
[2026-09-04 13:54:09.780] daemon call ok method=ping id=192 bytes=38
[2026-09-04 13:54:14.780] daemon call ok method=ping id=193 bytes=38
[2026-09-04 13:54:19.780] daemon call ok method=ping id=194 bytes=38
[2026-09-04 13:54:24.780] daemon call ok method=ping id=195 bytes=38
[2026-09-04 13:54:29.780] daemon call ok method=ping id=196 bytes=38
[2026-09-04 13:54:34.780] daemon call ok method=ping id=197 bytes=38
[2026-09-04 13:54:39.780] daemon call ok method=ping id=198 bytes=38
[2026-09-04 13:54:44.781] daemon call ok method=ping id=199 bytes=38
[2026-09-04 13:54:49.780] daemon call ok method=ping id=200 bytes=38
[2026-09-04 13:54:54.780] daemon call ok method=ping id=201 bytes=38
[2026-09-04 13:54:59.780] daemon call ok method=ping id=202 bytes=38
[2026-09-04 13:55:04.780] daemon call ok method=ping id=203 bytes=38
[2026-09-04 13:55:09.780] daemon call ok method=ping id=204 bytes=38
[2026-09-04 13:55:14.780] daemon call ok method=ping id=205 bytes=38
[2026-09-04 13:55:19.780] daemon call ok method=ping id=206 bytes=38
[2026-09-04 13:55:24.780] daemon call ok method=ping id=207 bytes=38
[2026-09-04 13:55:29.785] daemon call ok method=ping id=208 bytes=38
[2026-09-04 13:55:34.780] daemon call ok method=ping id=209 bytes=38
[2026-09-04 13:55:39.780] daemon call ok method=ping id=210 bytes=38
[2026-09-04 13:55:44.780] daemon call ok method=ping id=211 bytes=38
[2026-09-04 13:55:49.780] daemon call ok method=ping id=212 bytes=38
[2026-09-04 13:55:54.780] daemon call ok method=ping id=213 bytes=38
[2026-09-04 13:55:59.780] daemon call ok method=ping id=214 bytes=38
[2026-09-04 13:56:04.783] daemon call ok method=ping id=215 bytes=38
[2026-09-04 13:56:09.780] daemon call ok method=ping id=216 bytes=38
[2026-09-04 13:56:14.780] daemon call ok method=ping id=217 bytes=38
[2026-09-04 13:56:19.780] daemon call ok method=ping id=218 bytes=38
[2026-09-04 13:56:24.780] daemon call ok method=ping id=219 bytes=38
[2026-09-04 13:56:29.780] daemon call ok method=ping id=220 bytes=38
[2026-09-04 13:56:34.780] daemon call ok method=ping id=221 bytes=38
[2026-09-04 13:56:39.780] daemon call ok method=ping id=222 bytes=38
[2026-09-04 13:56:44.780] daemon call ok method=ping id=223 bytes=38
[2026-09-04 13:56:49.780] daemon call ok method=ping id=224 bytes=38
[2026-09-04 13:56:54.780] daemon call ok method=ping id=225 bytes=38
[2026-09-04 13:56:59.780] daemon call ok method=ping id=226 bytes=38
[2026-09-04 13:57:04.780] daemon call ok method=ping id=227 bytes=38
[2026-09-04 13:57:09.779] daemon call ok method=ping id=228 bytes=38
[2026-09-04 13:57:14.779] daemon call ok method=ping id=229 bytes=38
[2026-09-04 13:57:19.779] daemon call ok method=ping id=230 bytes=38
[2026-09-04 13:57:24.779] daemon call ok method=ping id=231 bytes=38
[2026-09-04 13:57:29.779] daemon call ok method=ping id=232 bytes=38
[2026-09-04 13:57:34.779] daemon call ok method=ping id=233 bytes=38
[2026-09-04 13:57:39.779] daemon call ok method=ping id=234 bytes=38
[2026-09-04 13:57:44.779] daemon call ok method=ping id=235 bytes=38
[2026-09-04 13:57:49.780] daemon call ok method=ping id=236 bytes=38
[2026-09-04 13:57:54.779] daemon call ok method=ping id=237 bytes=38
[2026-09-04 13:57:59.779] daemon call ok method=ping id=238 bytes=38
[2026-09-04 13:58:04.779] daemon call ok method=ping id=239 bytes=38
[2026-09-04 13:58:09.779] daemon call ok method=ping id=240 bytes=38
[2026-09-04 13:58:14.779] daemon call ok method=ping id=241 bytes=38
[2026-09-04 13:58:19.779] daemon call ok method=ping id=242 bytes=38
[2026-09-04 13:58:24.779] daemon call ok method=ping id=243 bytes=38
[2026-09-04 13:58:29.779] daemon call ok method=ping id=244 bytes=38
[2026-09-04 13:58:34.779] daemon call ok method=ping id=245 bytes=38
[2026-09-04 13:58:39.779] daemon call ok method=ping id=246 bytes=38
[2026-09-04 13:58:44.779] daemon call ok method=ping id=247 bytes=38
[2026-09-04 13:58:49.779] daemon call ok method=ping id=248 bytes=38
[2026-09-04 13:58:54.779] daemon call ok method=ping id=249 bytes=38
[2026-09-04 13:58:59.779] daemon call ok method=ping id=250 bytes=38
[2026-09-04 13:59:04.779] daemon call ok method=ping id=251 bytes=38
[2026-09-04 13:59:09.779] daemon call ok method=ping id=252 bytes=38
[2026-09-04 13:59:14.779] daemon call ok method=ping id=253 bytes=38
[2026-09-04 13:59:19.779] daemon call ok method=ping id=254 bytes=38
[2026-09-04 13:59:24.779] daemon call ok method=ping id=255 bytes=38
[2026-09-04 13:59:29.779] daemon call ok method=ping id=256 bytes=38
[2026-09-04 13:59:34.779] daemon call ok method=ping id=257 bytes=38
[2026-09-04 13:59:39.779] daemon call ok method=ping id=258 bytes=38
[2026-09-04 13:59:44.779] daemon call ok method=ping id=259 bytes=38
[2026-09-04 13:59:49.779] daemon call ok method=ping id=260 bytes=38
[2026-09-04 13:59:54.779] daemon call ok method=ping id=261 bytes=38
[2026-09-04 13:59:59.779] daemon call ok method=ping id=262 bytes=38
[2026-09-04 14:00:04.779] daemon call ok method=ping id=263 bytes=38
[2026-09-04 14:00:09.779] daemon call ok method=ping id=264 bytes=38
[2026-09-04 14:00:14.779] daemon call ok method=ping id=265 bytes=38
[2026-09-04 14:00:19.779] daemon call ok method=ping id=266 bytes=38
[2026-09-04 14:00:24.779] daemon call ok method=ping id=267 bytes=38
[2026-09-04 14:00:29.779] daemon call ok method=ping id=268 bytes=38
[2026-09-04 14:00:34.779] daemon call ok method=ping id=269 bytes=38
[2026-09-04 14:00:39.779] daemon call ok method=ping id=270 bytes=38
[2026-09-04 14:00:44.779] daemon call ok method=ping id=271 bytes=38
[2026-09-04 14:00:49.779] daemon call ok method=ping id=272 bytes=38
[2026-09-04 14:00:54.779] daemon call ok method=ping id=273 bytes=38
[2026-09-04 14:00:59.778] daemon call ok method=ping id=274 bytes=38
[2026-09-04 14:01:04.779] daemon call ok method=ping id=275 bytes=38
[2026-09-04 14:01:09.778] daemon call ok method=ping id=276 bytes=38
[2026-09-04 14:01:14.778] daemon call ok method=ping id=277 bytes=38
[2026-09-04 14:01:19.778] daemon call ok method=ping id=278 bytes=38
[2026-09-04 14:01:24.779] daemon call ok method=ping id=279 bytes=38
[2026-09-04 14:01:29.779] daemon call ok method=ping id=280 bytes=38
[2026-09-04 14:01:34.778] daemon call ok method=ping id=281 bytes=38
[2026-09-04 14:01:39.778] daemon call ok method=ping id=282 bytes=38
[2026-09-04 14:01:44.778] daemon call ok method=ping id=283 bytes=38
[2026-09-04 14:01:49.778] daemon call ok method=ping id=284 bytes=38
[2026-09-04 14:01:54.778] daemon call ok method=ping id=285 bytes=38
[2026-09-04 14:01:59.778] daemon call ok method=ping id=286 bytes=38
[2026-09-04 14:02:04.779] daemon call ok method=ping id=287 bytes=38
[2026-09-04 14:02:09.778] daemon call ok method=ping id=288 bytes=38
[2026-09-04 14:02:14.778] daemon call ok method=ping id=289 bytes=38
[2026-09-04 14:02:19.779] daemon call ok method=ping id=290 bytes=38
[2026-09-04 14:02:24.778] daemon call ok method=ping id=291 bytes=38
[2026-09-04 14:02:29.778] daemon call ok method=ping id=292 bytes=38
[2026-09-04 14:02:34.778] daemon call ok method=ping id=293 bytes=38
[2026-09-04 14:02:39.778] daemon call ok method=ping id=294 bytes=38
[2026-09-04 14:02:44.778] daemon call ok method=ping id=295 bytes=38
[2026-09-04 14:02:49.778] daemon call ok method=ping id=296 bytes=38
[2026-09-04 14:02:54.778] daemon call ok method=ping id=297 bytes=38
[2026-09-04 14:02:59.778] daemon call ok method=ping id=298 bytes=38
[2026-09-04 14:03:04.778] daemon call ok method=ping id=299 bytes=38
[2026-09-04 14:03:09.778] daemon call ok method=ping id=300 bytes=38
[2026-09-04 14:03:14.778] daemon call ok method=ping id=301 bytes=38
[2026-09-04 14:03:19.778] daemon call ok method=ping id=302 bytes=38
[2026-09-04 14:03:24.778] daemon call ok method=ping id=303 bytes=38
[2026-09-04 14:03:29.778] daemon call ok method=ping id=304 bytes=38
[2026-09-04 14:03:34.778] daemon call ok method=ping id=305 bytes=38
[2026-09-04 14:03:39.778] daemon call ok method=ping id=306 bytes=38
[2026-09-04 14:03:44.778] daemon call ok method=ping id=307 bytes=38
[2026-09-04 14:03:49.778] daemon call ok method=ping id=308 bytes=38
[2026-09-04 14:03:54.778] daemon call ok method=ping id=309 bytes=38
[2026-09-04 14:03:59.778] daemon call ok method=ping id=310 bytes=38
[2026-09-04 14:04:04.778] daemon call ok method=ping id=311 bytes=38
[2026-09-04 14:04:09.778] daemon call ok method=ping id=312 bytes=38
[2026-09-04 14:04:14.778] daemon call ok method=ping id=313 bytes=38
[2026-09-04 14:04:19.777] daemon call ok method=ping id=314 bytes=38
[2026-09-04 14:04:24.778] daemon call ok method=ping id=315 bytes=38
[2026-09-04 14:04:29.778] daemon call ok method=ping id=316 bytes=38
[2026-09-04 14:04:34.778] daemon call ok method=ping id=317 bytes=38
[2026-09-04 14:04:39.777] daemon call ok method=ping id=318 bytes=38
[2026-09-04 14:04:44.779] daemon call ok method=ping id=319 bytes=38
[2026-09-04 14:04:49.777] daemon call ok method=ping id=320 bytes=38
[2026-09-04 14:04:54.777] daemon call ok method=ping id=321 bytes=38
[2026-09-04 14:04:59.777] daemon call ok method=ping id=322 bytes=38
[2026-09-04 14:05:04.777] daemon call ok method=ping id=323 bytes=38
[2026-09-04 14:05:09.777] daemon call ok method=ping id=324 bytes=38
[2026-09-04 14:05:14.777] daemon call ok method=ping id=325 bytes=38
[2026-09-04 14:05:19.777] daemon call ok method=ping id=326 bytes=38
[2026-09-04 14:05:24.777] daemon call ok method=ping id=327 bytes=38
[2026-09-04 14:05:29.778] daemon call ok method=ping id=328 bytes=38
[2026-09-04 14:05:34.777] daemon call ok method=ping id=329 bytes=38
[2026-09-04 14:05:39.777] daemon call ok method=ping id=330 bytes=38
[2026-09-04 14:05:44.777] daemon call ok method=ping id=331 bytes=38
[2026-09-04 14:05:49.777] daemon call ok method=ping id=332 bytes=38
[2026-09-04 14:05:54.777] daemon call ok method=ping id=333 bytes=38
[2026-09-04 14:05:59.777] daemon call ok method=ping id=334 bytes=38
[2026-09-04 14:06:04.777] daemon call ok method=ping id=335 bytes=38
[2026-09-04 14:06:09.778] daemon call ok method=ping id=336 bytes=38
[2026-09-04 14:06:14.777] daemon call ok method=ping id=337 bytes=38
[2026-09-04 14:06:19.779] daemon call ok method=ping id=338 bytes=38
[2026-09-04 14:06:24.777] daemon call ok method=ping id=339 bytes=38
[2026-09-04 14:06:29.777] daemon call ok method=ping id=340 bytes=38
[2026-09-04 14:06:34.777] daemon call ok method=ping id=341 bytes=38
[2026-09-04 14:06:39.777] daemon call ok method=ping id=342 bytes=38
[2026-09-04 14:06:44.777] daemon call ok method=ping id=343 bytes=38
[2026-09-04 14:06:49.777] daemon call ok method=ping id=344 bytes=38
[2026-09-04 14:06:54.777] daemon call ok method=ping id=345 bytes=38
[2026-09-04 14:06:59.777] daemon call ok method=ping id=346 bytes=38
[2026-09-04 14:07:04.777] daemon call ok method=ping id=347 bytes=38
[2026-09-04 14:07:09.777] daemon call ok method=ping id=348 bytes=38
[2026-09-04 14:07:14.777] daemon call ok method=ping id=349 bytes=38
[2026-09-04 14:07:19.777] daemon call ok method=ping id=350 bytes=38
[2026-09-04 14:07:24.777] daemon call ok method=ping id=351 bytes=38
[2026-09-04 14:07:29.778] daemon call ok method=ping id=352 bytes=38
[2026-09-04 14:07:34.777] daemon call ok method=ping id=353 bytes=38
[2026-09-04 14:07:39.777] daemon call ok method=ping id=354 bytes=38
[2026-09-04 14:07:44.777] daemon call ok method=ping id=355 bytes=38
[2026-09-04 14:07:49.778] daemon call ok method=ping id=356 bytes=38
[2026-09-04 14:07:54.777] daemon call ok method=ping id=357 bytes=38
[2026-09-04 14:07:59.777] daemon call ok method=ping id=358 bytes=38
[2026-09-04 14:08:04.777] daemon call ok method=ping id=359 bytes=38
[2026-09-04 14:08:09.777] daemon call ok method=ping id=360 bytes=38
[2026-09-04 14:08:14.777] daemon call ok method=ping id=361 bytes=38
[2026-09-04 14:08:19.778] daemon call ok method=ping id=362 bytes=38
[2026-09-04 14:08:24.778] daemon call ok method=ping id=363 bytes=38
[2026-09-04 14:13:27.947] run start daemon_tcp=127.0.0.1:8443 request_timeout=30s heartbeat=5s stdio_keepalive=45s
[2026-09-04 14:13:27.952] daemon dial begin tcp=127.0.0.1:8443
[2026-09-04 14:13:27.976] daemon call ok method=initialize id=1 bytes=257
[2026-09-04 14:13:27.980] daemon initialize ok
[2026-09-04 14:13:27.997] daemon call ok method=events/subscribe id=2 bytes=125
[2026-09-04 14:13:28.001] events/subscribe ok client_id=ide-ide-proxy
[2026-09-04 14:13:28.078] daemon notify queued method=notifications/event bytes=304
[2026-09-04 14:13:33.051] daemon notify queued method=notifications/message bytes=230
[2026-09-04 14:13:33.270] daemon call ok method=ping id=3 bytes=36
[2026-09-04 14:13:38.052] daemon call ok method=ping id=4 bytes=36
[2026-09-04 14:13:43.049] daemon call ok method=ping id=5 bytes=36
[2026-09-04 14:13:48.051] daemon call ok method=ping id=6 bytes=36
[2026-09-04 14:13:53.051] daemon call ok method=ping id=7 bytes=36
[2026-09-04 14:13:58.050] daemon call ok method=ping id=8 bytes=36
[2026-09-04 14:14:03.051] daemon call ok method=ping id=9 bytes=36
[2026-09-04 14:14:08.051] daemon call ok method=ping id=10 bytes=37
[2026-09-04 14:14:13.051] daemon call ok method=ping id=11 bytes=37
[2026-09-04 14:14:18.052] daemon call ok method=ping id=12 bytes=37
[2026-09-04 14:14:20.441] daemon readLoop EOF
[2026-09-04 14:14:20.446] daemon session closed (failPending)
[2026-09-04 14:15:01.326] run start daemon_tcp=127.0.0.1:8443 request_timeout=30s heartbeat=5s stdio_keepalive=45s
[2026-09-04 14:15:01.335] daemon dial begin tcp=127.0.0.1:8443
[2026-09-04 14:15:01.469] daemon call ok method=initialize id=1 bytes=257
[2026-09-04 14:15:01.476] daemon initialize ok
[2026-09-04 14:15:01.484] daemon call ok method=events/subscribe id=2 bytes=125
[2026-09-04 14:15:01.489] events/subscribe ok client_id=ide-ide-proxy
[2026-09-04 14:15:01.571] daemon notify queued method=notifications/event bytes=304
[2026-09-04 14:15:06.430] daemon notify queued method=notifications/message bytes=230
[2026-09-04 14:15:06.441] daemon call ok method=ping id=3 bytes=36
[2026-09-04 14:15:11.440] daemon call ok method=ping id=4 bytes=36
[2026-09-04 14:15:16.430] daemon call ok method=ping id=5 bytes=36
[2026-09-04 14:15:21.430] daemon call ok method=ping id=6 bytes=36
[2026-09-04 14:15:26.429] daemon call ok method=ping id=7 bytes=36
[2026-09-04 14:15:31.429] daemon call ok method=ping id=8 bytes=36
[2026-09-04 14:15:36.431] daemon call ok method=ping id=9 bytes=36
[2026-09-04 14:15:41.429] daemon call ok method=ping id=10 bytes=37
[2026-09-04 14:15:46.438] daemon call ok method=ping id=11 bytes=37
[2026-09-04 14:15:51.429] daemon call ok method=ping id=12 bytes=37
[2026-09-04 14:15:56.428] daemon call ok method=ping id=13 bytes=37
[2026-09-04 14:16:01.431] daemon call ok method=ping id=14 bytes=37
[2026-09-04 14:16:06.429] daemon call ok method=ping id=15 bytes=37
[2026-09-04 14:16:11.429] daemon call ok method=ping id=16 bytes=37
[2026-09-04 14:16:16.429] daemon call ok method=ping id=17 bytes=37
[2026-09-04 14:16:21.430] daemon call ok method=ping id=18 bytes=37
[2026-09-04 14:16:26.430] daemon call ok method=ping id=19 bytes=37
[2026-09-04 14:16:31.429] daemon call ok method=ping id=20 bytes=37
[2026-09-04 14:16:33.290] daemon notify queued method=notifications/event bytes=365
[2026-09-04 14:16:36.430] daemon call ok method=ping id=21 bytes=37
[2026-09-04 14:16:41.428] daemon call ok method=ping id=22 bytes=37
[2026-09-04 14:16:46.428] daemon call ok method=ping id=23 bytes=37
[2026-09-04 14:16:51.428] daemon call ok method=ping id=24 bytes=37
[2026-09-04 14:16:56.428] daemon call ok method=ping id=25 bytes=37
[2026-09-04 14:17:01.429] daemon call ok method=ping id=26 bytes=37
[2026-09-04 14:17:06.429] daemon call ok method=ping id=27 bytes=37
[2026-09-04 14:17:11.429] daemon call ok method=ping id=28 bytes=37
[2026-09-04 14:17:16.429] daemon call ok method=ping id=29 bytes=37
[2026-09-04 14:17:21.435] daemon call ok method=ping id=30 bytes=37
[2026-09-04 14:17:26.429] daemon call ok method=ping id=31 bytes=37
[2026-09-04 14:17:31.428] daemon call ok method=ping id=32 bytes=37
[2026-09-04 14:17:36.428] daemon call ok method=ping id=33 bytes=37
[2026-09-04 14:17:41.431] daemon call ok method=ping id=34 bytes=37
[2026-09-04 14:17:46.430] daemon call ok method=ping id=35 bytes=37
[2026-09-04 14:17:51.437] daemon call ok method=ping id=36 bytes=37
[2026-09-04 14:17:56.428] daemon call ok method=ping id=37 bytes=37
[2026-09-04 14:18:01.431] daemon call ok method=ping id=38 bytes=37
[2026-09-04 14:18:06.431] daemon call ok method=ping id=39 bytes=37
[2026-09-04 14:18:11.428] daemon call ok method=ping id=40 bytes=37
[2026-09-04 14:18:16.429] daemon call ok method=ping id=41 bytes=37
[2026-09-04 14:18:21.431] daemon call ok method=ping id=42 bytes=37
[2026-09-04 14:18:26.431] daemon call ok method=ping id=43 bytes=37
[2026-09-04 14:18:31.433] daemon call ok method=ping id=44 bytes=37
[2026-09-04 14:18:36.432] daemon call ok method=ping id=45 bytes=37
[2026-09-04 14:18:41.429] daemon call ok method=ping id=46 bytes=37
[2026-09-04 14:18:46.429] daemon call ok method=ping id=47 bytes=37
[2026-09-04 14:18:51.429] daemon call ok method=ping id=48 bytes=37
[2026-09-04 14:18:56.435] daemon call ok method=ping id=49 bytes=37
[2026-09-04 14:19:01.431] daemon call ok method=ping id=50 bytes=37
[2026-09-04 14:19:06.429] daemon call ok method=ping id=51 bytes=37
[2026-09-04 14:19:11.428] daemon call ok method=ping id=52 bytes=37
[2026-09-04 14:19:16.427] daemon call ok method=ping id=53 bytes=37
[2026-09-04 14:19:21.430] daemon call ok method=ping id=54 bytes=37
[2026-09-04 14:19:26.429] daemon call ok method=ping id=55 bytes=37
[2026-09-04 14:19:31.431] daemon call ok method=ping id=56 bytes=37
[2026-09-04 14:19:36.461] daemon call ok method=ping id=57 bytes=37
[2026-09-04 14:19:41.440] daemon call ok method=ping id=58 bytes=37
[2026-09-04 14:19:46.429] daemon call ok method=ping id=59 bytes=37
[2026-09-04 14:19:51.437] daemon call ok method=ping id=60 bytes=37
[2026-09-04 14:19:56.429] daemon call ok method=ping id=61 bytes=37
[2026-09-04 14:20:01.428] daemon call ok method=ping id=62 bytes=37
[2026-09-04 14:20:06.429] daemon call ok method=ping id=63 bytes=37
[2026-09-04 14:20:11.430] daemon call ok method=ping id=64 bytes=37
[2026-09-04 14:20:16.428] daemon call ok method=ping id=65 bytes=37
[2026-09-04 14:20:21.428] daemon call ok method=ping id=66 bytes=37
[2026-09-04 14:20:26.430] daemon call ok method=ping id=67 bytes=37
[2026-09-04 14:20:31.429] daemon call ok method=ping id=68 bytes=37
[2026-09-04 14:20:36.429] daemon call ok method=ping id=69 bytes=37
[2026-09-04 14:20:41.429] daemon call ok method=ping id=70 bytes=37
[2026-09-04 14:20:46.448] daemon call ok method=ping id=71 bytes=37
[2026-09-04 14:20:51.428] daemon call ok method=ping id=72 bytes=37
[2026-09-04 14:20:56.448] daemon call ok method=ping id=73 bytes=37
[2026-09-04 14:21:01.429] daemon call ok method=ping id=74 bytes=37
[2026-09-04 14:21:06.429] daemon call ok method=ping id=75 bytes=37
[2026-09-04 14:21:11.429] daemon call ok method=ping id=76 bytes=37
[2026-09-04 14:21:16.429] daemon call ok method=ping id=77 bytes=37
[2026-09-04 14:21:21.430] daemon call ok method=ping id=78 bytes=37
[2026-09-04 14:21:26.427] daemon call ok method=ping id=79 bytes=37
[2026-09-04 14:21:31.429] daemon call ok method=ping id=80 bytes=37
[2026-09-04 14:21:36.427] daemon call ok method=ping id=81 bytes=37
[2026-09-04 14:21:41.429] daemon call ok method=ping id=82 bytes=37
[2026-09-04 14:21:46.432] daemon call ok method=ping id=83 bytes=37
[2026-09-04 14:21:51.437] daemon call ok method=ping id=84 bytes=37
[2026-09-04 14:21:56.428] daemon call ok method=ping id=85 bytes=37
[2026-09-04 14:22:01.430] daemon call ok method=ping id=86 bytes=37
[2026-09-04 14:22:06.429] daemon call ok method=ping id=87 bytes=37
[2026-09-04 14:22:11.431] daemon call ok method=ping id=88 bytes=37
[2026-09-04 14:22:16.429] daemon call ok method=ping id=89 bytes=37
[2026-09-04 14:22:21.427] daemon call ok method=ping id=90 bytes=37
[2026-09-04 14:22:26.431] daemon call ok method=ping id=91 bytes=37
[2026-09-04 14:22:31.428] daemon call ok method=ping id=92 bytes=37
[2026-09-04 14:22:36.429] daemon call ok method=ping id=93 bytes=37
[2026-09-04 14:22:41.427] daemon call ok method=ping id=94 bytes=37
[2026-09-04 14:22:46.429] daemon call ok method=ping id=95 bytes=37
[2026-09-04 14:22:51.428] daemon call ok method=ping id=96 bytes=37
[2026-09-04 14:22:56.432] daemon call ok method=ping id=97 bytes=37
[2026-09-04 14:23:01.428] daemon call ok method=ping id=98 bytes=37
[2026-09-04 14:23:06.430] daemon call ok method=ping id=99 bytes=37
[2026-09-04 14:23:11.429] daemon call ok method=ping id=100 bytes=38
[2026-09-04 14:23:16.428] daemon call ok method=ping id=101 bytes=38
[2026-09-04 14:23:21.430] daemon call ok method=ping id=102 bytes=38
[2026-09-04 14:23:26.427] daemon call ok method=ping id=103 bytes=38
[2026-09-04 14:23:31.427] daemon call ok method=ping id=104 bytes=38
[2026-09-04 14:23:36.428] daemon call ok method=ping id=105 bytes=38
[2026-09-04 14:23:41.427] daemon call ok method=ping id=106 bytes=38
[2026-09-04 14:23:46.429] daemon call ok method=ping id=107 bytes=38
[2026-09-04 14:23:51.427] daemon call ok method=ping id=108 bytes=38
[2026-09-04 14:23:56.434] daemon call ok method=ping id=109 bytes=38
[2026-09-04 14:24:01.427] daemon call ok method=ping id=110 bytes=38
[2026-09-04 14:24:06.429] daemon call ok method=ping id=111 bytes=38
[2026-09-04 14:24:11.427] daemon call ok method=ping id=112 bytes=38
[2026-09-04 14:24:16.427] daemon call ok method=ping id=113 bytes=38
[2026-09-04 14:24:21.434] daemon call ok method=ping id=114 bytes=38
[2026-09-04 14:24:26.427] daemon call ok method=ping id=115 bytes=38
[2026-09-04 14:24:31.427] daemon call ok method=ping id=116 bytes=38
[2026-09-04 14:24:36.427] daemon call ok method=ping id=117 bytes=38
[2026-09-04 14:24:41.427] daemon call ok method=ping id=118 bytes=38
[2026-09-04 14:24:46.429] daemon call ok method=ping id=119 bytes=38
[2026-09-04 14:24:51.427] daemon call ok method=ping id=120 bytes=38
[2026-09-04 14:24:56.427] daemon call ok method=ping id=121 bytes=38
[2026-09-04 14:25:01.427] daemon call ok method=ping id=122 bytes=38
[2026-09-04 14:25:06.427] daemon call ok method=ping id=123 bytes=38
[2026-09-04 14:25:11.426] daemon call ok method=ping id=124 bytes=38
[2026-09-04 14:25:16.429] daemon call ok method=ping id=125 bytes=38
[2026-09-04 14:25:21.427] daemon call ok method=ping id=126 bytes=38
[2026-09-04 14:25:26.434] daemon call ok method=ping id=127 bytes=38
[2026-09-04 14:25:31.427] daemon call ok method=ping id=128 bytes=38
[2026-09-04 14:25:36.427] daemon call ok method=ping id=129 bytes=38
[2026-09-04 14:25:41.426] daemon call ok method=ping id=130 bytes=38
[2026-09-04 14:25:46.429] daemon call ok method=ping id=131 bytes=38
[2026-09-04 14:25:51.429] daemon call ok method=ping id=132 bytes=38
[2026-09-04 14:25:56.427] daemon call ok method=ping id=133 bytes=38
[2026-09-04 14:26:01.439] daemon call ok method=ping id=134 bytes=38
[2026-09-04 14:26:06.426] daemon call ok method=ping id=135 bytes=38
[2026-09-04 14:26:11.426] daemon call ok method=ping id=136 bytes=38
[2026-09-04 14:26:16.431] daemon call ok method=ping id=137 bytes=38
[2026-09-04 14:26:21.427] daemon call ok method=ping id=138 bytes=38
[2026-09-04 14:26:26.427] daemon call ok method=ping id=139 bytes=38
[2026-09-04 14:26:31.430] daemon call ok method=ping id=140 bytes=38
[2026-09-04 14:26:36.435] daemon call ok method=ping id=141 bytes=38
[2026-09-04 14:26:41.433] daemon call ok method=ping id=142 bytes=38
[2026-09-04 14:26:46.431] daemon call ok method=ping id=143 bytes=38
[2026-09-04 14:26:51.429] daemon call ok method=ping id=144 bytes=38
[2026-09-04 14:26:56.428] daemon call ok method=ping id=145 bytes=38
[2026-09-04 14:27:01.431] daemon call ok method=ping id=146 bytes=38
[2026-09-04 14:27:06.430] daemon call ok method=ping id=147 bytes=38
[2026-09-04 14:27:11.428] daemon call ok method=ping id=148 bytes=38
[2026-09-04 14:27:16.431] daemon call ok method=ping id=149 bytes=38
[2026-09-04 14:27:21.429] daemon call ok method=ping id=150 bytes=38
[2026-09-04 14:27:26.430] daemon call ok method=ping id=151 bytes=38
[2026-09-04 14:27:31.427] daemon call ok method=ping id=152 bytes=38
[2026-09-04 14:27:36.432] daemon call ok method=ping id=153 bytes=38
[2026-09-04 14:27:41.428] daemon call ok method=ping id=154 bytes=38
[2026-09-04 14:27:46.426] daemon call ok method=ping id=155 bytes=38
[2026-09-04 14:27:51.426] daemon call ok method=ping id=156 bytes=38
[2026-09-04 14:27:56.439] daemon call ok method=ping id=157 bytes=38
[2026-09-04 14:28:01.431] daemon call ok method=ping id=158 bytes=38
[2026-09-04 14:28:06.437] daemon call ok method=ping id=159 bytes=38
[2026-09-04 14:28:11.426] daemon call ok method=ping id=160 bytes=38
[2026-09-04 14:28:16.426] daemon call ok method=ping id=161 bytes=38
[2026-09-04 14:28:21.429] daemon call ok method=ping id=162 bytes=38
[2026-09-04 14:28:26.426] daemon call ok method=ping id=163 bytes=38
[2026-09-04 14:28:31.440] daemon call ok method=ping id=164 bytes=38
[2026-09-04 14:28:36.428] daemon call ok method=ping id=165 bytes=38
[2026-09-04 14:28:41.426] daemon call ok method=ping id=166 bytes=38
[2026-09-04 14:28:46.426] daemon call ok method=ping id=167 bytes=38
[2026-09-04 14:28:51.426] daemon call ok method=ping id=168 bytes=38
[2026-09-04 14:28:56.426] daemon call ok method=ping id=169 bytes=38
[2026-09-04 14:29:01.427] daemon call ok method=ping id=170 bytes=38
[2026-09-04 14:29:06.429] daemon call ok method=ping id=171 bytes=38
[2026-09-04 14:29:11.430] daemon call ok method=ping id=172 bytes=38
[2026-09-04 14:29:16.428] daemon call ok method=ping id=173 bytes=38
[2026-09-04 14:29:21.425] daemon call ok method=ping id=174 bytes=38
[2026-09-04 14:29:26.425] daemon call ok method=ping id=175 bytes=38
[2026-09-04 14:29:31.425] daemon call ok method=ping id=176 bytes=38
[2026-09-04 14:29:36.426] daemon call ok method=ping id=177 bytes=38
[2026-09-04 14:29:41.431] daemon call ok method=ping id=178 bytes=38
[2026-09-04 14:29:46.431] daemon call ok method=ping id=179 bytes=38
[2026-09-04 14:29:51.430] daemon call ok method=ping id=180 bytes=38
[2026-09-04 14:29:56.426] daemon call ok method=ping id=181 bytes=38
[2026-09-04 14:30:01.426] daemon call ok method=ping id=182 bytes=38
[2026-09-04 14:30:06.431] daemon call ok method=ping id=183 bytes=38
[2026-09-04 14:30:11.426] daemon call ok method=ping id=184 bytes=38
[2026-09-04 14:30:16.425] daemon call ok method=ping id=185 bytes=38
[2026-09-04 14:30:21.428] daemon call ok method=ping id=186 bytes=38
[2026-09-04 14:30:26.429] daemon call ok method=ping id=187 bytes=38
[2026-09-04 14:30:31.440] daemon call ok method=ping id=188 bytes=38
[2026-09-04 14:30:36.425] daemon call ok method=ping id=189 bytes=38
[2026-09-04 14:30:41.425] daemon call ok method=ping id=190 bytes=38
[2026-09-04 14:30:46.426] daemon call ok method=ping id=191 bytes=38
[2026-09-04 14:30:51.433] daemon call ok method=ping id=192 bytes=38
[2026-09-04 14:30:56.426] daemon call ok method=ping id=193 bytes=38
[2026-09-04 14:31:01.429] daemon call ok method=ping id=194 bytes=38
[2026-09-04 14:31:06.425] daemon call ok method=ping id=195 bytes=38
[2026-09-04 14:31:11.425] daemon call ok method=ping id=196 bytes=38
[2026-09-04 14:31:16.430] daemon call ok method=ping id=197 bytes=38
[2026-09-04 14:31:21.433] daemon call ok method=ping id=198 bytes=38
[2026-09-04 14:31:26.429] daemon call ok method=ping id=199 bytes=38
[2026-09-04 14:31:31.443] daemon call ok method=ping id=200 bytes=38
[2026-09-04 14:31:36.429] daemon call ok method=ping id=201 bytes=38
[2026-09-04 14:31:41.425] daemon call ok method=ping id=202 bytes=38
[2026-09-04 14:31:46.428] daemon call ok method=ping id=203 bytes=38
[2026-09-04 14:31:51.432] daemon call ok method=ping id=204 bytes=38
[2026-09-04 14:31:56.425] daemon call ok method=ping id=205 bytes=38
[2026-09-04 14:32:01.424] daemon call ok method=ping id=206 bytes=38
[2026-09-04 14:32:06.425] daemon call ok method=ping id=207 bytes=38
[2026-09-04 14:32:11.433] daemon call ok method=ping id=208 bytes=38
[2026-09-04 14:32:16.438] daemon call ok method=ping id=209 bytes=38
[2026-09-04 14:32:21.440] daemon call ok method=ping id=210 bytes=38
[2026-09-04 14:32:26.442] daemon call ok method=ping id=211 bytes=38
[2026-09-04 14:32:31.447] daemon call ok method=ping id=212 bytes=38
[2026-09-04 14:32:36.444] daemon call ok method=ping id=213 bytes=38
[2026-09-04 14:32:41.450] daemon call ok method=ping id=214 bytes=38
[2026-09-04 14:32:46.450] daemon call ok method=ping id=215 bytes=38
[2026-09-04 14:32:51.451] daemon call ok method=ping id=216 bytes=38
[2026-09-04 14:32:56.451] daemon call ok method=ping id=217 bytes=38
[2026-09-04 14:33:01.453] daemon call ok method=ping id=218 bytes=38
[2026-09-04 14:33:06.447] daemon call ok method=ping id=219 bytes=38
[2026-09-04 14:33:11.448] daemon call ok method=ping id=220 bytes=38
[2026-09-04 14:33:16.447] daemon call ok method=ping id=221 bytes=38
[2026-09-04 14:33:21.449] daemon call ok method=ping id=222 bytes=38
[2026-09-04 14:33:26.450] daemon call ok method=ping id=223 bytes=38
[2026-09-04 14:33:31.452] daemon call ok method=ping id=224 bytes=38
[2026-09-04 14:33:36.450] daemon call ok method=ping id=225 bytes=38
[2026-09-04 14:33:41.452] daemon call ok method=ping id=226 bytes=38
[2026-09-04 14:33:46.448] daemon call ok method=ping id=227 bytes=38
[2026-09-04 14:33:51.448] daemon call ok method=ping id=228 bytes=38
[2026-09-04 14:33:56.448] daemon call ok method=ping id=229 bytes=38
[2026-09-04 14:34:01.447] daemon call ok method=ping id=230 bytes=38
[2026-09-04 14:34:06.447] daemon call ok method=ping id=231 bytes=38
[2026-09-04 14:34:11.448] daemon call ok method=ping id=232 bytes=38
[2026-09-04 14:34:16.448] daemon call ok method=ping id=233 bytes=38
[2026-09-04 14:34:21.447] daemon call ok method=ping id=234 bytes=38
[2026-09-04 14:34:26.448] daemon call ok method=ping id=235 bytes=38
[2026-09-04 14:34:31.447] daemon call ok method=ping id=236 bytes=38
[2026-09-04 14:34:36.448] daemon call ok method=ping id=237 bytes=38
[2026-09-04 14:34:41.450] daemon call ok method=ping id=238 bytes=38
[2026-09-04 14:34:46.450] daemon call ok method=ping id=239 bytes=38
[2026-09-04 14:34:51.453] daemon call ok method=ping id=240 bytes=38
[2026-09-04 14:34:56.448] daemon call ok method=ping id=241 bytes=38
[2026-09-04 14:35:01.453] daemon call ok method=ping id=242 bytes=38
[2026-09-04 14:35:06.447] daemon call ok method=ping id=243 bytes=38
[2026-09-04 14:35:11.452] daemon call ok method=ping id=244 bytes=38
[2026-09-04 14:35:16.456] daemon call ok method=ping id=245 bytes=38
[2026-09-04 14:35:21.448] daemon call ok method=ping id=246 bytes=38
[2026-09-04 14:35:26.449] daemon call ok method=ping id=247 bytes=38
[2026-09-04 14:35:31.448] daemon call ok method=ping id=248 bytes=38
[2026-09-04 14:35:36.447] daemon call ok method=ping id=249 bytes=38
[2026-09-04 14:35:41.448] daemon call ok method=ping id=250 bytes=38
[2026-09-04 14:35:46.455] daemon call ok method=ping id=251 bytes=38
[2026-09-04 14:35:51.450] daemon call ok method=ping id=252 bytes=38
[2026-09-04 14:35:56.454] daemon call ok method=ping id=253 bytes=38
[2026-09-04 14:36:01.454] daemon call ok method=ping id=254 bytes=38
[2026-09-04 14:36:06.454] daemon call ok method=ping id=255 bytes=38
[2026-09-04 14:36:11.447] daemon call ok method=ping id=256 bytes=38
[2026-09-04 14:36:16.450] daemon call ok method=ping id=257 bytes=38
[2026-09-04 14:36:21.450] daemon call ok method=ping id=258 bytes=38
[2026-09-04 14:36:26.448] daemon call ok method=ping id=259 bytes=38
[2026-09-04 14:36:31.449] daemon call ok method=ping id=260 bytes=38
[2026-09-04 14:36:36.448] daemon call ok method=ping id=261 bytes=38
[2026-09-04 14:36:41.449] daemon call ok method=ping id=262 bytes=38
[2026-09-04 14:36:46.452] daemon call ok method=ping id=263 bytes=38
[2026-09-04 14:36:51.452] daemon call ok method=ping id=264 bytes=38
[2026-09-04 14:36:56.449] daemon call ok method=ping id=265 bytes=38
[2026-09-04 14:36:57.217] daemon readLoop EOF
[2026-09-04 14:36:57.221] daemon session closed (failPending)
[2026-09-04 14:37:42.469] run start daemon_tcp=127.0.0.1:8443 request_timeout=30s heartbeat=5s stdio_keepalive=45s
[2026-09-04 14:37:42.490] daemon dial begin tcp=127.0.0.1:8443
[2026-09-04 14:37:42.521] daemon call ok method=initialize id=1 bytes=257
[2026-09-04 14:37:42.526] daemon initialize ok
[2026-09-04 14:37:42.531] daemon call ok method=events/subscribe id=2 bytes=125
[2026-09-04 14:37:42.554] events/subscribe ok client_id=ide-ide-proxy
[2026-09-04 14:37:42.624] daemon notify queued method=notifications/event bytes=304
[2026-09-04 14:37:47.573] daemon notify queued method=notifications/message bytes=230
[2026-09-04 14:37:47.609] daemon call ok method=ping id=3 bytes=36
[2026-09-04 14:37:52.572] daemon call ok method=ping id=4 bytes=36
[2026-09-04 14:37:57.572] daemon call ok method=ping id=5 bytes=36
[2026-09-04 14:38:02.572] daemon call ok method=ping id=6 bytes=36
[2026-09-04 14:38:07.573] daemon call ok method=ping id=7 bytes=36
[2026-09-04 14:38:12.572] daemon call ok method=ping id=8 bytes=36
[2026-09-04 14:38:17.573] daemon call ok method=ping id=9 bytes=36
[2026-09-04 14:38:22.573] daemon call ok method=ping id=10 bytes=37
[2026-09-04 14:38:27.573] daemon call ok method=ping id=11 bytes=37
[2026-09-04 14:38:32.576] daemon call ok method=ping id=12 bytes=37
[2026-09-04 14:38:37.572] daemon call ok method=ping id=13 bytes=37
[2026-09-04 14:38:42.573] daemon call ok method=ping id=14 bytes=37
[2026-09-04 14:38:47.573] daemon call ok method=ping id=15 bytes=37
[2026-09-04 14:38:52.574] daemon call ok method=ping id=16 bytes=37
[2026-09-04 14:38:57.576] daemon call ok method=ping id=17 bytes=37
[2026-09-04 14:39:02.573] daemon call ok method=ping id=18 bytes=37
[2026-09-04 14:39:07.573] daemon call ok method=ping id=19 bytes=37
[2026-09-04 14:39:12.575] daemon call ok method=ping id=20 bytes=37
[2026-09-04 14:39:17.572] daemon call ok method=ping id=21 bytes=37
[2026-09-04 14:39:22.572] daemon call ok method=ping id=22 bytes=37
[2026-09-04 14:39:27.573] daemon call ok method=ping id=23 bytes=37
[2026-09-04 14:39:32.573] daemon call ok method=ping id=24 bytes=37
[2026-09-04 14:39:37.573] daemon call ok method=ping id=25 bytes=37
[2026-09-04 14:39:42.573] daemon call ok method=ping id=26 bytes=37
[2026-09-04 14:39:47.574] daemon call ok method=ping id=27 bytes=37
[2026-09-04 14:39:52.573] daemon call ok method=ping id=28 bytes=37
[2026-09-04 14:39:57.572] daemon call ok method=ping id=29 bytes=37
[2026-09-04 14:40:02.573] daemon call ok method=ping id=30 bytes=37
[2026-09-04 14:40:07.574] daemon call ok method=ping id=31 bytes=37
[2026-09-04 14:40:12.575] daemon call ok method=ping id=32 bytes=37
[2026-09-04 14:40:17.571] daemon call ok method=ping id=33 bytes=37
[2026-09-04 14:40:22.574] daemon call ok method=ping id=34 bytes=37
[2026-09-04 14:40:27.571] daemon call ok method=ping id=35 bytes=37
[2026-09-04 14:40:32.573] daemon call ok method=ping id=36 bytes=37
[2026-09-04 14:40:37.578] daemon call ok method=ping id=37 bytes=37
[2026-09-04 14:40:42.576] daemon call ok method=ping id=38 bytes=37
[2026-09-04 14:40:47.573] daemon call ok method=ping id=39 bytes=37
[2026-09-04 14:40:52.573] daemon call ok method=ping id=40 bytes=37
[2026-09-04 14:40:57.575] daemon call ok method=ping id=41 bytes=37
[2026-09-04 14:41:02.573] daemon call ok method=ping id=42 bytes=37
[2026-09-04 14:41:07.572] daemon call ok method=ping id=43 bytes=37
[2026-09-04 14:41:12.571] daemon call ok method=ping id=44 bytes=37
[2026-09-04 14:41:17.574] daemon call ok method=ping id=45 bytes=37
[2026-09-04 14:41:22.576] daemon call ok method=ping id=46 bytes=37
[2026-09-04 14:41:27.573] daemon call ok method=ping id=47 bytes=37
[2026-09-04 14:41:32.575] daemon call ok method=ping id=48 bytes=37
[2026-09-04 14:41:37.572] daemon call ok method=ping id=49 bytes=37
[2026-09-04 14:41:42.573] daemon call ok method=ping id=50 bytes=37
[2026-09-04 14:41:47.587] daemon call ok method=ping id=51 bytes=37
[2026-09-04 14:41:52.574] daemon call ok method=ping id=52 bytes=37
[2026-09-04 14:41:57.572] daemon call ok method=ping id=53 bytes=37
[2026-09-04 14:42:02.575] daemon call ok method=ping id=54 bytes=37
[2026-09-04 14:42:07.573] daemon call ok method=ping id=55 bytes=37
[2026-09-04 14:42:12.573] daemon call ok method=ping id=56 bytes=37
[2026-09-04 14:42:17.574] daemon call ok method=ping id=57 bytes=37
[2026-09-04 14:42:22.573] daemon call ok method=ping id=58 bytes=37
[2026-09-04 14:42:27.575] daemon call ok method=ping id=59 bytes=37
[2026-09-04 14:42:32.572] daemon call ok method=ping id=60 bytes=37
[2026-09-04 14:42:37.572] daemon call ok method=ping id=61 bytes=37
[2026-09-04 14:42:42.577] daemon call ok method=ping id=62 bytes=37
[2026-09-04 14:42:47.571] daemon call ok method=ping id=63 bytes=37
[2026-09-04 14:42:52.571] daemon call ok method=ping id=64 bytes=37
[2026-09-04 14:42:57.572] daemon call ok method=ping id=65 bytes=37
[2026-09-04 14:43:02.579] daemon call ok method=ping id=66 bytes=37
[2026-09-04 14:43:07.572] daemon call ok method=ping id=67 bytes=37
[2026-09-04 14:43:12.572] daemon call ok method=ping id=68 bytes=37
[2026-09-04 14:43:17.586] daemon call ok method=ping id=69 bytes=37
[2026-09-04 14:43:22.573] daemon call ok method=ping id=70 bytes=37
[2026-09-04 14:43:27.575] daemon call ok method=ping id=71 bytes=37
[2026-09-04 14:43:32.571] daemon call ok method=ping id=72 bytes=37
[2026-09-04 14:43:37.575] daemon call ok method=ping id=73 bytes=37
[2026-09-04 14:43:42.578] daemon call ok method=ping id=74 bytes=37
[2026-09-04 14:43:47.572] daemon call ok method=ping id=75 bytes=37
[2026-09-04 14:43:52.572] daemon call ok method=ping id=76 bytes=37
[2026-09-04 14:43:57.572] daemon call ok method=ping id=77 bytes=37
[2026-09-04 14:44:02.571] daemon call ok method=ping id=78 bytes=37
[2026-09-04 14:44:07.572] daemon call ok method=ping id=79 bytes=37
[2026-09-04 14:44:12.577] daemon call ok method=ping id=80 bytes=37
[2026-09-04 14:44:17.575] daemon call ok method=ping id=81 bytes=37
[2026-09-04 14:44:22.573] daemon call ok method=ping id=82 bytes=37
[2026-09-04 14:44:27.571] daemon call ok method=ping id=83 bytes=37
[2026-09-04 14:44:32.571] daemon call ok method=ping id=84 bytes=37
[2026-09-04 14:44:37.577] daemon call ok method=ping id=85 bytes=37
[2026-09-04 14:44:42.571] daemon call ok method=ping id=86 bytes=37
[2026-09-04 14:44:47.572] daemon call ok method=ping id=87 bytes=37
[2026-09-04 14:44:52.571] daemon call ok method=ping id=88 bytes=37
[2026-09-04 14:44:57.572] daemon call ok method=ping id=89 bytes=37
[2026-09-04 14:45:02.571] daemon call ok method=ping id=90 bytes=37
[2026-09-04 14:45:07.579] daemon call ok method=ping id=91 bytes=37
[2026-09-04 14:45:12.571] daemon call ok method=ping id=92 bytes=37
[2026-09-04 14:45:17.572] daemon call ok method=ping id=93 bytes=37
[2026-09-04 14:45:22.571] daemon call ok method=ping id=94 bytes=37
[2026-09-04 14:45:27.572] daemon call ok method=ping id=95 bytes=37
[2026-09-04 14:45:32.585] daemon call ok method=ping id=96 bytes=37
[2026-09-04 14:45:37.572] daemon call ok method=ping id=97 bytes=37
[2026-09-04 14:45:42.578] daemon call ok method=ping id=98 bytes=37
[2026-09-04 14:45:47.577] daemon call ok method=ping id=99 bytes=37
[2026-09-04 14:45:52.573] daemon call ok method=ping id=100 bytes=38
[2026-09-04 14:45:57.572] daemon call ok method=ping id=101 bytes=38
[2026-09-04 14:46:02.572] daemon call ok method=ping id=102 bytes=38
[2026-09-04 14:46:07.574] daemon call ok method=ping id=103 bytes=38
[2026-09-04 14:46:12.571] daemon call ok method=ping id=104 bytes=38
[2026-09-04 14:46:17.572] daemon call ok method=ping id=105 bytes=38
[2026-09-04 14:46:22.578] daemon call ok method=ping id=106 bytes=38
[2026-09-04 14:46:27.572] daemon call ok method=ping id=107 bytes=38
[2026-09-04 14:46:32.572] daemon call ok method=ping id=108 bytes=38
[2026-09-04 14:46:37.572] daemon call ok method=ping id=109 bytes=38
[2026-09-04 14:46:42.571] daemon call ok method=ping id=110 bytes=38
[2026-09-04 14:46:47.572] daemon call ok method=ping id=111 bytes=38
[2026-09-04 14:46:52.573] daemon call ok method=ping id=112 bytes=38
[2026-09-04 14:46:57.572] daemon call ok method=ping id=113 bytes=38
[2026-09-04 14:47:02.573] daemon call ok method=ping id=114 bytes=38
[2026-09-04 14:47:07.571] daemon call ok method=ping id=115 bytes=38
[2026-09-04 14:47:12.572] daemon call ok method=ping id=116 bytes=38
[2026-09-04 14:47:17.571] daemon call ok method=ping id=117 bytes=38
[2026-09-04 14:47:22.571] daemon call ok method=ping id=118 bytes=38
[2026-09-04 14:47:27.571] daemon call ok method=ping id=119 bytes=38
[2026-09-04 14:47:32.571] daemon call ok method=ping id=120 bytes=38
[2026-09-04 14:47:37.571] daemon call ok method=ping id=121 bytes=38
[2026-09-04 14:47:42.571] daemon call ok method=ping id=122 bytes=38
[2026-09-04 14:47:47.571] daemon call ok method=ping id=123 bytes=38
[2026-09-04 14:47:52.575] daemon call ok method=ping id=124 bytes=38
[2026-09-04 14:47:57.573] daemon call ok method=ping id=125 bytes=38
[2026-09-04 14:48:02.575] daemon call ok method=ping id=126 bytes=38
[2026-09-04 14:48:07.579] daemon call ok method=ping id=127 bytes=38
[2026-09-04 14:48:12.571] daemon call ok method=ping id=128 bytes=38
[2026-09-04 14:48:17.581] daemon call ok method=ping id=129 bytes=38
[2026-09-04 14:48:22.573] daemon call ok method=ping id=130 bytes=38
[2026-09-04 14:48:27.589] daemon call ok method=ping id=131 bytes=38
[2026-09-04 14:48:32.575] daemon call ok method=ping id=132 bytes=38
[2026-09-04 14:48:37.576] daemon call ok method=ping id=133 bytes=38
[2026-09-04 14:48:42.571] daemon call ok method=ping id=134 bytes=38
[2026-09-04 14:48:47.572] daemon call ok method=ping id=135 bytes=38
[2026-09-04 14:48:52.572] daemon call ok method=ping id=136 bytes=38
[2026-09-04 14:48:57.574] daemon call ok method=ping id=137 bytes=38
[2026-09-04 14:49:02.572] daemon call ok method=ping id=138 bytes=38
[2026-09-04 14:49:07.575] daemon call ok method=ping id=139 bytes=38
[2026-09-04 14:49:12.573] daemon call ok method=ping id=140 bytes=38
[2026-09-04 14:49:17.584] daemon call ok method=ping id=141 bytes=38
[2026-09-04 14:49:22.584] daemon call ok method=ping id=142 bytes=38
[2026-09-04 14:49:27.572] daemon call ok method=ping id=143 bytes=38
[2026-09-04 14:49:32.572] daemon call ok method=ping id=144 bytes=38
[2026-09-04 14:49:37.576] daemon call ok method=ping id=145 bytes=38
[2026-09-04 14:49:42.573] daemon call ok method=ping id=146 bytes=38
[2026-09-04 14:49:47.572] daemon call ok method=ping id=147 bytes=38
[2026-09-04 14:49:52.577] daemon call ok method=ping id=148 bytes=38
[2026-09-04 14:49:57.576] daemon call ok method=ping id=149 bytes=38
[2026-09-04 14:50:02.573] daemon call ok method=ping id=150 bytes=38
[2026-09-04 14:50:07.590] daemon call ok method=ping id=151 bytes=38
[2026-09-04 14:50:12.580] daemon call ok method=ping id=152 bytes=38
[2026-09-04 14:50:17.583] daemon call ok method=ping id=153 bytes=38
[2026-09-04 14:50:22.575] daemon call ok method=ping id=154 bytes=38
[2026-09-04 14:50:27.591] daemon call ok method=ping id=155 bytes=38
[2026-09-04 14:50:32.579] daemon call ok method=ping id=156 bytes=38
[2026-09-04 14:50:37.579] daemon call ok method=ping id=157 bytes=38
[2026-09-04 14:50:42.585] daemon call ok method=ping id=158 bytes=38
[2026-09-04 14:50:47.587] daemon call ok method=ping id=159 bytes=38
[2026-09-04 14:50:52.587] daemon call ok method=ping id=160 bytes=38
[2026-09-04 14:50:57.572] daemon call ok method=ping id=161 bytes=38
[2026-09-04 14:51:02.659] daemon call ok method=ping id=162 bytes=38
[2026-09-04 14:51:07.575] daemon call ok method=ping id=163 bytes=38
[2026-09-04 14:51:12.574] daemon call ok method=ping id=164 bytes=38
[2026-09-04 14:51:17.574] daemon call ok method=ping id=165 bytes=38
[2026-09-04 14:51:22.572] daemon call ok method=ping id=166 bytes=38
[2026-09-04 14:51:27.578] daemon call ok method=ping id=167 bytes=38
[2026-09-04 14:51:32.592] daemon call ok method=ping id=168 bytes=38
[2026-09-04 14:51:37.572] daemon call ok method=ping id=169 bytes=38
[2026-09-04 14:51:42.582] daemon call ok method=ping id=170 bytes=38
[2026-09-04 14:51:47.579] daemon call ok method=ping id=171 bytes=38
[2026-09-04 14:51:52.575] daemon call ok method=ping id=172 bytes=38
[2026-09-04 14:51:57.580] daemon call ok method=ping id=173 bytes=38
[2026-09-04 14:52:02.577] daemon call ok method=ping id=174 bytes=38
[2026-09-04 14:52:07.603] daemon call ok method=ping id=175 bytes=38
[2026-09-04 14:52:12.581] daemon call ok method=ping id=176 bytes=38
[2026-09-04 14:52:17.587] daemon call ok method=ping id=177 bytes=38
[2026-09-04 14:52:22.572] daemon call ok method=ping id=178 bytes=38
[2026-09-04 14:52:27.594] daemon call ok method=ping id=179 bytes=38
[2026-09-04 14:52:32.572] daemon call ok method=ping id=180 bytes=38
[2026-09-04 14:52:37.575] daemon call ok method=ping id=181 bytes=38
[2026-09-04 14:52:42.578] daemon call ok method=ping id=182 bytes=38
[2026-09-04 14:52:47.700] daemon call ok method=ping id=183 bytes=38
[2026-09-04 14:52:52.581] daemon call ok method=ping id=184 bytes=38
[2026-09-04 14:52:57.579] daemon call ok method=ping id=185 bytes=38
[2026-09-04 14:53:02.583] daemon call ok method=ping id=186 bytes=38
[2026-09-04 14:53:07.604] daemon call ok method=ping id=187 bytes=38
[2026-09-04 14:53:12.572] daemon call ok method=ping id=188 bytes=38
[2026-09-04 14:53:17.598] daemon call ok method=ping id=189 bytes=38
[2026-09-04 14:53:22.582] daemon call ok method=ping id=190 bytes=38
[2026-09-04 14:53:27.572] daemon call ok method=ping id=191 bytes=38
[2026-09-04 14:53:32.594] daemon call ok method=ping id=192 bytes=38
[2026-09-04 14:53:37.580] daemon call ok method=ping id=193 bytes=38
[2026-09-04 14:53:42.575] daemon call ok method=ping id=194 bytes=38
[2026-09-04 14:53:47.574] daemon call ok method=ping id=195 bytes=38
[2026-09-04 14:53:52.598] daemon call ok method=ping id=196 bytes=38
[2026-09-04 14:53:57.603] daemon call ok method=ping id=197 bytes=38
[2026-09-04 14:54:02.588] daemon call ok method=ping id=198 bytes=38
[2026-09-04 14:54:07.576] daemon call ok method=ping id=199 bytes=38
[2026-09-04 14:54:12.573] daemon call ok method=ping id=200 bytes=38
[2026-09-04 14:54:17.608] daemon call ok method=ping id=201 bytes=38
[2026-09-04 14:54:22.572] daemon call ok method=ping id=202 bytes=38
[2026-09-04 14:54:27.582] daemon call ok method=ping id=203 bytes=38
[2026-09-04 14:54:32.587] daemon call ok method=ping id=204 bytes=38
[2026-09-04 14:54:37.583] daemon call ok method=ping id=205 bytes=38
[2026-09-04 14:54:42.585] daemon call ok method=ping id=206 bytes=38
[2026-09-04 14:54:47.587] daemon call ok method=ping id=207 bytes=38
[2026-09-04 14:54:52.583] daemon call ok method=ping id=208 bytes=38
[2026-09-04 14:54:57.583] daemon call ok method=ping id=209 bytes=38
[2026-09-04 14:55:02.586] daemon call ok method=ping id=210 bytes=38
[2026-09-04 14:55:07.585] daemon call ok method=ping id=211 bytes=38
[2026-09-04 14:55:12.588] daemon call ok method=ping id=212 bytes=38
[2026-09-04 14:55:17.582] daemon call ok method=ping id=213 bytes=38
[2026-09-04 14:55:22.586] daemon call ok method=ping id=214 bytes=38
[2026-09-04 14:55:27.582] daemon call ok method=ping id=215 bytes=38
[2026-09-04 14:55:32.584] daemon call ok method=ping id=216 bytes=38
[2026-09-04 14:55:37.590] daemon call ok method=ping id=217 bytes=38
[2026-09-04 14:55:42.585] daemon call ok method=ping id=218 bytes=38
[2026-09-04 14:55:47.582] daemon call ok method=ping id=219 bytes=38
[2026-09-04 14:55:52.586] daemon call ok method=ping id=220 bytes=38
[2026-09-04 14:55:57.582] daemon call ok method=ping id=221 bytes=38
[2026-09-04 14:56:02.632] daemon call ok method=ping id=222 bytes=38
[2026-09-04 14:56:07.613] daemon call ok method=ping id=223 bytes=38
[2026-09-04 14:56:12.586] daemon call ok method=ping id=224 bytes=38
[2026-09-04 14:56:17.586] daemon call ok method=ping id=225 bytes=38
[2026-09-04 14:56:22.585] daemon call ok method=ping id=226 bytes=38
[2026-09-04 14:56:27.589] daemon call ok method=ping id=227 bytes=38
[2026-09-04 14:56:32.585] daemon call ok method=ping id=228 bytes=38
[2026-09-04 14:56:37.582] daemon call ok method=ping id=229 bytes=38
[2026-09-04 14:56:42.587] daemon call ok method=ping id=230 bytes=38
[2026-09-04 14:56:47.624] daemon call ok method=ping id=231 bytes=38
[2026-09-04 14:56:52.589] daemon call ok method=ping id=232 bytes=38
[2026-09-04 14:56:57.624] daemon call ok method=ping id=233 bytes=38
[2026-09-04 14:57:02.582] daemon call ok method=ping id=234 bytes=38
[2026-09-04 14:57:07.582] daemon call ok method=ping id=235 bytes=38
[2026-09-04 14:57:12.594] daemon call ok method=ping id=236 bytes=38
[2026-09-04 14:57:17.582] daemon call ok method=ping id=237 bytes=38
[2026-09-04 14:57:22.582] daemon call ok method=ping id=238 bytes=38
[2026-09-04 14:57:27.582] daemon call ok method=ping id=239 bytes=38
[2026-09-04 14:57:32.586] daemon call ok method=ping id=240 bytes=38
[2026-09-04 14:57:37.583] daemon call ok method=ping id=241 bytes=38
[2026-09-04 14:57:42.601] daemon call ok method=ping id=242 bytes=38
[2026-09-04 14:57:47.587] daemon call ok method=ping id=243 bytes=38
[2026-09-04 14:57:52.583] daemon call ok method=ping id=244 bytes=38
[2026-09-04 14:57:57.590] daemon call ok method=ping id=245 bytes=38
[2026-09-04 14:58:02.586] daemon call ok method=ping id=246 bytes=38
[2026-09-04 14:58:07.588] daemon call ok method=ping id=247 bytes=38
[2026-09-04 14:58:12.585] daemon call ok method=ping id=248 bytes=38
[2026-09-04 14:58:17.589] daemon call ok method=ping id=249 bytes=38
[2026-09-04 14:58:22.587] daemon call ok method=ping id=250 bytes=38
[2026-09-04 14:58:27.582] daemon call ok method=ping id=251 bytes=38
[2026-09-04 14:58:32.582] daemon call ok method=ping id=252 bytes=38
[2026-09-04 14:58:37.582] daemon call ok method=ping id=253 bytes=38
[2026-09-04 14:58:42.582] daemon call ok method=ping id=254 bytes=38
[2026-09-04 14:58:47.583] daemon call ok method=ping id=255 bytes=38
[2026-09-04 14:58:52.583] daemon call ok method=ping id=256 bytes=38
[2026-09-04 14:58:57.583] daemon call ok method=ping id=257 bytes=38
[2026-09-04 14:59:02.583] daemon call ok method=ping id=258 bytes=38
[2026-09-04 14:59:07.582] daemon call ok method=ping id=259 bytes=38
[2026-09-04 14:59:12.582] daemon call ok method=ping id=260 bytes=38
[2026-09-04 14:59:17.583] daemon call ok method=ping id=261 bytes=38
[2026-09-04 14:59:22.583] daemon call ok method=ping id=262 bytes=38
[2026-09-04 14:59:27.582] daemon call ok method=ping id=263 bytes=38
[2026-09-04 14:59:32.582] daemon call ok method=ping id=264 bytes=38
[2026-09-04 14:59:37.583] daemon call ok method=ping id=265 bytes=38
[2026-09-04 14:59:42.583] daemon call ok method=ping id=266 bytes=38
[2026-09-04 14:59:47.584] daemon call ok method=ping id=267 bytes=38
[2026-09-04 14:59:52.583] daemon call ok method=ping id=268 bytes=38
[2026-09-04 14:59:57.583] daemon call ok method=ping id=269 bytes=38
[2026-09-04 15:00:02.583] daemon call ok method=ping id=270 bytes=38
[2026-09-04 15:00:07.583] daemon call ok method=ping id=271 bytes=38
[2026-09-04 15:00:12.587] daemon call ok method=ping id=272 bytes=38
[2026-09-04 15:00:17.586] daemon call ok method=ping id=273 bytes=38
[2026-09-04 15:00:22.587] daemon call ok method=ping id=274 bytes=38
[2026-09-04 15:00:27.586] daemon call ok method=ping id=275 bytes=38
[2026-09-04 15:00:32.602] daemon call ok method=ping id=276 bytes=38
[2026-09-04 15:00:37.586] daemon call ok method=ping id=277 bytes=38
[2026-09-04 15:00:42.609] daemon call ok method=ping id=278 bytes=38
[2026-09-04 15:00:47.592] daemon call ok method=ping id=279 bytes=38
[2026-09-04 15:00:52.583] daemon call ok method=ping id=280 bytes=38
[2026-09-04 15:00:57.585] daemon call ok method=ping id=281 bytes=38
[2026-09-04 15:01:02.586] daemon call ok method=ping id=282 bytes=38
[2026-09-04 15:01:07.586] daemon call ok method=ping id=283 bytes=38
[2026-09-04 15:01:12.586] daemon call ok method=ping id=284 bytes=38
[2026-09-04 15:01:17.583] daemon call ok method=ping id=285 bytes=38
[2026-09-04 15:01:22.583] daemon call ok method=ping id=286 bytes=38
[2026-09-04 15:01:27.583] daemon call ok method=ping id=287 bytes=38
[2026-09-04 15:01:32.583] daemon call ok method=ping id=288 bytes=38
[2026-09-04 15:01:37.585] daemon call ok method=ping id=289 bytes=38
[2026-09-04 15:01:42.583] daemon call ok method=ping id=290 bytes=38
[2026-09-04 15:01:47.583] daemon call ok method=ping id=291 bytes=38
[2026-09-04 15:01:52.583] daemon call ok method=ping id=292 bytes=38
[2026-09-04 15:01:57.583] daemon call ok method=ping id=293 bytes=38
[2026-09-04 15:02:02.583] daemon call ok method=ping id=294 bytes=38
[2026-09-04 15:02:07.583] daemon call ok method=ping id=295 bytes=38
[2026-09-04 15:02:12.583] daemon call ok method=ping id=296 bytes=38
[2026-09-04 15:02:17.583] daemon call ok method=ping id=297 bytes=38
[2026-09-04 15:02:22.587] daemon call ok method=ping id=298 bytes=38
[2026-09-04 15:02:27.585] daemon call ok method=ping id=299 bytes=38
[2026-09-04 15:02:32.587] daemon call ok method=ping id=300 bytes=38
[2026-09-04 15:02:37.583] daemon call ok method=ping id=301 bytes=38
[2026-09-04 15:02:42.583] daemon call ok method=ping id=302 bytes=38
[2026-09-04 15:02:47.586] daemon call ok method=ping id=303 bytes=38
[2026-09-04 15:02:52.592] daemon call ok method=ping id=304 bytes=38
[2026-09-04 15:02:57.597] daemon call ok method=ping id=305 bytes=38
[2026-09-04 15:03:02.593] daemon call ok method=ping id=306 bytes=38
[2026-09-04 15:03:07.586] daemon call ok method=ping id=307 bytes=38
[2026-09-04 15:03:12.588] daemon call ok method=ping id=308 bytes=38
[2026-09-04 15:03:17.588] daemon call ok method=ping id=309 bytes=38
[2026-09-04 15:03:22.617] daemon call ok method=ping id=310 bytes=38
[2026-09-04 15:03:27.636] daemon call ok method=ping id=311 bytes=38
[2026-09-04 15:03:32.614] daemon call ok method=ping id=312 bytes=38
[2026-09-04 15:03:37.584] daemon call ok method=ping id=313 bytes=38
[2026-09-04 15:03:42.584] daemon call ok method=ping id=314 bytes=38
[2026-09-04 15:03:47.585] daemon call ok method=ping id=315 bytes=38
[2026-09-04 15:03:52.587] daemon call ok method=ping id=316 bytes=38
[2026-09-04 15:03:57.584] daemon call ok method=ping id=317 bytes=38
[2026-09-04 15:04:02.584] daemon call ok method=ping id=318 bytes=38
[2026-09-04 15:04:07.585] daemon call ok method=ping id=319 bytes=38
[2026-09-04 15:04:12.584] daemon call ok method=ping id=320 bytes=38
[2026-09-04 15:04:17.584] daemon call ok method=ping id=321 bytes=38
[2026-09-04 15:04:22.584] daemon call ok method=ping id=322 bytes=38
[2026-09-04 15:04:27.585] daemon call ok method=ping id=323 bytes=38
[2026-09-04 15:04:32.585] daemon call ok method=ping id=324 bytes=38
[2026-09-04 15:04:37.584] daemon call ok method=ping id=325 bytes=38
[2026-09-04 15:04:42.584] daemon call ok method=ping id=326 bytes=38
[2026-09-04 15:04:47.584] daemon call ok method=ping id=327 bytes=38
[2026-09-04 15:04:52.588] daemon call ok method=ping id=328 bytes=38
[2026-09-04 15:04:57.586] daemon call ok method=ping id=329 bytes=38
[2026-09-04 15:05:02.585] daemon call ok method=ping id=330 bytes=38
[2026-09-04 15:05:07.588] daemon call ok method=ping id=331 bytes=38
[2026-09-04 15:05:12.588] daemon call ok method=ping id=332 bytes=38
[2026-09-04 15:05:17.584] daemon call ok method=ping id=333 bytes=38
[2026-09-04 15:05:22.584] daemon call ok method=ping id=334 bytes=38
[2026-09-04 15:05:27.584] daemon call ok method=ping id=335 bytes=38
[2026-09-04 15:05:32.585] daemon call ok method=ping id=336 bytes=38
[2026-09-04 15:05:37.586] daemon call ok method=ping id=337 bytes=38
[2026-09-04 15:05:42.589] daemon call ok method=ping id=338 bytes=38
[2026-09-04 15:05:47.586] daemon call ok method=ping id=339 bytes=38
[2026-09-04 15:05:52.586] daemon call ok method=ping id=340 bytes=38
[2026-09-04 15:05:57.584] daemon call ok method=ping id=341 bytes=38
[2026-09-04 15:06:02.587] daemon call ok method=ping id=342 bytes=38
[2026-09-04 15:06:07.585] daemon call ok method=ping id=343 bytes=38
[2026-09-04 15:06:12.587] daemon call ok method=ping id=344 bytes=38
[2026-09-04 15:06:17.586] daemon call ok method=ping id=345 bytes=38
[2026-09-04 15:06:22.586] daemon call ok method=ping id=346 bytes=38
[2026-09-04 15:06:27.586] daemon call ok method=ping id=347 bytes=38
[2026-09-04 15:06:32.588] daemon call ok method=ping id=348 bytes=38
[2026-09-04 15:06:37.586] daemon call ok method=ping id=349 bytes=38
[2026-09-04 15:06:42.585] daemon call ok method=ping id=350 bytes=38
[2026-09-04 15:06:47.586] daemon call ok method=ping id=351 bytes=38
[2026-09-04 15:06:52.585] daemon call ok method=ping id=352 bytes=38
[2026-09-04 15:06:57.586] daemon call ok method=ping id=353 bytes=38
[2026-09-04 15:07:02.586] daemon call ok method=ping id=354 bytes=38
[2026-09-04 15:07:07.587] daemon call ok method=ping id=355 bytes=38
[2026-09-04 15:07:12.586] daemon call ok method=ping id=356 bytes=38
[2026-09-04 15:07:17.587] daemon call ok method=ping id=357 bytes=38
[2026-09-04 15:07:22.584] daemon call ok method=ping id=358 bytes=38
[2026-09-04 15:07:27.590] daemon call ok method=ping id=359 bytes=38
[2026-09-04 15:07:32.586] daemon call ok method=ping id=360 bytes=38
[2026-09-04 15:07:37.587] daemon call ok method=ping id=361 bytes=38
[2026-09-04 15:07:42.586] daemon call ok method=ping id=362 bytes=38
[2026-09-04 15:07:47.585] daemon call ok method=ping id=363 bytes=38
[2026-09-04 15:12:50.676] run start daemon_tcp=127.0.0.1:8443 request_timeout=30s heartbeat=5s stdio_keepalive=45s
[2026-09-04 15:12:50.682] daemon dial begin tcp=127.0.0.1:8443
[2026-09-04 15:12:50.707] daemon call ok method=initialize id=1 bytes=257
[2026-09-04 15:12:50.713] daemon initialize ok
[2026-09-04 15:12:50.720] daemon call ok method=events/subscribe id=2 bytes=125
[2026-09-04 15:12:50.728] events/subscribe ok client_id=ide-ide-proxy
[2026-09-04 15:12:50.816] daemon notify queued method=notifications/event bytes=304
[2026-09-04 15:12:50.825] daemon notify queued method=notifications/message bytes=230
[2026-09-04 15:12:55.778] daemon call ok method=ping id=3 bytes=36
[2026-09-04 15:13:00.779] daemon call ok method=ping id=4 bytes=36
[2026-09-04 15:13:05.779] daemon call ok method=ping id=5 bytes=36
[2026-09-04 15:13:10.781] daemon call ok method=ping id=6 bytes=36
[2026-09-04 15:13:15.781] daemon call ok method=ping id=7 bytes=36
[2026-09-04 15:13:20.778] daemon call ok method=ping id=8 bytes=36
[2026-09-04 15:13:25.783] daemon call ok method=ping id=9 bytes=36
[2026-09-04 15:13:30.779] daemon call ok method=ping id=10 bytes=37
[2026-09-04 15:13:35.779] daemon call ok method=ping id=11 bytes=37
[2026-09-04 15:13:40.780] daemon call ok method=ping id=12 bytes=37
[2026-09-04 15:13:45.779] daemon call ok method=ping id=13 bytes=37
[2026-09-04 15:13:50.779] daemon call ok method=ping id=14 bytes=37
[2026-09-04 15:13:55.796] daemon call ok method=ping id=15 bytes=37
[2026-09-04 15:14:00.780] daemon call ok method=ping id=16 bytes=37
[2026-09-04 15:14:05.785] daemon call ok method=ping id=17 bytes=37
[2026-09-04 15:14:10.779] daemon call ok method=ping id=18 bytes=37
[2026-09-04 15:14:15.780] daemon call ok method=ping id=19 bytes=37
[2026-09-04 15:14:20.781] daemon call ok method=ping id=20 bytes=37
[2026-09-04 15:14:25.779] daemon call ok method=ping id=21 bytes=37
[2026-09-04 15:14:30.780] daemon call ok method=ping id=22 bytes=37
[2026-09-04 15:14:35.780] daemon call ok method=ping id=23 bytes=37
[2026-09-04 15:14:40.781] daemon call ok method=ping id=24 bytes=37
[2026-09-04 15:14:45.780] daemon call ok method=ping id=25 bytes=37
[2026-09-04 15:14:50.781] daemon call ok method=ping id=26 bytes=37
[2026-09-04 15:14:55.780] daemon call ok method=ping id=27 bytes=37
[2026-09-04 15:15:00.779] daemon call ok method=ping id=28 bytes=37
[2026-09-04 15:15:05.779] daemon call ok method=ping id=29 bytes=37
[2026-09-04 15:15:10.779] daemon call ok method=ping id=30 bytes=37
[2026-09-04 15:15:15.780] daemon call ok method=ping id=31 bytes=37
[2026-09-04 15:15:20.780] daemon call ok method=ping id=32 bytes=37
[2026-09-04 15:15:25.780] daemon call ok method=ping id=33 bytes=37
[2026-09-04 15:15:30.780] daemon call ok method=ping id=34 bytes=37
[2026-09-04 15:15:35.780] daemon call ok method=ping id=35 bytes=37
[2026-09-04 15:15:40.781] daemon call ok method=ping id=36 bytes=37
[2026-09-04 15:15:45.782] daemon call ok method=ping id=37 bytes=37
[2026-09-04 15:15:50.780] daemon call ok method=ping id=38 bytes=37
[2026-09-04 15:15:55.780] daemon call ok method=ping id=39 bytes=37
[2026-09-04 15:16:00.780] daemon call ok method=ping id=40 bytes=37
[2026-09-04 15:16:05.780] daemon call ok method=ping id=41 bytes=37
[2026-09-04 15:16:10.780] daemon call ok method=ping id=42 bytes=37
[2026-09-04 15:16:15.779] daemon call ok method=ping id=43 bytes=37
[2026-09-04 15:16:20.779] daemon call ok method=ping id=44 bytes=37
[2026-09-04 15:16:25.780] daemon call ok method=ping id=45 bytes=37
[2026-09-04 15:16:30.780] daemon call ok method=ping id=46 bytes=37
[2026-09-04 15:16:35.780] daemon call ok method=ping id=47 bytes=37
[2026-09-04 15:16:40.781] daemon call ok method=ping id=48 bytes=37
[2026-09-04 15:16:45.777] daemon call ok method=ping id=49 bytes=37
[2026-09-04 15:16:50.775] daemon call ok method=ping id=50 bytes=37
[2026-09-04 15:16:55.774] daemon call ok method=ping id=51 bytes=37
[2026-09-04 15:17:00.773] daemon call ok method=ping id=52 bytes=37
[2026-09-04 15:17:05.771] daemon call ok method=ping id=53 bytes=37
[2026-09-04 15:17:10.773] daemon call ok method=ping id=54 bytes=37
[2026-09-04 15:17:15.771] daemon call ok method=ping id=55 bytes=37
[2026-09-04 15:17:20.772] daemon call ok method=ping id=56 bytes=37
[2026-09-04 15:17:25.770] daemon call ok method=ping id=57 bytes=37
[2026-09-04 15:17:30.771] daemon call ok method=ping id=58 bytes=37
[2026-09-04 15:17:35.771] daemon call ok method=ping id=59 bytes=37
[2026-09-04 15:17:40.771] daemon call ok method=ping id=60 bytes=37
[2026-09-04 15:17:45.770] daemon call ok method=ping id=61 bytes=37
[2026-09-04 15:17:50.772] daemon call ok method=ping id=62 bytes=37
[2026-09-04 15:17:55.771] daemon call ok method=ping id=63 bytes=37
[2026-09-04 15:18:00.772] daemon call ok method=ping id=64 bytes=37
[2026-09-04 15:18:05.773] daemon call ok method=ping id=65 bytes=37
[2026-09-04 15:18:10.771] daemon call ok method=ping id=66 bytes=37
[2026-09-04 15:18:15.772] daemon call ok method=ping id=67 bytes=37
[2026-09-04 15:18:20.772] daemon call ok method=ping id=68 bytes=37
[2026-09-04 15:18:25.771] daemon call ok method=ping id=69 bytes=37
[2026-09-04 15:18:30.771] daemon call ok method=ping id=70 bytes=37
[2026-09-04 15:18:35.770] daemon call ok method=ping id=71 bytes=37
[2026-09-04 15:18:40.772] daemon call ok method=ping id=72 bytes=37
[2026-09-04 15:18:45.771] daemon call ok method=ping id=73 bytes=37
[2026-09-04 15:18:50.771] daemon call ok method=ping id=74 bytes=37
[2026-09-04 15:18:55.770] daemon call ok method=ping id=75 bytes=37
[2026-09-04 15:19:00.772] daemon call ok method=ping id=76 bytes=37
[2026-09-04 15:19:05.771] daemon call ok method=ping id=77 bytes=37
[2026-09-04 15:19:10.771] daemon call ok method=ping id=78 bytes=37
[2026-09-04 15:19:15.771] daemon call ok method=ping id=79 bytes=37
[2026-09-04 15:19:20.771] daemon call ok method=ping id=80 bytes=37
[2026-09-04 15:19:25.771] daemon call ok method=ping id=81 bytes=37
[2026-09-04 15:19:30.772] daemon call ok method=ping id=82 bytes=37
[2026-09-04 15:19:35.771] daemon call ok method=ping id=83 bytes=37
[2026-09-04 15:19:40.772] daemon call ok method=ping id=84 bytes=37
[2026-09-04 15:19:45.775] daemon call ok method=ping id=85 bytes=37
[2026-09-04 15:19:50.771] daemon call ok method=ping id=86 bytes=37
[2026-09-04 15:19:55.772] daemon call ok method=ping id=87 bytes=37
[2026-09-04 15:20:00.778] daemon call ok method=ping id=88 bytes=37
[2026-09-04 15:20:05.770] daemon call ok method=ping id=89 bytes=37
[2026-09-04 15:20:10.775] daemon call ok method=ping id=90 bytes=37
[2026-09-04 15:20:15.771] daemon call ok method=ping id=91 bytes=37
[2026-09-04 15:20:20.771] daemon call ok method=ping id=92 bytes=37
[2026-09-04 15:20:25.771] daemon call ok method=ping id=93 bytes=37
[2026-09-04 15:20:30.772] daemon call ok method=ping id=94 bytes=37
[2026-09-04 15:20:35.772] daemon call ok method=ping id=95 bytes=37
[2026-09-04 15:20:40.771] daemon call ok method=ping id=96 bytes=37
[2026-09-04 15:20:45.773] daemon call ok method=ping id=97 bytes=37
[2026-09-04 15:20:50.771] daemon call ok method=ping id=98 bytes=37
[2026-09-04 15:20:55.771] daemon call ok method=ping id=99 bytes=37
[2026-09-04 15:21:00.772] daemon call ok method=ping id=100 bytes=38
[2026-09-04 15:21:05.772] daemon call ok method=ping id=101 bytes=38
[2026-09-04 15:21:10.772] daemon call ok method=ping id=102 bytes=38
[2026-09-04 15:21:15.770] daemon call ok method=ping id=103 bytes=38
[2026-09-04 15:21:20.772] daemon call ok method=ping id=104 bytes=38
[2026-09-04 15:21:25.771] daemon call ok method=ping id=105 bytes=38
[2026-09-04 15:21:30.770] daemon call ok method=ping id=106 bytes=38
[2026-09-04 15:21:35.772] daemon call ok method=ping id=107 bytes=38
[2026-09-04 15:21:40.772] daemon call ok method=ping id=108 bytes=38
[2026-09-04 15:21:45.772] daemon call ok method=ping id=109 bytes=38
[2026-09-04 15:21:50.771] daemon call ok method=ping id=110 bytes=38
[2026-09-04 15:21:55.770] daemon call ok method=ping id=111 bytes=38
[2026-09-04 15:22:00.772] daemon call ok method=ping id=112 bytes=38
[2026-09-04 15:22:05.772] daemon call ok method=ping id=113 bytes=38
[2026-09-04 15:22:10.771] daemon call ok method=ping id=114 bytes=38
[2026-09-04 15:22:15.771] daemon call ok method=ping id=115 bytes=38
[2026-09-04 15:22:20.772] daemon call ok method=ping id=116 bytes=38
[2026-09-04 15:22:25.772] daemon call ok method=ping id=117 bytes=38
[2026-09-04 15:22:30.772] daemon call ok method=ping id=118 bytes=38
[2026-09-04 15:22:35.771] daemon call ok method=ping id=119 bytes=38
[2026-09-04 15:22:40.795] daemon call ok method=ping id=120 bytes=38
[2026-09-04 15:22:45.772] daemon call ok method=ping id=121 bytes=38
[2026-09-04 15:22:50.770] daemon call ok method=ping id=122 bytes=38
[2026-09-04 15:22:55.772] daemon call ok method=ping id=123 bytes=38
[2026-09-04 15:23:00.771] daemon call ok method=ping id=124 bytes=38
[2026-09-04 15:23:05.770] daemon call ok method=ping id=125 bytes=38
[2026-09-04 15:23:10.772] daemon call ok method=ping id=126 bytes=38
[2026-09-04 15:23:15.776] daemon call ok method=ping id=127 bytes=38
[2026-09-04 15:23:20.782] daemon call ok method=ping id=128 bytes=38
[2026-09-04 15:23:25.772] daemon call ok method=ping id=129 bytes=38
[2026-09-04 15:23:30.771] daemon call ok method=ping id=130 bytes=38
[2026-09-04 15:23:35.771] daemon call ok method=ping id=131 bytes=38
[2026-09-04 15:23:40.772] daemon call ok method=ping id=132 bytes=38
[2026-09-04 15:23:45.772] daemon call ok method=ping id=133 bytes=38
[2026-09-04 15:23:50.773] daemon call ok method=ping id=134 bytes=38
[2026-09-04 15:23:55.772] daemon call ok method=ping id=135 bytes=38
[2026-09-04 15:24:00.773] daemon call ok method=ping id=136 bytes=38
[2026-09-04 15:24:05.771] daemon call ok method=ping id=137 bytes=38
[2026-09-04 15:24:10.771] daemon call ok method=ping id=138 bytes=38
[2026-09-04 15:24:15.770] daemon call ok method=ping id=139 bytes=38
[2026-09-04 15:24:20.771] daemon call ok method=ping id=140 bytes=38
[2026-09-04 15:24:25.771] daemon call ok method=ping id=141 bytes=38
[2026-09-04 15:24:30.770] daemon call ok method=ping id=142 bytes=38
[2026-09-04 15:24:35.772] daemon call ok method=ping id=143 bytes=38
[2026-09-04 15:24:40.802] daemon call ok method=ping id=144 bytes=38
[2026-09-04 15:24:45.775] daemon call ok method=ping id=145 bytes=38
[2026-09-04 15:24:50.773] daemon call ok method=ping id=146 bytes=38
[2026-09-04 15:24:55.772] daemon call ok method=ping id=147 bytes=38
[2026-09-04 15:25:00.772] daemon call ok method=ping id=148 bytes=38
[2026-09-04 15:25:05.772] daemon call ok method=ping id=149 bytes=38
[2026-09-04 15:25:10.772] daemon call ok method=ping id=150 bytes=38
[2026-09-04 15:25:15.773] daemon call ok method=ping id=151 bytes=38
[2026-09-04 15:25:20.772] daemon call ok method=ping id=152 bytes=38
[2026-09-04 15:25:25.771] daemon call ok method=ping id=153 bytes=38
[2026-09-04 15:25:30.772] daemon call ok method=ping id=154 bytes=38
[2026-09-04 15:25:35.771] daemon call ok method=ping id=155 bytes=38
[2026-09-04 15:25:40.781] daemon call ok method=ping id=156 bytes=38
[2026-09-04 15:25:45.773] daemon call ok method=ping id=157 bytes=38
[2026-09-04 15:25:50.775] daemon call ok method=ping id=158 bytes=38
[2026-09-04 15:25:55.772] daemon call ok method=ping id=159 bytes=38
[2026-09-04 15:26:00.773] daemon call ok method=ping id=160 bytes=38
[2026-09-04 15:26:05.772] daemon call ok method=ping id=161 bytes=38
[2026-09-04 15:26:10.771] daemon call ok method=ping id=162 bytes=38
[2026-09-04 15:26:15.772] daemon call ok method=ping id=163 bytes=38
[2026-09-04 15:26:20.771] daemon call ok method=ping id=164 bytes=38
[2026-09-04 15:26:25.772] daemon call ok method=ping id=165 bytes=38
[2026-09-04 15:26:30.772] daemon call ok method=ping id=166 bytes=38
[2026-09-04 15:26:35.771] daemon call ok method=ping id=167 bytes=38
[2026-09-04 15:26:40.772] daemon call ok method=ping id=168 bytes=38
[2026-09-04 15:26:45.772] daemon call ok method=ping id=169 bytes=38
[2026-09-04 15:26:50.773] daemon call ok method=ping id=170 bytes=38
[2026-09-04 15:26:55.773] daemon call ok method=ping id=171 bytes=38
[2026-09-04 15:27:00.773] daemon call ok method=ping id=172 bytes=38
[2026-09-04 15:27:05.772] daemon call ok method=ping id=173 bytes=38
[2026-09-04 15:27:10.772] daemon call ok method=ping id=174 bytes=38
[2026-09-04 15:27:15.771] daemon call ok method=ping id=175 bytes=38
[2026-09-04 15:27:20.772] daemon call ok method=ping id=176 bytes=38
[2026-09-04 15:27:25.772] daemon call ok method=ping id=177 bytes=38
[2026-09-04 15:27:30.772] daemon call ok method=ping id=178 bytes=38
[2026-09-04 15:27:35.773] daemon call ok method=ping id=179 bytes=38
[2026-09-04 15:27:40.775] daemon call ok method=ping id=180 bytes=38
[2026-09-04 15:27:45.773] daemon call ok method=ping id=181 bytes=38
[2026-09-04 15:27:50.774] daemon call ok method=ping id=182 bytes=38
[2026-09-04 15:27:55.775] daemon call ok method=ping id=183 bytes=38
[2026-09-04 15:28:00.773] daemon call ok method=ping id=184 bytes=38
[2026-09-04 15:28:05.781] daemon call ok method=ping id=185 bytes=38
[2026-09-04 15:28:10.775] daemon call ok method=ping id=186 bytes=38
[2026-09-04 15:28:15.775] daemon call ok method=ping id=187 bytes=38
[2026-09-04 15:28:20.776] daemon call ok method=ping id=188 bytes=38
[2026-09-04 15:28:25.774] daemon call ok method=ping id=189 bytes=38
[2026-09-04 15:28:30.772] daemon call ok method=ping id=190 bytes=38
[2026-09-04 15:28:35.773] daemon call ok method=ping id=191 bytes=38
[2026-09-04 15:28:40.772] daemon call ok method=ping id=192 bytes=38
[2026-09-04 15:28:45.774] daemon call ok method=ping id=193 bytes=38
[2026-09-04 15:28:50.775] daemon call ok method=ping id=194 bytes=38
[2026-09-04 15:28:55.773] daemon call ok method=ping id=195 bytes=38
[2026-09-04 15:29:00.771] daemon call ok method=ping id=196 bytes=38
[2026-09-04 15:29:05.772] daemon call ok method=ping id=197 bytes=38
[2026-09-04 15:29:10.772] daemon call ok method=ping id=198 bytes=38
[2026-09-04 15:29:15.772] daemon call ok method=ping id=199 bytes=38
[2026-09-04 15:29:20.777] daemon call ok method=ping id=200 bytes=38
[2026-09-04 15:29:25.775] daemon call ok method=ping id=201 bytes=38
[2026-09-04 15:29:30.775] daemon call ok method=ping id=202 bytes=38
[2026-09-04 15:29:35.777] daemon call ok method=ping id=203 bytes=38
[2026-09-04 15:29:40.774] daemon call ok method=ping id=204 bytes=38
[2026-09-04 15:29:45.771] daemon call ok method=ping id=205 bytes=38
[2026-09-04 15:29:50.775] daemon call ok method=ping id=206 bytes=38
[2026-09-04 15:29:55.775] daemon call ok method=ping id=207 bytes=38
[2026-09-04 15:30:00.771] daemon call ok method=ping id=208 bytes=38
[2026-09-04 15:30:05.774] daemon call ok method=ping id=209 bytes=38
[2026-09-04 15:30:10.772] daemon call ok method=ping id=210 bytes=38
[2026-09-04 15:30:15.773] daemon call ok method=ping id=211 bytes=38
[2026-09-04 15:30:20.771] daemon call ok method=ping id=212 bytes=38
[2026-09-04 15:30:25.775] daemon call ok method=ping id=213 bytes=38
[2026-09-04 15:30:30.775] daemon call ok method=ping id=214 bytes=38
[2026-09-04 15:30:35.779] daemon call ok method=ping id=215 bytes=38
[2026-09-04 15:30:40.773] daemon call ok method=ping id=216 bytes=38
[2026-09-04 15:30:45.773] daemon call ok method=ping id=217 bytes=38
[2026-09-04 15:30:50.775] daemon call ok method=ping id=218 bytes=38
[2026-09-04 15:30:55.774] daemon call ok method=ping id=219 bytes=38
[2026-09-04 15:31:00.776] daemon call ok method=ping id=220 bytes=38
[2026-09-04 15:31:05.775] daemon call ok method=ping id=221 bytes=38
[2026-09-04 15:31:10.773] daemon call ok method=ping id=222 bytes=38
[2026-09-04 15:31:15.774] daemon call ok method=ping id=223 bytes=38
[2026-09-04 15:31:20.774] daemon call ok method=ping id=224 bytes=38
[2026-09-04 15:31:25.775] daemon call ok method=ping id=225 bytes=38
[2026-09-04 15:31:30.783] daemon call ok method=ping id=226 bytes=38
[2026-09-04 15:31:35.775] daemon call ok method=ping id=227 bytes=38
[2026-09-04 15:31:40.776] daemon call ok method=ping id=228 bytes=38
[2026-09-04 15:31:45.771] daemon call ok method=ping id=229 bytes=38
[2026-09-04 15:31:50.771] daemon call ok method=ping id=230 bytes=38
[2026-09-04 15:31:55.775] daemon call ok method=ping id=231 bytes=38
[2026-09-04 15:32:00.801] daemon call ok method=ping id=232 bytes=38
[2026-09-04 15:32:05.775] daemon call ok method=ping id=233 bytes=38
[2026-09-04 15:32:10.773] daemon call ok method=ping id=234 bytes=38
[2026-09-04 15:32:15.775] daemon call ok method=ping id=235 bytes=38
[2026-09-04 15:32:20.775] daemon call ok method=ping id=236 bytes=38
[2026-09-04 15:32:25.790] daemon call ok method=ping id=237 bytes=38
[2026-09-04 15:32:30.774] daemon call ok method=ping id=238 bytes=38
[2026-09-04 15:32:35.785] daemon call ok method=ping id=239 bytes=38
[2026-09-04 15:32:40.774] daemon call ok method=ping id=240 bytes=38
[2026-09-04 15:32:45.773] daemon call ok method=ping id=241 bytes=38
[2026-09-04 15:32:50.776] daemon call ok method=ping id=242 bytes=38
[2026-09-04 15:32:55.775] daemon call ok method=ping id=243 bytes=38
[2026-09-04 15:33:00.776] daemon call ok method=ping id=244 bytes=38
[2026-09-04 15:33:05.773] daemon call ok method=ping id=245 bytes=38
[2026-09-04 15:33:10.772] daemon call ok method=ping id=246 bytes=38
[2026-09-04 15:33:15.775] daemon call ok method=ping id=247 bytes=38
[2026-09-04 15:33:20.775] daemon call ok method=ping id=248 bytes=38
[2026-09-04 15:33:25.775] daemon call ok method=ping id=249 bytes=38
[2026-09-04 15:33:30.774] daemon call ok method=ping id=250 bytes=38
[2026-09-04 15:33:35.774] daemon call ok method=ping id=251 bytes=38
[2026-09-04 15:33:40.777] daemon call ok method=ping id=252 bytes=38
[2026-09-04 15:33:45.775] daemon call ok method=ping id=253 bytes=38
[2026-09-04 15:33:50.775] daemon call ok method=ping id=254 bytes=38
[2026-09-04 15:33:55.771] daemon call ok method=ping id=255 bytes=38
[2026-09-04 15:34:00.771] daemon call ok method=ping id=256 bytes=38
[2026-09-04 15:34:05.775] daemon call ok method=ping id=257 bytes=38
[2026-09-04 15:34:10.808] daemon call ok method=ping id=258 bytes=38
[2026-09-04 15:34:15.774] daemon call ok method=ping id=259 bytes=38
[2026-09-04 15:34:20.775] daemon call ok method=ping id=260 bytes=38
[2026-09-04 15:34:25.775] daemon call ok method=ping id=261 bytes=38
[2026-09-04 15:34:30.773] daemon call ok method=ping id=262 bytes=38
[2026-09-04 15:34:35.777] daemon call ok method=ping id=263 bytes=38
[2026-09-04 15:34:40.775] daemon call ok method=ping id=264 bytes=38
[2026-09-04 15:34:45.775] daemon call ok method=ping id=265 bytes=38
[2026-09-04 15:34:50.775] daemon call ok method=ping id=266 bytes=38
[2026-09-04 15:34:55.777] daemon call ok method=ping id=267 bytes=38
[2026-09-04 15:35:00.772] daemon call ok method=ping id=268 bytes=38
[2026-09-04 15:35:05.773] daemon call ok method=ping id=269 bytes=38
[2026-09-04 15:35:10.775] daemon call ok method=ping id=270 bytes=38
[2026-09-04 15:35:15.783] daemon call ok method=ping id=271 bytes=38
[2026-09-04 15:35:20.776] daemon call ok method=ping id=272 bytes=38
[2026-09-04 15:35:25.773] daemon call ok method=ping id=273 bytes=38
[2026-09-04 15:35:30.793] daemon call ok method=ping id=274 bytes=38
[2026-09-04 15:35:35.773] daemon call ok method=ping id=275 bytes=38
[2026-09-04 15:35:40.772] daemon call ok method=ping id=276 bytes=38
[2026-09-04 15:35:45.772] daemon call ok method=ping id=277 bytes=38
[2026-09-04 15:35:50.772] daemon call ok method=ping id=278 bytes=38
[2026-09-04 15:35:55.773] daemon call ok method=ping id=279 bytes=38
[2026-09-04 15:36:00.771] daemon call ok method=ping id=280 bytes=38
[2026-09-04 15:36:05.772] daemon call ok method=ping id=281 bytes=38
[2026-09-04 15:36:10.791] daemon call ok method=ping id=282 bytes=38
[2026-09-04 15:36:15.773] daemon call ok method=ping id=283 bytes=38
[2026-09-04 15:36:20.771] daemon call ok method=ping id=284 bytes=38
[2026-09-04 15:36:25.772] daemon call ok method=ping id=285 bytes=38
[2026-09-04 15:36:30.772] daemon call ok method=ping id=286 bytes=38
[2026-09-04 15:36:35.772] daemon call ok method=ping id=287 bytes=38
[2026-09-04 15:36:40.773] daemon call ok method=ping id=288 bytes=38
[2026-09-04 15:36:45.773] daemon call ok method=ping id=289 bytes=38
[2026-09-04 15:36:50.773] daemon call ok method=ping id=290 bytes=38
[2026-09-04 15:36:55.772] daemon call ok method=ping id=291 bytes=38
[2026-09-04 15:37:00.774] daemon call ok method=ping id=292 bytes=38
[2026-09-04 15:37:05.772] daemon call ok method=ping id=293 bytes=38
[2026-09-04 15:37:10.772] daemon call ok method=ping id=294 bytes=38
[2026-09-04 15:37:15.772] daemon call ok method=ping id=295 bytes=38
[2026-09-04 15:37:20.773] daemon call ok method=ping id=296 bytes=38
[2026-09-04 15:37:25.772] daemon call ok method=ping id=297 bytes=38
[2026-09-04 15:37:30.772] daemon call ok method=ping id=298 bytes=38
[2026-09-04 15:37:35.772] daemon call ok method=ping id=299 bytes=38
[2026-09-04 15:37:40.771] daemon call ok method=ping id=300 bytes=38
[2026-09-04 15:37:45.773] daemon call ok method=ping id=301 bytes=38
[2026-09-04 15:37:50.772] daemon call ok method=ping id=302 bytes=38
[2026-09-04 15:37:55.772] daemon call ok method=ping id=303 bytes=38
[2026-09-04 15:38:00.772] daemon call ok method=ping id=304 bytes=38
[2026-09-04 15:38:05.773] daemon call ok method=ping id=305 bytes=38
[2026-09-04 15:38:10.772] daemon call ok method=ping id=306 bytes=38
[2026-09-04 15:38:15.777] daemon call ok method=ping id=307 bytes=38
[2026-09-04 15:38:20.777] daemon call ok method=ping id=308 bytes=38
[2026-09-04 15:38:25.774] daemon call ok method=ping id=309 bytes=38
[2026-09-04 15:38:30.773] daemon call ok method=ping id=310 bytes=38
[2026-09-04 15:38:35.773] daemon call ok method=ping id=311 bytes=38
[2026-09-04 15:38:40.774] daemon call ok method=ping id=312 bytes=38
[2026-09-04 15:38:45.775] daemon call ok method=ping id=313 bytes=38
[2026-09-04 15:38:50.777] daemon call ok method=ping id=314 bytes=38
[2026-09-04 15:38:55.775] daemon call ok method=ping id=315 bytes=38
[2026-09-04 15:39:00.774] daemon call ok method=ping id=316 bytes=38
[2026-09-04 15:39:05.773] daemon call ok method=ping id=317 bytes=38
[2026-09-04 15:39:10.775] daemon call ok method=ping id=318 bytes=38
[2026-09-04 15:39:15.772] daemon call ok method=ping id=319 bytes=38
[2026-09-04 15:39:20.776] daemon call ok method=ping id=320 bytes=38
[2026-09-04 15:39:25.774] daemon call ok method=ping id=321 bytes=38
[2026-09-04 15:39:30.777] daemon call ok method=ping id=322 bytes=38
[2026-09-04 15:39:35.774] daemon call ok method=ping id=323 bytes=38
[2026-09-04 15:39:40.772] daemon call ok method=ping id=324 bytes=38
[2026-09-04 15:39:45.772] daemon call ok method=ping id=325 bytes=38
[2026-09-04 15:39:50.771] daemon call ok method=ping id=326 bytes=38
[2026-09-04 15:39:55.770] daemon call ok method=ping id=327 bytes=38
[2026-09-04 15:40:00.770] daemon call ok method=ping id=328 bytes=38
[2026-09-04 15:40:05.771] daemon call ok method=ping id=329 bytes=38
[2026-09-04 15:40:10.769] daemon call ok method=ping id=330 bytes=38
[2026-09-04 15:40:15.768] daemon call ok method=ping id=331 bytes=38
[2026-09-04 15:40:20.767] daemon call ok method=ping id=332 bytes=38
[2026-09-04 15:40:25.769] daemon call ok method=ping id=333 bytes=38
[2026-09-04 15:40:30.767] daemon call ok method=ping id=334 bytes=38
[2026-09-04 15:40:35.767] daemon call ok method=ping id=335 bytes=38
[2026-09-04 15:40:40.767] daemon call ok method=ping id=336 bytes=38
[2026-09-04 15:40:45.769] daemon call ok method=ping id=337 bytes=38
[2026-09-04 15:40:50.768] daemon call ok method=ping id=338 bytes=38
[2026-09-04 15:40:55.768] daemon call ok method=ping id=339 bytes=38
[2026-09-04 15:41:00.768] daemon call ok method=ping id=340 bytes=38
[2026-09-04 15:41:05.768] daemon call ok method=ping id=341 bytes=38
[2026-09-04 15:41:10.768] daemon call ok method=ping id=342 bytes=38
[2026-09-04 15:41:15.770] daemon call ok method=ping id=343 bytes=38
[2026-09-04 15:41:20.769] daemon call ok method=ping id=344 bytes=38
[2026-09-04 15:41:25.768] daemon call ok method=ping id=345 bytes=38
[2026-09-04 15:41:30.769] daemon call ok method=ping id=346 bytes=38
[2026-09-04 15:41:35.767] daemon call ok method=ping id=347 bytes=38
[2026-09-04 15:41:40.768] daemon call ok method=ping id=348 bytes=38
[2026-09-04 15:41:45.767] daemon call ok method=ping id=349 bytes=38
[2026-09-04 15:41:50.767] daemon call ok method=ping id=350 bytes=38
[2026-09-04 15:41:55.768] daemon call ok method=ping id=351 bytes=38
[2026-09-04 15:42:00.767] daemon call ok method=ping id=352 bytes=38
[2026-09-04 15:42:05.767] daemon call ok method=ping id=353 bytes=38
[2026-09-04 15:42:10.767] daemon call ok method=ping id=354 bytes=38
[2026-09-04 15:42:15.767] daemon call ok method=ping id=355 bytes=38
[2026-09-04 15:42:20.768] daemon call ok method=ping id=356 bytes=38
[2026-09-04 15:42:25.768] daemon call ok method=ping id=357 bytes=38
[2026-09-04 15:42:30.768] daemon call ok method=ping id=358 bytes=38
[2026-09-04 15:42:35.791] daemon call ok method=ping id=359 bytes=38
[2026-09-04 15:42:40.784] daemon call ok method=ping id=360 bytes=38
[2026-09-04 15:42:45.768] daemon call ok method=ping id=361 bytes=38
[2026-09-04 15:47:50.943] run start daemon_tcp=127.0.0.1:8443 request_timeout=30s heartbeat=5s stdio_keepalive=45s
[2026-09-04 15:47:51.008] daemon dial begin tcp=127.0.0.1:8443
[2026-09-04 15:47:51.052] daemon call ok method=initialize id=1 bytes=257
[2026-09-04 15:47:51.065] daemon initialize ok
[2026-09-04 15:47:51.077] daemon call ok method=events/subscribe id=2 bytes=125
[2026-09-04 15:47:51.091] events/subscribe ok client_id=ide-ide-proxy
[2026-09-04 15:47:51.186] daemon notify queued method=notifications/event bytes=304
[2026-09-04 15:47:56.054] daemon notify queued method=notifications/message bytes=230
[2026-09-04 15:47:56.061] daemon call ok method=ping id=3 bytes=36
[2026-09-04 15:48:01.052] daemon call ok method=ping id=4 bytes=36
[2026-09-04 15:48:06.048] daemon call ok method=ping id=5 bytes=36
[2026-09-04 15:48:11.047] daemon call ok method=ping id=6 bytes=36
[2026-09-04 15:48:16.046] daemon call ok method=ping id=7 bytes=36
[2026-09-04 15:48:21.048] daemon call ok method=ping id=8 bytes=36
[2026-09-04 15:48:26.049] daemon call ok method=ping id=9 bytes=36
[2026-09-04 15:48:31.047] daemon call ok method=ping id=10 bytes=37
[2026-09-04 15:48:36.046] daemon call ok method=ping id=11 bytes=37
[2026-09-04 15:48:41.081] daemon call ok method=ping id=12 bytes=37
[2026-09-04 15:48:46.046] daemon call ok method=ping id=13 bytes=37
[2026-09-04 15:48:51.046] daemon call ok method=ping id=14 bytes=37
[2026-09-04 15:48:56.048] daemon call ok method=ping id=15 bytes=37
[2026-09-04 15:49:01.047] daemon call ok method=ping id=16 bytes=37
[2026-09-04 15:49:06.047] daemon call ok method=ping id=17 bytes=37
[2026-09-04 15:49:11.047] daemon call ok method=ping id=18 bytes=37
[2026-09-04 15:49:16.046] daemon call ok method=ping id=19 bytes=37
[2026-09-04 15:49:21.047] daemon call ok method=ping id=20 bytes=37
[2026-09-04 15:49:26.047] daemon call ok method=ping id=21 bytes=37
[2026-09-04 15:49:31.046] daemon call ok method=ping id=22 bytes=37
[2026-09-04 15:49:36.047] daemon call ok method=ping id=23 bytes=37
[2026-09-04 15:49:41.050] daemon call ok method=ping id=24 bytes=37
[2026-09-04 15:49:46.062] daemon call ok method=ping id=25 bytes=37
[2026-09-04 15:49:51.050] daemon call ok method=ping id=26 bytes=37
[2026-09-04 15:49:56.050] daemon call ok method=ping id=27 bytes=37
[2026-09-04 15:50:01.049] daemon call ok method=ping id=28 bytes=37
[2026-09-04 15:50:06.046] daemon call ok method=ping id=29 bytes=37
[2026-09-04 15:50:11.046] daemon call ok method=ping id=30 bytes=37
[2026-09-04 15:50:16.046] daemon call ok method=ping id=31 bytes=37
[2026-09-04 15:50:21.046] daemon call ok method=ping id=32 bytes=37
[2026-09-04 15:50:26.047] daemon call ok method=ping id=33 bytes=37
[2026-09-04 15:50:31.047] daemon call ok method=ping id=34 bytes=37
[2026-09-04 15:50:36.046] daemon call ok method=ping id=35 bytes=37
[2026-09-04 15:50:41.047] daemon call ok method=ping id=36 bytes=37
[2026-09-04 15:50:46.048] daemon call ok method=ping id=37 bytes=37
[2026-09-04 15:50:51.047] daemon call ok method=ping id=38 bytes=37
[2026-09-04 15:50:56.047] daemon call ok method=ping id=39 bytes=37
[2026-09-04 15:51:01.050] daemon call ok method=ping id=40 bytes=37
[2026-09-04 15:51:06.047] daemon call ok method=ping id=41 bytes=37
[2026-09-04 15:51:11.048] daemon call ok method=ping id=42 bytes=37
[2026-09-04 15:51:16.049] daemon call ok method=ping id=43 bytes=37
[2026-09-04 15:51:21.047] daemon call ok method=ping id=44 bytes=37
[2026-09-04 15:51:26.050] daemon call ok method=ping id=45 bytes=37
[2026-09-04 15:51:31.047] daemon call ok method=ping id=46 bytes=37
[2026-09-04 15:51:36.049] daemon call ok method=ping id=47 bytes=37
[2026-09-04 15:51:41.047] daemon call ok method=ping id=48 bytes=37
[2026-09-04 15:51:46.046] daemon call ok method=ping id=49 bytes=37
[2026-09-04 15:51:51.046] daemon call ok method=ping id=50 bytes=37
[2026-09-04 15:51:56.047] daemon call ok method=ping id=51 bytes=37
[2026-09-04 15:52:01.047] daemon call ok method=ping id=52 bytes=37
[2026-09-04 15:52:06.046] daemon call ok method=ping id=53 bytes=37
[2026-09-04 15:52:11.050] daemon call ok method=ping id=54 bytes=37
[2026-09-04 15:52:16.049] daemon call ok method=ping id=55 bytes=37
[2026-09-04 15:52:21.053] daemon call ok method=ping id=56 bytes=37
[2026-09-04 15:52:26.047] daemon call ok method=ping id=57 bytes=37
[2026-09-04 15:52:31.047] daemon call ok method=ping id=58 bytes=37
[2026-09-04 15:52:36.050] daemon call ok method=ping id=59 bytes=37
[2026-09-04 15:52:41.051] daemon call ok method=ping id=60 bytes=37
[2026-09-04 15:52:46.047] daemon call ok method=ping id=61 bytes=37
[2026-09-04 15:52:51.047] daemon call ok method=ping id=62 bytes=37
[2026-09-04 15:52:56.047] daemon call ok method=ping id=63 bytes=37
[2026-09-04 15:53:01.047] daemon call ok method=ping id=64 bytes=37
[2026-09-04 15:53:06.052] daemon call ok method=ping id=65 bytes=37
[2026-09-04 15:53:11.048] daemon call ok method=ping id=66 bytes=37
[2026-09-04 15:53:16.048] daemon call ok method=ping id=67 bytes=37
[2026-09-04 15:53:21.047] daemon call ok method=ping id=68 bytes=37
[2026-09-04 15:53:26.053] daemon call ok method=ping id=69 bytes=37
[2026-09-04 15:53:31.048] daemon call ok method=ping id=70 bytes=37
[2026-09-04 15:53:36.047] daemon call ok method=ping id=71 bytes=37
[2026-09-04 15:53:41.047] daemon call ok method=ping id=72 bytes=37
[2026-09-04 15:53:46.047] daemon call ok method=ping id=73 bytes=37
[2026-09-04 15:53:51.046] daemon call ok method=ping id=74 bytes=37
[2026-09-04 15:53:56.048] daemon call ok method=ping id=75 bytes=37
[2026-09-04 15:54:01.045] daemon call ok method=ping id=76 bytes=37
[2026-09-04 15:54:06.049] daemon call ok method=ping id=77 bytes=37
[2026-09-04 15:54:11.047] daemon call ok method=ping id=78 bytes=37
[2026-09-04 15:54:16.048] daemon call ok method=ping id=79 bytes=37
[2026-09-04 15:54:21.047] daemon call ok method=ping id=80 bytes=37
[2026-09-04 15:54:26.049] daemon call ok method=ping id=81 bytes=37
[2026-09-04 15:54:31.049] daemon call ok method=ping id=82 bytes=37
[2026-09-04 15:54:36.051] daemon call ok method=ping id=83 bytes=37
[2026-09-04 15:54:41.057] daemon call ok method=ping id=84 bytes=37
[2026-09-04 15:54:46.051] daemon call ok method=ping id=85 bytes=37
[2026-09-04 15:54:51.047] daemon call ok method=ping id=86 bytes=37
[2026-09-04 15:54:56.047] daemon call ok method=ping id=87 bytes=37
[2026-09-04 15:55:01.048] daemon call ok method=ping id=88 bytes=37
[2026-09-04 15:55:06.047] daemon call ok method=ping id=89 bytes=37
[2026-09-04 15:55:11.047] daemon call ok method=ping id=90 bytes=37
[2026-09-04 15:55:16.046] daemon call ok method=ping id=91 bytes=37
[2026-09-04 15:55:21.048] daemon call ok method=ping id=92 bytes=37
[2026-09-04 15:55:26.047] daemon call ok method=ping id=93 bytes=37
[2026-09-04 15:55:31.049] daemon call ok method=ping id=94 bytes=37
[2026-09-04 15:55:36.049] daemon call ok method=ping id=95 bytes=37
[2026-09-04 15:55:41.049] daemon call ok method=ping id=96 bytes=37
[2026-09-04 15:55:46.052] daemon call ok method=ping id=97 bytes=37
[2026-09-04 15:55:51.048] daemon call ok method=ping id=98 bytes=37
[2026-09-04 15:55:56.047] daemon call ok method=ping id=99 bytes=37
[2026-09-04 15:56:01.046] daemon call ok method=ping id=100 bytes=38
[2026-09-04 15:56:06.047] daemon call ok method=ping id=101 bytes=38
[2026-09-04 15:56:11.047] daemon call ok method=ping id=102 bytes=38
[2026-09-04 15:56:16.048] daemon call ok method=ping id=103 bytes=38
[2026-09-04 15:56:21.051] daemon call ok method=ping id=104 bytes=38
[2026-09-04 15:56:26.046] daemon call ok method=ping id=105 bytes=38
[2026-09-04 15:56:31.052] daemon call ok method=ping id=106 bytes=38
[2026-09-04 15:56:36.047] daemon call ok method=ping id=107 bytes=38
[2026-09-04 15:56:41.054] daemon call ok method=ping id=108 bytes=38
[2026-09-04 15:56:46.048] daemon call ok method=ping id=109 bytes=38
[2026-09-04 15:56:51.049] daemon call ok method=ping id=110 bytes=38
[2026-09-04 15:56:56.049] daemon call ok method=ping id=111 bytes=38
[2026-09-04 15:57:01.052] daemon call ok method=ping id=112 bytes=38
[2026-09-04 15:57:06.061] daemon call ok method=ping id=113 bytes=38
[2026-09-04 15:57:11.049] daemon call ok method=ping id=114 bytes=38
[2026-09-04 15:57:16.047] daemon call ok method=ping id=115 bytes=38
[2026-09-04 15:57:21.047] daemon call ok method=ping id=116 bytes=38
[2026-09-04 15:57:26.047] daemon call ok method=ping id=117 bytes=38
[2026-09-04 15:57:31.048] daemon call ok method=ping id=118 bytes=38
[2026-09-04 15:57:36.050] daemon call ok method=ping id=119 bytes=38
[2026-09-04 15:57:41.059] daemon call ok method=ping id=120 bytes=38
[2026-09-04 15:57:46.048] daemon call ok method=ping id=121 bytes=38
[2026-09-04 15:57:51.046] daemon call ok method=ping id=122 bytes=38
[2026-09-04 15:57:56.048] daemon call ok method=ping id=123 bytes=38
[2026-09-04 15:58:01.048] daemon call ok method=ping id=124 bytes=38
[2026-09-04 15:58:06.047] daemon call ok method=ping id=125 bytes=38
[2026-09-04 15:58:11.047] daemon call ok method=ping id=126 bytes=38
[2026-09-04 15:58:16.046] daemon call ok method=ping id=127 bytes=38
[2026-09-04 15:58:21.046] daemon call ok method=ping id=128 bytes=38
[2026-09-04 15:58:26.049] daemon call ok method=ping id=129 bytes=38
[2026-09-04 15:58:31.047] daemon call ok method=ping id=130 bytes=38
[2026-09-04 15:58:36.046] daemon call ok method=ping id=131 bytes=38
[2026-09-04 15:58:41.047] daemon call ok method=ping id=132 bytes=38
[2026-09-04 15:58:46.047] daemon call ok method=ping id=133 bytes=38
[2026-09-04 15:58:51.047] daemon call ok method=ping id=134 bytes=38
[2026-09-04 15:58:56.048] daemon call ok method=ping id=135 bytes=38
[2026-09-04 15:59:01.048] daemon call ok method=ping id=136 bytes=38
[2026-09-04 15:59:06.047] daemon call ok method=ping id=137 bytes=38
[2026-09-04 15:59:11.049] daemon call ok method=ping id=138 bytes=38
[2026-09-04 15:59:16.048] daemon call ok method=ping id=139 bytes=38
[2026-09-04 15:59:21.046] daemon call ok method=ping id=140 bytes=38
[2026-09-04 15:59:26.050] daemon call ok method=ping id=141 bytes=38
[2026-09-04 15:59:31.047] daemon call ok method=ping id=142 bytes=38
[2026-09-04 15:59:36.048] daemon call ok method=ping id=143 bytes=38
[2026-09-04 15:59:41.050] daemon call ok method=ping id=144 bytes=38
[2026-09-04 15:59:46.047] daemon call ok method=ping id=145 bytes=38
[2026-09-04 15:59:51.047] daemon call ok method=ping id=146 bytes=38
[2026-09-04 15:59:56.050] daemon call ok method=ping id=147 bytes=38
[2026-09-04 16:00:01.047] daemon call ok method=ping id=148 bytes=38
[2026-09-04 16:00:06.046] daemon call ok method=ping id=149 bytes=38
[2026-09-04 16:00:11.048] daemon call ok method=ping id=150 bytes=38
[2026-09-04 16:00:16.046] daemon call ok method=ping id=151 bytes=38
[2026-09-04 16:00:21.048] daemon call ok method=ping id=152 bytes=38
[2026-09-04 16:00:26.047] daemon call ok method=ping id=153 bytes=38
[2026-09-04 16:00:31.046] daemon call ok method=ping id=154 bytes=38
[2026-09-04 16:00:36.049] daemon call ok method=ping id=155 bytes=38
[2026-09-04 16:00:41.047] daemon call ok method=ping id=156 bytes=38
[2026-09-04 16:00:46.047] daemon call ok method=ping id=157 bytes=38
[2026-09-04 16:00:51.046] daemon call ok method=ping id=158 bytes=38
[2026-09-04 16:00:56.047] daemon call ok method=ping id=159 bytes=38
[2026-09-04 16:01:01.047] daemon call ok method=ping id=160 bytes=38
[2026-09-04 16:01:06.047] daemon call ok method=ping id=161 bytes=38
[2026-09-04 16:01:11.047] daemon call ok method=ping id=162 bytes=38
[2026-09-04 16:01:13.165] daemon notify queued method=notifications/event bytes=23822
[2026-09-04 16:01:16.046] daemon call ok method=ping id=163 bytes=38
[2026-09-04 16:01:21.046] daemon call ok method=ping id=164 bytes=38
[2026-09-04 16:01:26.047] daemon call ok method=ping id=165 bytes=38
[2026-09-04 16:01:31.047] daemon call ok method=ping id=166 bytes=38
[2026-09-04 16:01:36.046] daemon call ok method=ping id=167 bytes=38
[2026-09-04 16:01:41.047] daemon call ok method=ping id=168 bytes=38
[2026-09-04 16:01:46.047] daemon call ok method=ping id=169 bytes=38
[2026-09-04 16:01:51.046] daemon call ok method=ping id=170 bytes=38
[2026-09-04 16:01:56.046] daemon call ok method=ping id=171 bytes=38
[2026-09-04 16:02:01.046] daemon call ok method=ping id=172 bytes=38
[2026-09-04 16:02:06.047] daemon call ok method=ping id=173 bytes=38
[2026-09-04 16:02:11.046] daemon call ok method=ping id=174 bytes=38
[2026-09-04 16:02:16.047] daemon call ok method=ping id=175 bytes=38
[2026-09-04 16:02:21.046] daemon call ok method=ping id=176 bytes=38
[2026-09-04 16:02:26.047] daemon call ok method=ping id=177 bytes=38
[2026-09-04 16:02:31.048] daemon call ok method=ping id=178 bytes=38
[2026-09-04 16:02:36.055] daemon call ok method=ping id=179 bytes=38
[2026-09-04 16:02:41.050] daemon call ok method=ping id=180 bytes=38
[2026-09-04 16:02:46.046] daemon call ok method=ping id=181 bytes=38
[2026-09-04 16:02:51.048] daemon call ok method=ping id=182 bytes=38
[2026-09-04 16:02:56.047] daemon call ok method=ping id=183 bytes=38
[2026-09-04 16:03:01.047] daemon call ok method=ping id=184 bytes=38
[2026-09-04 16:03:06.054] daemon call ok method=ping id=185 bytes=38
[2026-09-04 16:03:11.056] daemon call ok method=ping id=186 bytes=38
[2026-09-04 16:03:16.046] daemon call ok method=ping id=187 bytes=38
[2026-09-04 16:03:21.045] daemon call ok method=ping id=188 bytes=38
[2026-09-04 16:03:26.062] daemon call ok method=ping id=189 bytes=38
[2026-09-04 16:03:31.046] daemon call ok method=ping id=190 bytes=38
[2026-09-04 16:03:36.046] daemon call ok method=ping id=191 bytes=38
[2026-09-04 16:03:41.046] daemon call ok method=ping id=192 bytes=38
[2026-09-04 16:03:46.048] daemon call ok method=ping id=193 bytes=38
[2026-09-04 16:03:51.045] daemon call ok method=ping id=194 bytes=38
[2026-09-04 16:03:56.057] daemon call ok method=ping id=195 bytes=38
[2026-09-04 16:04:01.046] daemon call ok method=ping id=196 bytes=38
[2026-09-04 16:04:06.045] daemon call ok method=ping id=197 bytes=38
[2026-09-04 16:04:11.046] daemon call ok method=ping id=198 bytes=38
[2026-09-04 16:04:16.049] daemon call ok method=ping id=199 bytes=38
[2026-09-04 16:04:21.046] daemon call ok method=ping id=200 bytes=38
[2026-09-04 16:04:26.053] daemon call ok method=ping id=201 bytes=38
[2026-09-04 16:04:31.045] daemon call ok method=ping id=202 bytes=38
[2026-09-04 16:04:36.045] daemon call ok method=ping id=203 bytes=38
[2026-09-04 16:04:41.046] daemon call ok method=ping id=204 bytes=38
[2026-09-04 16:04:46.046] daemon call ok method=ping id=205 bytes=38
[2026-09-04 16:04:51.045] daemon call ok method=ping id=206 bytes=38
[2026-09-04 16:04:56.068] daemon call ok method=ping id=207 bytes=38
[2026-09-04 16:05:01.055] daemon call ok method=ping id=208 bytes=38
[2026-09-04 16:05:06.045] daemon call ok method=ping id=209 bytes=38
[2026-09-04 16:05:11.046] daemon call ok method=ping id=210 bytes=38
[2026-09-04 16:05:16.046] daemon call ok method=ping id=211 bytes=38
[2026-09-04 16:05:21.046] daemon call ok method=ping id=212 bytes=38
[2026-09-04 16:05:26.049] daemon call ok method=ping id=213 bytes=38
[2026-09-04 16:05:31.045] daemon call ok method=ping id=214 bytes=38
[2026-09-04 16:05:36.048] daemon call ok method=ping id=215 bytes=38
[2026-09-04 16:05:41.046] daemon call ok method=ping id=216 bytes=38
[2026-09-04 16:05:46.046] daemon call ok method=ping id=217 bytes=38
[2026-09-04 16:05:51.050] daemon call ok method=ping id=218 bytes=38
[2026-09-04 16:05:56.046] daemon call ok method=ping id=219 bytes=38
[2026-09-04 16:06:01.046] daemon call ok method=ping id=220 bytes=38
[2026-09-04 16:06:06.050] daemon call ok method=ping id=221 bytes=38
[2026-09-04 16:06:11.046] daemon call ok method=ping id=222 bytes=38
[2026-09-04 16:06:16.045] daemon call ok method=ping id=223 bytes=38
[2026-09-04 16:06:21.045] daemon call ok method=ping id=224 bytes=38
[2026-09-04 16:06:26.048] daemon call ok method=ping id=225 bytes=38
[2026-09-04 16:06:31.047] daemon call ok method=ping id=226 bytes=38
[2026-09-04 16:06:36.045] daemon call ok method=ping id=227 bytes=38
[2026-09-04 16:06:41.045] daemon call ok method=ping id=228 bytes=38
[2026-09-04 16:06:46.045] daemon call ok method=ping id=229 bytes=38
[2026-09-04 16:06:51.050] daemon call ok method=ping id=230 bytes=38
[2026-09-04 16:06:56.049] daemon call ok method=ping id=231 bytes=38
[2026-09-04 16:07:01.050] daemon call ok method=ping id=232 bytes=38
[2026-09-04 16:07:06.055] daemon call ok method=ping id=233 bytes=38
[2026-09-04 16:07:11.045] daemon call ok method=ping id=234 bytes=38
[2026-09-04 16:07:16.045] daemon call ok method=ping id=235 bytes=38
[2026-09-04 16:07:21.046] daemon call ok method=ping id=236 bytes=38
[2026-09-04 16:07:26.058] daemon call ok method=ping id=237 bytes=38
[2026-09-04 16:07:31.046] daemon call ok method=ping id=238 bytes=38
[2026-09-04 16:07:36.047] daemon call ok method=ping id=239 bytes=38
[2026-09-04 16:07:41.046] daemon call ok method=ping id=240 bytes=38
[2026-09-04 16:07:46.045] daemon call ok method=ping id=241 bytes=38
[2026-09-04 16:07:51.049] daemon call ok method=ping id=242 bytes=38
[2026-09-04 16:07:56.046] daemon call ok method=ping id=243 bytes=38
[2026-09-04 16:08:01.045] daemon call ok method=ping id=244 bytes=38
[2026-09-04 16:08:06.045] daemon call ok method=ping id=245 bytes=38
[2026-09-04 16:08:11.047] daemon call ok method=ping id=246 bytes=38
[2026-09-04 16:08:16.045] daemon call ok method=ping id=247 bytes=38
[2026-09-04 16:08:21.049] daemon call ok method=ping id=248 bytes=38
[2026-09-04 16:08:26.044] daemon call ok method=ping id=249 bytes=38
[2026-09-04 16:08:31.046] daemon call ok method=ping id=250 bytes=38
[2026-09-04 16:08:36.045] daemon call ok method=ping id=251 bytes=38
[2026-09-04 16:08:41.051] daemon call ok method=ping id=252 bytes=38
[2026-09-04 16:08:46.046] daemon call ok method=ping id=253 bytes=38
[2026-09-04 16:08:51.047] daemon call ok method=ping id=254 bytes=38
[2026-09-04 16:08:56.046] daemon call ok method=ping id=255 bytes=38
[2026-09-04 16:09:01.045] daemon call ok method=ping id=256 bytes=38
[2026-09-04 16:09:06.045] daemon call ok method=ping id=257 bytes=38
[2026-09-04 16:09:11.045] daemon call ok method=ping id=258 bytes=38
[2026-09-04 16:09:16.047] daemon call ok method=ping id=259 bytes=38
[2026-09-04 16:09:21.055] daemon call ok method=ping id=260 bytes=38
[2026-09-04 16:09:26.046] daemon call ok method=ping id=261 bytes=38
[2026-09-04 16:09:31.045] daemon call ok method=ping id=262 bytes=38
[2026-09-04 16:09:36.045] daemon call ok method=ping id=263 bytes=38
[2026-09-04 16:09:41.045] daemon call ok method=ping id=264 bytes=38
[2026-09-04 16:09:46.046] daemon call ok method=ping id=265 bytes=38
[2026-09-04 16:09:51.047] daemon call ok method=ping id=266 bytes=38
[2026-09-04 16:09:56.045] daemon call ok method=ping id=267 bytes=38
[2026-09-04 16:10:01.046] daemon call ok method=ping id=268 bytes=38
[2026-09-04 16:10:06.047] daemon call ok method=ping id=269 bytes=38
[2026-09-04 16:10:11.071] daemon call ok method=ping id=270 bytes=38
[2026-09-04 16:10:16.060] daemon call ok method=ping id=271 bytes=38
[2026-09-04 16:10:21.050] daemon call ok method=ping id=272 bytes=38
[2026-09-04 16:10:26.046] daemon call ok method=ping id=273 bytes=38
[2026-09-04 16:10:31.050] daemon call ok method=ping id=274 bytes=38
[2026-09-04 16:10:36.045] daemon call ok method=ping id=275 bytes=38
[2026-09-04 16:10:41.047] daemon call ok method=ping id=276 bytes=38
[2026-09-04 16:10:46.046] daemon call ok method=ping id=277 bytes=38
[2026-09-04 16:10:51.059] daemon call ok method=ping id=278 bytes=38
[2026-09-04 16:10:56.048] daemon call ok method=ping id=279 bytes=38
[2026-09-04 16:11:01.062] daemon call ok method=ping id=280 bytes=38
[2026-09-04 16:11:06.055] daemon call ok method=ping id=281 bytes=38
[2026-09-04 16:11:11.048] daemon call ok method=ping id=282 bytes=38
[2026-09-04 16:11:16.053] daemon call ok method=ping id=283 bytes=38
[2026-09-04 16:11:21.060] daemon call ok method=ping id=284 bytes=38
[2026-09-04 16:11:26.055] daemon call ok method=ping id=285 bytes=38
[2026-09-04 16:11:31.064] daemon call ok method=ping id=286 bytes=38
[2026-09-04 16:11:36.051] daemon call ok method=ping id=287 bytes=38
[2026-09-04 16:11:41.048] daemon call ok method=ping id=288 bytes=38
[2026-09-04 16:11:46.045] daemon call ok method=ping id=289 bytes=38
[2026-09-04 16:11:51.060] daemon call ok method=ping id=290 bytes=38
[2026-09-04 16:11:56.045] daemon call ok method=ping id=291 bytes=38
[2026-09-04 16:12:01.065] daemon call ok method=ping id=292 bytes=38
[2026-09-04 16:12:06.072] daemon call ok method=ping id=293 bytes=38
[2026-09-04 16:12:11.044] daemon call ok method=ping id=294 bytes=38
[2026-09-04 16:12:16.051] daemon call ok method=ping id=295 bytes=38
[2026-09-04 16:12:21.045] daemon call ok method=ping id=296 bytes=38
[2026-09-04 16:12:26.044] daemon call ok method=ping id=297 bytes=38
[2026-09-04 16:12:31.057] daemon call ok method=ping id=298 bytes=38
[2026-09-04 16:12:36.045] daemon call ok method=ping id=299 bytes=38
[2026-09-04 16:12:41.059] daemon call ok method=ping id=300 bytes=38
[2026-09-04 16:12:46.047] daemon call ok method=ping id=301 bytes=38
[2026-09-04 16:12:51.046] daemon call ok method=ping id=302 bytes=38
[2026-09-04 16:12:56.049] daemon call ok method=ping id=303 bytes=38
[2026-09-04 16:13:01.076] daemon call ok method=ping id=304 bytes=38
[2026-09-04 16:13:06.083] daemon call ok method=ping id=305 bytes=38
[2026-09-04 16:13:11.102] daemon call ok method=ping id=306 bytes=38
[2026-09-04 16:13:16.045] daemon call ok method=ping id=307 bytes=38
[2026-09-04 16:13:21.045] daemon call ok method=ping id=308 bytes=38
[2026-09-04 16:13:26.073] daemon call ok method=ping id=309 bytes=38
[2026-09-04 16:13:31.110] daemon call ok method=ping id=310 bytes=38
[2026-09-04 16:13:36.044] daemon call ok method=ping id=311 bytes=38
[2026-09-04 16:13:41.045] daemon call ok method=ping id=312 bytes=38
[2026-09-04 16:13:46.049] daemon call ok method=ping id=313 bytes=38
[2026-09-04 16:13:51.047] daemon call ok method=ping id=314 bytes=38
[2026-09-04 16:13:56.044] daemon call ok method=ping id=315 bytes=38
[2026-09-04 16:14:01.044] daemon call ok method=ping id=316 bytes=38
[2026-09-04 16:14:06.045] daemon call ok method=ping id=317 bytes=38
[2026-09-04 16:14:11.044] daemon call ok method=ping id=318 bytes=38
[2026-09-04 16:14:16.044] daemon call ok method=ping id=319 bytes=38
[2026-09-04 16:14:21.044] daemon call ok method=ping id=320 bytes=38
[2026-09-04 16:14:26.045] daemon call ok method=ping id=321 bytes=38
[2026-09-04 16:14:31.044] daemon call ok method=ping id=322 bytes=38
[2026-09-04 16:14:36.049] daemon call ok method=ping id=323 bytes=38
[2026-09-04 16:14:41.045] daemon call ok method=ping id=324 bytes=38
[2026-09-04 16:14:46.044] daemon call ok method=ping id=325 bytes=38
[2026-09-04 16:14:51.051] daemon call ok method=ping id=326 bytes=38
[2026-09-04 16:14:56.044] daemon call ok method=ping id=327 bytes=38
[2026-09-04 16:15:01.048] daemon call ok method=ping id=328 bytes=38
[2026-09-04 16:15:06.044] daemon call ok method=ping id=329 bytes=38
[2026-09-04 16:15:11.044] daemon call ok method=ping id=330 bytes=38
[2026-09-04 16:15:14.590] daemon notify queued method=notifications/event bytes=367
[2026-09-04 16:15:16.044] daemon call ok method=ping id=331 bytes=38
[2026-09-04 16:15:16.254] daemon notify queued method=notifications/event bytes=368
[2026-09-04 16:15:21.044] daemon call ok method=ping id=332 bytes=38
[2026-09-04 16:15:26.044] daemon call ok method=ping id=333 bytes=38
[2026-09-04 16:15:31.045] daemon call ok method=ping id=334 bytes=38
[2026-09-04 16:15:36.054] daemon call ok method=ping id=335 bytes=38
[2026-09-04 16:15:41.060] daemon call ok method=ping id=336 bytes=38
[2026-09-04 16:15:46.044] daemon call ok method=ping id=337 bytes=38
[2026-09-04 16:15:51.044] daemon call ok method=ping id=338 bytes=38
[2026-09-04 16:15:56.044] daemon call ok method=ping id=339 bytes=38
[2026-09-04 16:16:01.045] daemon call ok method=ping id=340 bytes=38
[2026-09-04 16:16:06.050] daemon call ok method=ping id=341 bytes=38
[2026-09-04 16:16:11.044] daemon call ok method=ping id=342 bytes=38
[2026-09-04 16:16:16.044] daemon call ok method=ping id=343 bytes=38
[2026-09-04 16:16:21.044] daemon call ok method=ping id=344 bytes=38
[2026-09-04 16:16:26.045] daemon call ok method=ping id=345 bytes=38
[2026-09-04 16:16:31.044] daemon call ok method=ping id=346 bytes=38
[2026-09-04 16:16:36.044] daemon call ok method=ping id=347 bytes=38
[2026-09-04 16:16:41.044] daemon call ok method=ping id=348 bytes=38
[2026-09-04 16:16:46.044] daemon call ok method=ping id=349 bytes=38
[2026-09-04 16:16:51.044] daemon call ok method=ping id=350 bytes=38
[2026-09-04 16:16:56.058] daemon call ok method=ping id=351 bytes=38
[2026-09-04 16:17:01.044] daemon call ok method=ping id=352 bytes=38
[2026-09-04 16:17:06.054] daemon call ok method=ping id=353 bytes=38
[2026-09-04 16:17:11.044] daemon call ok method=ping id=354 bytes=38
[2026-09-04 16:17:16.044] daemon call ok method=ping id=355 bytes=38
[2026-09-04 16:17:21.046] daemon call ok method=ping id=356 bytes=38
[2026-09-04 16:17:26.044] daemon call ok method=ping id=357 bytes=38
[2026-09-04 16:17:31.044] daemon call ok method=ping id=358 bytes=38
[2026-09-04 16:17:36.044] daemon call ok method=ping id=359 bytes=38
[2026-09-04 16:17:41.044] daemon call ok method=ping id=360 bytes=38
[2026-09-04 16:17:46.044] daemon call ok method=ping id=361 bytes=38
[2026-09-04 16:17:51.045] daemon call ok method=ping id=362 bytes=38
[2026-09-04 16:17:56.046] daemon call ok method=ping id=363 bytes=38
[2026-09-04 16:22:59.716] run start daemon_tcp=127.0.0.1:8443 request_timeout=30s heartbeat=5s stdio_keepalive=45s
[2026-09-04 16:22:59.809] daemon dial begin tcp=127.0.0.1:8443
[2026-09-04 16:22:59.830] daemon call ok method=initialize id=1 bytes=257
[2026-09-04 16:23:00.018] daemon initialize ok
[2026-09-04 16:23:00.025] daemon call ok method=events/subscribe id=2 bytes=125
[2026-09-04 16:23:00.038] events/subscribe ok client_id=ide-ide-proxy
[2026-09-04 16:23:04.829] daemon call ok method=ping id=3 bytes=36
[2026-09-04 16:23:09.837] daemon call ok method=ping id=4 bytes=36
[2026-09-04 16:23:14.872] daemon call ok method=ping id=5 bytes=36
[2026-09-04 16:23:19.822] daemon call ok method=ping id=6 bytes=36
[2026-09-04 16:23:24.822] daemon call ok method=ping id=7 bytes=36
[2026-09-04 16:23:29.822] daemon call ok method=ping id=8 bytes=36
[2026-09-04 16:23:34.828] daemon call ok method=ping id=9 bytes=36
[2026-09-04 16:23:39.844] daemon call ok method=ping id=10 bytes=37
[2026-09-04 16:23:44.835] daemon call ok method=ping id=11 bytes=37
[2026-09-04 16:23:49.823] daemon call ok method=ping id=12 bytes=37
[2026-09-04 16:23:54.833] daemon call ok method=ping id=13 bytes=37
[2026-09-04 16:23:59.830] daemon call ok method=ping id=14 bytes=37
[2026-09-04 16:24:04.830] daemon call ok method=ping id=15 bytes=37
[2026-09-04 16:24:09.826] daemon call ok method=ping id=16 bytes=37
[2026-09-04 16:24:14.835] daemon call ok method=ping id=17 bytes=37
[2026-09-04 16:24:19.823] daemon call ok method=ping id=18 bytes=37
[2026-09-04 16:24:24.852] daemon call ok method=ping id=19 bytes=37
[2026-09-04 16:24:29.823] daemon call ok method=ping id=20 bytes=37
[2026-09-04 16:24:34.821] daemon call ok method=ping id=21 bytes=37
[2026-09-04 16:24:39.821] daemon call ok method=ping id=22 bytes=37
[2026-09-04 16:24:44.820] daemon call ok method=ping id=23 bytes=37
[2026-09-04 16:24:49.838] daemon call ok method=ping id=24 bytes=37
[2026-09-04 16:24:54.826] daemon call ok method=ping id=25 bytes=37
[2026-09-04 16:24:59.821] daemon call ok method=ping id=26 bytes=37
[2026-09-04 16:25:04.860] daemon call ok method=ping id=27 bytes=37
[2026-09-04 16:25:09.829] daemon call ok method=ping id=28 bytes=37
[2026-09-04 16:25:14.822] daemon call ok method=ping id=29 bytes=37
[2026-09-04 16:25:19.822] daemon call ok method=ping id=30 bytes=37
[2026-09-04 16:25:24.822] daemon call ok method=ping id=31 bytes=37
[2026-09-04 16:25:29.822] daemon call ok method=ping id=32 bytes=37
[2026-09-04 16:25:34.821] daemon call ok method=ping id=33 bytes=37
[2026-09-04 16:25:39.824] daemon call ok method=ping id=34 bytes=37
[2026-09-04 16:25:44.833] daemon call ok method=ping id=35 bytes=37
[2026-09-04 16:25:49.823] daemon call ok method=ping id=36 bytes=37
[2026-09-04 16:25:54.821] daemon call ok method=ping id=37 bytes=37
[2026-09-04 16:25:59.820] daemon call ok method=ping id=38 bytes=37
[2026-09-04 16:26:04.819] daemon call ok method=ping id=39 bytes=37
[2026-09-04 16:26:09.823] daemon call ok method=ping id=40 bytes=37
[2026-09-04 16:26:14.821] daemon call ok method=ping id=41 bytes=37
[2026-09-04 16:26:19.815] daemon call ok method=ping id=42 bytes=37
[2026-09-04 16:26:24.816] daemon call ok method=ping id=43 bytes=37
[2026-09-04 16:26:29.814] daemon call ok method=ping id=44 bytes=37
[2026-09-04 16:26:34.813] daemon call ok method=ping id=45 bytes=37
[2026-09-04 16:26:39.815] daemon call ok method=ping id=46 bytes=37
[2026-09-04 16:26:44.812] daemon call ok method=ping id=47 bytes=37
[2026-09-04 16:26:49.813] daemon call ok method=ping id=48 bytes=37
[2026-09-04 16:26:54.812] daemon call ok method=ping id=49 bytes=37
[2026-09-04 16:26:59.813] daemon call ok method=ping id=50 bytes=37
[2026-09-04 16:27:04.812] daemon call ok method=ping id=51 bytes=37
[2026-09-04 16:27:09.812] daemon call ok method=ping id=52 bytes=37
[2026-09-04 16:27:14.812] daemon call ok method=ping id=53 bytes=37
[2026-09-04 16:27:19.814] daemon call ok method=ping id=54 bytes=37
[2026-09-04 16:27:24.812] daemon call ok method=ping id=55 bytes=37
[2026-09-04 16:27:29.813] daemon call ok method=ping id=56 bytes=37
[2026-09-04 16:27:34.813] daemon call ok method=ping id=57 bytes=37
[2026-09-04 16:27:39.813] daemon call ok method=ping id=58 bytes=37
[2026-09-04 16:27:44.812] daemon call ok method=ping id=59 bytes=37
[2026-09-04 16:27:49.813] daemon call ok method=ping id=60 bytes=37
[2026-09-04 16:27:54.814] daemon call ok method=ping id=61 bytes=37
[2026-09-04 16:27:59.813] daemon call ok method=ping id=62 bytes=37
[2026-09-04 16:28:04.812] daemon call ok method=ping id=63 bytes=37
[2026-09-04 16:28:09.839] daemon call ok method=ping id=64 bytes=37
[2026-09-04 16:28:14.813] daemon call ok method=ping id=65 bytes=37
[2026-09-04 16:28:19.818] daemon call ok method=ping id=66 bytes=37
[2026-09-04 16:28:24.812] daemon call ok method=ping id=67 bytes=37
[2026-09-04 16:28:29.813] daemon call ok method=ping id=68 bytes=37
[2026-09-04 16:28:34.812] daemon call ok method=ping id=69 bytes=37
[2026-09-04 16:28:39.815] daemon call ok method=ping id=70 bytes=37
[2026-09-04 16:28:44.812] daemon call ok method=ping id=71 bytes=37
[2026-09-04 16:28:49.813] daemon call ok method=ping id=72 bytes=37
[2026-09-04 16:28:54.814] daemon call ok method=ping id=73 bytes=37
[2026-09-04 16:28:59.812] daemon call ok method=ping id=74 bytes=37
[2026-09-04 16:29:04.813] daemon call ok method=ping id=75 bytes=37
[2026-09-04 16:29:09.813] daemon call ok method=ping id=76 bytes=37
[2026-09-04 16:29:14.812] daemon call ok method=ping id=77 bytes=37
[2026-09-04 16:29:19.812] daemon call ok method=ping id=78 bytes=37
[2026-09-04 16:29:24.813] daemon call ok method=ping id=79 bytes=37
[2026-09-04 16:29:29.818] daemon call ok method=ping id=80 bytes=37
[2026-09-04 16:29:34.812] daemon call ok method=ping id=81 bytes=37
[2026-09-04 16:29:39.812] daemon call ok method=ping id=82 bytes=37
[2026-09-04 16:29:44.815] daemon call ok method=ping id=83 bytes=37
[2026-09-04 16:29:49.813] daemon call ok method=ping id=84 bytes=37
[2026-09-04 16:29:54.812] daemon call ok method=ping id=85 bytes=37
[2026-09-04 16:29:59.813] daemon call ok method=ping id=86 bytes=37
[2026-09-04 16:30:04.818] daemon call ok method=ping id=87 bytes=37
[2026-09-04 16:30:09.829] daemon call ok method=ping id=88 bytes=37
[2026-09-04 16:30:14.836] daemon call ok method=ping id=89 bytes=37
[2026-09-04 16:30:19.819] daemon call ok method=ping id=90 bytes=37
[2026-09-04 16:30:24.833] daemon call ok method=ping id=91 bytes=37
[2026-09-04 16:30:29.821] daemon call ok method=ping id=92 bytes=37
[2026-09-04 16:30:34.813] daemon call ok method=ping id=93 bytes=37
[2026-09-04 16:30:39.827] daemon call ok method=ping id=94 bytes=37
[2026-09-04 16:30:44.812] daemon call ok method=ping id=95 bytes=37
[2026-09-04 16:30:49.840] daemon call ok method=ping id=96 bytes=37
[2026-09-04 16:30:54.812] daemon call ok method=ping id=97 bytes=37
[2026-09-04 16:30:59.812] daemon call ok method=ping id=98 bytes=37
[2026-09-04 16:31:04.812] daemon call ok method=ping id=99 bytes=37
[2026-09-04 16:31:09.812] daemon call ok method=ping id=100 bytes=38
[2026-09-04 16:31:14.811] daemon call ok method=ping id=101 bytes=38
[2026-09-04 16:31:19.811] daemon call ok method=ping id=102 bytes=38
[2026-09-04 16:31:24.811] daemon call ok method=ping id=103 bytes=38
[2026-09-04 16:31:29.811] daemon call ok method=ping id=104 bytes=38
[2026-09-04 16:31:34.811] daemon call ok method=ping id=105 bytes=38
[2026-09-04 16:31:39.812] daemon call ok method=ping id=106 bytes=38
[2026-09-04 16:31:44.811] daemon call ok method=ping id=107 bytes=38
[2026-09-04 16:31:49.811] daemon call ok method=ping id=108 bytes=38
[2026-09-04 16:31:54.812] daemon call ok method=ping id=109 bytes=38
[2026-09-04 16:31:59.811] daemon call ok method=ping id=110 bytes=38
[2026-09-04 16:32:04.811] daemon call ok method=ping id=111 bytes=38
[2026-09-04 16:32:09.811] daemon call ok method=ping id=112 bytes=38
[2026-09-04 16:32:14.811] daemon call ok method=ping id=113 bytes=38
[2026-09-04 16:32:19.812] daemon call ok method=ping id=114 bytes=38
[2026-09-04 16:32:24.811] daemon call ok method=ping id=115 bytes=38
[2026-09-04 16:32:29.812] daemon call ok method=ping id=116 bytes=38
[2026-09-04 16:32:34.812] daemon call ok method=ping id=117 bytes=38
[2026-09-04 16:32:39.812] daemon call ok method=ping id=118 bytes=38
[2026-09-04 16:32:44.811] daemon call ok method=ping id=119 bytes=38
[2026-09-04 16:32:49.812] daemon call ok method=ping id=120 bytes=38
[2026-09-04 16:32:54.812] daemon call ok method=ping id=121 bytes=38
[2026-09-04 16:32:59.812] daemon call ok method=ping id=122 bytes=38
[2026-09-04 16:33:04.812] daemon call ok method=ping id=123 bytes=38
[2026-09-04 16:33:09.812] daemon call ok method=ping id=124 bytes=38
[2026-09-04 16:33:14.812] daemon call ok method=ping id=125 bytes=38
[2026-09-04 16:33:19.812] daemon call ok method=ping id=126 bytes=38
[2026-09-04 16:33:24.812] daemon call ok method=ping id=127 bytes=38
[2026-09-04 16:33:29.812] daemon call ok method=ping id=128 bytes=38
[2026-09-04 16:33:34.812] daemon call ok method=ping id=129 bytes=38
[2026-09-04 16:33:39.812] daemon call ok method=ping id=130 bytes=38
[2026-09-04 16:33:44.811] daemon call ok method=ping id=131 bytes=38
[2026-09-04 16:33:49.812] daemon call ok method=ping id=132 bytes=38
[2026-09-04 16:33:54.811] daemon call ok method=ping id=133 bytes=38
[2026-09-04 16:33:59.812] daemon call ok method=ping id=134 bytes=38
[2026-09-04 16:34:04.810] daemon call ok method=ping id=135 bytes=38
[2026-09-04 16:34:09.811] daemon call ok method=ping id=136 bytes=38
[2026-09-04 16:34:14.812] daemon call ok method=ping id=137 bytes=38
[2026-09-04 16:34:19.812] daemon call ok method=ping id=138 bytes=38
[2026-09-04 16:34:24.811] daemon call ok method=ping id=139 bytes=38
[2026-09-04 16:34:29.812] daemon call ok method=ping id=140 bytes=38
[2026-09-04 16:34:34.811] daemon call ok method=ping id=141 bytes=38
[2026-09-04 16:34:39.811] daemon call ok method=ping id=142 bytes=38
[2026-09-04 16:34:44.811] daemon call ok method=ping id=143 bytes=38
[2026-09-04 16:34:49.813] daemon call ok method=ping id=144 bytes=38
[2026-09-04 16:34:54.814] daemon call ok method=ping id=145 bytes=38
[2026-09-04 16:34:59.813] daemon call ok method=ping id=146 bytes=38
[2026-09-04 16:35:04.811] daemon call ok method=ping id=147 bytes=38
[2026-09-04 16:35:09.810] daemon call ok method=ping id=148 bytes=38
[2026-09-04 16:35:14.811] daemon call ok method=ping id=149 bytes=38
[2026-09-04 16:35:19.812] daemon call ok method=ping id=150 bytes=38
[2026-09-04 16:35:24.813] daemon call ok method=ping id=151 bytes=38
[2026-09-04 16:35:29.812] daemon call ok method=ping id=152 bytes=38
[2026-09-04 16:35:34.811] daemon call ok method=ping id=153 bytes=38
[2026-09-04 16:35:39.811] daemon call ok method=ping id=154 bytes=38
[2026-09-04 16:35:44.812] daemon call ok method=ping id=155 bytes=38
[2026-09-04 16:35:49.810] daemon call ok method=ping id=156 bytes=38
[2026-09-04 16:35:54.811] daemon call ok method=ping id=157 bytes=38
[2026-09-04 16:35:59.811] daemon call ok method=ping id=158 bytes=38
[2026-09-04 16:36:04.811] daemon call ok method=ping id=159 bytes=38
[2026-09-04 16:36:09.813] daemon call ok method=ping id=160 bytes=38
[2026-09-04 16:36:14.812] daemon call ok method=ping id=161 bytes=38
[2026-09-04 16:36:19.812] daemon call ok method=ping id=162 bytes=38
[2026-09-04 16:36:24.812] daemon call ok method=ping id=163 bytes=38
[2026-09-04 16:36:29.813] daemon call ok method=ping id=164 bytes=38
[2026-09-04 16:36:34.821] daemon call ok method=ping id=165 bytes=38
[2026-09-04 16:36:39.812] daemon call ok method=ping id=166 bytes=38
[2026-09-04 16:36:44.813] daemon call ok method=ping id=167 bytes=38
[2026-09-04 16:36:49.812] daemon call ok method=ping id=168 bytes=38
[2026-09-04 16:36:54.814] daemon call ok method=ping id=169 bytes=38
[2026-09-04 16:36:59.813] daemon call ok method=ping id=170 bytes=38
[2026-09-04 16:37:04.816] daemon call ok method=ping id=171 bytes=38
[2026-09-04 16:37:09.813] daemon call ok method=ping id=172 bytes=38
[2026-09-04 16:37:14.813] daemon call ok method=ping id=173 bytes=38
[2026-09-04 16:37:19.813] daemon call ok method=ping id=174 bytes=38
[2026-09-04 16:37:24.813] daemon call ok method=ping id=175 bytes=38
[2026-09-04 16:37:29.814] daemon call ok method=ping id=176 bytes=38
[2026-09-04 16:37:34.813] daemon call ok method=ping id=177 bytes=38
[2026-09-04 16:37:39.814] daemon call ok method=ping id=178 bytes=38
[2026-09-04 16:37:44.812] daemon call ok method=ping id=179 bytes=38
[2026-09-04 16:37:49.811] daemon call ok method=ping id=180 bytes=38
[2026-09-04 16:37:54.812] daemon call ok method=ping id=181 bytes=38
[2026-09-04 16:37:59.814] daemon call ok method=ping id=182 bytes=38
[2026-09-04 16:38:04.811] daemon call ok method=ping id=183 bytes=38
[2026-09-04 16:38:09.812] daemon call ok method=ping id=184 bytes=38
[2026-09-04 16:38:14.810] daemon call ok method=ping id=185 bytes=38
[2026-09-04 16:38:19.811] daemon call ok method=ping id=186 bytes=38
[2026-09-04 16:38:24.810] daemon call ok method=ping id=187 bytes=38
[2026-09-04 16:38:29.811] daemon call ok method=ping id=188 bytes=38
[2026-09-04 16:38:34.811] daemon call ok method=ping id=189 bytes=38
[2026-09-04 16:38:39.811] daemon call ok method=ping id=190 bytes=38
[2026-09-04 16:38:44.811] daemon call ok method=ping id=191 bytes=38
[2026-09-04 16:38:49.811] daemon call ok method=ping id=192 bytes=38
[2026-09-04 16:38:54.811] daemon call ok method=ping id=193 bytes=38
[2026-09-04 16:38:59.811] daemon call ok method=ping id=194 bytes=38
[2026-09-04 16:39:04.811] daemon call ok method=ping id=195 bytes=38
[2026-09-04 16:39:09.813] daemon call ok method=ping id=196 bytes=38
[2026-09-04 16:39:14.816] daemon call ok method=ping id=197 bytes=38
[2026-09-04 16:39:19.813] daemon call ok method=ping id=198 bytes=38
[2026-09-04 16:39:24.812] daemon call ok method=ping id=199 bytes=38
[2026-09-04 16:39:29.813] daemon call ok method=ping id=200 bytes=38
[2026-09-04 16:39:34.811] daemon call ok method=ping id=201 bytes=38
[2026-09-04 16:39:39.811] daemon call ok method=ping id=202 bytes=38
[2026-09-04 16:39:44.826] daemon call ok method=ping id=203 bytes=38
[2026-09-04 16:39:49.814] daemon call ok method=ping id=204 bytes=38
[2026-09-04 16:39:54.811] daemon call ok method=ping id=205 bytes=38
[2026-09-04 16:39:59.814] daemon call ok method=ping id=206 bytes=38
[2026-09-04 16:40:04.811] daemon call ok method=ping id=207 bytes=38
[2026-09-04 16:40:09.810] daemon call ok method=ping id=208 bytes=38
[2026-09-04 16:40:14.811] daemon call ok method=ping id=209 bytes=38
[2026-09-04 16:40:19.811] daemon call ok method=ping id=210 bytes=38
[2026-09-04 16:40:24.813] daemon call ok method=ping id=211 bytes=38
[2026-09-04 16:40:29.810] daemon call ok method=ping id=212 bytes=38
[2026-09-04 16:40:34.810] daemon call ok method=ping id=213 bytes=38
[2026-09-04 16:40:39.815] daemon call ok method=ping id=214 bytes=38
[2026-09-04 16:40:44.812] daemon call ok method=ping id=215 bytes=38
[2026-09-04 16:40:49.811] daemon call ok method=ping id=216 bytes=38
[2026-09-04 16:40:54.811] daemon call ok method=ping id=217 bytes=38
[2026-09-04 16:40:59.821] daemon call ok method=ping id=218 bytes=38
[2026-09-04 16:41:04.810] daemon call ok method=ping id=219 bytes=38
[2026-09-04 16:41:09.810] daemon call ok method=ping id=220 bytes=38
[2026-09-04 16:41:14.810] daemon call ok method=ping id=221 bytes=38
[2026-09-04 16:41:19.835] daemon call ok method=ping id=222 bytes=38
[2026-09-04 16:41:24.809] daemon call ok method=ping id=223 bytes=38
[2026-09-04 16:41:29.810] daemon call ok method=ping id=224 bytes=38
[2026-09-04 16:41:34.810] daemon call ok method=ping id=225 bytes=38
[2026-09-04 16:41:39.810] daemon call ok method=ping id=226 bytes=38
[2026-09-04 16:41:44.816] daemon call ok method=ping id=227 bytes=38
[2026-09-04 16:41:49.811] daemon call ok method=ping id=228 bytes=38
[2026-09-04 16:41:54.810] daemon call ok method=ping id=229 bytes=38
[2026-09-04 16:41:59.812] daemon call ok method=ping id=230 bytes=38
[2026-09-04 16:42:04.810] daemon call ok method=ping id=231 bytes=38
[2026-09-04 16:42:09.814] daemon call ok method=ping id=232 bytes=38
[2026-09-04 16:42:14.819] daemon call ok method=ping id=233 bytes=38
[2026-09-04 16:42:19.814] daemon call ok method=ping id=234 bytes=38
[2026-09-04 16:42:24.811] daemon call ok method=ping id=235 bytes=38
[2026-09-04 16:42:29.811] daemon call ok method=ping id=236 bytes=38
[2026-09-04 16:42:34.813] daemon call ok method=ping id=237 bytes=38
[2026-09-04 16:42:39.818] daemon call ok method=ping id=238 bytes=38
[2026-09-04 16:42:44.811] daemon call ok method=ping id=239 bytes=38
[2026-09-04 16:42:49.810] daemon call ok method=ping id=240 bytes=38
[2026-09-04 16:42:54.821] daemon call ok method=ping id=241 bytes=38
[2026-09-04 16:42:59.810] daemon call ok method=ping id=242 bytes=38
[2026-09-04 16:43:04.811] daemon call ok method=ping id=243 bytes=38
[2026-09-04 16:43:09.819] daemon call ok method=ping id=244 bytes=38
[2026-09-04 16:43:14.813] daemon call ok method=ping id=245 bytes=38
[2026-09-04 16:43:19.811] daemon call ok method=ping id=246 bytes=38
[2026-09-04 16:43:24.813] daemon call ok method=ping id=247 bytes=38
[2026-09-04 16:43:29.817] daemon call ok method=ping id=248 bytes=38
[2026-09-04 16:43:34.810] daemon call ok method=ping id=249 bytes=38
[2026-09-04 16:43:39.813] daemon call ok method=ping id=250 bytes=38
[2026-09-04 16:43:44.811] daemon call ok method=ping id=251 bytes=38
[2026-09-04 16:43:49.810] daemon call ok method=ping id=252 bytes=38
[2026-09-04 16:43:54.813] daemon call ok method=ping id=253 bytes=38
[2026-09-04 16:43:59.811] daemon call ok method=ping id=254 bytes=38
[2026-09-04 16:44:04.810] daemon call ok method=ping id=255 bytes=38
[2026-09-04 16:44:09.810] daemon call ok method=ping id=256 bytes=38
[2026-09-04 16:44:14.810] daemon call ok method=ping id=257 bytes=38
[2026-09-04 16:44:19.809] daemon call ok method=ping id=258 bytes=38
[2026-09-04 16:44:24.810] daemon call ok method=ping id=259 bytes=38
[2026-09-04 16:44:29.810] daemon call ok method=ping id=260 bytes=38
[2026-09-04 16:44:34.810] daemon call ok method=ping id=261 bytes=38
[2026-09-04 16:44:39.811] daemon call ok method=ping id=262 bytes=38
[2026-09-04 16:44:44.810] daemon call ok method=ping id=263 bytes=38
[2026-09-04 16:44:49.810] daemon call ok method=ping id=264 bytes=38
[2026-09-04 16:44:54.812] daemon call ok method=ping id=265 bytes=38
[2026-09-04 16:44:59.818] daemon call ok method=ping id=266 bytes=38
[2026-09-04 16:45:04.810] daemon call ok method=ping id=267 bytes=38
[2026-09-04 16:45:09.810] daemon call ok method=ping id=268 bytes=38
[2026-09-04 16:45:14.811] daemon call ok method=ping id=269 bytes=38
[2026-09-04 16:45:19.810] daemon call ok method=ping id=270 bytes=38
[2026-09-04 16:45:24.809] daemon call ok method=ping id=271 bytes=38
[2026-09-04 16:45:29.810] daemon call ok method=ping id=272 bytes=38
[2026-09-04 16:45:34.809] daemon call ok method=ping id=273 bytes=38
[2026-09-04 16:45:39.809] daemon call ok method=ping id=274 bytes=38
[2026-09-04 16:45:44.816] daemon call ok method=ping id=275 bytes=38
[2026-09-04 16:45:49.810] daemon call ok method=ping id=276 bytes=38
[2026-09-04 16:45:54.809] daemon call ok method=ping id=277 bytes=38
[2026-09-04 16:45:59.810] daemon call ok method=ping id=278 bytes=38
[2026-09-04 16:46:04.810] daemon call ok method=ping id=279 bytes=38
[2026-09-04 16:46:09.809] daemon call ok method=ping id=280 bytes=38
[2026-09-04 16:46:14.815] daemon call ok method=ping id=281 bytes=38
[2026-09-04 16:46:19.810] daemon call ok method=ping id=282 bytes=38
[2026-09-04 16:46:24.813] daemon call ok method=ping id=283 bytes=38
[2026-09-04 16:46:29.809] daemon call ok method=ping id=284 bytes=38
[2026-09-04 16:46:34.815] daemon call ok method=ping id=285 bytes=38
[2026-09-04 16:46:39.813] daemon call ok method=ping id=286 bytes=38
[2026-09-04 16:46:44.810] daemon call ok method=ping id=287 bytes=38
[2026-09-04 16:46:49.810] daemon call ok method=ping id=288 bytes=38
[2026-09-04 16:46:54.813] daemon call ok method=ping id=289 bytes=38
[2026-09-04 16:46:59.809] daemon call ok method=ping id=290 bytes=38
[2026-09-04 16:47:04.809] daemon call ok method=ping id=291 bytes=38
[2026-09-04 16:47:09.810] daemon call ok method=ping id=292 bytes=38
[2026-09-04 16:47:14.809] daemon call ok method=ping id=293 bytes=38
[2026-09-04 16:47:19.810] daemon call ok method=ping id=294 bytes=38
[2026-09-04 16:47:24.810] daemon call ok method=ping id=295 bytes=38
[2026-09-04 16:47:29.815] daemon call ok method=ping id=296 bytes=38
[2026-09-04 16:47:34.810] daemon call ok method=ping id=297 bytes=38
[2026-09-04 16:47:39.810] daemon call ok method=ping id=298 bytes=38
[2026-09-04 16:47:44.811] daemon call ok method=ping id=299 bytes=38
[2026-09-04 16:47:49.809] daemon call ok method=ping id=300 bytes=38
[2026-09-04 16:47:54.817] daemon call ok method=ping id=301 bytes=38
[2026-09-04 16:47:59.809] daemon call ok method=ping id=302 bytes=38
[2026-09-04 16:48:04.809] daemon call ok method=ping id=303 bytes=38
[2026-09-04 16:48:09.809] daemon call ok method=ping id=304 bytes=38
[2026-09-04 16:48:14.809] daemon call ok method=ping id=305 bytes=38
[2026-09-04 16:48:19.809] daemon call ok method=ping id=306 bytes=38
[2026-09-04 16:48:24.818] daemon call ok method=ping id=307 bytes=38
[2026-09-04 16:48:29.810] daemon call ok method=ping id=308 bytes=38
[2026-09-04 16:48:34.809] daemon call ok method=ping id=309 bytes=38
[2026-09-04 16:48:39.809] daemon call ok method=ping id=310 bytes=38
[2026-09-04 16:48:44.812] daemon call ok method=ping id=311 bytes=38
[2026-09-04 16:48:49.819] daemon call ok method=ping id=312 bytes=38
[2026-09-04 16:48:54.823] daemon call ok method=ping id=313 bytes=38
[2026-09-04 16:48:59.828] daemon call ok method=ping id=314 bytes=38
[2026-09-04 16:49:04.830] daemon call ok method=ping id=315 bytes=38
[2026-09-04 16:49:09.833] daemon call ok method=ping id=316 bytes=38
[2026-09-04 16:49:14.835] daemon call ok method=ping id=317 bytes=38
[2026-09-04 16:49:19.838] daemon call ok method=ping id=318 bytes=38
[2026-09-04 16:49:24.837] daemon call ok method=ping id=319 bytes=38
[2026-09-04 16:49:29.837] daemon call ok method=ping id=320 bytes=38
[2026-09-04 16:49:34.837] daemon call ok method=ping id=321 bytes=38
[2026-09-04 16:49:39.837] daemon call ok method=ping id=322 bytes=38
[2026-09-04 16:49:44.837] daemon call ok method=ping id=323 bytes=38
[2026-09-04 16:49:49.837] daemon call ok method=ping id=324 bytes=38
[2026-09-04 16:49:54.837] daemon call ok method=ping id=325 bytes=38
[2026-09-04 16:49:59.837] daemon call ok method=ping id=326 bytes=38
[2026-09-04 16:50:04.837] daemon call ok method=ping id=327 bytes=38
[2026-09-04 16:50:09.837] daemon call ok method=ping id=328 bytes=38
[2026-09-04 16:50:14.839] daemon call ok method=ping id=329 bytes=38
[2026-09-04 16:50:19.837] daemon call ok method=ping id=330 bytes=38
[2026-09-04 16:50:24.840] daemon call ok method=ping id=331 bytes=38
[2026-09-04 16:50:29.838] daemon call ok method=ping id=332 bytes=38
[2026-09-04 16:50:34.838] daemon call ok method=ping id=333 bytes=38
[2026-09-04 16:50:39.840] daemon call ok method=ping id=334 bytes=38
[2026-09-04 16:50:44.842] daemon call ok method=ping id=335 bytes=38
[2026-09-04 16:50:49.838] daemon call ok method=ping id=336 bytes=38
[2026-09-04 16:50:54.838] daemon call ok method=ping id=337 bytes=38
[2026-09-04 16:50:59.838] daemon call ok method=ping id=338 bytes=38
[2026-09-04 16:51:04.838] daemon call ok method=ping id=339 bytes=38
[2026-09-04 16:51:09.837] daemon call ok method=ping id=340 bytes=38
[2026-09-04 16:51:14.839] daemon call ok method=ping id=341 bytes=38
[2026-09-04 16:51:19.839] daemon call ok method=ping id=342 bytes=38
[2026-09-04 16:51:24.841] daemon call ok method=ping id=343 bytes=38
[2026-09-04 16:51:29.838] daemon call ok method=ping id=344 bytes=38
[2026-09-04 16:51:34.838] daemon call ok method=ping id=345 bytes=38
[2026-09-04 16:51:39.838] daemon call ok method=ping id=346 bytes=38
[2026-09-04 16:51:44.838] daemon call ok method=ping id=347 bytes=38
[2026-09-04 16:51:49.839] daemon call ok method=ping id=348 bytes=38
[2026-09-04 16:51:54.839] daemon call ok method=ping id=349 bytes=38
[2026-09-04 16:51:59.838] daemon call ok method=ping id=350 bytes=38
[2026-09-04 16:52:04.838] daemon call ok method=ping id=351 bytes=38
[2026-09-04 16:52:09.839] daemon call ok method=ping id=352 bytes=38
[2026-09-04 16:52:14.838] daemon call ok method=ping id=353 bytes=38
[2026-09-04 16:52:19.838] daemon call ok method=ping id=354 bytes=38
[2026-09-04 16:52:24.840] daemon call ok method=ping id=355 bytes=38
[2026-09-04 16:52:29.838] daemon call ok method=ping id=356 bytes=38
[2026-09-04 16:52:34.838] daemon call ok method=ping id=357 bytes=38
[2026-09-04 16:52:39.838] daemon call ok method=ping id=358 bytes=38
[2026-09-04 16:52:44.838] daemon call ok method=ping id=359 bytes=38
[2026-09-04 16:52:49.838] daemon call ok method=ping id=360 bytes=38
[2026-09-04 16:52:54.838] daemon call ok method=ping id=361 bytes=38
[2026-09-04 16:57:59.705] run start daemon_tcp=127.0.0.1:8443 request_timeout=30s heartbeat=5s stdio_keepalive=45s
[2026-09-04 16:57:59.710] daemon dial begin tcp=127.0.0.1:8443
[2026-09-04 16:57:59.730] daemon call ok method=initialize id=1 bytes=257
[2026-09-04 16:57:59.734] daemon initialize ok
[2026-09-04 16:57:59.740] daemon call ok method=events/subscribe id=2 bytes=125
[2026-09-04 16:57:59.743] events/subscribe ok client_id=ide-ide-proxy
[2026-09-04 16:57:59.832] daemon notify queued method=notifications/event bytes=304
[2026-09-04 16:58:04.812] daemon notify queued method=notifications/message bytes=230
[2026-09-04 16:58:04.831] daemon call ok method=ping id=3 bytes=36
[2026-09-04 16:58:09.819] daemon call ok method=ping id=4 bytes=36
[2026-09-04 16:58:14.814] daemon call ok method=ping id=5 bytes=36
[2026-09-04 16:58:19.812] daemon call ok method=ping id=6 bytes=36
[2026-09-04 16:58:24.813] daemon call ok method=ping id=7 bytes=36
[2026-09-04 16:58:29.810] daemon call ok method=ping id=8 bytes=36
[2026-09-04 16:58:34.811] daemon call ok method=ping id=9 bytes=36
[2026-09-04 16:58:39.812] daemon call ok method=ping id=10 bytes=37
[2026-09-04 16:58:44.813] daemon call ok method=ping id=11 bytes=37
[2026-09-04 16:58:49.812] daemon call ok method=ping id=12 bytes=37
[2026-09-04 16:58:54.813] daemon call ok method=ping id=13 bytes=37
[2026-09-04 16:58:59.813] daemon call ok method=ping id=14 bytes=37
[2026-09-04 16:59:04.811] daemon call ok method=ping id=15 bytes=37
[2026-09-04 16:59:09.813] daemon call ok method=ping id=16 bytes=37
[2026-09-04 16:59:14.829] daemon call ok method=ping id=17 bytes=37
[2026-09-04 16:59:19.811] daemon call ok method=ping id=18 bytes=37
[2026-09-04 16:59:24.813] daemon call ok method=ping id=19 bytes=37
[2026-09-04 16:59:29.813] daemon call ok method=ping id=20 bytes=37
[2026-09-04 16:59:34.813] daemon call ok method=ping id=21 bytes=37
[2026-09-04 16:59:39.815] daemon call ok method=ping id=22 bytes=37
[2026-09-04 16:59:44.817] daemon call ok method=ping id=23 bytes=37
[2026-09-04 16:59:49.810] daemon call ok method=ping id=24 bytes=37
[2026-09-04 16:59:54.810] daemon call ok method=ping id=25 bytes=37
[2026-09-04 16:59:59.811] daemon call ok method=ping id=26 bytes=37
[2026-09-04 17:00:04.810] daemon call ok method=ping id=27 bytes=37
[2026-09-04 17:00:09.809] daemon call ok method=ping id=28 bytes=37
[2026-09-04 17:00:14.822] daemon call ok method=ping id=29 bytes=37
[2026-09-04 17:00:19.809] daemon call ok method=ping id=30 bytes=37
[2026-09-04 17:00:24.809] daemon call ok method=ping id=31 bytes=37
[2026-09-04 17:00:29.816] daemon call ok method=ping id=32 bytes=37
[2026-09-04 17:00:34.810] daemon call ok method=ping id=33 bytes=37
[2026-09-04 17:00:39.809] daemon call ok method=ping id=34 bytes=37
[2026-09-04 17:00:44.813] daemon call ok method=ping id=35 bytes=37
[2026-09-04 17:00:49.810] daemon call ok method=ping id=36 bytes=37
[2026-09-04 17:00:54.810] daemon call ok method=ping id=37 bytes=37
[2026-09-04 17:00:59.810] daemon call ok method=ping id=38 bytes=37
[2026-09-04 17:01:04.811] daemon call ok method=ping id=39 bytes=37
[2026-09-04 17:01:09.811] daemon call ok method=ping id=40 bytes=37
[2026-09-04 17:01:14.811] daemon call ok method=ping id=41 bytes=37
[2026-09-04 17:01:19.810] daemon call ok method=ping id=42 bytes=37
[2026-09-04 17:01:24.811] daemon call ok method=ping id=43 bytes=37
[2026-09-04 17:01:29.810] daemon call ok method=ping id=44 bytes=37
[2026-09-04 17:01:34.810] daemon call ok method=ping id=45 bytes=37
[2026-09-04 17:01:39.811] daemon call ok method=ping id=46 bytes=37
[2026-09-04 17:01:44.811] daemon call ok method=ping id=47 bytes=37
[2026-09-04 17:01:49.810] daemon call ok method=ping id=48 bytes=37
[2026-09-04 17:01:54.810] daemon call ok method=ping id=49 bytes=37
[2026-09-04 17:01:59.812] daemon call ok method=ping id=50 bytes=37
[2026-09-04 17:02:04.811] daemon call ok method=ping id=51 bytes=37
[2026-09-04 17:02:09.812] daemon call ok method=ping id=52 bytes=37
[2026-09-04 17:02:14.811] daemon call ok method=ping id=53 bytes=37
[2026-09-04 17:02:19.810] daemon call ok method=ping id=54 bytes=37
[2026-09-04 17:02:24.811] daemon call ok method=ping id=55 bytes=37
[2026-09-04 17:02:29.813] daemon call ok method=ping id=56 bytes=37
[2026-09-04 17:02:34.810] daemon call ok method=ping id=57 bytes=37
[2026-09-04 17:02:39.811] daemon call ok method=ping id=58 bytes=37
[2026-09-04 17:02:44.810] daemon call ok method=ping id=59 bytes=37
[2026-09-04 17:02:49.810] daemon call ok method=ping id=60 bytes=37
[2026-09-04 17:02:54.811] daemon call ok method=ping id=61 bytes=37
[2026-09-04 17:02:59.816] daemon call ok method=ping id=62 bytes=37
[2026-09-04 17:03:04.810] daemon call ok method=ping id=63 bytes=37
[2026-09-04 17:03:09.811] daemon call ok method=ping id=64 bytes=37
[2026-09-04 17:03:14.811] daemon call ok method=ping id=65 bytes=37
[2026-09-04 17:03:19.811] daemon call ok method=ping id=66 bytes=37
[2026-09-04 17:03:24.811] daemon call ok method=ping id=67 bytes=37
[2026-09-04 17:03:29.812] daemon call ok method=ping id=68 bytes=37
[2026-09-04 17:03:34.811] daemon call ok method=ping id=69 bytes=37
[2026-09-04 17:03:39.811] daemon call ok method=ping id=70 bytes=37
[2026-09-04 17:03:44.811] daemon call ok method=ping id=71 bytes=37
[2026-09-04 17:03:49.811] daemon call ok method=ping id=72 bytes=37
[2026-09-04 17:03:54.823] daemon call ok method=ping id=73 bytes=37
[2026-09-04 17:03:59.812] daemon call ok method=ping id=74 bytes=37
[2026-09-04 17:04:04.813] daemon call ok method=ping id=75 bytes=37
[2026-09-04 17:04:09.812] daemon call ok method=ping id=76 bytes=37
[2026-09-04 17:04:14.810] daemon call ok method=ping id=77 bytes=37
[2026-09-04 17:04:19.811] daemon call ok method=ping id=78 bytes=37
[2026-09-04 17:04:24.812] daemon call ok method=ping id=79 bytes=37
[2026-09-04 17:04:29.817] daemon call ok method=ping id=80 bytes=37
[2026-09-04 17:04:34.811] daemon call ok method=ping id=81 bytes=37
[2026-09-04 17:04:39.811] daemon call ok method=ping id=82 bytes=37
[2026-09-04 17:04:44.811] daemon call ok method=ping id=83 bytes=37
[2026-09-04 17:04:49.811] daemon call ok method=ping id=84 bytes=37
[2026-09-04 17:04:54.811] daemon call ok method=ping id=85 bytes=37
[2026-09-04 17:04:59.812] daemon call ok method=ping id=86 bytes=37
[2026-09-04 17:05:04.810] daemon call ok method=ping id=87 bytes=37
[2026-09-04 17:05:09.811] daemon call ok method=ping id=88 bytes=37
[2026-09-04 17:05:14.811] daemon call ok method=ping id=89 bytes=37
[2026-09-04 17:05:19.811] daemon call ok method=ping id=90 bytes=37
[2026-09-04 17:05:24.811] daemon call ok method=ping id=91 bytes=37
[2026-09-04 17:05:29.812] daemon call ok method=ping id=92 bytes=37
[2026-09-04 17:05:34.812] daemon call ok method=ping id=93 bytes=37
[2026-09-04 17:05:39.812] daemon call ok method=ping id=94 bytes=37
[2026-09-04 17:05:44.811] daemon call ok method=ping id=95 bytes=37
[2026-09-04 17:05:49.812] daemon call ok method=ping id=96 bytes=37
[2026-09-04 17:05:54.811] daemon call ok method=ping id=97 bytes=37
[2026-09-04 17:05:59.812] daemon call ok method=ping id=98 bytes=37
[2026-09-04 17:06:04.812] daemon call ok method=ping id=99 bytes=37
[2026-09-04 17:06:09.812] daemon call ok method=ping id=100 bytes=38
[2026-09-04 17:06:14.812] daemon call ok method=ping id=101 bytes=38
[2026-09-04 17:06:19.811] daemon call ok method=ping id=102 bytes=38
[2026-09-04 17:06:24.811] daemon call ok method=ping id=103 bytes=38
[2026-09-04 17:06:29.812] daemon call ok method=ping id=104 bytes=38
[2026-09-04 17:06:34.816] daemon call ok method=ping id=105 bytes=38
[2026-09-04 17:06:39.821] daemon call ok method=ping id=106 bytes=38
[2026-09-04 17:06:44.812] daemon call ok method=ping id=107 bytes=38
[2026-09-04 17:06:49.811] daemon call ok method=ping id=108 bytes=38
[2026-09-04 17:06:54.813] daemon call ok method=ping id=109 bytes=38
[2026-09-04 17:06:59.812] daemon call ok method=ping id=110 bytes=38
[2026-09-04 17:07:04.812] daemon call ok method=ping id=111 bytes=38
[2026-09-04 17:07:09.812] daemon call ok method=ping id=112 bytes=38
[2026-09-04 17:07:14.815] daemon call ok method=ping id=113 bytes=38
[2026-09-04 17:07:19.813] daemon call ok method=ping id=114 bytes=38
[2026-09-04 17:07:24.812] daemon call ok method=ping id=115 bytes=38
[2026-09-04 17:07:29.812] daemon call ok method=ping id=116 bytes=38
[2026-09-04 17:07:34.812] daemon call ok method=ping id=117 bytes=38
[2026-09-04 17:07:39.812] daemon call ok method=ping id=118 bytes=38
[2026-09-04 17:07:44.812] daemon call ok method=ping id=119 bytes=38
[2026-09-04 17:07:49.813] daemon call ok method=ping id=120 bytes=38
[2026-09-04 17:07:54.813] daemon call ok method=ping id=121 bytes=38
[2026-09-04 17:07:59.813] daemon call ok method=ping id=122 bytes=38
[2026-09-04 17:08:04.813] daemon call ok method=ping id=123 bytes=38
[2026-09-04 17:08:09.813] daemon call ok method=ping id=124 bytes=38
[2026-09-04 17:08:14.813] daemon call ok method=ping id=125 bytes=38
[2026-09-04 17:08:19.815] daemon call ok method=ping id=126 bytes=38
[2026-09-04 17:08:24.812] daemon call ok method=ping id=127 bytes=38
[2026-09-04 17:08:29.814] daemon call ok method=ping id=128 bytes=38
[2026-09-04 17:08:34.813] daemon call ok method=ping id=129 bytes=38
[2026-09-04 17:08:39.813] daemon call ok method=ping id=130 bytes=38
[2026-09-04 17:08:44.814] daemon call ok method=ping id=131 bytes=38
[2026-09-04 17:08:49.813] daemon call ok method=ping id=132 bytes=38
[2026-09-04 17:08:54.813] daemon call ok method=ping id=133 bytes=38
[2026-09-04 17:08:59.813] daemon call ok method=ping id=134 bytes=38
[2026-09-04 17:09:04.813] daemon call ok method=ping id=135 bytes=38
[2026-09-04 17:09:09.813] daemon call ok method=ping id=136 bytes=38
[2026-09-04 17:09:14.813] daemon call ok method=ping id=137 bytes=38
[2026-09-04 17:09:19.813] daemon call ok method=ping id=138 bytes=38
[2026-09-04 17:09:24.813] daemon call ok method=ping id=139 bytes=38
[2026-09-04 17:09:29.813] daemon call ok method=ping id=140 bytes=38
[2026-09-04 17:09:34.813] daemon call ok method=ping id=141 bytes=38
[2026-09-04 17:09:39.813] daemon call ok method=ping id=142 bytes=38
[2026-09-04 17:09:44.813] daemon call ok method=ping id=143 bytes=38
[2026-09-04 17:09:49.813] daemon call ok method=ping id=144 bytes=38
[2026-09-04 17:09:54.813] daemon call ok method=ping id=145 bytes=38
[2026-09-04 17:09:59.814] daemon call ok method=ping id=146 bytes=38
[2026-09-04 17:10:04.813] daemon call ok method=ping id=147 bytes=38
[2026-09-04 17:10:09.821] daemon call ok method=ping id=148 bytes=38
[2026-09-04 17:10:14.815] daemon call ok method=ping id=149 bytes=38
[2026-09-04 17:10:19.813] daemon call ok method=ping id=150 bytes=38
[2026-09-04 17:10:24.813] daemon call ok method=ping id=151 bytes=38
[2026-09-04 17:10:29.813] daemon call ok method=ping id=152 bytes=38
[2026-09-04 17:10:34.815] daemon call ok method=ping id=153 bytes=38
[2026-09-04 17:10:39.813] daemon call ok method=ping id=154 bytes=38
[2026-09-04 17:10:44.818] daemon call ok method=ping id=155 bytes=38
[2026-09-04 17:10:49.813] daemon call ok method=ping id=156 bytes=38
[2026-09-04 17:10:54.814] daemon call ok method=ping id=157 bytes=38
[2026-09-04 17:10:59.813] daemon call ok method=ping id=158 bytes=38
[2026-09-04 17:11:04.813] daemon call ok method=ping id=159 bytes=38
[2026-09-04 17:11:09.814] daemon call ok method=ping id=160 bytes=38
[2026-09-04 17:11:14.814] daemon call ok method=ping id=161 bytes=38
[2026-09-04 17:11:19.813] daemon call ok method=ping id=162 bytes=38
[2026-09-04 17:11:24.814] daemon call ok method=ping id=163 bytes=38
[2026-09-04 17:11:29.814] daemon call ok method=ping id=164 bytes=38
[2026-09-04 17:11:34.816] daemon call ok method=ping id=165 bytes=38
[2026-09-04 17:11:39.815] daemon call ok method=ping id=166 bytes=38
[2026-09-04 17:11:44.816] daemon call ok method=ping id=167 bytes=38
[2026-09-04 17:11:49.814] daemon call ok method=ping id=168 bytes=38
[2026-09-04 17:11:54.815] daemon call ok method=ping id=169 bytes=38
[2026-09-04 17:11:59.815] daemon call ok method=ping id=170 bytes=38
[2026-09-04 17:12:04.815] daemon call ok method=ping id=171 bytes=38
[2026-09-04 17:12:09.815] daemon call ok method=ping id=172 bytes=38
[2026-09-04 17:12:14.815] daemon call ok method=ping id=173 bytes=38
[2026-09-04 17:12:19.814] daemon call ok method=ping id=174 bytes=38
[2026-09-04 17:12:24.815] daemon call ok method=ping id=175 bytes=38
[2026-09-04 17:12:29.816] daemon call ok method=ping id=176 bytes=38
[2026-09-04 17:12:34.815] daemon call ok method=ping id=177 bytes=38
[2026-09-04 17:12:39.815] daemon call ok method=ping id=178 bytes=38
[2026-09-04 17:12:44.815] daemon call ok method=ping id=179 bytes=38
[2026-09-04 17:12:49.816] daemon call ok method=ping id=180 bytes=38
[2026-09-04 17:12:54.817] daemon call ok method=ping id=181 bytes=38
[2026-09-04 17:12:59.816] daemon call ok method=ping id=182 bytes=38
[2026-09-04 17:13:04.814] daemon call ok method=ping id=183 bytes=38
[2026-09-04 17:13:09.815] daemon call ok method=ping id=184 bytes=38
[2026-09-04 17:13:14.814] daemon call ok method=ping id=185 bytes=38
[2026-09-04 17:13:19.816] daemon call ok method=ping id=186 bytes=38
[2026-09-04 17:13:24.816] daemon call ok method=ping id=187 bytes=38
[2026-09-04 17:13:29.816] daemon call ok method=ping id=188 bytes=38
[2026-09-04 17:13:34.816] daemon call ok method=ping id=189 bytes=38
[2026-09-04 17:13:39.815] daemon call ok method=ping id=190 bytes=38
[2026-09-04 17:13:44.816] daemon call ok method=ping id=191 bytes=38
[2026-09-04 17:13:49.816] daemon call ok method=ping id=192 bytes=38
[2026-09-04 17:13:54.815] daemon call ok method=ping id=193 bytes=38
[2026-09-04 17:13:59.817] daemon call ok method=ping id=194 bytes=38
[2026-09-04 17:14:04.815] daemon call ok method=ping id=195 bytes=38
[2026-09-04 17:14:09.815] daemon call ok method=ping id=196 bytes=38
[2026-09-04 17:14:14.815] daemon call ok method=ping id=197 bytes=38
[2026-09-04 17:14:19.815] daemon call ok method=ping id=198 bytes=38
[2026-09-04 17:14:24.820] daemon call ok method=ping id=199 bytes=38
[2026-09-04 17:14:29.816] daemon call ok method=ping id=200 bytes=38
[2026-09-04 17:14:34.816] daemon call ok method=ping id=201 bytes=38
[2026-09-04 17:14:39.815] daemon call ok method=ping id=202 bytes=38
[2026-09-04 17:14:44.816] daemon call ok method=ping id=203 bytes=38
[2026-09-04 17:14:49.816] daemon call ok method=ping id=204 bytes=38
[2026-09-04 17:14:54.817] daemon call ok method=ping id=205 bytes=38
[2026-09-04 17:14:59.816] daemon call ok method=ping id=206 bytes=38
[2026-09-04 17:15:04.815] daemon call ok method=ping id=207 bytes=38
[2026-09-04 17:15:09.818] daemon call ok method=ping id=208 bytes=38
[2026-09-04 17:15:14.819] daemon call ok method=ping id=209 bytes=38
[2026-09-04 17:15:19.816] daemon call ok method=ping id=210 bytes=38
[2026-09-04 17:15:24.816] daemon call ok method=ping id=211 bytes=38
[2026-09-04 17:15:29.820] daemon call ok method=ping id=212 bytes=38
[2026-09-04 17:15:34.816] daemon call ok method=ping id=213 bytes=38
[2026-09-04 17:15:39.816] daemon call ok method=ping id=214 bytes=38
[2026-09-04 17:15:44.816] daemon call ok method=ping id=215 bytes=38
[2026-09-04 17:15:49.816] daemon call ok method=ping id=216 bytes=38
[2026-09-04 17:15:54.816] daemon call ok method=ping id=217 bytes=38
[2026-09-04 17:15:59.816] daemon call ok method=ping id=218 bytes=38
[2026-09-04 17:16:04.816] daemon call ok method=ping id=219 bytes=38
[2026-09-04 17:16:09.816] daemon call ok method=ping id=220 bytes=38
[2026-09-04 17:16:14.816] daemon call ok method=ping id=221 bytes=38
[2026-09-04 17:16:19.830] daemon call ok method=ping id=222 bytes=38
[2026-09-04 17:16:24.816] daemon call ok method=ping id=223 bytes=38
[2026-09-04 17:16:29.816] daemon call ok method=ping id=224 bytes=38
[2026-09-04 17:16:34.825] daemon call ok method=ping id=225 bytes=38
[2026-09-04 17:16:39.816] daemon call ok method=ping id=226 bytes=38
[2026-09-04 17:16:44.816] daemon call ok method=ping id=227 bytes=38
[2026-09-04 17:16:49.816] daemon call ok method=ping id=228 bytes=38
[2026-09-04 17:16:54.816] daemon call ok method=ping id=229 bytes=38
[2026-09-04 17:16:59.817] daemon call ok method=ping id=230 bytes=38
[2026-09-04 17:17:04.816] daemon call ok method=ping id=231 bytes=38
[2026-09-04 17:17:09.822] daemon call ok method=ping id=232 bytes=38
[2026-09-04 17:17:14.815] daemon call ok method=ping id=233 bytes=38
[2026-09-04 17:17:19.824] daemon call ok method=ping id=234 bytes=38
[2026-09-04 17:17:24.816] daemon call ok method=ping id=235 bytes=38
[2026-09-04 17:17:29.815] daemon call ok method=ping id=236 bytes=38
[2026-09-04 17:17:34.820] daemon call ok method=ping id=237 bytes=38
[2026-09-04 17:17:39.816] daemon call ok method=ping id=238 bytes=38
[2026-09-04 17:17:44.816] daemon call ok method=ping id=239 bytes=38
[2026-09-04 17:17:49.816] daemon call ok method=ping id=240 bytes=38
[2026-09-04 17:17:54.815] daemon call ok method=ping id=241 bytes=38
[2026-09-04 17:17:59.818] daemon call ok method=ping id=242 bytes=38
[2026-09-04 17:18:04.816] daemon call ok method=ping id=243 bytes=38
[2026-09-04 17:18:09.816] daemon call ok method=ping id=244 bytes=38
[2026-09-04 17:18:14.816] daemon call ok method=ping id=245 bytes=38
[2026-09-04 17:18:19.816] daemon call ok method=ping id=246 bytes=38
[2026-09-04 17:18:24.818] daemon call ok method=ping id=247 bytes=38
[2026-09-04 17:18:29.817] daemon call ok method=ping id=248 bytes=38
[2026-09-04 17:18:34.818] daemon call ok method=ping id=249 bytes=38
[2026-09-04 17:18:39.818] daemon call ok method=ping id=250 bytes=38
[2026-09-04 17:18:44.818] daemon call ok method=ping id=251 bytes=38
[2026-09-04 17:18:49.818] daemon call ok method=ping id=252 bytes=38
[2026-09-04 17:18:54.824] daemon call ok method=ping id=253 bytes=38
[2026-09-04 17:18:59.817] daemon call ok method=ping id=254 bytes=38
[2026-09-04 17:19:04.817] daemon call ok method=ping id=255 bytes=38
[2026-09-04 17:19:09.823] daemon call ok method=ping id=256 bytes=38
[2026-09-04 17:19:14.817] daemon call ok method=ping id=257 bytes=38
[2026-09-04 17:19:19.817] daemon call ok method=ping id=258 bytes=38
[2026-09-04 17:19:24.816] daemon call ok method=ping id=259 bytes=38
[2026-09-04 17:19:29.817] daemon call ok method=ping id=260 bytes=38
[2026-09-04 17:19:34.817] daemon call ok method=ping id=261 bytes=38
[2026-09-04 17:19:39.817] daemon call ok method=ping id=262 bytes=38
[2026-09-04 17:19:44.817] daemon call ok method=ping id=263 bytes=38
[2026-09-04 17:19:49.819] daemon call ok method=ping id=264 bytes=38
[2026-09-04 17:19:54.818] daemon call ok method=ping id=265 bytes=38
[2026-09-04 17:19:59.825] daemon call ok method=ping id=266 bytes=38
[2026-09-04 17:20:04.830] daemon call ok method=ping id=267 bytes=38
[2026-09-04 17:20:09.817] daemon call ok method=ping id=268 bytes=38
[2026-09-04 17:20:14.817] daemon call ok method=ping id=269 bytes=38
[2026-09-04 17:20:19.818] daemon call ok method=ping id=270 bytes=38
[2026-09-04 17:20:24.817] daemon call ok method=ping id=271 bytes=38
[2026-09-04 17:20:29.818] daemon call ok method=ping id=272 bytes=38
[2026-09-04 17:20:34.817] daemon call ok method=ping id=273 bytes=38
[2026-09-04 17:20:39.817] daemon call ok method=ping id=274 bytes=38
[2026-09-04 17:20:44.818] daemon call ok method=ping id=275 bytes=38
[2026-09-04 17:20:49.817] daemon call ok method=ping id=276 bytes=38
[2026-09-04 17:20:54.818] daemon call ok method=ping id=277 bytes=38
[2026-09-04 17:20:59.818] daemon call ok method=ping id=278 bytes=38
[2026-09-04 17:21:04.818] daemon call ok method=ping id=279 bytes=38
[2026-09-04 17:21:09.818] daemon call ok method=ping id=280 bytes=38
[2026-09-04 17:21:14.817] daemon call ok method=ping id=281 bytes=38
[2026-09-04 17:21:19.817] daemon call ok method=ping id=282 bytes=38
[2026-09-04 17:21:24.818] daemon call ok method=ping id=283 bytes=38
[2026-09-04 17:21:29.819] daemon call ok method=ping id=284 bytes=38
[2026-09-04 17:21:34.818] daemon call ok method=ping id=285 bytes=38
[2026-09-04 17:21:39.817] daemon call ok method=ping id=286 bytes=38
[2026-09-04 17:21:44.817] daemon call ok method=ping id=287 bytes=38
[2026-09-04 17:21:49.818] daemon call ok method=ping id=288 bytes=38
[2026-09-04 17:21:54.818] daemon call ok method=ping id=289 bytes=38
[2026-09-04 17:21:59.817] daemon call ok method=ping id=290 bytes=38
[2026-09-04 17:22:04.818] daemon call ok method=ping id=291 bytes=38
[2026-09-04 17:22:09.819] daemon call ok method=ping id=292 bytes=38
[2026-09-04 17:22:14.824] daemon call ok method=ping id=293 bytes=38
[2026-09-04 17:22:19.818] daemon call ok method=ping id=294 bytes=38
[2026-09-04 17:22:24.818] daemon call ok method=ping id=295 bytes=38
[2026-09-04 17:22:29.818] daemon call ok method=ping id=296 bytes=38
[2026-09-04 17:22:34.818] daemon call ok method=ping id=297 bytes=38
[2026-09-04 17:22:39.819] daemon call ok method=ping id=298 bytes=38
[2026-09-04 17:22:44.818] daemon call ok method=ping id=299 bytes=38
[2026-09-04 17:22:49.818] daemon call ok method=ping id=300 bytes=38
[2026-09-04 17:22:54.819] daemon call ok method=ping id=301 bytes=38
[2026-09-04 17:22:59.818] daemon call ok method=ping id=302 bytes=38
[2026-09-04 17:23:04.817] daemon call ok method=ping id=303 bytes=38
[2026-09-04 17:23:09.818] daemon call ok method=ping id=304 bytes=38
[2026-09-04 17:23:14.818] daemon call ok method=ping id=305 bytes=38
[2026-09-04 17:23:19.818] daemon call ok method=ping id=306 bytes=38
[2026-09-04 17:23:24.818] daemon call ok method=ping id=307 bytes=38
[2026-09-04 17:23:29.818] daemon call ok method=ping id=308 bytes=38
[2026-09-04 17:23:34.829] daemon call ok method=ping id=309 bytes=38
[2026-09-04 17:23:39.819] daemon call ok method=ping id=310 bytes=38
[2026-09-04 17:23:44.818] daemon call ok method=ping id=311 bytes=38
[2026-09-04 17:23:49.818] daemon call ok method=ping id=312 bytes=38
[2026-09-04 17:23:54.819] daemon call ok method=ping id=313 bytes=38
[2026-09-04 17:23:59.818] daemon call ok method=ping id=314 bytes=38
[2026-09-04 17:24:04.818] daemon call ok method=ping id=315 bytes=38
[2026-09-04 17:24:09.819] daemon call ok method=ping id=316 bytes=38
[2026-09-04 17:24:14.819] daemon call ok method=ping id=317 bytes=38
[2026-09-04 17:24:19.819] daemon call ok method=ping id=318 bytes=38
[2026-09-04 17:24:24.819] daemon call ok method=ping id=319 bytes=38
[2026-09-04 17:24:29.820] daemon call ok method=ping id=320 bytes=38
[2026-09-04 17:24:34.818] daemon call ok method=ping id=321 bytes=38
[2026-09-04 17:24:39.818] daemon call ok method=ping id=322 bytes=38
[2026-09-04 17:24:44.822] daemon call ok method=ping id=323 bytes=38
[2026-09-04 17:24:49.821] daemon call ok method=ping id=324 bytes=38
[2026-09-04 17:24:54.820] daemon call ok method=ping id=325 bytes=38
[2026-09-04 17:24:59.822] daemon call ok method=ping id=326 bytes=38
[2026-09-04 17:25:04.823] daemon call ok method=ping id=327 bytes=38
[2026-09-04 17:25:09.820] daemon call ok method=ping id=328 bytes=38
[2026-09-04 17:25:14.820] daemon call ok method=ping id=329 bytes=38
[2026-09-04 17:25:19.819] daemon call ok method=ping id=330 bytes=38
[2026-09-04 17:25:24.819] daemon call ok method=ping id=331 bytes=38
[2026-09-04 17:25:29.820] daemon call ok method=ping id=332 bytes=38
[2026-09-04 17:25:34.821] daemon call ok method=ping id=333 bytes=38
[2026-09-04 17:25:39.821] daemon call ok method=ping id=334 bytes=38
[2026-09-04 17:25:44.822] daemon call ok method=ping id=335 bytes=38
[2026-09-04 17:25:49.822] daemon call ok method=ping id=336 bytes=38
[2026-09-04 17:25:54.819] daemon call ok method=ping id=337 bytes=38
[2026-09-04 17:25:59.850] daemon call ok method=ping id=338 bytes=38
[2026-09-04 17:26:04.821] daemon call ok method=ping id=339 bytes=38
[2026-09-04 17:26:09.823] daemon call ok method=ping id=340 bytes=38
[2026-09-04 17:26:14.821] daemon call ok method=ping id=341 bytes=38
[2026-09-04 17:26:19.822] daemon call ok method=ping id=342 bytes=38
[2026-09-04 17:26:24.819] daemon call ok method=ping id=343 bytes=38
[2026-09-04 17:26:29.821] daemon call ok method=ping id=344 bytes=38
[2026-09-04 17:26:34.821] daemon call ok method=ping id=345 bytes=38
[2026-09-04 17:26:39.819] daemon call ok method=ping id=346 bytes=38
[2026-09-04 17:26:44.819] daemon call ok method=ping id=347 bytes=38
[2026-09-04 17:26:49.822] daemon call ok method=ping id=348 bytes=38
[2026-09-04 17:26:54.824] daemon call ok method=ping id=349 bytes=38
[2026-09-04 17:26:59.827] daemon call ok method=ping id=350 bytes=38
[2026-09-04 17:27:04.822] daemon call ok method=ping id=351 bytes=38
[2026-09-04 17:27:09.822] daemon call ok method=ping id=352 bytes=38
[2026-09-04 17:27:14.820] daemon call ok method=ping id=353 bytes=38
[2026-09-04 17:27:19.820] daemon call ok method=ping id=354 bytes=38
[2026-09-04 17:27:24.820] daemon call ok method=ping id=355 bytes=38
[2026-09-04 17:27:29.822] daemon call ok method=ping id=356 bytes=38
[2026-09-04 17:27:34.822] daemon call ok method=ping id=357 bytes=38
[2026-09-04 17:27:39.822] daemon call ok method=ping id=358 bytes=38
[2026-09-04 17:27:44.822] daemon call ok method=ping id=359 bytes=38
[2026-09-04 17:27:49.819] daemon call ok method=ping id=360 bytes=38
[2026-09-04 17:27:54.820] daemon call ok method=ping id=361 bytes=38
[2026-09-04 17:32:59.901] run start daemon_tcp=127.0.0.1:8443 request_timeout=30s heartbeat=5s stdio_keepalive=45s
[2026-09-04 17:32:59.910] daemon dial begin tcp=127.0.0.1:8443
[2026-09-04 17:32:59.925] daemon call ok method=initialize id=1 bytes=257
[2026-09-04 17:32:59.928] daemon initialize ok
[2026-09-04 17:32:59.935] daemon call ok method=events/subscribe id=2 bytes=125
[2026-09-04 17:32:59.939] events/subscribe ok client_id=ide-ide-proxy
[2026-09-04 17:33:00.028] daemon notify queued method=notifications/event bytes=304
[2026-09-04 17:33:05.008] daemon notify queued method=notifications/message bytes=230
[2026-09-04 17:33:05.028] daemon call ok method=ping id=3 bytes=36
[2026-09-04 17:33:10.025] daemon call ok method=ping id=4 bytes=36
[2026-09-04 17:33:15.012] daemon call ok method=ping id=5 bytes=36
[2026-09-04 17:33:20.008] daemon call ok method=ping id=6 bytes=36
[2026-09-04 17:33:25.018] daemon call ok method=ping id=7 bytes=36
[2026-09-04 17:33:30.015] daemon call ok method=ping id=8 bytes=36
[2026-09-04 17:33:35.010] daemon call ok method=ping id=9 bytes=36
[2026-09-04 17:33:40.008] daemon call ok method=ping id=10 bytes=37
[2026-09-04 17:33:45.010] daemon call ok method=ping id=11 bytes=37
[2026-09-04 17:33:50.009] daemon call ok method=ping id=12 bytes=37
[2026-09-04 17:33:55.008] daemon call ok method=ping id=13 bytes=37
[2026-09-04 17:34:00.022] daemon call ok method=ping id=14 bytes=37
[2026-09-04 17:34:05.007] daemon call ok method=ping id=15 bytes=37
[2026-09-04 17:34:10.008] daemon call ok method=ping id=16 bytes=37
[2026-09-04 17:34:15.011] daemon call ok method=ping id=17 bytes=37
[2026-09-04 17:34:20.013] daemon call ok method=ping id=18 bytes=37
[2026-09-04 17:34:25.009] daemon call ok method=ping id=19 bytes=37
[2026-09-04 17:34:30.008] daemon call ok method=ping id=20 bytes=37
[2026-09-04 17:34:35.013] daemon call ok method=ping id=21 bytes=37
[2026-09-04 17:34:40.011] daemon call ok method=ping id=22 bytes=37
[2026-09-04 17:34:45.009] daemon call ok method=ping id=23 bytes=37
[2026-09-04 17:34:50.017] daemon call ok method=ping id=24 bytes=37
[2026-09-04 17:34:55.010] daemon call ok method=ping id=25 bytes=37
[2026-09-04 17:35:00.038] daemon call ok method=ping id=26 bytes=37
[2026-09-04 17:35:05.009] daemon call ok method=ping id=27 bytes=37
[2026-09-04 17:35:10.010] daemon call ok method=ping id=28 bytes=37
[2026-09-04 17:35:15.009] daemon call ok method=ping id=29 bytes=37
[2026-09-04 17:35:20.012] daemon call ok method=ping id=30 bytes=37
[2026-09-04 17:35:25.010] daemon call ok method=ping id=31 bytes=37
[2026-09-04 17:35:30.009] daemon call ok method=ping id=32 bytes=37
[2026-09-04 17:35:35.012] daemon call ok method=ping id=33 bytes=37
[2026-09-04 17:35:40.012] daemon call ok method=ping id=34 bytes=37
[2026-09-04 17:35:45.014] daemon call ok method=ping id=35 bytes=37
[2026-09-04 17:35:50.009] daemon call ok method=ping id=36 bytes=37
[2026-09-04 17:35:55.012] daemon call ok method=ping id=37 bytes=37
[2026-09-04 17:36:00.016] daemon call ok method=ping id=38 bytes=37
[2026-09-04 17:36:05.008] daemon call ok method=ping id=39 bytes=37
[2026-09-04 17:36:10.009] daemon call ok method=ping id=40 bytes=37
[2026-09-04 17:36:15.013] daemon call ok method=ping id=41 bytes=37
[2026-09-04 17:36:20.009] daemon call ok method=ping id=42 bytes=37
[2026-09-04 17:36:25.010] daemon call ok method=ping id=43 bytes=37
[2026-09-04 17:36:30.011] daemon call ok method=ping id=44 bytes=37
[2026-09-04 17:36:35.024] daemon call ok method=ping id=45 bytes=37
[2026-09-04 17:36:40.016] daemon call ok method=ping id=46 bytes=37
[2026-09-04 17:36:42.611] daemon notify queued method=notifications/event bytes=472
[2026-09-04 17:36:45.016] daemon call ok method=ping id=47 bytes=37
[2026-09-04 17:36:50.011] daemon call ok method=ping id=48 bytes=37
[2026-09-04 17:36:55.010] daemon call ok method=ping id=49 bytes=37
[2026-09-04 17:37:00.019] daemon call ok method=ping id=50 bytes=37
[2026-09-04 17:37:05.010] daemon call ok method=ping id=51 bytes=37
[2026-09-04 17:37:10.009] daemon call ok method=ping id=52 bytes=37
[2026-09-04 17:37:15.010] daemon call ok method=ping id=53 bytes=37
[2026-09-04 17:37:20.009] daemon call ok method=ping id=54 bytes=37
[2026-09-04 17:37:20.834] daemon notify queued method=notifications/event bytes=285
[2026-09-04 17:37:25.044] daemon call ok method=ping id=55 bytes=37
[2026-09-04 17:37:30.011] daemon call ok method=ping id=56 bytes=37
[2026-09-04 17:37:35.013] daemon call ok method=ping id=57 bytes=37
[2026-09-04 17:37:40.010] daemon call ok method=ping id=58 bytes=37
[2026-09-04 17:37:45.011] daemon call ok method=ping id=59 bytes=37
[2026-09-04 17:37:50.013] daemon call ok method=ping id=60 bytes=37
[2026-09-04 17:37:55.012] daemon call ok method=ping id=61 bytes=37
[2026-09-04 17:38:00.013] daemon call ok method=ping id=62 bytes=37
[2026-09-04 17:38:05.011] daemon call ok method=ping id=63 bytes=37
[2026-09-04 17:38:10.011] daemon call ok method=ping id=64 bytes=37
[2026-09-04 17:38:15.013] daemon call ok method=ping id=65 bytes=37
[2026-09-04 17:38:20.014] daemon call ok method=ping id=66 bytes=37
[2026-09-04 17:38:25.019] daemon call ok method=ping id=67 bytes=37
[2026-09-04 17:38:30.012] daemon call ok method=ping id=68 bytes=37
[2026-09-04 17:38:35.017] daemon call ok method=ping id=69 bytes=37
[2026-09-04 17:38:40.013] daemon call ok method=ping id=70 bytes=37
[2026-09-04 17:38:45.012] daemon call ok method=ping id=71 bytes=37
[2026-09-04 17:38:50.043] daemon call ok method=ping id=72 bytes=37
[2026-09-04 17:38:55.013] daemon call ok method=ping id=73 bytes=37
[2026-09-04 17:39:00.025] daemon call ok method=ping id=74 bytes=37
[2026-09-04 17:39:05.013] daemon call ok method=ping id=75 bytes=37
[2026-09-04 17:39:10.015] daemon call ok method=ping id=76 bytes=37
[2026-09-04 17:39:15.012] daemon call ok method=ping id=77 bytes=37
[2026-09-04 17:39:20.020] daemon call ok method=ping id=78 bytes=37
[2026-09-04 17:39:25.013] daemon call ok method=ping id=79 bytes=37
[2026-09-04 17:39:30.014] daemon call ok method=ping id=80 bytes=37
[2026-09-04 17:39:35.011] daemon call ok method=ping id=81 bytes=37
[2026-09-04 17:39:40.011] daemon call ok method=ping id=82 bytes=37
[2026-09-04 17:39:45.015] daemon call ok method=ping id=83 bytes=37
[2026-09-04 17:39:50.011] daemon call ok method=ping id=84 bytes=37
[2026-09-04 17:39:55.011] daemon call ok method=ping id=85 bytes=37
[2026-09-04 17:40:00.013] daemon call ok method=ping id=86 bytes=37
[2026-09-04 17:40:05.013] daemon call ok method=ping id=87 bytes=37
[2026-09-04 17:40:10.014] daemon call ok method=ping id=88 bytes=37
[2026-09-04 17:40:15.012] daemon call ok method=ping id=89 bytes=37
[2026-09-04 17:40:20.012] daemon call ok method=ping id=90 bytes=37
[2026-09-04 17:40:25.010] daemon call ok method=ping id=91 bytes=37
[2026-09-04 17:40:30.011] daemon call ok method=ping id=92 bytes=37
[2026-09-04 17:40:35.010] daemon call ok method=ping id=93 bytes=37
[2026-09-04 17:40:40.021] daemon call ok method=ping id=94 bytes=37
[2026-09-04 17:40:45.010] daemon call ok method=ping id=95 bytes=37
[2026-09-04 17:40:50.011] daemon call ok method=ping id=96 bytes=37
[2026-09-04 17:40:55.013] daemon call ok method=ping id=97 bytes=37
[2026-09-04 17:41:00.010] daemon call ok method=ping id=98 bytes=37
[2026-09-04 17:41:05.012] daemon call ok method=ping id=99 bytes=37
[2026-09-04 17:41:10.011] daemon call ok method=ping id=100 bytes=38
[2026-09-04 17:41:15.011] daemon call ok method=ping id=101 bytes=38
[2026-09-04 17:41:20.012] daemon call ok method=ping id=102 bytes=38
[2026-09-04 17:41:25.011] daemon call ok method=ping id=103 bytes=38
[2026-09-04 17:41:30.012] daemon call ok method=ping id=104 bytes=38
[2026-09-04 17:41:35.012] daemon call ok method=ping id=105 bytes=38
[2026-09-04 17:41:40.012] daemon call ok method=ping id=106 bytes=38
[2026-09-04 17:41:45.015] daemon call ok method=ping id=107 bytes=38
[2026-09-04 17:41:50.016] daemon call ok method=ping id=108 bytes=38
[2026-09-04 17:41:55.015] daemon call ok method=ping id=109 bytes=38
[2026-09-04 17:42:00.026] daemon call ok method=ping id=110 bytes=38
[2026-09-04 17:42:05.019] daemon call ok method=ping id=111 bytes=38
[2026-09-04 17:42:10.013] daemon call ok method=ping id=112 bytes=38
[2026-09-04 17:42:15.016] daemon call ok method=ping id=113 bytes=38
[2026-09-04 17:42:20.025] daemon call ok method=ping id=114 bytes=38
[2026-09-04 17:42:25.013] daemon call ok method=ping id=115 bytes=38
[2026-09-04 17:42:30.015] daemon call ok method=ping id=116 bytes=38
[2026-09-04 17:42:35.013] daemon call ok method=ping id=117 bytes=38
[2026-09-04 17:42:40.011] daemon call ok method=ping id=118 bytes=38
[2026-09-04 17:42:45.011] daemon call ok method=ping id=119 bytes=38
[2026-09-04 17:42:50.012] daemon call ok method=ping id=120 bytes=38
[2026-09-04 17:42:55.013] daemon call ok method=ping id=121 bytes=38
[2026-09-04 17:43:00.014] daemon call ok method=ping id=122 bytes=38
[2026-09-04 17:43:05.012] daemon call ok method=ping id=123 bytes=38
[2026-09-04 17:43:10.013] daemon call ok method=ping id=124 bytes=38
[2026-09-04 17:43:15.012] daemon call ok method=ping id=125 bytes=38
[2026-09-04 17:43:20.013] daemon call ok method=ping id=126 bytes=38
[2026-09-04 17:43:25.012] daemon call ok method=ping id=127 bytes=38
[2026-09-04 17:43:30.014] daemon call ok method=ping id=128 bytes=38
[2026-09-04 17:43:35.013] daemon call ok method=ping id=129 bytes=38
[2026-09-04 17:43:40.012] daemon call ok method=ping id=130 bytes=38
[2026-09-04 17:43:45.026] daemon call ok method=ping id=131 bytes=38
[2026-09-04 17:43:50.012] daemon call ok method=ping id=132 bytes=38
[2026-09-04 17:43:55.014] daemon call ok method=ping id=133 bytes=38
[2026-09-04 17:44:00.015] daemon call ok method=ping id=134 bytes=38
[2026-09-04 17:44:05.012] daemon call ok method=ping id=135 bytes=38
[2026-09-04 17:44:10.019] daemon call ok method=ping id=136 bytes=38
[2026-09-04 17:44:15.013] daemon call ok method=ping id=137 bytes=38
[2026-09-04 17:44:20.016] daemon call ok method=ping id=138 bytes=38
[2026-09-04 17:44:25.015] daemon call ok method=ping id=139 bytes=38
[2026-09-04 17:44:30.014] daemon call ok method=ping id=140 bytes=38
[2026-09-04 17:44:35.015] daemon call ok method=ping id=141 bytes=38
[2026-09-04 17:44:40.021] daemon call ok method=ping id=142 bytes=38
[2026-09-04 17:44:45.013] daemon call ok method=ping id=143 bytes=38
[2026-09-04 17:44:50.023] daemon call ok method=ping id=144 bytes=38
[2026-09-04 17:44:55.014] daemon call ok method=ping id=145 bytes=38
[2026-09-04 17:45:00.021] daemon call ok method=ping id=146 bytes=38
[2026-09-04 17:45:05.025] daemon call ok method=ping id=147 bytes=38
[2026-09-04 17:45:10.014] daemon call ok method=ping id=148 bytes=38
[2026-09-04 17:45:15.011] daemon call ok method=ping id=149 bytes=38
[2026-09-04 17:45:20.012] daemon call ok method=ping id=150 bytes=38
[2026-09-04 17:45:25.014] daemon call ok method=ping id=151 bytes=38
[2026-09-04 17:45:30.012] daemon call ok method=ping id=152 bytes=38
[2026-09-04 17:45:35.014] daemon call ok method=ping id=153 bytes=38
[2026-09-04 17:45:40.016] daemon call ok method=ping id=154 bytes=38
[2026-09-04 17:45:45.016] daemon call ok method=ping id=155 bytes=38
[2026-09-04 17:45:50.013] daemon call ok method=ping id=156 bytes=38
[2026-09-04 17:45:55.016] daemon call ok method=ping id=157 bytes=38
[2026-09-04 17:46:00.022] daemon call ok method=ping id=158 bytes=38
[2026-09-04 17:46:05.015] daemon call ok method=ping id=159 bytes=38
[2026-09-04 17:46:10.013] daemon call ok method=ping id=160 bytes=38
[2026-09-04 17:46:15.015] daemon call ok method=ping id=161 bytes=38
[2026-09-04 17:46:20.018] daemon call ok method=ping id=162 bytes=38
[2026-09-04 17:46:25.016] daemon call ok method=ping id=163 bytes=38
[2026-09-04 17:46:30.012] daemon call ok method=ping id=164 bytes=38
[2026-09-04 17:46:35.016] daemon call ok method=ping id=165 bytes=38
[2026-09-04 17:46:40.049] daemon call ok method=ping id=166 bytes=38
[2026-09-04 17:46:45.013] daemon call ok method=ping id=167 bytes=38
[2026-09-04 17:46:50.015] daemon call ok method=ping id=168 bytes=38
[2026-09-04 17:46:55.014] daemon call ok method=ping id=169 bytes=38
[2026-09-04 17:47:00.025] daemon call ok method=ping id=170 bytes=38
[2026-09-04 17:47:05.017] daemon call ok method=ping id=171 bytes=38
[2026-09-04 17:47:10.014] daemon call ok method=ping id=172 bytes=38
[2026-09-04 17:47:15.013] daemon call ok method=ping id=173 bytes=38
[2026-09-04 17:47:20.018] daemon call ok method=ping id=174 bytes=38
[2026-09-04 17:47:25.016] daemon call ok method=ping id=175 bytes=38
[2026-09-04 17:47:30.013] daemon call ok method=ping id=176 bytes=38
[2026-09-04 17:47:35.014] daemon call ok method=ping id=177 bytes=38
[2026-09-04 17:47:40.014] daemon call ok method=ping id=178 bytes=38
[2026-09-04 17:47:45.012] daemon call ok method=ping id=179 bytes=38
[2026-09-04 17:47:50.017] daemon call ok method=ping id=180 bytes=38
[2026-09-04 17:47:55.014] daemon call ok method=ping id=181 bytes=38
[2026-09-04 17:48:00.012] daemon call ok method=ping id=182 bytes=38
[2026-09-04 17:48:05.017] daemon call ok method=ping id=183 bytes=38
[2026-09-04 17:48:10.014] daemon call ok method=ping id=184 bytes=38
[2026-09-04 17:48:15.019] daemon call ok method=ping id=185 bytes=38
[2026-09-04 17:48:20.015] daemon call ok method=ping id=186 bytes=38
[2026-09-04 17:48:25.017] daemon call ok method=ping id=187 bytes=38
[2026-09-04 17:48:30.018] daemon call ok method=ping id=188 bytes=38
[2026-09-04 17:48:35.017] daemon call ok method=ping id=189 bytes=38
[2026-09-04 17:48:40.014] daemon call ok method=ping id=190 bytes=38
[2026-09-04 17:48:45.027] daemon call ok method=ping id=191 bytes=38
[2026-09-04 17:48:50.032] daemon call ok method=ping id=192 bytes=38
[2026-09-04 17:48:55.031] daemon call ok method=ping id=193 bytes=38
[2026-09-04 17:49:00.024] daemon call ok method=ping id=194 bytes=38
[2026-09-04 17:49:05.016] daemon call ok method=ping id=195 bytes=38
[2026-09-04 17:49:10.013] daemon call ok method=ping id=196 bytes=38
[2026-09-04 17:49:15.029] daemon call ok method=ping id=197 bytes=38
[2026-09-04 17:49:20.018] daemon call ok method=ping id=198 bytes=38
[2026-09-04 17:49:25.014] daemon call ok method=ping id=199 bytes=38
[2026-09-04 17:49:30.013] daemon call ok method=ping id=200 bytes=38
[2026-09-04 17:49:35.028] daemon call ok method=ping id=201 bytes=38
[2026-09-04 17:49:40.015] daemon call ok method=ping id=202 bytes=38
[2026-09-04 17:49:45.018] daemon call ok method=ping id=203 bytes=38
[2026-09-04 17:49:50.015] daemon call ok method=ping id=204 bytes=38
[2026-09-04 17:49:55.018] daemon call ok method=ping id=205 bytes=38
[2026-09-04 17:50:00.014] daemon call ok method=ping id=206 bytes=38
[2026-09-04 17:50:05.017] daemon call ok method=ping id=207 bytes=38
[2026-09-04 17:50:10.014] daemon call ok method=ping id=208 bytes=38
[2026-09-04 17:50:15.017] daemon call ok method=ping id=209 bytes=38
[2026-09-04 17:50:20.014] daemon call ok method=ping id=210 bytes=38
[2026-09-04 17:50:25.020] daemon call ok method=ping id=211 bytes=38
[2026-09-04 17:50:30.017] daemon call ok method=ping id=212 bytes=38
[2026-09-04 17:50:35.015] daemon call ok method=ping id=213 bytes=38
[2026-09-04 17:50:40.015] daemon call ok method=ping id=214 bytes=38
[2026-09-04 17:50:45.015] daemon call ok method=ping id=215 bytes=38
[2026-09-04 17:50:50.021] daemon call ok method=ping id=216 bytes=38
[2026-09-04 17:50:55.041] daemon call ok method=ping id=217 bytes=38
[2026-09-04 17:51:00.031] daemon call ok method=ping id=218 bytes=38
[2026-09-04 17:51:05.015] daemon call ok method=ping id=219 bytes=38
[2026-09-04 17:51:10.016] daemon call ok method=ping id=220 bytes=38
[2026-09-04 17:51:12.046] daemon notify queued method=notifications/event bytes=303
[2026-09-04 17:51:15.018] daemon call ok method=ping id=221 bytes=38
[2026-09-04 17:51:20.015] daemon call ok method=ping id=222 bytes=38
[2026-09-04 17:51:25.016] daemon call ok method=ping id=223 bytes=38
[2026-09-04 17:51:30.017] daemon call ok method=ping id=224 bytes=38
[2026-09-04 17:51:35.015] daemon call ok method=ping id=225 bytes=38
[2026-09-04 17:51:40.015] daemon call ok method=ping id=226 bytes=38
[2026-09-04 17:51:45.015] daemon call ok method=ping id=227 bytes=38
[2026-09-04 17:51:50.014] daemon call ok method=ping id=228 bytes=38
[2026-09-04 17:51:55.031] daemon call ok method=ping id=229 bytes=38
[2026-09-04 17:52:00.017] daemon call ok method=ping id=230 bytes=38
[2026-09-04 17:52:05.015] daemon call ok method=ping id=231 bytes=38
[2026-09-04 17:52:10.014] daemon call ok method=ping id=232 bytes=38
[2026-09-04 17:52:15.025] daemon call ok method=ping id=233 bytes=38
[2026-09-04 17:52:20.035] daemon call ok method=ping id=234 bytes=38
[2026-09-04 17:52:25.030] daemon call ok method=ping id=235 bytes=38
[2026-09-04 17:52:30.020] daemon call ok method=ping id=236 bytes=38
[2026-09-04 17:52:35.016] daemon call ok method=ping id=237 bytes=38
[2026-09-04 17:52:40.016] daemon call ok method=ping id=238 bytes=38
[2026-09-04 17:52:45.015] daemon call ok method=ping id=239 bytes=38
[2026-09-04 17:52:50.033] daemon call ok method=ping id=240 bytes=38
[2026-09-04 17:52:55.014] daemon call ok method=ping id=241 bytes=38
[2026-09-04 17:53:00.033] daemon call ok method=ping id=242 bytes=38
[2026-09-04 17:53:05.016] daemon call ok method=ping id=243 bytes=38
[2026-09-04 17:53:10.018] daemon call ok method=ping id=244 bytes=38
[2026-09-04 17:53:15.015] daemon call ok method=ping id=245 bytes=38
[2026-09-04 17:53:20.017] daemon call ok method=ping id=246 bytes=38
[2026-09-04 17:53:25.023] daemon call ok method=ping id=247 bytes=38
[2026-09-04 17:53:30.019] daemon call ok method=ping id=248 bytes=38
[2026-09-04 17:53:35.015] daemon call ok method=ping id=249 bytes=38
[2026-09-04 17:53:40.021] daemon call ok method=ping id=250 bytes=38
[2026-09-04 17:53:45.017] daemon call ok method=ping id=251 bytes=38
[2026-09-04 17:53:50.020] daemon call ok method=ping id=252 bytes=38
[2026-09-04 17:53:55.015] daemon call ok method=ping id=253 bytes=38
[2026-09-04 17:54:00.021] daemon call ok method=ping id=254 bytes=38
[2026-09-04 17:54:05.016] daemon call ok method=ping id=255 bytes=38
[2026-09-04 17:54:10.016] daemon call ok method=ping id=256 bytes=38
[2026-09-04 17:54:15.016] daemon call ok method=ping id=257 bytes=38
[2026-09-04 17:54:20.018] daemon call ok method=ping id=258 bytes=38
[2026-09-04 17:54:25.022] daemon call ok method=ping id=259 bytes=38
[2026-09-04 17:54:30.018] daemon call ok method=ping id=260 bytes=38
[2026-09-04 17:54:35.016] daemon call ok method=ping id=261 bytes=38
[2026-09-04 17:54:40.016] daemon call ok method=ping id=262 bytes=38
[2026-09-04 17:54:45.019] daemon call ok method=ping id=263 bytes=38
[2026-09-04 17:54:50.018] daemon call ok method=ping id=264 bytes=38
[2026-09-04 17:54:55.019] daemon call ok method=ping id=265 bytes=38
[2026-09-04 17:55:00.027] daemon call ok method=ping id=266 bytes=38
[2026-09-04 17:55:05.016] daemon call ok method=ping id=267 bytes=38
[2026-09-04 17:55:10.015] daemon call ok method=ping id=268 bytes=38
[2026-09-04 17:55:15.016] daemon call ok method=ping id=269 bytes=38
[2026-09-04 17:55:20.023] daemon call ok method=ping id=270 bytes=38
[2026-09-04 17:55:25.015] daemon call ok method=ping id=271 bytes=38
[2026-09-04 17:55:30.016] daemon call ok method=ping id=272 bytes=38
[2026-09-04 17:55:35.018] daemon call ok method=ping id=273 bytes=38
[2026-09-04 17:55:40.015] daemon call ok method=ping id=274 bytes=38
[2026-09-04 17:55:45.017] daemon call ok method=ping id=275 bytes=38
[2026-09-04 17:55:50.018] daemon call ok method=ping id=276 bytes=38
[2026-09-04 17:55:55.015] daemon call ok method=ping id=277 bytes=38
[2026-09-04 17:56:00.017] daemon call ok method=ping id=278 bytes=38
[2026-09-04 17:56:05.019] daemon call ok method=ping id=279 bytes=38
[2026-09-04 17:56:10.018] daemon call ok method=ping id=280 bytes=38
[2026-09-04 17:56:15.017] daemon call ok method=ping id=281 bytes=38
[2026-09-04 17:56:20.015] daemon call ok method=ping id=282 bytes=38
[2026-09-04 17:56:25.018] daemon call ok method=ping id=283 bytes=38
[2026-09-04 17:56:30.018] daemon call ok method=ping id=284 bytes=38
[2026-09-04 17:56:35.017] daemon call ok method=ping id=285 bytes=38
[2026-09-04 17:56:40.016] daemon call ok method=ping id=286 bytes=38
[2026-09-04 17:56:45.018] daemon call ok method=ping id=287 bytes=38
[2026-09-04 17:56:50.011] daemon call ok method=ping id=288 bytes=38
[2026-09-04 17:56:55.008] daemon call ok method=ping id=289 bytes=38
[2026-09-04 17:57:00.023] daemon call ok method=ping id=290 bytes=38
[2026-09-04 17:57:05.004] daemon call ok method=ping id=291 bytes=38
[2026-09-04 17:57:10.006] daemon call ok method=ping id=292 bytes=38
[2026-09-04 17:57:14.999] daemon call ok method=ping id=293 bytes=38
[2026-09-04 17:57:20.000] daemon call ok method=ping id=294 bytes=38
[2026-09-04 17:57:25.000] daemon call ok method=ping id=295 bytes=38
[2026-09-04 17:57:30.002] daemon call ok method=ping id=296 bytes=38
[2026-09-04 17:57:35.022] daemon call ok method=ping id=297 bytes=38
[2026-09-04 17:57:40.000] daemon call ok method=ping id=298 bytes=38
[2026-09-04 17:57:44.997] daemon call ok method=ping id=299 bytes=38
[2026-09-04 17:57:49.998] daemon call ok method=ping id=300 bytes=38
[2026-09-04 17:57:54.999] daemon call ok method=ping id=301 bytes=38
[2026-09-04 17:57:59.999] daemon call ok method=ping id=302 bytes=38
[2026-09-04 17:58:05.001] daemon call ok method=ping id=303 bytes=38
[2026-09-04 17:58:09.997] daemon call ok method=ping id=304 bytes=38
[2026-09-04 17:58:15.002] daemon call ok method=ping id=305 bytes=38
[2026-09-04 17:58:19.998] daemon call ok method=ping id=306 bytes=38
[2026-09-04 17:58:24.997] daemon call ok method=ping id=307 bytes=38
[2026-09-04 17:58:29.998] daemon call ok method=ping id=308 bytes=38
[2026-09-04 17:58:35.016] daemon call ok method=ping id=309 bytes=38
[2026-09-04 17:58:40.029] daemon call ok method=ping id=310 bytes=38
[2026-09-04 17:58:44.999] daemon call ok method=ping id=311 bytes=38
[2026-09-04 17:58:50.002] daemon call ok method=ping id=312 bytes=38
[2026-09-04 17:58:55.033] daemon call ok method=ping id=313 bytes=38
[2026-09-04 17:59:00.001] daemon call ok method=ping id=314 bytes=38
[2026-09-04 17:59:04.998] daemon call ok method=ping id=315 bytes=38
[2026-09-04 17:59:09.996] daemon call ok method=ping id=316 bytes=38
[2026-09-04 17:59:14.999] daemon call ok method=ping id=317 bytes=38
[2026-09-04 17:59:19.999] daemon call ok method=ping id=318 bytes=38
[2026-09-04 17:59:24.998] daemon call ok method=ping id=319 bytes=38
[2026-09-04 17:59:29.999] daemon call ok method=ping id=320 bytes=38
[2026-09-04 17:59:34.997] daemon call ok method=ping id=321 bytes=38
[2026-09-04 17:59:40.003] daemon call ok method=ping id=322 bytes=38
[2026-09-04 17:59:44.998] daemon call ok method=ping id=323 bytes=38
[2026-09-04 17:59:49.996] daemon call ok method=ping id=324 bytes=38
[2026-09-04 17:59:54.998] daemon call ok method=ping id=325 bytes=38
[2026-09-04 17:59:59.996] daemon call ok method=ping id=326 bytes=38
[2026-09-04 18:00:04.996] daemon call ok method=ping id=327 bytes=38
[2026-09-04 18:00:09.999] daemon call ok method=ping id=328 bytes=38
[2026-09-04 18:00:15.000] daemon call ok method=ping id=329 bytes=38
[2026-09-04 18:00:20.010] daemon call ok method=ping id=330 bytes=38
[2026-09-04 18:00:24.998] daemon call ok method=ping id=331 bytes=38
[2026-09-04 18:00:30.000] daemon call ok method=ping id=332 bytes=38
[2026-09-04 18:00:35.000] daemon call ok method=ping id=333 bytes=38
[2026-09-04 18:00:39.999] daemon call ok method=ping id=334 bytes=38
[2026-09-04 18:00:45.002] daemon call ok method=ping id=335 bytes=38
[2026-09-04 18:00:49.998] daemon call ok method=ping id=336 bytes=38
[2026-09-04 18:00:54.997] daemon call ok method=ping id=337 bytes=38
[2026-09-04 18:00:59.998] daemon call ok method=ping id=338 bytes=38
[2026-09-04 18:01:04.998] daemon call ok method=ping id=339 bytes=38
[2026-09-04 18:01:09.997] daemon call ok method=ping id=340 bytes=38
[2026-09-04 18:01:15.000] daemon call ok method=ping id=341 bytes=38
[2026-09-04 18:01:19.997] daemon call ok method=ping id=342 bytes=38
[2026-09-04 18:01:25.000] daemon call ok method=ping id=343 bytes=38
[2026-09-04 18:01:30.000] daemon call ok method=ping id=344 bytes=38
[2026-09-04 18:01:35.000] daemon call ok method=ping id=345 bytes=38
[2026-09-04 18:01:39.998] daemon call ok method=ping id=346 bytes=38
[2026-09-04 18:01:44.998] daemon call ok method=ping id=347 bytes=38
[2026-09-04 18:01:49.997] daemon call ok method=ping id=348 bytes=38
[2026-09-04 18:01:55.016] daemon call ok method=ping id=349 bytes=38
[2026-09-04 18:02:00.025] daemon call ok method=ping id=350 bytes=38
[2026-09-04 18:02:05.000] daemon call ok method=ping id=351 bytes=38
[2026-09-04 18:02:10.007] daemon call ok method=ping id=352 bytes=38
[2026-09-04 18:02:15.000] daemon call ok method=ping id=353 bytes=38
[2026-09-04 18:02:19.997] daemon call ok method=ping id=354 bytes=38
[2026-09-04 18:02:25.000] daemon call ok method=ping id=355 bytes=38
[2026-09-04 18:02:29.997] daemon call ok method=ping id=356 bytes=38
[2026-09-04 18:02:34.998] daemon call ok method=ping id=357 bytes=38
[2026-09-04 18:02:40.006] daemon call ok method=ping id=358 bytes=38
[2026-09-04 18:02:45.002] daemon call ok method=ping id=359 bytes=38
[2026-09-04 18:02:50.010] daemon call ok method=ping id=360 bytes=38
[2026-09-04 18:02:55.017] daemon call ok method=ping id=361 bytes=38
[2026-09-04 18:08:00.088] run start daemon_tcp=127.0.0.1:8443 request_timeout=30s heartbeat=5s stdio_keepalive=45s
[2026-09-04 18:08:00.094] daemon dial begin tcp=127.0.0.1:8443
[2026-09-04 18:08:00.111] daemon call ok method=initialize id=1 bytes=257
[2026-09-04 18:08:00.129] daemon initialize ok
[2026-09-04 18:08:00.133] daemon call ok method=events/subscribe id=2 bytes=125
[2026-09-04 18:08:00.137] events/subscribe ok client_id=ide-ide-proxy
[2026-09-04 18:08:00.215] daemon notify queued method=notifications/event bytes=304
[2026-09-04 18:08:00.222] daemon notify queued method=notifications/message bytes=230
[2026-09-04 18:08:05.196] daemon call ok method=ping id=3 bytes=36
[2026-09-04 18:08:10.202] daemon call ok method=ping id=4 bytes=36
[2026-09-04 18:08:15.196] daemon call ok method=ping id=5 bytes=36
[2026-09-04 18:08:20.194] daemon call ok method=ping id=6 bytes=36
[2026-09-04 18:08:25.199] daemon call ok method=ping id=7 bytes=36
[2026-09-04 18:08:30.197] daemon call ok method=ping id=8 bytes=36
[2026-09-04 18:08:35.197] daemon call ok method=ping id=9 bytes=36
[2026-09-04 18:08:40.201] daemon call ok method=ping id=10 bytes=37
[2026-09-04 18:08:45.197] daemon call ok method=ping id=11 bytes=37
[2026-09-04 18:08:50.198] daemon call ok method=ping id=12 bytes=37
[2026-09-04 18:08:55.204] daemon call ok method=ping id=13 bytes=37
[2026-09-04 18:09:00.198] daemon call ok method=ping id=14 bytes=37
[2026-09-04 18:09:05.207] daemon call ok method=ping id=15 bytes=37
[2026-09-04 18:09:10.196] daemon call ok method=ping id=16 bytes=37
[2026-09-04 18:09:15.196] daemon call ok method=ping id=17 bytes=37
[2026-09-04 18:09:20.214] daemon call ok method=ping id=18 bytes=37
[2026-09-04 18:09:25.217] daemon call ok method=ping id=19 bytes=37
[2026-09-04 18:09:30.196] daemon call ok method=ping id=20 bytes=37
[2026-09-04 18:09:35.197] daemon call ok method=ping id=21 bytes=37
[2026-09-04 18:09:40.195] daemon call ok method=ping id=22 bytes=37
[2026-09-04 18:09:45.196] daemon call ok method=ping id=23 bytes=37
[2026-09-04 18:09:50.197] daemon call ok method=ping id=24 bytes=37
[2026-09-04 18:09:55.196] daemon call ok method=ping id=25 bytes=37
[2026-09-04 18:10:00.198] daemon call ok method=ping id=26 bytes=37
[2026-09-04 18:10:05.195] daemon call ok method=ping id=27 bytes=37
[2026-09-04 18:10:10.199] daemon call ok method=ping id=28 bytes=37
[2026-09-04 18:10:15.193] daemon call ok method=ping id=29 bytes=37
[2026-09-04 18:10:20.199] daemon call ok method=ping id=30 bytes=37
[2026-09-04 18:10:25.196] daemon call ok method=ping id=31 bytes=37
[2026-09-04 18:10:30.206] daemon call ok method=ping id=32 bytes=37
[2026-09-04 18:10:35.196] daemon call ok method=ping id=33 bytes=37
[2026-09-04 18:10:40.200] daemon call ok method=ping id=34 bytes=37
[2026-09-04 18:10:45.195] daemon call ok method=ping id=35 bytes=37
[2026-09-04 18:10:50.216] daemon call ok method=ping id=36 bytes=37
[2026-09-04 18:10:55.203] daemon call ok method=ping id=37 bytes=37
[2026-09-04 18:11:00.201] daemon call ok method=ping id=38 bytes=37
[2026-09-04 18:11:05.196] daemon call ok method=ping id=39 bytes=37
[2026-09-04 18:11:10.196] daemon call ok method=ping id=40 bytes=37
[2026-09-04 18:11:15.194] daemon call ok method=ping id=41 bytes=37
[2026-09-04 18:11:20.195] daemon call ok method=ping id=42 bytes=37
[2026-09-04 18:11:25.196] daemon call ok method=ping id=43 bytes=37
[2026-09-04 18:11:30.195] daemon call ok method=ping id=44 bytes=37
[2026-09-04 18:11:35.195] daemon call ok method=ping id=45 bytes=37
[2026-09-04 18:11:40.195] daemon call ok method=ping id=46 bytes=37
[2026-09-04 18:11:45.196] daemon call ok method=ping id=47 bytes=37
[2026-09-04 18:11:50.198] daemon call ok method=ping id=48 bytes=37
[2026-09-04 18:11:55.195] daemon call ok method=ping id=49 bytes=37
[2026-09-04 18:12:00.198] daemon call ok method=ping id=50 bytes=37
[2026-09-04 18:12:05.194] daemon call ok method=ping id=51 bytes=37
[2026-09-04 18:12:10.195] daemon call ok method=ping id=52 bytes=37
[2026-09-04 18:12:15.195] daemon call ok method=ping id=53 bytes=37
[2026-09-04 18:12:20.197] daemon call ok method=ping id=54 bytes=37
[2026-09-04 18:12:25.200] daemon call ok method=ping id=55 bytes=37
[2026-09-04 18:12:30.197] daemon call ok method=ping id=56 bytes=37
[2026-09-04 18:12:35.195] daemon call ok method=ping id=57 bytes=37
[2026-09-04 18:12:40.198] daemon call ok method=ping id=58 bytes=37
[2026-09-04 18:12:45.199] daemon call ok method=ping id=59 bytes=37
[2026-09-04 18:12:50.194] daemon call ok method=ping id=60 bytes=37
[2026-09-04 18:12:55.203] daemon call ok method=ping id=61 bytes=37
[2026-09-04 18:13:00.199] daemon call ok method=ping id=62 bytes=37
[2026-09-04 18:13:05.197] daemon call ok method=ping id=63 bytes=37
[2026-09-04 18:13:10.215] daemon call ok method=ping id=64 bytes=37
[2026-09-04 18:13:15.198] daemon call ok method=ping id=65 bytes=37
[2026-09-04 18:13:20.198] daemon call ok method=ping id=66 bytes=37
[2026-09-04 18:13:25.196] daemon call ok method=ping id=67 bytes=37
[2026-09-04 18:13:30.196] daemon call ok method=ping id=68 bytes=37
[2026-09-04 18:13:35.197] daemon call ok method=ping id=69 bytes=37
[2026-09-04 18:13:40.208] daemon call ok method=ping id=70 bytes=37
[2026-09-04 18:13:45.195] daemon call ok method=ping id=71 bytes=37
[2026-09-04 18:13:50.195] daemon call ok method=ping id=72 bytes=37
[2026-09-04 18:13:55.196] daemon call ok method=ping id=73 bytes=37
[2026-09-04 18:14:00.198] daemon call ok method=ping id=74 bytes=37
[2026-09-04 18:14:05.195] daemon call ok method=ping id=75 bytes=37
[2026-09-04 18:14:10.195] daemon call ok method=ping id=76 bytes=37
[2026-09-04 18:14:15.196] daemon call ok method=ping id=77 bytes=37
[2026-09-04 18:14:20.195] daemon call ok method=ping id=78 bytes=37
[2026-09-04 18:14:25.201] daemon call ok method=ping id=79 bytes=37
[2026-09-04 18:14:30.193] daemon call ok method=ping id=80 bytes=37
[2026-09-04 18:14:35.194] daemon call ok method=ping id=81 bytes=37
[2026-09-04 18:14:40.194] daemon call ok method=ping id=82 bytes=37
[2026-09-04 18:14:45.194] daemon call ok method=ping id=83 bytes=37
[2026-09-04 18:14:50.198] daemon call ok method=ping id=84 bytes=37
[2026-09-04 18:14:55.203] daemon call ok method=ping id=85 bytes=37
[2026-09-04 18:15:00.198] daemon call ok method=ping id=86 bytes=37
[2026-09-04 18:15:05.199] daemon call ok method=ping id=87 bytes=37
[2026-09-04 18:15:10.196] daemon call ok method=ping id=88 bytes=37
[2026-09-04 18:15:15.195] daemon call ok method=ping id=89 bytes=37
[2026-09-04 18:15:20.196] daemon call ok method=ping id=90 bytes=37
[2026-09-04 18:15:25.195] daemon call ok method=ping id=91 bytes=37
[2026-09-04 18:15:30.196] daemon call ok method=ping id=92 bytes=37
[2026-09-04 18:15:35.195] daemon call ok method=ping id=93 bytes=37
[2026-09-04 18:15:40.195] daemon call ok method=ping id=94 bytes=37
[2026-09-04 18:15:45.195] daemon call ok method=ping id=95 bytes=37
[2026-09-04 18:15:50.196] daemon call ok method=ping id=96 bytes=37
[2026-09-04 18:15:55.201] daemon call ok method=ping id=97 bytes=37
[2026-09-04 18:16:00.199] daemon call ok method=ping id=98 bytes=37
[2026-09-04 18:16:05.198] daemon call ok method=ping id=99 bytes=37
[2026-09-04 18:16:10.199] daemon call ok method=ping id=100 bytes=38
[2026-09-04 18:16:15.198] daemon call ok method=ping id=101 bytes=38
[2026-09-04 18:16:20.196] daemon call ok method=ping id=102 bytes=38
[2026-09-04 18:16:25.203] daemon call ok method=ping id=103 bytes=38
[2026-09-04 18:16:30.197] daemon call ok method=ping id=104 bytes=38
[2026-09-04 18:16:35.197] daemon call ok method=ping id=105 bytes=38
[2026-09-04 18:16:40.199] daemon call ok method=ping id=106 bytes=38
[2026-09-04 18:16:45.199] daemon call ok method=ping id=107 bytes=38
[2026-09-04 18:16:50.201] daemon call ok method=ping id=108 bytes=38
[2026-09-04 18:16:55.198] daemon call ok method=ping id=109 bytes=38
[2026-09-04 18:17:00.197] daemon call ok method=ping id=110 bytes=38
[2026-09-04 18:17:05.196] daemon call ok method=ping id=111 bytes=38
[2026-09-04 18:17:10.209] daemon call ok method=ping id=112 bytes=38
[2026-09-04 18:17:15.211] daemon call ok method=ping id=113 bytes=38
[2026-09-04 18:17:20.200] daemon call ok method=ping id=114 bytes=38
[2026-09-04 18:17:25.199] daemon call ok method=ping id=115 bytes=38
[2026-09-04 18:17:30.196] daemon call ok method=ping id=116 bytes=38
[2026-09-04 18:17:35.197] daemon call ok method=ping id=117 bytes=38
[2026-09-04 18:17:40.199] daemon call ok method=ping id=118 bytes=38
[2026-09-04 18:17:45.198] daemon call ok method=ping id=119 bytes=38
[2026-09-04 18:17:50.198] daemon call ok method=ping id=120 bytes=38
[2026-09-04 18:17:55.197] daemon call ok method=ping id=121 bytes=38
[2026-09-04 18:18:00.200] daemon call ok method=ping id=122 bytes=38
[2026-09-04 18:18:05.200] daemon call ok method=ping id=123 bytes=38
[2026-09-04 18:18:10.196] daemon call ok method=ping id=124 bytes=38
[2026-09-04 18:18:15.198] daemon call ok method=ping id=125 bytes=38
[2026-09-04 18:18:20.199] daemon call ok method=ping id=126 bytes=38
[2026-09-04 18:18:25.208] daemon call ok method=ping id=127 bytes=38
[2026-09-04 18:18:30.203] daemon call ok method=ping id=128 bytes=38
[2026-09-04 18:18:35.195] daemon call ok method=ping id=129 bytes=38
[2026-09-04 18:18:40.200] daemon call ok method=ping id=130 bytes=38
[2026-09-04 18:18:45.196] daemon call ok method=ping id=131 bytes=38
[2026-09-04 18:18:50.200] daemon call ok method=ping id=132 bytes=38
[2026-09-04 18:18:55.212] daemon call ok method=ping id=133 bytes=38
[2026-09-04 18:19:00.206] daemon call ok method=ping id=134 bytes=38
[2026-09-04 18:19:05.216] daemon call ok method=ping id=135 bytes=38
[2026-09-04 18:19:10.207] daemon call ok method=ping id=136 bytes=38
[2026-09-04 18:19:15.206] daemon call ok method=ping id=137 bytes=38
[2026-09-04 18:19:20.231] daemon call ok method=ping id=138 bytes=38
[2026-09-04 18:19:25.214] daemon call ok method=ping id=139 bytes=38
[2026-09-04 18:19:30.211] daemon call ok method=ping id=140 bytes=38
[2026-09-04 18:19:35.213] daemon call ok method=ping id=141 bytes=38
[2026-09-04 18:19:40.217] daemon call ok method=ping id=142 bytes=38
[2026-09-04 18:19:45.213] daemon call ok method=ping id=143 bytes=38
[2026-09-04 18:19:50.215] daemon call ok method=ping id=144 bytes=38
[2026-09-04 18:19:55.212] daemon call ok method=ping id=145 bytes=38
[2026-09-04 18:20:00.227] daemon call ok method=ping id=146 bytes=38
[2026-09-04 18:20:05.211] daemon call ok method=ping id=147 bytes=38
[2026-09-04 18:20:10.212] daemon call ok method=ping id=148 bytes=38
[2026-09-04 18:20:15.240] daemon call ok method=ping id=149 bytes=38
[2026-09-04 18:20:20.219] daemon call ok method=ping id=150 bytes=38
[2026-09-04 18:20:25.209] daemon call ok method=ping id=151 bytes=38
[2026-09-04 18:20:30.215] daemon call ok method=ping id=152 bytes=38
[2026-09-04 18:20:35.230] daemon call ok method=ping id=153 bytes=38
[2026-09-04 18:20:40.210] daemon call ok method=ping id=154 bytes=38
[2026-09-04 18:20:45.213] daemon call ok method=ping id=155 bytes=38
[2026-09-04 18:20:50.214] daemon call ok method=ping id=156 bytes=38
[2026-09-04 18:20:55.213] daemon call ok method=ping id=157 bytes=38
[2026-09-04 18:21:00.230] daemon call ok method=ping id=158 bytes=38
[2026-09-04 18:21:05.215] daemon call ok method=ping id=159 bytes=38
[2026-09-04 18:21:10.210] daemon call ok method=ping id=160 bytes=38
[2026-09-04 18:21:15.215] daemon call ok method=ping id=161 bytes=38
[2026-09-04 18:21:20.214] daemon call ok method=ping id=162 bytes=38
[2026-09-04 18:21:25.211] daemon call ok method=ping id=163 bytes=38
[2026-09-04 18:21:30.219] daemon call ok method=ping id=164 bytes=38
[2026-09-04 18:21:35.222] daemon call ok method=ping id=165 bytes=38
[2026-09-04 18:21:40.210] daemon call ok method=ping id=166 bytes=38
[2026-09-04 18:21:45.215] daemon call ok method=ping id=167 bytes=38
[2026-09-04 18:21:50.214] daemon call ok method=ping id=168 bytes=38
[2026-09-04 18:21:55.218] daemon call ok method=ping id=169 bytes=38
[2026-09-04 18:22:00.242] daemon call ok method=ping id=170 bytes=38
[2026-09-04 18:22:05.218] daemon call ok method=ping id=171 bytes=38
[2026-09-04 18:22:10.211] daemon call ok method=ping id=172 bytes=38
[2026-09-04 18:22:15.211] daemon call ok method=ping id=173 bytes=38
[2026-09-04 18:22:20.211] daemon call ok method=ping id=174 bytes=38
[2026-09-04 18:22:25.211] daemon call ok method=ping id=175 bytes=38
[2026-09-04 18:22:30.241] daemon call ok method=ping id=176 bytes=38
[2026-09-04 18:22:35.212] daemon call ok method=ping id=177 bytes=38
[2026-09-04 18:22:40.209] daemon call ok method=ping id=178 bytes=38
[2026-09-04 18:22:45.210] daemon call ok method=ping id=179 bytes=38
[2026-09-04 18:22:50.233] daemon call ok method=ping id=180 bytes=38
[2026-09-04 18:22:55.211] daemon call ok method=ping id=181 bytes=38
[2026-09-04 18:23:00.216] daemon call ok method=ping id=182 bytes=38
[2026-09-04 18:23:05.213] daemon call ok method=ping id=183 bytes=38
[2026-09-04 18:23:10.215] daemon call ok method=ping id=184 bytes=38
[2026-09-04 18:23:15.230] daemon call ok method=ping id=185 bytes=38
[2026-09-04 18:23:20.212] daemon call ok method=ping id=186 bytes=38
[2026-09-04 18:23:25.212] daemon call ok method=ping id=187 bytes=38
[2026-09-04 18:23:30.211] daemon call ok method=ping id=188 bytes=38
[2026-09-04 18:23:35.213] daemon call ok method=ping id=189 bytes=38
[2026-09-04 18:23:40.234] daemon call ok method=ping id=190 bytes=38
[2026-09-04 18:23:45.215] daemon call ok method=ping id=191 bytes=38
[2026-09-04 18:23:50.212] daemon call ok method=ping id=192 bytes=38
[2026-09-04 18:23:55.211] daemon call ok method=ping id=193 bytes=38
[2026-09-04 18:24:00.212] daemon call ok method=ping id=194 bytes=38
[2026-09-04 18:24:05.212] daemon call ok method=ping id=195 bytes=38
[2026-09-04 18:24:10.214] daemon call ok method=ping id=196 bytes=38
[2026-09-04 18:24:15.212] daemon call ok method=ping id=197 bytes=38
[2026-09-04 18:24:20.233] daemon call ok method=ping id=198 bytes=38
[2026-09-04 18:24:25.213] daemon call ok method=ping id=199 bytes=38
[2026-09-04 18:24:30.212] daemon call ok method=ping id=200 bytes=38
[2026-09-04 18:24:35.213] daemon call ok method=ping id=201 bytes=38
[2026-09-04 18:24:40.230] daemon call ok method=ping id=202 bytes=38
[2026-09-04 18:24:45.212] daemon call ok method=ping id=203 bytes=38
[2026-09-04 18:24:50.211] daemon call ok method=ping id=204 bytes=38
[2026-09-04 18:24:55.237] daemon call ok method=ping id=205 bytes=38
[2026-09-04 18:25:00.214] daemon call ok method=ping id=206 bytes=38
[2026-09-04 18:25:05.230] daemon call ok method=ping id=207 bytes=38
[2026-09-04 18:25:10.211] daemon call ok method=ping id=208 bytes=38
[2026-09-04 18:25:15.218] daemon call ok method=ping id=209 bytes=38
[2026-09-04 18:25:20.234] daemon call ok method=ping id=210 bytes=38
[2026-09-04 18:25:25.212] daemon call ok method=ping id=211 bytes=38
[2026-09-04 18:25:30.242] daemon call ok method=ping id=212 bytes=38
[2026-09-04 18:25:35.224] daemon call ok method=ping id=213 bytes=38
[2026-09-04 18:25:40.214] daemon call ok method=ping id=214 bytes=38
[2026-09-04 18:25:45.213] daemon call ok method=ping id=215 bytes=38
[2026-09-04 18:25:50.226] daemon call ok method=ping id=216 bytes=38
[2026-09-04 18:25:55.229] daemon call ok method=ping id=217 bytes=38
[2026-09-04 18:26:00.245] daemon call ok method=ping id=218 bytes=38
[2026-09-04 18:26:05.211] daemon call ok method=ping id=219 bytes=38
[2026-09-04 18:26:10.212] daemon call ok method=ping id=220 bytes=38
[2026-09-04 18:26:15.220] daemon call ok method=ping id=221 bytes=38
[2026-09-04 18:26:20.214] daemon call ok method=ping id=222 bytes=38
[2026-09-04 18:26:25.214] daemon call ok method=ping id=223 bytes=38
[2026-09-04 18:26:30.214] daemon call ok method=ping id=224 bytes=38
[2026-09-04 18:26:35.216] daemon call ok method=ping id=225 bytes=38
[2026-09-04 18:26:40.222] daemon call ok method=ping id=226 bytes=38
[2026-09-04 18:26:45.215] daemon call ok method=ping id=227 bytes=38
[2026-09-04 18:26:50.244] daemon call ok method=ping id=228 bytes=38
[2026-09-04 18:26:55.211] daemon call ok method=ping id=229 bytes=38
[2026-09-04 18:27:00.217] daemon call ok method=ping id=230 bytes=38
[2026-09-04 18:27:05.211] daemon call ok method=ping id=231 bytes=38
[2026-09-04 18:27:10.211] daemon call ok method=ping id=232 bytes=38
[2026-09-04 18:27:15.232] daemon call ok method=ping id=233 bytes=38
[2026-09-04 18:27:20.213] daemon call ok method=ping id=234 bytes=38
[2026-09-04 18:27:25.212] daemon call ok method=ping id=235 bytes=38
[2026-09-04 18:27:30.227] daemon call ok method=ping id=236 bytes=38
[2026-09-04 18:27:35.224] daemon call ok method=ping id=237 bytes=38
[2026-09-04 18:27:40.212] daemon call ok method=ping id=238 bytes=38
[2026-09-04 18:27:45.223] daemon call ok method=ping id=239 bytes=38
[2026-09-04 18:27:50.216] daemon call ok method=ping id=240 bytes=38
[2026-09-04 18:27:55.213] daemon call ok method=ping id=241 bytes=38
[2026-09-04 18:28:00.217] daemon call ok method=ping id=242 bytes=38
[2026-09-04 18:28:05.219] daemon call ok method=ping id=243 bytes=38
[2026-09-04 18:28:10.217] daemon call ok method=ping id=244 bytes=38
[2026-09-04 18:28:15.233] daemon call ok method=ping id=245 bytes=38
[2026-09-04 18:28:20.213] daemon call ok method=ping id=246 bytes=38
[2026-09-04 18:28:25.214] daemon call ok method=ping id=247 bytes=38
[2026-09-04 18:28:30.213] daemon call ok method=ping id=248 bytes=38
[2026-09-04 18:28:35.215] daemon call ok method=ping id=249 bytes=38
[2026-09-04 18:28:40.224] daemon call ok method=ping id=250 bytes=38
[2026-09-04 18:28:45.215] daemon call ok method=ping id=251 bytes=38
[2026-09-04 18:28:50.214] daemon call ok method=ping id=252 bytes=38
[2026-09-04 18:28:55.217] daemon call ok method=ping id=253 bytes=38
[2026-09-04 18:29:00.216] daemon call ok method=ping id=254 bytes=38
[2026-09-04 18:29:05.213] daemon call ok method=ping id=255 bytes=38
[2026-09-04 18:29:10.228] daemon call ok method=ping id=256 bytes=38
[2026-09-04 18:29:15.225] daemon call ok method=ping id=257 bytes=38
[2026-09-04 18:29:20.217] daemon call ok method=ping id=258 bytes=38
[2026-09-04 18:29:25.227] daemon call ok method=ping id=259 bytes=38
[2026-09-04 18:29:30.222] daemon call ok method=ping id=260 bytes=38
[2026-09-04 18:29:35.216] daemon call ok method=ping id=261 bytes=38
[2026-09-04 18:29:40.217] daemon call ok method=ping id=262 bytes=38
[2026-09-04 18:29:45.214] daemon call ok method=ping id=263 bytes=38
[2026-09-04 18:29:50.219] daemon call ok method=ping id=264 bytes=38
[2026-09-04 18:29:55.222] daemon call ok method=ping id=265 bytes=38
[2026-09-04 18:30:00.213] daemon call ok method=ping id=266 bytes=38
[2026-09-04 18:30:05.213] daemon call ok method=ping id=267 bytes=38
[2026-09-04 18:30:10.213] daemon call ok method=ping id=268 bytes=38
[2026-09-04 18:30:15.213] daemon call ok method=ping id=269 bytes=38
[2026-09-04 18:30:20.224] daemon call ok method=ping id=270 bytes=38
[2026-09-04 18:30:25.229] daemon call ok method=ping id=271 bytes=38
[2026-09-04 18:30:30.220] daemon call ok method=ping id=272 bytes=38
[2026-09-04 18:30:35.214] daemon call ok method=ping id=273 bytes=38
[2026-09-04 18:30:40.223] daemon call ok method=ping id=274 bytes=38
[2026-09-04 18:30:45.243] daemon call ok method=ping id=275 bytes=38
[2026-09-04 18:30:50.215] daemon call ok method=ping id=276 bytes=38
[2026-09-04 18:30:55.213] daemon call ok method=ping id=277 bytes=38
[2026-09-04 18:31:00.212] daemon call ok method=ping id=278 bytes=38
[2026-09-04 18:31:05.216] daemon call ok method=ping id=279 bytes=38
[2026-09-04 18:31:10.226] daemon call ok method=ping id=280 bytes=38
[2026-09-04 18:31:15.217] daemon call ok method=ping id=281 bytes=38
[2026-09-04 18:31:20.216] daemon call ok method=ping id=282 bytes=38
[2026-09-04 18:31:25.218] daemon call ok method=ping id=283 bytes=38
[2026-09-04 18:31:30.224] daemon call ok method=ping id=284 bytes=38
[2026-09-04 18:31:35.217] daemon call ok method=ping id=285 bytes=38
[2026-09-04 18:31:40.219] daemon call ok method=ping id=286 bytes=38
[2026-09-04 18:31:45.215] daemon call ok method=ping id=287 bytes=38
[2026-09-04 18:31:50.218] daemon call ok method=ping id=288 bytes=38
[2026-09-04 18:31:55.221] daemon call ok method=ping id=289 bytes=38
[2026-09-04 18:32:00.218] daemon call ok method=ping id=290 bytes=38
[2026-09-04 18:32:05.215] daemon call ok method=ping id=291 bytes=38
[2026-09-04 18:32:10.215] daemon call ok method=ping id=292 bytes=38
[2026-09-04 18:32:15.213] daemon call ok method=ping id=293 bytes=38
[2026-09-04 18:32:20.216] daemon call ok method=ping id=294 bytes=38
[2026-09-04 18:32:25.220] daemon call ok method=ping id=295 bytes=38
[2026-09-04 18:32:30.218] daemon call ok method=ping id=296 bytes=38
[2026-09-04 18:32:35.215] daemon call ok method=ping id=297 bytes=38
[2026-09-04 18:32:40.231] daemon call ok method=ping id=298 bytes=38
[2026-09-04 18:32:45.219] daemon call ok method=ping id=299 bytes=38
[2026-09-04 18:32:50.218] daemon call ok method=ping id=300 bytes=38
[2026-09-04 18:32:55.214] daemon call ok method=ping id=301 bytes=38
[2026-09-04 18:33:00.227] daemon call ok method=ping id=302 bytes=38
[2026-09-04 18:33:05.215] daemon call ok method=ping id=303 bytes=38
[2026-09-04 18:33:10.219] daemon call ok method=ping id=304 bytes=38
[2026-09-04 18:33:15.215] daemon call ok method=ping id=305 bytes=38
[2026-09-04 18:33:20.238] daemon call ok method=ping id=306 bytes=38
[2026-09-04 18:33:25.218] daemon call ok method=ping id=307 bytes=38
[2026-09-04 18:33:30.215] daemon call ok method=ping id=308 bytes=38
[2026-09-04 18:33:35.220] daemon call ok method=ping id=309 bytes=38
[2026-09-04 18:33:40.214] daemon call ok method=ping id=310 bytes=38
[2026-09-04 18:33:45.230] daemon call ok method=ping id=311 bytes=38
[2026-09-04 18:33:50.216] daemon call ok method=ping id=312 bytes=38
[2026-09-04 18:33:55.215] daemon call ok method=ping id=313 bytes=38
[2026-09-04 18:34:00.253] daemon call ok method=ping id=314 bytes=38
[2026-09-04 18:34:05.222] daemon call ok method=ping id=315 bytes=38
[2026-09-04 18:34:10.221] daemon call ok method=ping id=316 bytes=38
[2026-09-04 18:34:15.216] daemon call ok method=ping id=317 bytes=38
[2026-09-04 18:34:20.215] daemon call ok method=ping id=318 bytes=38
[2026-09-04 18:34:25.220] daemon call ok method=ping id=319 bytes=38
[2026-09-04 18:34:30.229] daemon call ok method=ping id=320 bytes=38
[2026-09-04 18:34:35.216] daemon call ok method=ping id=321 bytes=38
[2026-09-04 18:34:40.216] daemon call ok method=ping id=322 bytes=38
[2026-09-04 18:34:45.217] daemon call ok method=ping id=323 bytes=38
[2026-09-04 18:34:50.217] daemon call ok method=ping id=324 bytes=38
[2026-09-04 18:34:55.219] daemon call ok method=ping id=325 bytes=38
[2026-09-04 18:35:00.216] daemon call ok method=ping id=326 bytes=38
[2026-09-04 18:35:05.230] daemon call ok method=ping id=327 bytes=38
[2026-09-04 18:35:10.224] daemon call ok method=ping id=328 bytes=38
[2026-09-04 18:35:15.221] daemon call ok method=ping id=329 bytes=38
[2026-09-04 18:35:20.223] daemon call ok method=ping id=330 bytes=38
[2026-09-04 18:35:25.219] daemon call ok method=ping id=331 bytes=38
[2026-09-04 18:35:30.222] daemon call ok method=ping id=332 bytes=38
[2026-09-04 18:35:35.218] daemon call ok method=ping id=333 bytes=38
[2026-09-04 18:35:40.218] daemon call ok method=ping id=334 bytes=38
[2026-09-04 18:35:45.220] daemon call ok method=ping id=335 bytes=38
[2026-09-04 18:35:50.218] daemon call ok method=ping id=336 bytes=38
[2026-09-04 18:35:55.216] daemon call ok method=ping id=337 bytes=38
[2026-09-04 18:36:00.240] daemon call ok method=ping id=338 bytes=38
[2026-09-04 18:36:05.215] daemon call ok method=ping id=339 bytes=38
[2026-09-04 18:36:10.214] daemon call ok method=ping id=340 bytes=38
[2026-09-04 18:36:15.222] daemon call ok method=ping id=341 bytes=38
[2026-09-04 18:36:20.238] daemon call ok method=ping id=342 bytes=38
[2026-09-04 18:36:25.222] daemon call ok method=ping id=343 bytes=38
[2026-09-04 18:36:30.219] daemon call ok method=ping id=344 bytes=38
[2026-09-04 18:36:35.217] daemon call ok method=ping id=345 bytes=38
[2026-09-04 18:36:40.222] daemon call ok method=ping id=346 bytes=38
[2026-09-04 18:36:45.216] daemon call ok method=ping id=347 bytes=38
[2026-09-04 18:36:50.216] daemon call ok method=ping id=348 bytes=38
[2026-09-04 18:36:55.215] daemon call ok method=ping id=349 bytes=38
[2026-09-04 18:37:00.218] daemon call ok method=ping id=350 bytes=38
[2026-09-04 18:37:05.214] daemon call ok method=ping id=351 bytes=38
[2026-09-04 18:37:10.237] daemon call ok method=ping id=352 bytes=38
[2026-09-04 18:37:15.216] daemon call ok method=ping id=353 bytes=38
[2026-09-04 18:37:20.214] daemon call ok method=ping id=354 bytes=38
[2026-09-04 18:37:25.237] daemon call ok method=ping id=355 bytes=38
[2026-09-04 18:37:30.228] daemon call ok method=ping id=356 bytes=38
[2026-09-04 18:37:35.218] daemon call ok method=ping id=357 bytes=38
[2026-09-04 18:37:40.216] daemon call ok method=ping id=358 bytes=38
[2026-09-04 18:37:45.216] daemon call ok method=ping id=359 bytes=38
[2026-09-04 18:37:50.225] daemon call ok method=ping id=360 bytes=38
[2026-09-04 18:37:55.216] daemon call ok method=ping id=361 bytes=38
[2026-09-04 18:43:00.301] run start daemon_tcp=127.0.0.1:8443 request_timeout=30s heartbeat=5s stdio_keepalive=45s
[2026-09-04 18:43:00.307] daemon dial begin tcp=127.0.0.1:8443
[2026-09-04 18:43:00.333] daemon call ok method=initialize id=1 bytes=257
[2026-09-04 18:43:00.340] daemon initialize ok
[2026-09-04 18:43:00.352] daemon call ok method=events/subscribe id=2 bytes=125
[2026-09-04 18:43:00.357] events/subscribe ok client_id=ide-ide-proxy
[2026-09-04 18:43:00.438] daemon notify queued method=notifications/event bytes=304
[2026-09-04 18:43:00.447] daemon notify queued method=notifications/message bytes=230
[2026-09-04 18:43:05.407] daemon call ok method=ping id=3 bytes=36
[2026-09-04 18:43:10.406] daemon call ok method=ping id=4 bytes=36
[2026-09-04 18:43:15.404] daemon call ok method=ping id=5 bytes=36
[2026-09-04 18:43:20.406] daemon call ok method=ping id=6 bytes=36
[2026-09-04 18:43:25.407] daemon call ok method=ping id=7 bytes=36
[2026-09-04 18:43:30.406] daemon call ok method=ping id=8 bytes=36
[2026-09-04 18:43:35.406] daemon call ok method=ping id=9 bytes=36
[2026-09-04 18:43:40.406] daemon call ok method=ping id=10 bytes=37
[2026-09-04 18:43:45.406] daemon call ok method=ping id=11 bytes=37
[2026-09-04 18:43:50.406] daemon call ok method=ping id=12 bytes=37
[2026-09-04 18:43:55.406] daemon call ok method=ping id=13 bytes=37
[2026-09-04 18:44:00.408] daemon call ok method=ping id=14 bytes=37
[2026-09-04 18:44:05.405] daemon call ok method=ping id=15 bytes=37
[2026-09-04 18:44:10.406] daemon call ok method=ping id=16 bytes=37
[2026-09-04 18:44:15.407] daemon call ok method=ping id=17 bytes=37
[2026-09-04 18:44:20.411] daemon call ok method=ping id=18 bytes=37
[2026-09-04 18:44:25.407] daemon call ok method=ping id=19 bytes=37
[2026-09-04 18:44:30.408] daemon call ok method=ping id=20 bytes=37
[2026-09-04 18:44:35.408] daemon call ok method=ping id=21 bytes=37
[2026-09-04 18:44:40.409] daemon call ok method=ping id=22 bytes=37
[2026-09-04 18:44:45.413] daemon call ok method=ping id=23 bytes=37
[2026-09-04 18:44:50.407] daemon call ok method=ping id=24 bytes=37
[2026-09-04 18:44:55.407] daemon call ok method=ping id=25 bytes=37
[2026-09-04 18:45:00.408] daemon call ok method=ping id=26 bytes=37
[2026-09-04 18:45:05.406] daemon call ok method=ping id=27 bytes=37
[2026-09-04 18:45:10.408] daemon call ok method=ping id=28 bytes=37
[2026-09-04 18:45:15.408] daemon call ok method=ping id=29 bytes=37
[2026-09-04 18:45:20.406] daemon call ok method=ping id=30 bytes=37
[2026-09-04 18:45:25.410] daemon call ok method=ping id=31 bytes=37
[2026-09-04 18:45:30.408] daemon call ok method=ping id=32 bytes=37
[2026-09-04 18:45:35.408] daemon call ok method=ping id=33 bytes=37
[2026-09-04 18:45:40.416] daemon call ok method=ping id=34 bytes=37
[2026-09-04 18:45:45.408] daemon call ok method=ping id=35 bytes=37
[2026-09-04 18:45:50.407] daemon call ok method=ping id=36 bytes=37
[2026-09-04 18:45:55.406] daemon call ok method=ping id=37 bytes=37
[2026-09-04 18:46:00.409] daemon call ok method=ping id=38 bytes=37
[2026-09-04 18:46:05.408] daemon call ok method=ping id=39 bytes=37
[2026-09-04 18:46:10.406] daemon call ok method=ping id=40 bytes=37
[2026-09-04 18:46:15.409] daemon call ok method=ping id=41 bytes=37
[2026-09-04 18:46:20.408] daemon call ok method=ping id=42 bytes=37
[2026-09-04 18:46:25.406] daemon call ok method=ping id=43 bytes=37
[2026-09-04 18:46:30.408] daemon call ok method=ping id=44 bytes=37
[2026-09-04 18:46:35.409] daemon call ok method=ping id=45 bytes=37
[2026-09-04 18:46:40.409] daemon call ok method=ping id=46 bytes=37
[2026-09-04 18:46:45.409] daemon call ok method=ping id=47 bytes=37
[2026-09-04 18:46:50.408] daemon call ok method=ping id=48 bytes=37
[2026-09-04 18:46:55.410] daemon call ok method=ping id=49 bytes=37
[2026-09-04 18:47:00.418] daemon call ok method=ping id=50 bytes=37
[2026-09-04 18:47:05.409] daemon call ok method=ping id=51 bytes=37
[2026-09-04 18:47:10.409] daemon call ok method=ping id=52 bytes=37
[2026-09-04 18:47:15.409] daemon call ok method=ping id=53 bytes=37
[2026-09-04 18:47:20.409] daemon call ok method=ping id=54 bytes=37
[2026-09-04 18:47:25.409] daemon call ok method=ping id=55 bytes=37
[2026-09-04 18:47:30.409] daemon call ok method=ping id=56 bytes=37
[2026-09-04 18:47:35.410] daemon call ok method=ping id=57 bytes=37
[2026-09-04 18:47:40.410] daemon call ok method=ping id=58 bytes=37
[2026-09-04 18:47:45.410] daemon call ok method=ping id=59 bytes=37
[2026-09-04 18:47:50.406] daemon call ok method=ping id=60 bytes=37
[2026-09-04 18:47:55.409] daemon call ok method=ping id=61 bytes=37
[2026-09-04 18:48:00.409] daemon call ok method=ping id=62 bytes=37
[2026-09-04 18:48:05.411] daemon call ok method=ping id=63 bytes=37
[2026-09-04 18:48:10.410] daemon call ok method=ping id=64 bytes=37
[2026-09-04 18:48:15.407] daemon call ok method=ping id=65 bytes=37
[2026-09-04 18:48:20.415] daemon call ok method=ping id=66 bytes=37
[2026-09-04 18:48:25.411] daemon call ok method=ping id=67 bytes=37
[2026-09-04 18:48:30.409] daemon call ok method=ping id=68 bytes=37
[2026-09-04 18:48:35.409] daemon call ok method=ping id=69 bytes=37
[2026-09-04 18:48:40.409] daemon call ok method=ping id=70 bytes=37
[2026-09-04 18:48:45.409] daemon call ok method=ping id=71 bytes=37
[2026-09-04 18:48:50.410] daemon call ok method=ping id=72 bytes=37
[2026-09-04 18:48:55.408] daemon call ok method=ping id=73 bytes=37
[2026-09-04 18:49:00.410] daemon call ok method=ping id=74 bytes=37
[2026-09-04 18:49:05.411] daemon call ok method=ping id=75 bytes=37
[2026-09-04 18:49:10.410] daemon call ok method=ping id=76 bytes=37
[2026-09-04 18:49:15.412] daemon call ok method=ping id=77 bytes=37
[2026-09-04 18:49:20.410] daemon call ok method=ping id=78 bytes=37
[2026-09-04 18:49:25.410] daemon call ok method=ping id=79 bytes=37
[2026-09-04 18:49:30.411] daemon call ok method=ping id=80 bytes=37
[2026-09-04 18:49:35.410] daemon call ok method=ping id=81 bytes=37
[2026-09-04 18:49:40.410] daemon call ok method=ping id=82 bytes=37
[2026-09-04 18:49:45.409] daemon call ok method=ping id=83 bytes=37
[2026-09-04 18:49:50.412] daemon call ok method=ping id=84 bytes=37
[2026-09-04 18:49:55.408] daemon call ok method=ping id=85 bytes=37
[2026-09-04 18:50:00.410] daemon call ok method=ping id=86 bytes=37
[2026-09-04 18:50:05.409] daemon call ok method=ping id=87 bytes=37
[2026-09-04 18:50:10.409] daemon call ok method=ping id=88 bytes=37
[2026-09-04 18:50:15.411] daemon call ok method=ping id=89 bytes=37
[2026-09-04 18:50:20.410] daemon call ok method=ping id=90 bytes=37
[2026-09-04 18:50:25.411] daemon call ok method=ping id=91 bytes=37
[2026-09-04 18:50:30.409] daemon call ok method=ping id=92 bytes=37
[2026-09-04 18:50:35.410] daemon call ok method=ping id=93 bytes=37
[2026-09-04 18:50:40.411] daemon call ok method=ping id=94 bytes=37
[2026-09-04 18:50:45.412] daemon call ok method=ping id=95 bytes=37
[2026-09-04 18:50:50.409] daemon call ok method=ping id=96 bytes=37
[2026-09-04 18:50:55.411] daemon call ok method=ping id=97 bytes=37
[2026-09-04 18:51:00.409] daemon call ok method=ping id=98 bytes=37
[2026-09-04 18:51:05.411] daemon call ok method=ping id=99 bytes=37
[2026-09-04 18:51:10.410] daemon call ok method=ping id=100 bytes=38
[2026-09-04 18:51:15.410] daemon call ok method=ping id=101 bytes=38
[2026-09-04 18:51:20.410] daemon call ok method=ping id=102 bytes=38
[2026-09-04 18:51:25.415] daemon call ok method=ping id=103 bytes=38
[2026-09-04 18:51:30.410] daemon call ok method=ping id=104 bytes=38
[2026-09-04 18:51:35.410] daemon call ok method=ping id=105 bytes=38
[2026-09-04 18:51:40.412] daemon call ok method=ping id=106 bytes=38
[2026-09-04 18:51:45.411] daemon call ok method=ping id=107 bytes=38
[2026-09-04 18:51:50.412] daemon call ok method=ping id=108 bytes=38
[2026-09-04 18:51:55.410] daemon call ok method=ping id=109 bytes=38
[2026-09-04 18:52:00.414] daemon call ok method=ping id=110 bytes=38
[2026-09-04 18:52:05.410] daemon call ok method=ping id=111 bytes=38
[2026-09-04 18:52:10.411] daemon call ok method=ping id=112 bytes=38
[2026-09-04 18:52:15.412] daemon call ok method=ping id=113 bytes=38
[2026-09-04 18:52:20.417] daemon call ok method=ping id=114 bytes=38
[2026-09-04 18:52:25.412] daemon call ok method=ping id=115 bytes=38
[2026-09-04 18:52:30.411] daemon call ok method=ping id=116 bytes=38
[2026-09-04 18:52:35.416] daemon call ok method=ping id=117 bytes=38
[2026-09-04 18:52:40.415] daemon call ok method=ping id=118 bytes=38
[2026-09-04 18:52:45.412] daemon call ok method=ping id=119 bytes=38
[2026-09-04 18:52:50.413] daemon call ok method=ping id=120 bytes=38
[2026-09-04 18:52:55.412] daemon call ok method=ping id=121 bytes=38
[2026-09-04 18:53:00.412] daemon call ok method=ping id=122 bytes=38
[2026-09-04 18:53:05.411] daemon call ok method=ping id=123 bytes=38
[2026-09-04 18:53:10.424] daemon call ok method=ping id=124 bytes=38
[2026-09-04 18:53:15.412] daemon call ok method=ping id=125 bytes=38
[2026-09-04 18:53:20.411] daemon call ok method=ping id=126 bytes=38
[2026-09-04 18:53:25.410] daemon call ok method=ping id=127 bytes=38
[2026-09-04 18:53:30.413] daemon call ok method=ping id=128 bytes=38
[2026-09-04 18:53:35.411] daemon call ok method=ping id=129 bytes=38
[2026-09-04 18:53:40.411] daemon call ok method=ping id=130 bytes=38
[2026-09-04 18:53:45.412] daemon call ok method=ping id=131 bytes=38
[2026-09-04 18:53:50.411] daemon call ok method=ping id=132 bytes=38
[2026-09-04 18:53:55.414] daemon call ok method=ping id=133 bytes=38
[2026-09-04 18:54:00.413] daemon call ok method=ping id=134 bytes=38
[2026-09-04 18:54:05.412] daemon call ok method=ping id=135 bytes=38
[2026-09-04 18:54:10.412] daemon call ok method=ping id=136 bytes=38
[2026-09-04 18:54:15.413] daemon call ok method=ping id=137 bytes=38
[2026-09-04 18:54:20.415] daemon call ok method=ping id=138 bytes=38
[2026-09-04 18:54:25.417] daemon call ok method=ping id=139 bytes=38
[2026-09-04 18:54:30.413] daemon call ok method=ping id=140 bytes=38
[2026-09-04 18:54:35.413] daemon call ok method=ping id=141 bytes=38
[2026-09-04 18:54:40.411] daemon call ok method=ping id=142 bytes=38
[2026-09-04 18:54:45.413] daemon call ok method=ping id=143 bytes=38
[2026-09-04 18:54:50.413] daemon call ok method=ping id=144 bytes=38
[2026-09-04 18:54:55.414] daemon call ok method=ping id=145 bytes=38
[2026-09-04 18:55:00.413] daemon call ok method=ping id=146 bytes=38
[2026-09-04 18:55:05.413] daemon call ok method=ping id=147 bytes=38
[2026-09-04 18:55:10.412] daemon call ok method=ping id=148 bytes=38
[2026-09-04 18:55:15.416] daemon call ok method=ping id=149 bytes=38
[2026-09-04 18:55:20.412] daemon call ok method=ping id=150 bytes=38
[2026-09-04 18:55:25.412] daemon call ok method=ping id=151 bytes=38
[2026-09-04 18:55:30.413] daemon call ok method=ping id=152 bytes=38
[2026-09-04 18:55:35.412] daemon call ok method=ping id=153 bytes=38
[2026-09-04 18:55:40.414] daemon call ok method=ping id=154 bytes=38
[2026-09-04 18:55:45.414] daemon call ok method=ping id=155 bytes=38
[2026-09-04 18:55:50.412] daemon call ok method=ping id=156 bytes=38
[2026-09-04 18:55:55.413] daemon call ok method=ping id=157 bytes=38
[2026-09-04 18:56:00.414] daemon call ok method=ping id=158 bytes=38
[2026-09-04 18:56:05.414] daemon call ok method=ping id=159 bytes=38
[2026-09-04 18:56:10.413] daemon call ok method=ping id=160 bytes=38
[2026-09-04 18:56:15.413] daemon call ok method=ping id=161 bytes=38
[2026-09-04 18:56:20.414] daemon call ok method=ping id=162 bytes=38
[2026-09-04 18:56:25.414] daemon call ok method=ping id=163 bytes=38
[2026-09-04 18:56:30.414] daemon call ok method=ping id=164 bytes=38
[2026-09-04 18:56:35.414] daemon call ok method=ping id=165 bytes=38
[2026-09-04 18:56:40.414] daemon call ok method=ping id=166 bytes=38
[2026-09-04 18:56:45.414] daemon call ok method=ping id=167 bytes=38
[2026-09-04 18:56:50.412] daemon call ok method=ping id=168 bytes=38
[2026-09-04 18:56:55.414] daemon call ok method=ping id=169 bytes=38
[2026-09-04 18:57:00.414] daemon call ok method=ping id=170 bytes=38
[2026-09-04 18:57:05.415] daemon call ok method=ping id=171 bytes=38
[2026-09-04 18:57:10.415] daemon call ok method=ping id=172 bytes=38
[2026-09-04 18:57:15.414] daemon call ok method=ping id=173 bytes=38
[2026-09-04 18:57:20.417] daemon call ok method=ping id=174 bytes=38
[2026-09-04 18:57:25.417] daemon call ok method=ping id=175 bytes=38
[2026-09-04 18:57:30.415] daemon call ok method=ping id=176 bytes=38
[2026-09-04 18:57:35.415] daemon call ok method=ping id=177 bytes=38
[2026-09-04 18:57:40.417] daemon call ok method=ping id=178 bytes=38
[2026-09-04 18:57:45.415] daemon call ok method=ping id=179 bytes=38
[2026-09-04 18:57:50.417] daemon call ok method=ping id=180 bytes=38
[2026-09-04 18:57:55.416] daemon call ok method=ping id=181 bytes=38
[2026-09-04 18:58:00.415] daemon call ok method=ping id=182 bytes=38
[2026-09-04 18:58:05.416] daemon call ok method=ping id=183 bytes=38
[2026-09-04 18:58:10.415] daemon call ok method=ping id=184 bytes=38
[2026-09-04 18:58:15.417] daemon call ok method=ping id=185 bytes=38
[2026-09-04 18:58:20.415] daemon call ok method=ping id=186 bytes=38
[2026-09-04 18:58:25.415] daemon call ok method=ping id=187 bytes=38
[2026-09-04 18:58:30.416] daemon call ok method=ping id=188 bytes=38
[2026-09-04 18:58:35.414] daemon call ok method=ping id=189 bytes=38
[2026-09-04 18:58:40.415] daemon call ok method=ping id=190 bytes=38
[2026-09-04 18:58:45.414] daemon call ok method=ping id=191 bytes=38
[2026-09-04 18:58:50.417] daemon call ok method=ping id=192 bytes=38
[2026-09-04 18:58:55.415] daemon call ok method=ping id=193 bytes=38
[2026-09-04 18:59:00.423] daemon call ok method=ping id=194 bytes=38
[2026-09-04 18:59:05.418] daemon call ok method=ping id=195 bytes=38
[2026-09-04 18:59:10.416] daemon call ok method=ping id=196 bytes=38
[2026-09-04 18:59:15.417] daemon call ok method=ping id=197 bytes=38
[2026-09-04 18:59:20.415] daemon call ok method=ping id=198 bytes=38
[2026-09-04 18:59:25.416] daemon call ok method=ping id=199 bytes=38
[2026-09-04 18:59:30.427] daemon call ok method=ping id=200 bytes=38
[2026-09-04 18:59:35.415] daemon call ok method=ping id=201 bytes=38
[2026-09-04 18:59:40.416] daemon call ok method=ping id=202 bytes=38
[2026-09-04 18:59:45.417] daemon call ok method=ping id=203 bytes=38
[2026-09-04 18:59:50.415] daemon call ok method=ping id=204 bytes=38
[2026-09-04 18:59:55.419] daemon call ok method=ping id=205 bytes=38
[2026-09-04 19:00:00.415] daemon call ok method=ping id=206 bytes=38
[2026-09-04 19:00:05.415] daemon call ok method=ping id=207 bytes=38
[2026-09-04 19:00:10.414] daemon call ok method=ping id=208 bytes=38
[2026-09-04 19:00:15.417] daemon call ok method=ping id=209 bytes=38
[2026-09-04 19:00:20.416] daemon call ok method=ping id=210 bytes=38
[2026-09-04 19:00:25.414] daemon call ok method=ping id=211 bytes=38
[2026-09-04 19:00:30.416] daemon call ok method=ping id=212 bytes=38
[2026-09-04 19:00:35.416] daemon call ok method=ping id=213 bytes=38
[2026-09-04 19:00:40.414] daemon call ok method=ping id=214 bytes=38
[2026-09-04 19:00:45.417] daemon call ok method=ping id=215 bytes=38
[2026-09-04 19:00:50.417] daemon call ok method=ping id=216 bytes=38
[2026-09-04 19:00:55.416] daemon call ok method=ping id=217 bytes=38
[2026-09-04 19:01:00.416] daemon call ok method=ping id=218 bytes=38
[2026-09-04 19:01:05.416] daemon call ok method=ping id=219 bytes=38
[2026-09-04 19:01:10.417] daemon call ok method=ping id=220 bytes=38
[2026-09-04 19:01:15.417] daemon call ok method=ping id=221 bytes=38
[2026-09-04 19:01:20.424] daemon call ok method=ping id=222 bytes=38
[2026-09-04 19:01:25.416] daemon call ok method=ping id=223 bytes=38
[2026-09-04 19:01:30.422] daemon call ok method=ping id=224 bytes=38
[2026-09-04 19:01:35.418] daemon call ok method=ping id=225 bytes=38
[2026-09-04 19:01:40.429] daemon call ok method=ping id=226 bytes=38
[2026-09-04 19:01:45.418] daemon call ok method=ping id=227 bytes=38
[2026-09-04 19:01:50.417] daemon call ok method=ping id=228 bytes=38
[2026-09-04 19:01:55.418] daemon call ok method=ping id=229 bytes=38
[2026-09-04 19:02:00.420] daemon call ok method=ping id=230 bytes=38
[2026-09-04 19:02:05.419] daemon call ok method=ping id=231 bytes=38
[2026-09-04 19:02:10.416] daemon call ok method=ping id=232 bytes=38
[2026-09-04 19:02:15.416] daemon call ok method=ping id=233 bytes=38
[2026-09-04 19:02:20.418] daemon call ok method=ping id=234 bytes=38
[2026-09-04 19:02:25.417] daemon call ok method=ping id=235 bytes=38
[2026-09-04 19:02:30.416] daemon call ok method=ping id=236 bytes=38
[2026-09-04 19:02:35.417] daemon call ok method=ping id=237 bytes=38
[2026-09-04 19:02:40.416] daemon call ok method=ping id=238 bytes=38
[2026-09-04 19:02:45.417] daemon call ok method=ping id=239 bytes=38
[2026-09-04 19:02:50.425] daemon call ok method=ping id=240 bytes=38
[2026-09-04 19:02:55.418] daemon call ok method=ping id=241 bytes=38
[2026-09-04 19:03:00.417] daemon call ok method=ping id=242 bytes=38
[2026-09-04 19:03:05.418] daemon call ok method=ping id=243 bytes=38
[2026-09-04 19:03:10.418] daemon call ok method=ping id=244 bytes=38
[2026-09-04 19:03:15.414] daemon call ok method=ping id=245 bytes=38
[2026-09-04 19:03:20.411] daemon call ok method=ping id=246 bytes=38
[2026-09-04 19:03:25.412] daemon call ok method=ping id=247 bytes=38
[2026-09-04 19:03:30.409] daemon call ok method=ping id=248 bytes=38
[2026-09-04 19:03:35.407] daemon call ok method=ping id=249 bytes=38
[2026-09-04 19:03:40.407] daemon call ok method=ping id=250 bytes=38
[2026-09-04 19:03:45.414] daemon call ok method=ping id=251 bytes=38
[2026-09-04 19:03:50.406] daemon call ok method=ping id=252 bytes=38
[2026-09-04 19:03:55.406] daemon call ok method=ping id=253 bytes=38
[2026-09-04 19:04:00.407] daemon call ok method=ping id=254 bytes=38
[2026-09-04 19:04:05.406] daemon call ok method=ping id=255 bytes=38
[2026-09-04 19:04:10.405] daemon call ok method=ping id=256 bytes=38
[2026-09-04 19:04:15.409] daemon call ok method=ping id=257 bytes=38
[2026-09-04 19:04:20.405] daemon call ok method=ping id=258 bytes=38
[2026-09-04 19:04:25.407] daemon call ok method=ping id=259 bytes=38
[2026-09-04 19:04:30.406] daemon call ok method=ping id=260 bytes=38
[2026-09-04 19:04:35.406] daemon call ok method=ping id=261 bytes=38
[2026-09-04 19:04:40.406] daemon call ok method=ping id=262 bytes=38
[2026-09-04 19:04:45.405] daemon call ok method=ping id=263 bytes=38
[2026-09-04 19:04:50.405] daemon call ok method=ping id=264 bytes=38
[2026-09-04 19:04:55.407] daemon call ok method=ping id=265 bytes=38
[2026-09-04 19:05:00.405] daemon call ok method=ping id=266 bytes=38
[2026-09-04 19:05:05.417] daemon call ok method=ping id=267 bytes=38
[2026-09-04 19:05:10.409] daemon call ok method=ping id=268 bytes=38
[2026-09-04 19:05:15.406] daemon call ok method=ping id=269 bytes=38
[2026-09-04 19:05:20.404] daemon call ok method=ping id=270 bytes=38
[2026-09-04 19:05:25.406] daemon call ok method=ping id=271 bytes=38
[2026-09-04 19:05:30.405] daemon call ok method=ping id=272 bytes=38
[2026-09-04 19:05:35.407] daemon call ok method=ping id=273 bytes=38
[2026-09-04 19:05:40.406] daemon call ok method=ping id=274 bytes=38
[2026-09-04 19:05:45.405] daemon call ok method=ping id=275 bytes=38
[2026-09-04 19:05:50.406] daemon call ok method=ping id=276 bytes=38
[2026-09-04 19:05:55.407] daemon call ok method=ping id=277 bytes=38
[2026-09-04 19:06:00.406] daemon call ok method=ping id=278 bytes=38
[2026-09-04 19:06:05.408] daemon call ok method=ping id=279 bytes=38
[2026-09-04 19:06:10.406] daemon call ok method=ping id=280 bytes=38
[2026-09-04 19:06:15.406] daemon call ok method=ping id=281 bytes=38
[2026-09-04 19:06:20.407] daemon call ok method=ping id=282 bytes=38
[2026-09-04 19:06:25.407] daemon call ok method=ping id=283 bytes=38
[2026-09-04 19:06:30.408] daemon call ok method=ping id=284 bytes=38
[2026-09-04 19:06:35.407] daemon call ok method=ping id=285 bytes=38
[2026-09-04 19:06:40.408] daemon call ok method=ping id=286 bytes=38
[2026-09-04 19:06:45.408] daemon call ok method=ping id=287 bytes=38
[2026-09-04 19:06:50.407] daemon call ok method=ping id=288 bytes=38
[2026-09-04 19:06:55.407] daemon call ok method=ping id=289 bytes=38
[2026-09-04 19:07:00.408] daemon call ok method=ping id=290 bytes=38
[2026-09-04 19:07:05.407] daemon call ok method=ping id=291 bytes=38
[2026-09-04 19:07:10.408] daemon call ok method=ping id=292 bytes=38
[2026-09-04 19:07:15.416] daemon call ok method=ping id=293 bytes=38
[2026-09-04 19:07:20.407] daemon call ok method=ping id=294 bytes=38
[2026-09-04 19:07:25.407] daemon call ok method=ping id=295 bytes=38
[2026-09-04 19:07:30.407] daemon call ok method=ping id=296 bytes=38
[2026-09-04 19:07:35.408] daemon call ok method=ping id=297 bytes=38
[2026-09-04 19:07:40.406] daemon call ok method=ping id=298 bytes=38
[2026-09-04 19:07:45.407] daemon call ok method=ping id=299 bytes=38
[2026-09-04 19:07:50.408] daemon call ok method=ping id=300 bytes=38
[2026-09-04 19:07:55.407] daemon call ok method=ping id=301 bytes=38
[2026-09-04 19:08:00.408] daemon call ok method=ping id=302 bytes=38
[2026-09-04 19:08:05.408] daemon call ok method=ping id=303 bytes=38
[2026-09-04 19:08:10.408] daemon call ok method=ping id=304 bytes=38
[2026-09-04 19:08:15.409] daemon call ok method=ping id=305 bytes=38
[2026-09-04 19:08:20.408] daemon call ok method=ping id=306 bytes=38
[2026-09-04 19:08:25.407] daemon call ok method=ping id=307 bytes=38
[2026-09-04 19:08:30.406] daemon call ok method=ping id=308 bytes=38
[2026-09-04 19:08:35.408] daemon call ok method=ping id=309 bytes=38
[2026-09-04 19:08:40.407] daemon call ok method=ping id=310 bytes=38
[2026-09-04 19:08:45.407] daemon call ok method=ping id=311 bytes=38
[2026-09-04 19:08:50.407] daemon call ok method=ping id=312 bytes=38
[2026-09-04 19:08:55.408] daemon call ok method=ping id=313 bytes=38
[2026-09-04 19:09:00.406] daemon call ok method=ping id=314 bytes=38
[2026-09-04 19:09:05.407] daemon call ok method=ping id=315 bytes=38
[2026-09-04 19:09:10.408] daemon call ok method=ping id=316 bytes=38
[2026-09-04 19:09:15.410] daemon call ok method=ping id=317 bytes=38
[2026-09-04 19:09:20.408] daemon call ok method=ping id=318 bytes=38
[2026-09-04 19:09:25.408] daemon call ok method=ping id=319 bytes=38
[2026-09-04 19:09:30.411] daemon call ok method=ping id=320 bytes=38
[2026-09-04 19:09:35.409] daemon call ok method=ping id=321 bytes=38
[2026-09-04 19:09:40.406] daemon call ok method=ping id=322 bytes=38
[2026-09-04 19:09:45.406] daemon call ok method=ping id=323 bytes=38
[2026-09-04 19:09:50.408] daemon call ok method=ping id=324 bytes=38
[2026-09-04 19:09:55.408] daemon call ok method=ping id=325 bytes=38
[2026-09-04 19:10:00.407] daemon call ok method=ping id=326 bytes=38
[2026-09-04 19:10:05.408] daemon call ok method=ping id=327 bytes=38
[2026-09-04 19:10:10.408] daemon call ok method=ping id=328 bytes=38
[2026-09-04 19:10:15.408] daemon call ok method=ping id=329 bytes=38
[2026-09-04 19:10:20.409] daemon call ok method=ping id=330 bytes=38
[2026-09-04 19:10:25.408] daemon call ok method=ping id=331 bytes=38
[2026-09-04 19:10:30.406] daemon call ok method=ping id=332 bytes=38
[2026-09-04 19:10:35.408] daemon call ok method=ping id=333 bytes=38
[2026-09-04 19:10:40.409] daemon call ok method=ping id=334 bytes=38
[2026-09-04 19:10:45.409] daemon call ok method=ping id=335 bytes=38
[2026-09-04 19:10:50.408] daemon call ok method=ping id=336 bytes=38
[2026-09-04 19:10:55.406] daemon call ok method=ping id=337 bytes=38
[2026-09-04 19:11:00.409] daemon call ok method=ping id=338 bytes=38
[2026-09-04 19:11:05.406] daemon call ok method=ping id=339 bytes=38
[2026-09-04 19:11:10.406] daemon call ok method=ping id=340 bytes=38
[2026-09-04 19:11:15.409] daemon call ok method=ping id=341 bytes=38
[2026-09-04 19:11:20.408] daemon call ok method=ping id=342 bytes=38
[2026-09-04 19:11:25.409] daemon call ok method=ping id=343 bytes=38
[2026-09-04 19:11:30.408] daemon call ok method=ping id=344 bytes=38
[2026-09-04 19:11:35.409] daemon call ok method=ping id=345 bytes=38
[2026-09-04 19:11:40.406] daemon call ok method=ping id=346 bytes=38
[2026-09-04 19:11:45.407] daemon call ok method=ping id=347 bytes=38
[2026-09-04 19:11:50.409] daemon call ok method=ping id=348 bytes=38
[2026-09-04 19:11:55.415] daemon call ok method=ping id=349 bytes=38
[2026-09-04 19:12:00.408] daemon call ok method=ping id=350 bytes=38
[2026-09-04 19:12:05.407] daemon call ok method=ping id=351 bytes=38
[2026-09-04 19:12:10.407] daemon call ok method=ping id=352 bytes=38
[2026-09-04 19:12:15.409] daemon call ok method=ping id=353 bytes=38
[2026-09-04 19:12:20.408] daemon call ok method=ping id=354 bytes=38
[2026-09-04 19:12:25.409] daemon call ok method=ping id=355 bytes=38
[2026-09-04 19:12:30.408] daemon call ok method=ping id=356 bytes=38
[2026-09-04 19:12:35.409] daemon call ok method=ping id=357 bytes=38
[2026-09-04 19:12:40.410] daemon call ok method=ping id=358 bytes=38
[2026-09-04 19:12:45.409] daemon call ok method=ping id=359 bytes=38
[2026-09-04 19:12:50.410] daemon call ok method=ping id=360 bytes=38
[2026-09-04 19:12:55.410] daemon call ok method=ping id=361 bytes=38
[2026-09-04 19:18:00.551] run start daemon_tcp=127.0.0.1:8443 request_timeout=30s heartbeat=5s stdio_keepalive=45s
[2026-09-04 19:18:00.556] daemon dial begin tcp=127.0.0.1:8443
[2026-09-04 19:18:00.568] daemon call ok method=initialize id=1 bytes=257
[2026-09-04 19:18:00.572] daemon initialize ok
[2026-09-04 19:18:00.583] daemon call ok method=events/subscribe id=2 bytes=125
[2026-09-04 19:18:00.593] events/subscribe ok client_id=ide-ide-proxy
[2026-09-04 19:18:00.675] daemon notify queued method=notifications/event bytes=304
[2026-09-04 19:18:00.691] daemon notify queued method=notifications/message bytes=230
[2026-09-04 19:18:05.666] daemon call ok method=ping id=3 bytes=36
[2026-09-04 19:18:10.662] daemon call ok method=ping id=4 bytes=36
[2026-09-04 19:18:15.659] daemon call ok method=ping id=5 bytes=36
[2026-09-04 19:18:20.661] daemon call ok method=ping id=6 bytes=36
[2026-09-04 19:18:25.661] daemon call ok method=ping id=7 bytes=36
[2026-09-04 19:18:30.662] daemon call ok method=ping id=8 bytes=36
[2026-09-04 19:18:35.671] daemon call ok method=ping id=9 bytes=36
[2026-09-04 19:18:40.662] daemon call ok method=ping id=10 bytes=37
[2026-09-04 19:18:45.658] daemon call ok method=ping id=11 bytes=37
[2026-09-04 19:18:50.660] daemon call ok method=ping id=12 bytes=37
[2026-09-04 19:18:55.660] daemon call ok method=ping id=13 bytes=37
[2026-09-04 19:19:00.661] daemon call ok method=ping id=14 bytes=37
[2026-09-04 19:19:05.660] daemon call ok method=ping id=15 bytes=37
[2026-09-04 19:19:10.661] daemon call ok method=ping id=16 bytes=37
[2026-09-04 19:19:15.660] daemon call ok method=ping id=17 bytes=37
[2026-09-04 19:19:20.660] daemon call ok method=ping id=18 bytes=37
[2026-09-04 19:19:25.662] daemon call ok method=ping id=19 bytes=37
[2026-09-04 19:19:30.659] daemon call ok method=ping id=20 bytes=37
[2026-09-04 19:19:35.664] daemon call ok method=ping id=21 bytes=37
[2026-09-04 19:19:40.660] daemon call ok method=ping id=22 bytes=37
[2026-09-04 19:19:45.666] daemon call ok method=ping id=23 bytes=37
[2026-09-04 19:19:50.659] daemon call ok method=ping id=24 bytes=37
[2026-09-04 19:19:55.660] daemon call ok method=ping id=25 bytes=37
[2026-09-04 19:20:00.663] daemon call ok method=ping id=26 bytes=37
[2026-09-04 19:20:05.660] daemon call ok method=ping id=27 bytes=37
[2026-09-04 19:20:10.667] daemon call ok method=ping id=28 bytes=37
[2026-09-04 19:20:15.659] daemon call ok method=ping id=29 bytes=37
[2026-09-04 19:20:20.660] daemon call ok method=ping id=30 bytes=37
[2026-09-04 19:20:25.658] daemon call ok method=ping id=31 bytes=37
[2026-09-04 19:20:30.662] daemon call ok method=ping id=32 bytes=37
[2026-09-04 19:20:35.666] daemon call ok method=ping id=33 bytes=37
[2026-09-04 19:20:40.663] daemon call ok method=ping id=34 bytes=37
[2026-09-04 19:20:45.665] daemon call ok method=ping id=35 bytes=37
[2026-09-04 19:20:50.667] daemon call ok method=ping id=36 bytes=37
[2026-09-04 19:20:55.660] daemon call ok method=ping id=37 bytes=37
[2026-09-04 19:21:00.661] daemon call ok method=ping id=38 bytes=37
[2026-09-04 19:21:05.658] daemon call ok method=ping id=39 bytes=37
[2026-09-04 19:21:10.659] daemon call ok method=ping id=40 bytes=37
[2026-09-04 19:21:15.664] daemon call ok method=ping id=41 bytes=37
[2026-09-04 19:21:20.663] daemon call ok method=ping id=42 bytes=37
[2026-09-04 19:21:25.663] daemon call ok method=ping id=43 bytes=37
[2026-09-04 19:21:30.664] daemon call ok method=ping id=44 bytes=37
[2026-09-04 19:21:35.665] daemon call ok method=ping id=45 bytes=37
[2026-09-04 19:21:40.665] daemon call ok method=ping id=46 bytes=37
[2026-09-04 19:21:45.661] daemon call ok method=ping id=47 bytes=37
[2026-09-04 19:21:50.660] daemon call ok method=ping id=48 bytes=37
[2026-09-04 19:21:55.663] daemon call ok method=ping id=49 bytes=37
[2026-09-04 19:22:00.662] daemon call ok method=ping id=50 bytes=37
[2026-09-04 19:22:05.661] daemon call ok method=ping id=51 bytes=37
[2026-09-04 19:22:10.663] daemon call ok method=ping id=52 bytes=37
[2026-09-04 19:22:15.667] daemon call ok method=ping id=53 bytes=37
[2026-09-04 19:22:20.663] daemon call ok method=ping id=54 bytes=37
[2026-09-04 19:22:25.665] daemon call ok method=ping id=55 bytes=37
[2026-09-04 19:22:30.672] daemon call ok method=ping id=56 bytes=37
[2026-09-04 19:22:35.666] daemon call ok method=ping id=57 bytes=37
[2026-09-04 19:22:40.661] daemon call ok method=ping id=58 bytes=37
[2026-09-04 19:22:45.664] daemon call ok method=ping id=59 bytes=37
[2026-09-04 19:22:50.659] daemon call ok method=ping id=60 bytes=37
[2026-09-04 19:22:55.663] daemon call ok method=ping id=61 bytes=37
[2026-09-04 19:23:00.664] daemon call ok method=ping id=62 bytes=37
[2026-09-04 19:23:05.661] daemon call ok method=ping id=63 bytes=37
[2026-09-04 19:23:10.663] daemon call ok method=ping id=64 bytes=37
[2026-09-04 19:23:15.661] daemon call ok method=ping id=65 bytes=37
[2026-09-04 19:23:20.663] daemon call ok method=ping id=66 bytes=37
[2026-09-04 19:23:25.666] daemon call ok method=ping id=67 bytes=37
[2026-09-04 19:23:30.671] daemon call ok method=ping id=68 bytes=37
[2026-09-04 19:23:35.677] daemon call ok method=ping id=69 bytes=37
[2026-09-04 19:23:40.683] daemon call ok method=ping id=70 bytes=37
[2026-09-04 19:23:45.661] daemon call ok method=ping id=71 bytes=37
[2026-09-04 19:23:50.669] daemon call ok method=ping id=72 bytes=37
[2026-09-04 19:23:55.667] daemon call ok method=ping id=73 bytes=37
[2026-09-04 19:24:00.666] daemon call ok method=ping id=74 bytes=37
[2026-09-04 19:24:05.665] daemon call ok method=ping id=75 bytes=37
[2026-09-04 19:24:10.665] daemon call ok method=ping id=76 bytes=37
[2026-09-04 19:24:15.660] daemon call ok method=ping id=77 bytes=37
[2026-09-04 19:24:20.662] daemon call ok method=ping id=78 bytes=37
[2026-09-04 19:24:25.663] daemon call ok method=ping id=79 bytes=37
[2026-09-04 19:24:30.652] daemon call ok method=ping id=80 bytes=37
[2026-09-04 19:24:35.667] daemon call ok method=ping id=81 bytes=37
[2026-09-04 19:24:40.648] daemon call ok method=ping id=82 bytes=37
[2026-09-04 19:24:45.641] daemon call ok method=ping id=83 bytes=37
[2026-09-04 19:24:50.637] daemon call ok method=ping id=84 bytes=37
[2026-09-04 19:24:55.636] daemon call ok method=ping id=85 bytes=37
[2026-09-04 19:25:00.637] daemon call ok method=ping id=86 bytes=37
[2026-09-04 19:25:05.634] daemon call ok method=ping id=87 bytes=37
[2026-09-04 19:25:10.634] daemon call ok method=ping id=88 bytes=37
[2026-09-04 19:25:15.636] daemon call ok method=ping id=89 bytes=37
[2026-09-04 19:25:20.633] daemon call ok method=ping id=90 bytes=37
[2026-09-04 19:25:25.631] daemon call ok method=ping id=91 bytes=37
[2026-09-04 19:25:30.633] daemon call ok method=ping id=92 bytes=37
[2026-09-04 19:25:35.631] daemon call ok method=ping id=93 bytes=37
[2026-09-04 19:25:40.633] daemon call ok method=ping id=94 bytes=37
[2026-09-04 19:25:45.635] daemon call ok method=ping id=95 bytes=37
[2026-09-04 19:25:50.633] daemon call ok method=ping id=96 bytes=37
[2026-09-04 19:25:55.648] daemon call ok method=ping id=97 bytes=37
[2026-09-04 19:26:00.633] daemon call ok method=ping id=98 bytes=37
[2026-09-04 19:26:05.632] daemon call ok method=ping id=99 bytes=37
[2026-09-04 19:26:10.635] daemon call ok method=ping id=100 bytes=38
[2026-09-04 19:26:15.634] daemon call ok method=ping id=101 bytes=38
[2026-09-04 19:26:20.631] daemon call ok method=ping id=102 bytes=38
[2026-09-04 19:26:25.635] daemon call ok method=ping id=103 bytes=38
[2026-09-04 19:26:30.631] daemon call ok method=ping id=104 bytes=38
[2026-09-04 19:26:35.630] daemon call ok method=ping id=105 bytes=38
[2026-09-04 19:26:40.634] daemon call ok method=ping id=106 bytes=38
[2026-09-04 19:26:45.640] daemon call ok method=ping id=107 bytes=38
[2026-09-04 19:26:50.633] daemon call ok method=ping id=108 bytes=38
[2026-09-04 19:26:55.631] daemon call ok method=ping id=109 bytes=38
[2026-09-04 19:27:00.651] daemon call ok method=ping id=110 bytes=38
[2026-09-04 19:27:05.637] daemon call ok method=ping id=111 bytes=38
[2026-09-04 19:27:10.629] daemon call ok method=ping id=112 bytes=38
[2026-09-04 19:27:15.632] daemon call ok method=ping id=113 bytes=38
[2026-09-04 19:27:20.628] daemon call ok method=ping id=114 bytes=38
[2026-09-04 19:27:25.632] daemon call ok method=ping id=115 bytes=38
[2026-09-04 19:27:30.632] daemon call ok method=ping id=116 bytes=38
[2026-09-04 19:27:35.646] daemon call ok method=ping id=117 bytes=38
[2026-09-04 19:27:40.631] daemon call ok method=ping id=118 bytes=38
[2026-09-04 19:27:45.630] daemon call ok method=ping id=119 bytes=38
[2026-09-04 19:27:50.630] daemon call ok method=ping id=120 bytes=38
[2026-09-04 19:27:55.629] daemon call ok method=ping id=121 bytes=38
[2026-09-04 19:28:00.636] daemon call ok method=ping id=122 bytes=38
[2026-09-04 19:28:05.639] daemon call ok method=ping id=123 bytes=38
[2026-09-04 19:28:10.632] daemon call ok method=ping id=124 bytes=38
[2026-09-04 19:28:15.633] daemon call ok method=ping id=125 bytes=38
[2026-09-04 19:28:20.640] daemon call ok method=ping id=126 bytes=38
[2026-09-04 19:28:25.629] daemon call ok method=ping id=127 bytes=38
[2026-09-04 19:28:30.633] daemon call ok method=ping id=128 bytes=38
[2026-09-04 19:28:35.631] daemon call ok method=ping id=129 bytes=38
[2026-09-04 19:28:40.628] daemon call ok method=ping id=130 bytes=38
[2026-09-04 19:28:45.634] daemon call ok method=ping id=131 bytes=38
[2026-09-04 19:28:50.635] daemon call ok method=ping id=132 bytes=38
[2026-09-04 19:28:55.631] daemon call ok method=ping id=133 bytes=38
[2026-09-04 19:29:00.632] daemon call ok method=ping id=134 bytes=38
[2026-09-04 19:29:05.631] daemon call ok method=ping id=135 bytes=38
[2026-09-04 19:29:10.632] daemon call ok method=ping id=136 bytes=38
[2026-09-04 19:29:15.630] daemon call ok method=ping id=137 bytes=38
[2026-09-04 19:29:20.631] daemon call ok method=ping id=138 bytes=38
[2026-09-04 19:29:25.632] daemon call ok method=ping id=139 bytes=38
[2026-09-04 19:29:30.631] daemon call ok method=ping id=140 bytes=38
[2026-09-04 19:29:35.630] daemon call ok method=ping id=141 bytes=38
[2026-09-04 19:29:40.631] daemon call ok method=ping id=142 bytes=38
[2026-09-04 19:29:45.634] daemon call ok method=ping id=143 bytes=38
[2026-09-04 19:29:50.639] daemon call ok method=ping id=144 bytes=38
[2026-09-04 19:29:55.629] daemon call ok method=ping id=145 bytes=38
[2026-09-04 19:30:00.631] daemon call ok method=ping id=146 bytes=38
[2026-09-04 19:30:05.634] daemon call ok method=ping id=147 bytes=38
[2026-09-04 19:30:10.630] daemon call ok method=ping id=148 bytes=38
[2026-09-04 19:30:15.629] daemon call ok method=ping id=149 bytes=38
[2026-09-04 19:30:20.633] daemon call ok method=ping id=150 bytes=38
[2026-09-04 19:30:25.640] daemon call ok method=ping id=151 bytes=38
[2026-09-04 19:30:30.631] daemon call ok method=ping id=152 bytes=38
[2026-09-04 19:30:35.629] daemon call ok method=ping id=153 bytes=38
[2026-09-04 19:30:40.628] daemon call ok method=ping id=154 bytes=38
[2026-09-04 19:30:45.634] daemon call ok method=ping id=155 bytes=38
[2026-09-04 19:30:50.635] daemon call ok method=ping id=156 bytes=38
[2026-09-04 19:30:55.630] daemon call ok method=ping id=157 bytes=38
[2026-09-04 19:31:00.629] daemon call ok method=ping id=158 bytes=38
[2026-09-04 19:31:05.639] daemon call ok method=ping id=159 bytes=38
[2026-09-04 19:31:10.629] daemon call ok method=ping id=160 bytes=38
[2026-09-04 19:31:15.638] daemon call ok method=ping id=161 bytes=38
[2026-09-04 19:31:20.632] daemon call ok method=ping id=162 bytes=38
[2026-09-04 19:31:25.640] daemon call ok method=ping id=163 bytes=38
[2026-09-04 19:31:30.632] daemon call ok method=ping id=164 bytes=38
[2026-09-04 19:31:35.630] daemon call ok method=ping id=165 bytes=38
[2026-09-04 19:31:40.631] daemon call ok method=ping id=166 bytes=38
[2026-09-04 19:31:45.632] daemon call ok method=ping id=167 bytes=38
[2026-09-04 19:31:50.629] daemon call ok method=ping id=168 bytes=38
[2026-09-04 19:31:55.629] daemon call ok method=ping id=169 bytes=38
[2026-09-04 19:32:00.640] daemon call ok method=ping id=170 bytes=38
[2026-09-04 19:32:05.633] daemon call ok method=ping id=171 bytes=38
[2026-09-04 19:32:10.633] daemon call ok method=ping id=172 bytes=38
[2026-09-04 19:32:15.630] daemon call ok method=ping id=173 bytes=38
[2026-09-04 19:32:20.630] daemon call ok method=ping id=174 bytes=38
[2026-09-04 19:32:25.635] daemon call ok method=ping id=175 bytes=38
[2026-09-04 19:32:30.632] daemon call ok method=ping id=176 bytes=38
[2026-09-04 19:32:35.632] daemon call ok method=ping id=177 bytes=38
[2026-09-04 19:32:40.630] daemon call ok method=ping id=178 bytes=38
[2026-09-04 19:32:45.645] daemon call ok method=ping id=179 bytes=38
[2026-09-04 19:32:50.631] daemon call ok method=ping id=180 bytes=38
[2026-09-04 19:32:55.630] daemon call ok method=ping id=181 bytes=38
[2026-09-04 19:33:00.634] daemon call ok method=ping id=182 bytes=38
[2026-09-04 19:33:05.629] daemon call ok method=ping id=183 bytes=38
[2026-09-04 19:33:10.634] daemon call ok method=ping id=184 bytes=38
[2026-09-04 19:33:15.630] daemon call ok method=ping id=185 bytes=38
[2026-09-04 19:33:20.629] daemon call ok method=ping id=186 bytes=38
[2026-09-04 19:33:25.642] daemon call ok method=ping id=187 bytes=38
[2026-09-04 19:33:30.634] daemon call ok method=ping id=188 bytes=38
[2026-09-04 19:33:35.637] daemon call ok method=ping id=189 bytes=38
[2026-09-04 19:33:40.633] daemon call ok method=ping id=190 bytes=38
[2026-09-04 19:33:45.628] daemon call ok method=ping id=191 bytes=38
[2026-09-04 19:33:50.632] daemon call ok method=ping id=192 bytes=38
[2026-09-04 19:33:55.630] daemon call ok method=ping id=193 bytes=38
[2026-09-04 19:34:00.639] daemon call ok method=ping id=194 bytes=38
[2026-09-04 19:34:05.628] daemon call ok method=ping id=195 bytes=38
[2026-09-04 19:34:10.628] daemon call ok method=ping id=196 bytes=38
[2026-09-04 19:34:15.629] daemon call ok method=ping id=197 bytes=38
[2026-09-04 19:34:20.631] daemon call ok method=ping id=198 bytes=38
[2026-09-04 19:34:25.636] daemon call ok method=ping id=199 bytes=38
[2026-09-04 19:34:30.632] daemon call ok method=ping id=200 bytes=38
[2026-09-04 19:34:35.633] daemon call ok method=ping id=201 bytes=38
[2026-09-04 19:34:40.633] daemon call ok method=ping id=202 bytes=38
[2026-09-04 19:34:45.630] daemon call ok method=ping id=203 bytes=38
[2026-09-04 19:34:50.637] daemon call ok method=ping id=204 bytes=38
[2026-09-04 19:34:55.629] daemon call ok method=ping id=205 bytes=38
[2026-09-04 19:35:00.635] daemon call ok method=ping id=206 bytes=38
[2026-09-04 19:35:05.632] daemon call ok method=ping id=207 bytes=38
[2026-09-04 19:35:10.631] daemon call ok method=ping id=208 bytes=38
[2026-09-04 19:35:15.631] daemon call ok method=ping id=209 bytes=38
[2026-09-04 19:35:20.639] daemon call ok method=ping id=210 bytes=38
[2026-09-04 19:35:25.630] daemon call ok method=ping id=211 bytes=38
[2026-09-04 19:35:30.630] daemon call ok method=ping id=212 bytes=38
[2026-09-04 19:35:35.638] daemon call ok method=ping id=213 bytes=38
[2026-09-04 19:35:40.630] daemon call ok method=ping id=214 bytes=38
[2026-09-04 19:35:45.630] daemon call ok method=ping id=215 bytes=38
[2026-09-04 19:35:50.631] daemon call ok method=ping id=216 bytes=38
[2026-09-04 19:35:55.628] daemon call ok method=ping id=217 bytes=38
[2026-09-04 19:36:00.630] daemon call ok method=ping id=218 bytes=38
[2026-09-04 19:36:05.629] daemon call ok method=ping id=219 bytes=38
[2026-09-04 19:36:10.628] daemon call ok method=ping id=220 bytes=38
[2026-09-04 19:36:15.636] daemon call ok method=ping id=221 bytes=38
[2026-09-04 19:36:20.634] daemon call ok method=ping id=222 bytes=38
[2026-09-04 19:36:25.629] daemon call ok method=ping id=223 bytes=38
[2026-09-04 19:36:30.629] daemon call ok method=ping id=224 bytes=38
[2026-09-04 19:36:35.631] daemon call ok method=ping id=225 bytes=38
[2026-09-04 19:36:40.631] daemon call ok method=ping id=226 bytes=38
[2026-09-04 19:36:45.629] daemon call ok method=ping id=227 bytes=38
[2026-09-04 19:36:50.630] daemon call ok method=ping id=228 bytes=38
[2026-09-04 19:36:55.629] daemon call ok method=ping id=229 bytes=38
[2026-09-04 19:37:00.629] daemon call ok method=ping id=230 bytes=38
[2026-09-04 19:37:05.635] daemon call ok method=ping id=231 bytes=38
[2026-09-04 19:37:10.630] daemon call ok method=ping id=232 bytes=38
[2026-09-04 19:37:15.629] daemon call ok method=ping id=233 bytes=38
[2026-09-04 19:37:20.632] daemon call ok method=ping id=234 bytes=38
[2026-09-04 19:37:25.635] daemon call ok method=ping id=235 bytes=38
[2026-09-04 19:37:30.633] daemon call ok method=ping id=236 bytes=38
[2026-09-04 19:37:35.628] daemon call ok method=ping id=237 bytes=38
[2026-09-04 19:37:40.629] daemon call ok method=ping id=238 bytes=38
[2026-09-04 19:37:45.629] daemon call ok method=ping id=239 bytes=38
[2026-09-04 19:37:50.630] daemon call ok method=ping id=240 bytes=38
[2026-09-04 19:37:55.639] daemon call ok method=ping id=241 bytes=38
[2026-09-04 19:38:00.643] daemon call ok method=ping id=242 bytes=38
[2026-09-04 19:38:05.632] daemon call ok method=ping id=243 bytes=38
[2026-09-04 19:38:10.629] daemon call ok method=ping id=244 bytes=38
[2026-09-04 19:38:15.632] daemon call ok method=ping id=245 bytes=38
[2026-09-04 19:38:20.629] daemon call ok method=ping id=246 bytes=38
[2026-09-04 19:38:25.632] daemon call ok method=ping id=247 bytes=38
[2026-09-04 19:38:30.636] daemon call ok method=ping id=248 bytes=38
[2026-09-04 19:38:35.631] daemon call ok method=ping id=249 bytes=38
[2026-09-04 19:38:40.644] daemon call ok method=ping id=250 bytes=38
[2026-09-04 19:38:45.631] daemon call ok method=ping id=251 bytes=38
[2026-09-04 19:38:50.628] daemon call ok method=ping id=252 bytes=38
[2026-09-04 19:38:55.629] daemon call ok method=ping id=253 bytes=38
[2026-09-04 19:39:00.635] daemon call ok method=ping id=254 bytes=38
[2026-09-04 19:39:05.638] daemon call ok method=ping id=255 bytes=38
[2026-09-04 19:39:10.629] daemon call ok method=ping id=256 bytes=38
[2026-09-04 19:39:15.634] daemon call ok method=ping id=257 bytes=38
[2026-09-04 19:39:20.629] daemon call ok method=ping id=258 bytes=38
[2026-09-04 19:39:25.635] daemon call ok method=ping id=259 bytes=38
[2026-09-04 19:39:30.629] daemon call ok method=ping id=260 bytes=38
[2026-09-04 19:39:35.627] daemon call ok method=ping id=261 bytes=38
[2026-09-04 19:39:40.631] daemon call ok method=ping id=262 bytes=38
[2026-09-04 19:39:45.629] daemon call ok method=ping id=263 bytes=38
[2026-09-04 19:39:50.631] daemon call ok method=ping id=264 bytes=38
[2026-09-04 19:39:55.629] daemon call ok method=ping id=265 bytes=38
[2026-09-04 19:40:00.627] daemon call ok method=ping id=266 bytes=38
[2026-09-04 19:40:05.630] daemon call ok method=ping id=267 bytes=38
[2026-09-04 19:40:10.632] daemon call ok method=ping id=268 bytes=38
[2026-09-04 19:40:15.628] daemon call ok method=ping id=269 bytes=38
[2026-09-04 19:40:20.634] daemon call ok method=ping id=270 bytes=38
[2026-09-04 19:40:25.632] daemon call ok method=ping id=271 bytes=38
[2026-09-04 19:40:30.631] daemon call ok method=ping id=272 bytes=38
[2026-09-04 19:40:35.629] daemon call ok method=ping id=273 bytes=38
[2026-09-04 19:40:40.633] daemon call ok method=ping id=274 bytes=38
[2026-09-04 19:40:45.633] daemon call ok method=ping id=275 bytes=38
[2026-09-04 19:40:50.629] daemon call ok method=ping id=276 bytes=38
[2026-09-04 19:40:55.629] daemon call ok method=ping id=277 bytes=38
[2026-09-04 19:41:00.636] daemon call ok method=ping id=278 bytes=38
[2026-09-04 19:41:05.630] daemon call ok method=ping id=279 bytes=38
[2026-09-04 19:41:10.636] daemon call ok method=ping id=280 bytes=38
[2026-09-04 19:41:15.628] daemon call ok method=ping id=281 bytes=38
[2026-09-04 19:41:20.632] daemon call ok method=ping id=282 bytes=38
[2026-09-04 19:41:25.630] daemon call ok method=ping id=283 bytes=38
[2026-09-04 19:41:30.630] daemon call ok method=ping id=284 bytes=38
[2026-09-04 19:41:35.631] daemon call ok method=ping id=285 bytes=38
[2026-09-04 19:41:40.628] daemon call ok method=ping id=286 bytes=38
[2026-09-04 19:41:45.632] daemon call ok method=ping id=287 bytes=38
[2026-09-04 19:41:50.635] daemon call ok method=ping id=288 bytes=38
[2026-09-04 19:41:55.630] daemon call ok method=ping id=289 bytes=38
[2026-09-04 19:42:00.638] daemon call ok method=ping id=290 bytes=38
[2026-09-04 19:42:05.629] daemon call ok method=ping id=291 bytes=38
[2026-09-04 19:42:10.634] daemon call ok method=ping id=292 bytes=38
[2026-09-04 19:42:15.628] daemon call ok method=ping id=293 bytes=38
[2026-09-04 19:42:20.629] daemon call ok method=ping id=294 bytes=38
[2026-09-04 19:42:25.635] daemon call ok method=ping id=295 bytes=38
[2026-09-04 19:42:30.634] daemon call ok method=ping id=296 bytes=38
[2026-09-04 19:42:35.629] daemon call ok method=ping id=297 bytes=38
[2026-09-04 19:42:40.632] daemon call ok method=ping id=298 bytes=38
[2026-09-04 19:42:45.630] daemon call ok method=ping id=299 bytes=38
[2026-09-04 19:42:50.634] daemon call ok method=ping id=300 bytes=38
[2026-09-04 19:42:55.631] daemon call ok method=ping id=301 bytes=38
[2026-09-04 19:43:00.632] daemon call ok method=ping id=302 bytes=38
[2026-09-04 19:43:05.629] daemon call ok method=ping id=303 bytes=38
[2026-09-04 19:43:10.631] daemon call ok method=ping id=304 bytes=38
[2026-09-04 19:43:15.634] daemon call ok method=ping id=305 bytes=38
[2026-09-04 19:43:20.631] daemon call ok method=ping id=306 bytes=38
[2026-09-04 19:43:25.629] daemon call ok method=ping id=307 bytes=38
[2026-09-04 19:43:30.629] daemon call ok method=ping id=308 bytes=38
[2026-09-04 19:43:35.628] daemon call ok method=ping id=309 bytes=38
[2026-09-04 19:43:40.630] daemon call ok method=ping id=310 bytes=38
[2026-09-04 19:43:45.632] daemon call ok method=ping id=311 bytes=38
[2026-09-04 19:43:50.628] daemon call ok method=ping id=312 bytes=38
[2026-09-04 19:43:55.637] daemon call ok method=ping id=313 bytes=38
[2026-09-04 19:44:00.632] daemon call ok method=ping id=314 bytes=38
[2026-09-04 19:44:05.639] daemon call ok method=ping id=315 bytes=38
[2026-09-04 19:44:10.630] daemon call ok method=ping id=316 bytes=38
[2026-09-04 19:44:15.629] daemon call ok method=ping id=317 bytes=38
[2026-09-04 19:44:20.628] daemon call ok method=ping id=318 bytes=38
[2026-09-04 19:44:25.629] daemon call ok method=ping id=319 bytes=38
[2026-09-04 19:44:30.631] daemon call ok method=ping id=320 bytes=38
[2026-09-04 19:44:35.633] daemon call ok method=ping id=321 bytes=38
[2026-09-04 19:44:40.627] daemon call ok method=ping id=322 bytes=38
[2026-09-04 19:44:45.633] daemon call ok method=ping id=323 bytes=38
[2026-09-04 19:44:50.634] daemon call ok method=ping id=324 bytes=38
[2026-09-04 19:44:55.630] daemon call ok method=ping id=325 bytes=38
[2026-09-04 19:45:00.634] daemon call ok method=ping id=326 bytes=38
[2026-09-04 19:45:05.630] daemon call ok method=ping id=327 bytes=38
[2026-09-04 19:45:10.630] daemon call ok method=ping id=328 bytes=38
[2026-09-04 19:45:15.632] daemon call ok method=ping id=329 bytes=38
[2026-09-04 19:45:20.628] daemon call ok method=ping id=330 bytes=38
[2026-09-04 19:45:25.628] daemon call ok method=ping id=331 bytes=38
[2026-09-04 19:45:30.640] daemon call ok method=ping id=332 bytes=38
[2026-09-04 19:45:35.647] daemon call ok method=ping id=333 bytes=38
[2026-09-04 19:45:40.633] daemon call ok method=ping id=334 bytes=38
[2026-09-04 19:45:45.631] daemon call ok method=ping id=335 bytes=38
[2026-09-04 19:45:50.629] daemon call ok method=ping id=336 bytes=38
[2026-09-04 19:45:55.629] daemon call ok method=ping id=337 bytes=38
[2026-09-04 19:46:00.633] daemon call ok method=ping id=338 bytes=38
[2026-09-04 19:46:05.629] daemon call ok method=ping id=339 bytes=38
[2026-09-04 19:46:10.632] daemon call ok method=ping id=340 bytes=38
[2026-09-04 19:46:15.632] daemon call ok method=ping id=341 bytes=38
[2026-09-04 19:46:20.633] daemon call ok method=ping id=342 bytes=38
[2026-09-04 19:46:25.628] daemon call ok method=ping id=343 bytes=38
[2026-09-04 19:46:30.621] daemon call ok method=ping id=344 bytes=38
[2026-09-04 19:46:35.617] daemon call ok method=ping id=345 bytes=38
[2026-09-04 19:46:40.615] daemon call ok method=ping id=346 bytes=38
[2026-09-04 19:46:45.608] daemon call ok method=ping id=347 bytes=38
[2026-09-04 19:46:50.609] daemon call ok method=ping id=348 bytes=38
[2026-09-04 19:46:55.610] daemon call ok method=ping id=349 bytes=38
[2026-09-04 19:47:00.612] daemon call ok method=ping id=350 bytes=38
[2026-09-04 19:47:05.606] daemon call ok method=ping id=351 bytes=38
[2026-09-04 19:47:10.605] daemon call ok method=ping id=352 bytes=38
[2026-09-04 19:47:15.612] daemon call ok method=ping id=353 bytes=38
[2026-09-04 19:47:20.607] daemon call ok method=ping id=354 bytes=38
[2026-09-04 19:47:25.607] daemon call ok method=ping id=355 bytes=38
[2026-09-04 19:47:30.605] daemon call ok method=ping id=356 bytes=38
[2026-09-04 19:47:35.606] daemon call ok method=ping id=357 bytes=38
[2026-09-04 19:47:40.604] daemon call ok method=ping id=358 bytes=38
[2026-09-04 19:47:45.607] daemon call ok method=ping id=359 bytes=38
[2026-09-04 19:47:50.608] daemon call ok method=ping id=360 bytes=38
[2026-09-04 19:47:55.603] daemon call ok method=ping id=361 bytes=38
[2026-09-04 19:53:00.617] run start daemon_tcp=127.0.0.1:8443 request_timeout=30s heartbeat=5s stdio_keepalive=45s
[2026-09-04 19:53:00.627] daemon dial begin tcp=127.0.0.1:8443
[2026-09-04 19:53:00.639] daemon call ok method=initialize id=1 bytes=257
[2026-09-04 19:53:00.644] daemon initialize ok
[2026-09-04 19:53:00.653] daemon call ok method=events/subscribe id=2 bytes=125
[2026-09-04 19:53:00.658] events/subscribe ok client_id=ide-ide-proxy
[2026-09-04 19:53:00.751] daemon notify queued method=notifications/event bytes=304
[2026-09-04 19:53:00.755] daemon notify queued method=notifications/message bytes=230
[2026-09-04 19:53:05.722] daemon call ok method=ping id=3 bytes=36
[2026-09-04 19:53:10.721] daemon call ok method=ping id=4 bytes=36
[2026-09-04 19:53:15.722] daemon call ok method=ping id=5 bytes=36
[2026-09-04 19:53:20.720] daemon call ok method=ping id=6 bytes=36
[2026-09-04 19:53:25.721] daemon call ok method=ping id=7 bytes=36
[2026-09-04 19:53:30.723] daemon call ok method=ping id=8 bytes=36
[2026-09-04 19:53:35.726] daemon call ok method=ping id=9 bytes=36
[2026-09-04 19:53:40.722] daemon call ok method=ping id=10 bytes=37
[2026-09-04 19:53:45.720] daemon call ok method=ping id=11 bytes=37
[2026-09-04 19:53:50.725] daemon call ok method=ping id=12 bytes=37
[2026-09-04 19:53:55.722] daemon call ok method=ping id=13 bytes=37
[2026-09-04 19:54:00.720] daemon call ok method=ping id=14 bytes=37
[2026-09-04 19:54:05.720] daemon call ok method=ping id=15 bytes=37
[2026-09-04 19:54:10.723] daemon call ok method=ping id=16 bytes=37
[2026-09-04 19:54:15.721] daemon call ok method=ping id=17 bytes=37
[2026-09-04 19:54:20.720] daemon call ok method=ping id=18 bytes=37
[2026-09-04 19:54:25.721] daemon call ok method=ping id=19 bytes=37
[2026-09-04 19:54:30.727] daemon call ok method=ping id=20 bytes=37
[2026-09-04 19:54:35.721] daemon call ok method=ping id=21 bytes=37
[2026-09-04 19:54:40.726] daemon call ok method=ping id=22 bytes=37
[2026-09-04 19:54:45.721] daemon call ok method=ping id=23 bytes=37
[2026-09-04 19:54:50.721] daemon call ok method=ping id=24 bytes=37
[2026-09-04 19:54:55.719] daemon call ok method=ping id=25 bytes=37
[2026-09-04 19:55:00.720] daemon call ok method=ping id=26 bytes=37
[2026-09-04 19:55:05.719] daemon call ok method=ping id=27 bytes=37
[2026-09-04 19:55:10.719] daemon call ok method=ping id=28 bytes=37
[2026-09-04 19:55:15.719] daemon call ok method=ping id=29 bytes=37
[2026-09-04 19:55:20.720] daemon call ok method=ping id=30 bytes=37
[2026-09-04 19:55:25.720] daemon call ok method=ping id=31 bytes=37
[2026-09-04 19:55:30.723] daemon call ok method=ping id=32 bytes=37
[2026-09-04 19:55:35.719] daemon call ok method=ping id=33 bytes=37
[2026-09-04 19:55:40.719] daemon call ok method=ping id=34 bytes=37
[2026-09-04 19:55:45.720] daemon call ok method=ping id=35 bytes=37
[2026-09-04 19:55:50.720] daemon call ok method=ping id=36 bytes=37
[2026-09-04 19:55:55.721] daemon call ok method=ping id=37 bytes=37
[2026-09-04 19:56:00.720] daemon call ok method=ping id=38 bytes=37
[2026-09-04 19:56:05.720] daemon call ok method=ping id=39 bytes=37
[2026-09-04 19:56:10.724] daemon call ok method=ping id=40 bytes=37
[2026-09-04 19:56:15.720] daemon call ok method=ping id=41 bytes=37
[2026-09-04 19:56:20.722] daemon call ok method=ping id=42 bytes=37
[2026-09-04 19:56:25.722] daemon call ok method=ping id=43 bytes=37
[2026-09-04 19:56:30.720] daemon call ok method=ping id=44 bytes=37
[2026-09-04 19:56:35.727] daemon call ok method=ping id=45 bytes=37
[2026-09-04 19:56:40.719] daemon call ok method=ping id=46 bytes=37
[2026-09-04 19:56:45.723] daemon call ok method=ping id=47 bytes=37
[2026-09-04 19:56:50.720] daemon call ok method=ping id=48 bytes=37
[2026-09-04 19:56:55.719] daemon call ok method=ping id=49 bytes=37
[2026-09-04 19:57:00.736] daemon call ok method=ping id=50 bytes=37
[2026-09-04 19:57:05.719] daemon call ok method=ping id=51 bytes=37
[2026-09-04 19:57:10.718] daemon call ok method=ping id=52 bytes=37
[2026-09-04 19:57:15.719] daemon call ok method=ping id=53 bytes=37
[2026-09-04 19:57:20.722] daemon call ok method=ping id=54 bytes=37
[2026-09-04 19:57:25.720] daemon call ok method=ping id=55 bytes=37
[2026-09-04 19:57:30.718] daemon call ok method=ping id=56 bytes=37
[2026-09-04 19:57:35.721] daemon call ok method=ping id=57 bytes=37
[2026-09-04 19:57:40.718] daemon call ok method=ping id=58 bytes=37
[2026-09-04 19:57:45.721] daemon call ok method=ping id=59 bytes=37
[2026-09-04 19:57:50.718] daemon call ok method=ping id=60 bytes=37
[2026-09-04 19:57:55.719] daemon call ok method=ping id=61 bytes=37
[2026-09-04 19:58:00.721] daemon call ok method=ping id=62 bytes=37
[2026-09-04 19:58:05.719] daemon call ok method=ping id=63 bytes=37
[2026-09-04 19:58:10.719] daemon call ok method=ping id=64 bytes=37
[2026-09-04 19:58:15.727] daemon call ok method=ping id=65 bytes=37
[2026-09-04 19:58:20.719] daemon call ok method=ping id=66 bytes=37
[2026-09-04 19:58:25.729] daemon call ok method=ping id=67 bytes=37
[2026-09-04 19:58:30.743] daemon call ok method=ping id=68 bytes=37
[2026-09-04 19:58:35.719] daemon call ok method=ping id=69 bytes=37
[2026-09-04 19:58:40.718] daemon call ok method=ping id=70 bytes=37
[2026-09-04 19:58:45.722] daemon call ok method=ping id=71 bytes=37
[2026-09-04 19:58:50.720] daemon call ok method=ping id=72 bytes=37
[2026-09-04 19:58:55.719] daemon call ok method=ping id=73 bytes=37
[2026-09-04 19:59:00.721] daemon call ok method=ping id=74 bytes=37
[2026-09-04 19:59:05.719] daemon call ok method=ping id=75 bytes=37
[2026-09-04 19:59:10.719] daemon call ok method=ping id=76 bytes=37
[2026-09-04 19:59:15.718] daemon call ok method=ping id=77 bytes=37
[2026-09-04 19:59:20.717] daemon call ok method=ping id=78 bytes=37
[2026-09-04 19:59:25.721] daemon call ok method=ping id=79 bytes=37
[2026-09-04 19:59:30.722] daemon call ok method=ping id=80 bytes=37
[2026-09-04 19:59:35.719] daemon call ok method=ping id=81 bytes=37
[2026-09-04 19:59:40.719] daemon call ok method=ping id=82 bytes=37
[2026-09-04 19:59:45.717] daemon call ok method=ping id=83 bytes=37
[2026-09-04 19:59:50.723] daemon call ok method=ping id=84 bytes=37
[2026-09-04 19:59:55.726] daemon call ok method=ping id=85 bytes=37
[2026-09-04 20:00:00.724] daemon call ok method=ping id=86 bytes=37
[2026-09-04 20:00:05.720] daemon call ok method=ping id=87 bytes=37
[2026-09-04 20:00:10.721] daemon call ok method=ping id=88 bytes=37
[2026-09-04 20:00:15.718] daemon call ok method=ping id=89 bytes=37
[2026-09-04 20:00:20.723] daemon call ok method=ping id=90 bytes=37
[2026-09-04 20:00:25.719] daemon call ok method=ping id=91 bytes=37
[2026-09-04 20:00:30.722] daemon call ok method=ping id=92 bytes=37
[2026-09-04 20:00:35.724] daemon call ok method=ping id=93 bytes=37
[2026-09-04 20:00:40.718] daemon call ok method=ping id=94 bytes=37
[2026-09-04 20:00:45.725] daemon call ok method=ping id=95 bytes=37
[2026-09-04 20:00:50.719] daemon call ok method=ping id=96 bytes=37
[2026-09-04 20:00:55.716] daemon call ok method=ping id=97 bytes=37
[2026-09-04 20:01:00.737] daemon call ok method=ping id=98 bytes=37
[2026-09-04 20:01:05.718] daemon call ok method=ping id=99 bytes=37
[2026-09-04 20:01:10.718] daemon call ok method=ping id=100 bytes=38
[2026-09-04 20:01:15.718] daemon call ok method=ping id=101 bytes=38
[2026-09-04 20:01:20.718] daemon call ok method=ping id=102 bytes=38
[2026-09-04 20:01:25.718] daemon call ok method=ping id=103 bytes=38
[2026-09-04 20:01:30.719] daemon call ok method=ping id=104 bytes=38
[2026-09-04 20:01:35.717] daemon call ok method=ping id=105 bytes=38
[2026-09-04 20:01:40.718] daemon call ok method=ping id=106 bytes=38
[2026-09-04 20:01:45.718] daemon call ok method=ping id=107 bytes=38
[2026-09-04 20:01:50.718] daemon call ok method=ping id=108 bytes=38
[2026-09-04 20:01:55.717] daemon call ok method=ping id=109 bytes=38
[2026-09-04 20:02:00.718] daemon call ok method=ping id=110 bytes=38
[2026-09-04 20:02:05.718] daemon call ok method=ping id=111 bytes=38
[2026-09-04 20:02:10.716] daemon call ok method=ping id=112 bytes=38
[2026-09-04 20:02:15.720] daemon call ok method=ping id=113 bytes=38
[2026-09-04 20:02:20.738] daemon call ok method=ping id=114 bytes=38
[2026-09-04 20:02:25.717] daemon call ok method=ping id=115 bytes=38
[2026-09-04 20:02:30.717] daemon call ok method=ping id=116 bytes=38
[2026-09-04 20:02:35.720] daemon call ok method=ping id=117 bytes=38
[2026-09-04 20:02:40.722] daemon call ok method=ping id=118 bytes=38
[2026-09-04 20:02:45.719] daemon call ok method=ping id=119 bytes=38
[2026-09-04 20:02:50.722] daemon call ok method=ping id=120 bytes=38
[2026-09-04 20:02:55.718] daemon call ok method=ping id=121 bytes=38
[2026-09-04 20:03:00.718] daemon call ok method=ping id=122 bytes=38
[2026-09-04 20:03:05.717] daemon call ok method=ping id=123 bytes=38
[2026-09-04 20:03:10.719] daemon call ok method=ping id=124 bytes=38
[2026-09-04 20:03:15.717] daemon call ok method=ping id=125 bytes=38
[2026-09-04 20:03:20.718] daemon call ok method=ping id=126 bytes=38
[2026-09-04 20:03:25.717] daemon call ok method=ping id=127 bytes=38
[2026-09-04 20:03:30.717] daemon call ok method=ping id=128 bytes=38
[2026-09-04 20:03:35.717] daemon call ok method=ping id=129 bytes=38
[2026-09-04 20:03:40.719] daemon call ok method=ping id=130 bytes=38
[2026-09-04 20:03:45.716] daemon call ok method=ping id=131 bytes=38
[2026-09-04 20:03:50.722] daemon call ok method=ping id=132 bytes=38
[2026-09-04 20:03:55.717] daemon call ok method=ping id=133 bytes=38
[2026-09-04 20:04:00.721] daemon call ok method=ping id=134 bytes=38
[2026-09-04 20:04:05.718] daemon call ok method=ping id=135 bytes=38
[2026-09-04 20:04:10.717] daemon call ok method=ping id=136 bytes=38
[2026-09-04 20:04:15.718] daemon call ok method=ping id=137 bytes=38
[2026-09-04 20:04:20.715] daemon call ok method=ping id=138 bytes=38
[2026-09-04 20:04:25.716] daemon call ok method=ping id=139 bytes=38
[2026-09-04 20:04:30.717] daemon call ok method=ping id=140 bytes=38
[2026-09-04 20:04:35.716] daemon call ok method=ping id=141 bytes=38
[2026-09-04 20:04:40.715] daemon call ok method=ping id=142 bytes=38
[2026-09-04 20:04:45.716] daemon call ok method=ping id=143 bytes=38
[2026-09-04 20:04:50.717] daemon call ok method=ping id=144 bytes=38
[2026-09-04 20:04:55.717] daemon call ok method=ping id=145 bytes=38
[2026-09-04 20:05:00.716] daemon call ok method=ping id=146 bytes=38
[2026-09-04 20:05:05.722] daemon call ok method=ping id=147 bytes=38
[2026-09-04 20:05:10.730] daemon call ok method=ping id=148 bytes=38
[2026-09-04 20:05:15.717] daemon call ok method=ping id=149 bytes=38
[2026-09-04 20:05:20.719] daemon call ok method=ping id=150 bytes=38
[2026-09-04 20:05:25.716] daemon call ok method=ping id=151 bytes=38
[2026-09-04 20:05:30.721] daemon call ok method=ping id=152 bytes=38
[2026-09-04 20:05:35.717] daemon call ok method=ping id=153 bytes=38
[2026-09-04 20:05:40.715] daemon call ok method=ping id=154 bytes=38
[2026-09-04 20:05:45.716] daemon call ok method=ping id=155 bytes=38
[2026-09-04 20:05:50.715] daemon call ok method=ping id=156 bytes=38
[2026-09-04 20:05:55.719] daemon call ok method=ping id=157 bytes=38
[2026-09-04 20:06:00.720] daemon call ok method=ping id=158 bytes=38
[2026-09-04 20:06:05.717] daemon call ok method=ping id=159 bytes=38
[2026-09-04 20:06:10.716] daemon call ok method=ping id=160 bytes=38
[2026-09-04 20:06:15.715] daemon call ok method=ping id=161 bytes=38
[2026-09-04 20:06:20.717] daemon call ok method=ping id=162 bytes=38
[2026-09-04 20:06:25.721] daemon call ok method=ping id=163 bytes=38
[2026-09-04 20:06:30.718] daemon call ok method=ping id=164 bytes=38
[2026-09-04 20:06:35.733] daemon call ok method=ping id=165 bytes=38
[2026-09-04 20:06:40.717] daemon call ok method=ping id=166 bytes=38
[2026-09-04 20:06:45.717] daemon call ok method=ping id=167 bytes=38
[2026-09-04 20:06:50.716] daemon call ok method=ping id=168 bytes=38
[2026-09-04 20:06:55.718] daemon call ok method=ping id=169 bytes=38
[2026-09-04 20:07:00.719] daemon call ok method=ping id=170 bytes=38
[2026-09-04 20:07:05.715] daemon call ok method=ping id=171 bytes=38
[2026-09-04 20:07:10.721] daemon call ok method=ping id=172 bytes=38
[2026-09-04 20:07:15.715] daemon call ok method=ping id=173 bytes=38
[2026-09-04 20:07:20.717] daemon call ok method=ping id=174 bytes=38
[2026-09-04 20:07:25.718] daemon call ok method=ping id=175 bytes=38
[2026-09-04 20:07:30.721] daemon call ok method=ping id=176 bytes=38
[2026-09-04 20:07:35.715] daemon call ok method=ping id=177 bytes=38
[2026-09-04 20:07:40.717] daemon call ok method=ping id=178 bytes=38
[2026-09-04 20:07:45.715] daemon call ok method=ping id=179 bytes=38
[2026-09-04 20:07:50.716] daemon call ok method=ping id=180 bytes=38
[2026-09-04 20:07:55.716] daemon call ok method=ping id=181 bytes=38
[2026-09-04 20:08:00.721] daemon call ok method=ping id=182 bytes=38
[2026-09-04 20:08:05.714] daemon call ok method=ping id=183 bytes=38
[2026-09-04 20:08:10.715] daemon call ok method=ping id=184 bytes=38
[2026-09-04 20:08:15.715] daemon call ok method=ping id=185 bytes=38
[2026-09-04 20:08:20.718] daemon call ok method=ping id=186 bytes=38
[2026-09-04 20:08:25.725] daemon call ok method=ping id=187 bytes=38
[2026-09-04 20:08:30.720] daemon call ok method=ping id=188 bytes=38
[2026-09-04 20:08:35.716] daemon call ok method=ping id=189 bytes=38
[2026-09-04 20:08:40.720] daemon call ok method=ping id=190 bytes=38
[2026-09-04 20:08:45.719] daemon call ok method=ping id=191 bytes=38
[2026-09-04 20:08:50.719] daemon call ok method=ping id=192 bytes=38
[2026-09-04 20:08:55.720] daemon call ok method=ping id=193 bytes=38
[2026-09-04 20:09:00.723] daemon call ok method=ping id=194 bytes=38
[2026-09-04 20:09:05.720] daemon call ok method=ping id=195 bytes=38
[2026-09-04 20:09:10.721] daemon call ok method=ping id=196 bytes=38
[2026-09-04 20:09:15.720] daemon call ok method=ping id=197 bytes=38
[2026-09-04 20:09:20.722] daemon call ok method=ping id=198 bytes=38
[2026-09-04 20:09:25.727] daemon call ok method=ping id=199 bytes=38
[2026-09-04 20:09:30.719] daemon call ok method=ping id=200 bytes=38
[2026-09-04 20:09:35.724] daemon call ok method=ping id=201 bytes=38
[2026-09-04 20:09:40.719] daemon call ok method=ping id=202 bytes=38
[2026-09-04 20:09:45.720] daemon call ok method=ping id=203 bytes=38
[2026-09-04 20:09:50.719] daemon call ok method=ping id=204 bytes=38
[2026-09-04 20:09:55.719] daemon call ok method=ping id=205 bytes=38
[2026-09-04 20:10:00.719] daemon call ok method=ping id=206 bytes=38
[2026-09-04 20:10:05.720] daemon call ok method=ping id=207 bytes=38
[2026-09-04 20:10:10.718] daemon call ok method=ping id=208 bytes=38
[2026-09-04 20:10:15.722] daemon call ok method=ping id=209 bytes=38
[2026-09-04 20:10:20.721] daemon call ok method=ping id=210 bytes=38
[2026-09-04 20:10:25.726] daemon call ok method=ping id=211 bytes=38
[2026-09-04 20:10:30.720] daemon call ok method=ping id=212 bytes=38
[2026-09-04 20:10:35.718] daemon call ok method=ping id=213 bytes=38
[2026-09-04 20:10:40.763] daemon call ok method=ping id=214 bytes=38
[2026-09-04 20:10:45.723] daemon call ok method=ping id=215 bytes=38
[2026-09-04 20:10:50.721] daemon call ok method=ping id=216 bytes=38
[2026-09-04 20:10:55.719] daemon call ok method=ping id=217 bytes=38
[2026-09-04 20:11:00.740] daemon call ok method=ping id=218 bytes=38
[2026-09-04 20:11:05.721] daemon call ok method=ping id=219 bytes=38
[2026-09-04 20:11:10.719] daemon call ok method=ping id=220 bytes=38
[2026-09-04 20:11:15.721] daemon call ok method=ping id=221 bytes=38
[2026-09-04 20:11:20.718] daemon call ok method=ping id=222 bytes=38
[2026-09-04 20:11:25.718] daemon call ok method=ping id=223 bytes=38
[2026-09-04 20:11:30.718] daemon call ok method=ping id=224 bytes=38
[2026-09-04 20:11:35.718] daemon call ok method=ping id=225 bytes=38
[2026-09-04 20:11:40.717] daemon call ok method=ping id=226 bytes=38
[2026-09-04 20:11:45.718] daemon call ok method=ping id=227 bytes=38
[2026-09-04 20:11:50.718] daemon call ok method=ping id=228 bytes=38
[2026-09-04 20:11:55.718] daemon call ok method=ping id=229 bytes=38
[2026-09-04 20:12:00.717] daemon call ok method=ping id=230 bytes=38
[2026-09-04 20:12:05.718] daemon call ok method=ping id=231 bytes=38
[2026-09-04 20:12:10.719] daemon call ok method=ping id=232 bytes=38
[2026-09-04 20:12:15.718] daemon call ok method=ping id=233 bytes=38
[2026-09-04 20:12:20.718] daemon call ok method=ping id=234 bytes=38
[2026-09-04 20:12:25.724] daemon call ok method=ping id=235 bytes=38
[2026-09-04 20:12:30.718] daemon call ok method=ping id=236 bytes=38
[2026-09-04 20:12:35.716] daemon call ok method=ping id=237 bytes=38
[2026-09-04 20:12:40.719] daemon call ok method=ping id=238 bytes=38
[2026-09-04 20:12:45.718] daemon call ok method=ping id=239 bytes=38
[2026-09-04 20:12:50.718] daemon call ok method=ping id=240 bytes=38
[2026-09-04 20:12:55.717] daemon call ok method=ping id=241 bytes=38
[2026-09-04 20:13:00.718] daemon call ok method=ping id=242 bytes=38
[2026-09-04 20:13:05.717] daemon call ok method=ping id=243 bytes=38
[2026-09-04 20:13:10.718] daemon call ok method=ping id=244 bytes=38
[2026-09-04 20:13:15.718] daemon call ok method=ping id=245 bytes=38
[2026-09-04 20:13:20.720] daemon call ok method=ping id=246 bytes=38
[2026-09-04 20:13:25.718] daemon call ok method=ping id=247 bytes=38
[2026-09-04 20:13:30.718] daemon call ok method=ping id=248 bytes=38
[2026-09-04 20:13:35.718] daemon call ok method=ping id=249 bytes=38
[2026-09-04 20:13:40.719] daemon call ok method=ping id=250 bytes=38
[2026-09-04 20:13:45.719] daemon call ok method=ping id=251 bytes=38
[2026-09-04 20:13:50.718] daemon call ok method=ping id=252 bytes=38
[2026-09-04 20:13:55.717] daemon call ok method=ping id=253 bytes=38
[2026-09-04 20:14:00.718] daemon call ok method=ping id=254 bytes=38
[2026-09-04 20:14:05.722] daemon call ok method=ping id=255 bytes=38
[2026-09-04 20:14:10.721] daemon call ok method=ping id=256 bytes=38
[2026-09-04 20:14:15.717] daemon call ok method=ping id=257 bytes=38
[2026-09-04 20:14:20.718] daemon call ok method=ping id=258 bytes=38
[2026-09-04 20:14:25.718] daemon call ok method=ping id=259 bytes=38
[2026-09-04 20:14:30.717] daemon call ok method=ping id=260 bytes=38
[2026-09-04 20:14:35.716] daemon call ok method=ping id=261 bytes=38
[2026-09-04 20:14:40.717] daemon call ok method=ping id=262 bytes=38
[2026-09-04 20:14:45.717] daemon call ok method=ping id=263 bytes=38
[2026-09-04 20:14:50.717] daemon call ok method=ping id=264 bytes=38
[2026-09-04 20:14:55.719] daemon call ok method=ping id=265 bytes=38
[2026-09-04 20:15:00.716] daemon call ok method=ping id=266 bytes=38
[2026-09-04 20:15:05.717] daemon call ok method=ping id=267 bytes=38
[2026-09-04 20:15:10.717] daemon call ok method=ping id=268 bytes=38
[2026-09-04 20:15:15.717] daemon call ok method=ping id=269 bytes=38
[2026-09-04 20:15:20.716] daemon call ok method=ping id=270 bytes=38
[2026-09-04 20:15:25.716] daemon call ok method=ping id=271 bytes=38
[2026-09-04 20:15:30.716] daemon call ok method=ping id=272 bytes=38
[2026-09-04 20:15:35.723] daemon call ok method=ping id=273 bytes=38
[2026-09-04 20:15:40.717] daemon call ok method=ping id=274 bytes=38
[2026-09-04 20:15:45.716] daemon call ok method=ping id=275 bytes=38
[2026-09-04 20:15:50.716] daemon call ok method=ping id=276 bytes=38
[2026-09-04 20:15:55.717] daemon call ok method=ping id=277 bytes=38
[2026-09-04 20:16:00.718] daemon call ok method=ping id=278 bytes=38
[2026-09-04 20:16:05.717] daemon call ok method=ping id=279 bytes=38
[2026-09-04 20:16:10.716] daemon call ok method=ping id=280 bytes=38
[2026-09-04 20:16:15.717] daemon call ok method=ping id=281 bytes=38
[2026-09-04 20:16:20.753] daemon call ok method=ping id=282 bytes=38
[2026-09-04 20:16:25.722] daemon call ok method=ping id=283 bytes=38
[2026-09-04 20:16:30.716] daemon call ok method=ping id=284 bytes=38
[2026-09-04 20:16:35.718] daemon call ok method=ping id=285 bytes=38
[2026-09-04 20:16:40.716] daemon call ok method=ping id=286 bytes=38
[2026-09-04 20:16:45.720] daemon call ok method=ping id=287 bytes=38
[2026-09-04 20:16:50.717] daemon call ok method=ping id=288 bytes=38
[2026-09-04 20:16:55.717] daemon call ok method=ping id=289 bytes=38
[2026-09-04 20:17:00.716] daemon call ok method=ping id=290 bytes=38
[2026-09-04 20:17:05.715] daemon call ok method=ping id=291 bytes=38
[2026-09-04 20:17:10.717] daemon call ok method=ping id=292 bytes=38
[2026-09-04 20:17:15.716] daemon call ok method=ping id=293 bytes=38
[2026-09-04 20:17:20.716] daemon call ok method=ping id=294 bytes=38
[2026-09-04 20:17:25.716] daemon call ok method=ping id=295 bytes=38
[2026-09-04 20:17:30.727] daemon call ok method=ping id=296 bytes=38
[2026-09-04 20:17:35.716] daemon call ok method=ping id=297 bytes=38
[2026-09-04 20:17:40.716] daemon call ok method=ping id=298 bytes=38
[2026-09-04 20:17:45.716] daemon call ok method=ping id=299 bytes=38
[2026-09-04 20:17:50.716] daemon call ok method=ping id=300 bytes=38
[2026-09-04 20:17:55.716] daemon call ok method=ping id=301 bytes=38
[2026-09-04 20:18:00.716] daemon call ok method=ping id=302 bytes=38
[2026-09-04 20:18:05.719] daemon call ok method=ping id=303 bytes=38
[2026-09-04 20:18:10.717] daemon call ok method=ping id=304 bytes=38
[2026-09-04 20:18:15.716] daemon call ok method=ping id=305 bytes=38
[2026-09-04 20:18:20.722] daemon call ok method=ping id=306 bytes=38
[2026-09-04 20:18:25.742] daemon call ok method=ping id=307 bytes=38
[2026-09-04 20:18:30.715] daemon call ok method=ping id=308 bytes=38
[2026-09-04 20:18:35.717] daemon call ok method=ping id=309 bytes=38
[2026-09-04 20:18:40.716] daemon call ok method=ping id=310 bytes=38
[2026-09-04 20:18:45.719] daemon call ok method=ping id=311 bytes=38
[2026-09-04 20:18:50.716] daemon call ok method=ping id=312 bytes=38
[2026-09-04 20:18:55.716] daemon call ok method=ping id=313 bytes=38
[2026-09-04 20:19:00.714] daemon call ok method=ping id=314 bytes=38
[2026-09-04 20:19:05.715] daemon call ok method=ping id=315 bytes=38
[2026-09-04 20:19:10.714] daemon call ok method=ping id=316 bytes=38
[2026-09-04 20:19:15.715] daemon call ok method=ping id=317 bytes=38
[2026-09-04 20:19:20.716] daemon call ok method=ping id=318 bytes=38
[2026-09-04 20:19:25.714] daemon call ok method=ping id=319 bytes=38
[2026-09-04 20:19:30.714] daemon call ok method=ping id=320 bytes=38
[2026-09-04 20:19:35.715] daemon call ok method=ping id=321 bytes=38
[2026-09-04 20:19:40.714] daemon call ok method=ping id=322 bytes=38
[2026-09-04 20:19:45.714] daemon call ok method=ping id=323 bytes=38
[2026-09-04 20:19:50.714] daemon call ok method=ping id=324 bytes=38
[2026-09-04 20:19:55.716] daemon call ok method=ping id=325 bytes=38
[2026-09-04 20:20:00.716] daemon call ok method=ping id=326 bytes=38
[2026-09-04 20:20:05.713] daemon call ok method=ping id=327 bytes=38
[2026-09-04 20:20:10.714] daemon call ok method=ping id=328 bytes=38
[2026-09-04 20:20:15.717] daemon call ok method=ping id=329 bytes=38
[2026-09-04 20:20:20.714] daemon call ok method=ping id=330 bytes=38
[2026-09-04 20:20:25.715] daemon call ok method=ping id=331 bytes=38
[2026-09-04 20:20:30.715] daemon call ok method=ping id=332 bytes=38
[2026-09-04 20:20:35.722] daemon call ok method=ping id=333 bytes=38
[2026-09-04 20:20:40.715] daemon call ok method=ping id=334 bytes=38
[2026-09-04 20:20:45.713] daemon call ok method=ping id=335 bytes=38
[2026-09-04 20:20:50.713] daemon call ok method=ping id=336 bytes=38
[2026-09-04 20:20:55.715] daemon call ok method=ping id=337 bytes=38
[2026-09-04 20:21:00.713] daemon call ok method=ping id=338 bytes=38
[2026-09-04 20:21:05.714] daemon call ok method=ping id=339 bytes=38
[2026-09-04 20:21:10.715] daemon call ok method=ping id=340 bytes=38
[2026-09-04 20:21:15.713] daemon call ok method=ping id=341 bytes=38
[2026-09-04 20:21:20.713] daemon call ok method=ping id=342 bytes=38
[2026-09-04 20:21:25.713] daemon call ok method=ping id=343 bytes=38
[2026-09-04 20:21:30.717] daemon call ok method=ping id=344 bytes=38
[2026-09-04 20:21:35.713] daemon call ok method=ping id=345 bytes=38
[2026-09-04 20:21:40.714] daemon call ok method=ping id=346 bytes=38
[2026-09-04 20:21:45.713] daemon call ok method=ping id=347 bytes=38
[2026-09-04 20:21:50.713] daemon call ok method=ping id=348 bytes=38
[2026-09-04 20:21:55.713] daemon call ok method=ping id=349 bytes=38
[2026-09-04 20:22:00.713] daemon call ok method=ping id=350 bytes=38
[2026-09-04 20:22:05.713] daemon call ok method=ping id=351 bytes=38
[2026-09-04 20:22:10.713] daemon call ok method=ping id=352 bytes=38
[2026-09-04 20:22:15.713] daemon call ok method=ping id=353 bytes=38
[2026-09-04 20:22:20.713] daemon call ok method=ping id=354 bytes=38
[2026-09-04 20:22:25.716] daemon call ok method=ping id=355 bytes=38
[2026-09-04 20:22:30.714] daemon call ok method=ping id=356 bytes=38
[2026-09-04 20:22:35.716] daemon call ok method=ping id=357 bytes=38
[2026-09-04 20:22:40.715] daemon call ok method=ping id=358 bytes=38
[2026-09-04 20:22:45.713] daemon call ok method=ping id=359 bytes=38
[2026-09-04 20:22:50.713] daemon call ok method=ping id=360 bytes=38
[2026-09-04 20:22:55.715] daemon call ok method=ping id=361 bytes=38
[2026-09-04 20:28:00.805] run start daemon_tcp=127.0.0.1:8443 request_timeout=30s heartbeat=5s stdio_keepalive=45s
[2026-09-04 20:28:00.838] daemon dial begin tcp=127.0.0.1:8443
[2026-09-04 20:28:00.876] daemon call ok method=initialize id=1 bytes=257
[2026-09-04 20:28:00.947] daemon initialize ok
[2026-09-04 20:28:00.963] daemon call ok method=events/subscribe id=2 bytes=125
[2026-09-04 20:28:00.996] events/subscribe ok client_id=ide-ide-proxy
[2026-09-04 20:28:00.996] daemon notify queued method=notifications/event bytes=304
[2026-09-04 20:28:01.005] daemon notify queued method=notifications/message bytes=230
[2026-09-04 20:28:05.914] daemon call ok method=ping id=3 bytes=36
[2026-09-04 20:28:10.913] daemon call ok method=ping id=4 bytes=36
[2026-09-04 20:28:15.912] daemon call ok method=ping id=5 bytes=36
[2026-09-04 20:28:20.919] daemon call ok method=ping id=6 bytes=36
[2026-09-04 20:28:25.915] daemon call ok method=ping id=7 bytes=36
[2026-09-04 20:28:30.912] daemon call ok method=ping id=8 bytes=36
[2026-09-04 20:28:35.913] daemon call ok method=ping id=9 bytes=36
[2026-09-04 20:28:40.912] daemon call ok method=ping id=10 bytes=37
[2026-09-04 20:28:45.913] daemon call ok method=ping id=11 bytes=37
[2026-09-04 20:28:50.911] daemon call ok method=ping id=12 bytes=37
[2026-09-04 20:28:55.914] daemon call ok method=ping id=13 bytes=37
[2026-09-04 20:29:00.915] daemon call ok method=ping id=14 bytes=37
[2026-09-04 20:29:05.916] daemon call ok method=ping id=15 bytes=37
[2026-09-04 20:29:10.919] daemon call ok method=ping id=16 bytes=37
[2026-09-04 20:29:15.915] daemon call ok method=ping id=17 bytes=37
[2026-09-04 20:29:20.912] daemon call ok method=ping id=18 bytes=37
[2026-09-04 20:29:25.915] daemon call ok method=ping id=19 bytes=37
[2026-09-04 20:29:30.913] daemon call ok method=ping id=20 bytes=37
[2026-09-04 20:29:35.913] daemon call ok method=ping id=21 bytes=37
[2026-09-04 20:29:40.913] daemon call ok method=ping id=22 bytes=37
[2026-09-04 20:29:45.913] daemon call ok method=ping id=23 bytes=37
[2026-09-04 20:29:50.914] daemon call ok method=ping id=24 bytes=37
[2026-09-04 20:29:55.911] daemon call ok method=ping id=25 bytes=37
[2026-09-04 20:30:00.914] daemon call ok method=ping id=26 bytes=37
[2026-09-04 20:30:05.914] daemon call ok method=ping id=27 bytes=37
[2026-09-04 20:30:10.912] daemon call ok method=ping id=28 bytes=37
[2026-09-04 20:30:15.911] daemon call ok method=ping id=29 bytes=37
[2026-09-04 20:30:20.923] daemon call ok method=ping id=30 bytes=37
[2026-09-04 20:30:25.932] daemon call ok method=ping id=31 bytes=37
[2026-09-04 20:30:30.941] daemon call ok method=ping id=32 bytes=37
[2026-09-04 20:30:35.951] daemon call ok method=ping id=33 bytes=37
[2026-09-04 20:30:40.951] daemon call ok method=ping id=34 bytes=37
[2026-09-04 20:30:45.951] daemon call ok method=ping id=35 bytes=37
[2026-09-04 20:30:50.952] daemon call ok method=ping id=36 bytes=37
[2026-09-04 20:30:55.956] daemon call ok method=ping id=37 bytes=37
[2026-09-04 20:31:00.963] daemon call ok method=ping id=38 bytes=37
[2026-09-04 20:31:05.957] daemon call ok method=ping id=39 bytes=37
[2026-09-04 20:31:10.964] daemon call ok method=ping id=40 bytes=37
[2026-09-04 20:31:15.977] daemon call ok method=ping id=41 bytes=37
[2026-09-04 20:31:20.958] daemon call ok method=ping id=42 bytes=37
[2026-09-04 20:31:25.972] daemon call ok method=ping id=43 bytes=37
[2026-09-04 20:31:30.970] daemon call ok method=ping id=44 bytes=37
[2026-09-04 20:31:35.970] daemon call ok method=ping id=45 bytes=37
[2026-09-04 20:31:40.959] daemon call ok method=ping id=46 bytes=37
[2026-09-04 20:31:45.959] daemon call ok method=ping id=47 bytes=37
[2026-09-04 20:31:50.959] daemon call ok method=ping id=48 bytes=37
[2026-09-04 20:31:55.961] daemon call ok method=ping id=49 bytes=37
[2026-09-04 20:32:00.958] daemon call ok method=ping id=50 bytes=37
[2026-09-04 20:32:05.973] daemon call ok method=ping id=51 bytes=37
[2026-09-04 20:32:10.960] daemon call ok method=ping id=52 bytes=37
[2026-09-04 20:32:15.960] daemon call ok method=ping id=53 bytes=37
[2026-09-04 20:32:20.959] daemon call ok method=ping id=54 bytes=37
[2026-09-04 20:32:25.961] daemon call ok method=ping id=55 bytes=37
[2026-09-04 20:32:30.961] daemon call ok method=ping id=56 bytes=37
[2026-09-04 20:32:35.967] daemon call ok method=ping id=57 bytes=37
[2026-09-04 20:32:40.966] daemon call ok method=ping id=58 bytes=37
[2026-09-04 20:32:45.981] daemon call ok method=ping id=59 bytes=37
[2026-09-04 20:32:50.960] daemon call ok method=ping id=60 bytes=37
[2026-09-04 20:32:55.964] daemon call ok method=ping id=61 bytes=37
[2026-09-04 20:33:00.967] daemon call ok method=ping id=62 bytes=37
[2026-09-04 20:33:06.008] daemon call ok method=ping id=63 bytes=37
[2026-09-04 20:33:10.980] daemon call ok method=ping id=64 bytes=37
[2026-09-04 20:33:15.960] daemon call ok method=ping id=65 bytes=37
[2026-09-04 20:33:20.973] daemon call ok method=ping id=66 bytes=37
[2026-09-04 20:33:25.972] daemon call ok method=ping id=67 bytes=37
[2026-09-04 20:33:30.979] daemon call ok method=ping id=68 bytes=37
[2026-09-04 20:33:35.968] daemon call ok method=ping id=69 bytes=37
[2026-09-04 20:33:40.966] daemon call ok method=ping id=70 bytes=37
[2026-09-04 20:33:45.963] daemon call ok method=ping id=71 bytes=37
[2026-09-04 20:33:50.964] daemon call ok method=ping id=72 bytes=37
[2026-09-04 20:33:55.962] daemon call ok method=ping id=73 bytes=37
[2026-09-04 20:34:00.966] daemon call ok method=ping id=74 bytes=37
[2026-09-04 20:34:05.977] daemon call ok method=ping id=75 bytes=37
[2026-09-04 20:34:10.966] daemon call ok method=ping id=76 bytes=37
[2026-09-04 20:34:15.959] daemon call ok method=ping id=77 bytes=37
[2026-09-04 20:34:20.966] daemon call ok method=ping id=78 bytes=37
[2026-09-04 20:34:25.962] daemon call ok method=ping id=79 bytes=37
[2026-09-04 20:34:30.976] daemon call ok method=ping id=80 bytes=37
[2026-09-04 20:34:35.979] daemon call ok method=ping id=81 bytes=37
[2026-09-04 20:34:40.962] daemon call ok method=ping id=82 bytes=37
[2026-09-04 20:34:45.960] daemon call ok method=ping id=83 bytes=37
[2026-09-04 20:34:50.979] daemon call ok method=ping id=84 bytes=37
[2026-09-04 20:34:55.961] daemon call ok method=ping id=85 bytes=37
[2026-09-04 20:35:00.969] daemon call ok method=ping id=86 bytes=37
[2026-09-04 20:35:05.965] daemon call ok method=ping id=87 bytes=37
[2026-09-04 20:35:10.964] daemon call ok method=ping id=88 bytes=37
[2026-09-04 20:35:15.960] daemon call ok method=ping id=89 bytes=37
[2026-09-04 20:35:20.960] daemon call ok method=ping id=90 bytes=37
[2026-09-04 20:35:25.968] daemon call ok method=ping id=91 bytes=37
[2026-09-04 20:35:30.967] daemon call ok method=ping id=92 bytes=37
[2026-09-04 20:35:35.962] daemon call ok method=ping id=93 bytes=37
[2026-09-04 20:35:40.961] daemon call ok method=ping id=94 bytes=37
[2026-09-04 20:35:45.962] daemon call ok method=ping id=95 bytes=37
[2026-09-04 20:35:50.966] daemon call ok method=ping id=96 bytes=37
[2026-09-04 20:35:55.962] daemon call ok method=ping id=97 bytes=37
[2026-09-04 20:36:00.961] daemon call ok method=ping id=98 bytes=37
[2026-09-04 20:36:05.982] daemon call ok method=ping id=99 bytes=37
[2026-09-04 20:36:10.965] daemon call ok method=ping id=100 bytes=38
[2026-09-04 20:36:15.970] daemon call ok method=ping id=101 bytes=38
[2026-09-04 20:36:20.965] daemon call ok method=ping id=102 bytes=38
[2026-09-04 20:36:25.963] daemon call ok method=ping id=103 bytes=38
[2026-09-04 20:36:30.963] daemon call ok method=ping id=104 bytes=38
[2026-09-04 20:36:35.978] daemon call ok method=ping id=105 bytes=38
[2026-09-04 20:36:40.971] daemon call ok method=ping id=106 bytes=38
[2026-09-04 20:36:45.967] daemon call ok method=ping id=107 bytes=38
[2026-09-04 20:36:50.961] daemon call ok method=ping id=108 bytes=38
[2026-09-04 20:36:55.965] daemon call ok method=ping id=109 bytes=38
[2026-09-04 20:37:00.959] daemon call ok method=ping id=110 bytes=38
[2026-09-04 20:37:05.963] daemon call ok method=ping id=111 bytes=38
[2026-09-04 20:37:10.968] daemon call ok method=ping id=112 bytes=38
[2026-09-04 20:37:15.979] daemon call ok method=ping id=113 bytes=38
[2026-09-04 20:37:20.967] daemon call ok method=ping id=114 bytes=38
[2026-09-04 20:37:26.028] daemon call ok method=ping id=115 bytes=38
[2026-09-04 20:37:30.964] daemon call ok method=ping id=116 bytes=38
[2026-09-04 20:37:35.961] daemon call ok method=ping id=117 bytes=38
[2026-09-04 20:37:40.968] daemon call ok method=ping id=118 bytes=38
[2026-09-04 20:37:45.963] daemon call ok method=ping id=119 bytes=38
[2026-09-04 20:37:50.965] daemon call ok method=ping id=120 bytes=38
[2026-09-04 20:37:55.974] daemon call ok method=ping id=121 bytes=38
[2026-09-04 20:38:00.971] daemon call ok method=ping id=122 bytes=38
[2026-09-04 20:38:05.964] daemon call ok method=ping id=123 bytes=38
[2026-09-04 20:38:10.961] daemon call ok method=ping id=124 bytes=38
[2026-09-04 20:38:15.961] daemon call ok method=ping id=125 bytes=38
[2026-09-04 20:38:20.966] daemon call ok method=ping id=126 bytes=38
[2026-09-04 20:38:25.967] daemon call ok method=ping id=127 bytes=38
[2026-09-04 20:38:30.963] daemon call ok method=ping id=128 bytes=38
[2026-09-04 20:38:35.969] daemon call ok method=ping id=129 bytes=38
[2026-09-04 20:38:40.962] daemon call ok method=ping id=130 bytes=38
[2026-09-04 20:38:45.967] daemon call ok method=ping id=131 bytes=38
[2026-09-04 20:38:50.968] daemon call ok method=ping id=132 bytes=38
[2026-09-04 20:38:55.964] daemon call ok method=ping id=133 bytes=38
[2026-09-04 20:39:00.963] daemon call ok method=ping id=134 bytes=38
[2026-09-04 20:39:05.963] daemon call ok method=ping id=135 bytes=38
[2026-09-04 20:39:10.961] daemon call ok method=ping id=136 bytes=38
[2026-09-04 20:39:15.962] daemon call ok method=ping id=137 bytes=38
[2026-09-04 20:39:20.961] daemon call ok method=ping id=138 bytes=38
[2026-09-04 20:39:25.966] daemon call ok method=ping id=139 bytes=38
[2026-09-04 20:39:30.963] daemon call ok method=ping id=140 bytes=38
[2026-09-04 20:39:35.975] daemon call ok method=ping id=141 bytes=38
[2026-09-04 20:39:40.963] daemon call ok method=ping id=142 bytes=38
[2026-09-04 20:39:45.961] daemon call ok method=ping id=143 bytes=38
[2026-09-04 20:39:51.023] daemon call ok method=ping id=144 bytes=38
[2026-09-04 20:39:55.967] daemon call ok method=ping id=145 bytes=38
[2026-09-04 20:40:00.962] daemon call ok method=ping id=146 bytes=38
[2026-09-04 20:40:05.963] daemon call ok method=ping id=147 bytes=38
[2026-09-04 20:40:10.964] daemon call ok method=ping id=148 bytes=38
[2026-09-04 20:40:15.968] daemon call ok method=ping id=149 bytes=38
[2026-09-04 20:40:20.964] daemon call ok method=ping id=150 bytes=38
[2026-09-04 20:40:25.964] daemon call ok method=ping id=151 bytes=38
[2026-09-04 20:40:30.963] daemon call ok method=ping id=152 bytes=38
[2026-09-04 20:40:35.969] daemon call ok method=ping id=153 bytes=38
[2026-09-04 20:40:40.969] daemon call ok method=ping id=154 bytes=38
[2026-09-04 20:40:45.967] daemon call ok method=ping id=155 bytes=38
[2026-09-04 20:40:50.963] daemon call ok method=ping id=156 bytes=38
[2026-09-04 20:40:55.967] daemon call ok method=ping id=157 bytes=38
[2026-09-04 20:41:00.978] daemon call ok method=ping id=158 bytes=38
[2026-09-04 20:41:05.962] daemon call ok method=ping id=159 bytes=38
[2026-09-04 20:41:10.971] daemon call ok method=ping id=160 bytes=38
[2026-09-04 20:41:15.972] daemon call ok method=ping id=161 bytes=38
[2026-09-04 20:41:20.963] daemon call ok method=ping id=162 bytes=38
[2026-09-04 20:41:25.964] daemon call ok method=ping id=163 bytes=38
[2026-09-04 20:41:30.966] daemon call ok method=ping id=164 bytes=38
[2026-09-04 20:41:35.961] daemon call ok method=ping id=165 bytes=38
[2026-09-04 20:41:40.968] daemon call ok method=ping id=166 bytes=38
[2026-09-04 20:41:45.962] daemon call ok method=ping id=167 bytes=38
[2026-09-04 20:41:50.967] daemon call ok method=ping id=168 bytes=38
[2026-09-04 20:41:55.962] daemon call ok method=ping id=169 bytes=38
[2026-09-04 20:42:00.970] daemon call ok method=ping id=170 bytes=38
[2026-09-04 20:42:05.974] daemon call ok method=ping id=171 bytes=38
[2026-09-04 20:42:10.969] daemon call ok method=ping id=172 bytes=38
[2026-09-04 20:42:15.963] daemon call ok method=ping id=173 bytes=38
[2026-09-04 20:42:20.962] daemon call ok method=ping id=174 bytes=38
[2026-09-04 20:42:25.963] daemon call ok method=ping id=175 bytes=38
[2026-09-04 20:42:30.976] daemon call ok method=ping id=176 bytes=38
[2026-09-04 20:42:35.963] daemon call ok method=ping id=177 bytes=38
[2026-09-04 20:42:40.970] daemon call ok method=ping id=178 bytes=38
[2026-09-04 20:42:45.963] daemon call ok method=ping id=179 bytes=38
[2026-09-04 20:42:50.964] daemon call ok method=ping id=180 bytes=38
[2026-09-04 20:42:55.970] daemon call ok method=ping id=181 bytes=38
[2026-09-04 20:43:00.964] daemon call ok method=ping id=182 bytes=38
[2026-09-04 20:43:05.968] daemon call ok method=ping id=183 bytes=38
[2026-09-04 20:43:10.963] daemon call ok method=ping id=184 bytes=38
[2026-09-04 20:43:15.969] daemon call ok method=ping id=185 bytes=38
[2026-09-04 20:43:20.969] daemon call ok method=ping id=186 bytes=38
[2026-09-04 20:43:25.972] daemon call ok method=ping id=187 bytes=38
[2026-09-04 20:43:30.965] daemon call ok method=ping id=188 bytes=38
[2026-09-04 20:43:35.967] daemon call ok method=ping id=189 bytes=38
[2026-09-04 20:43:40.965] daemon call ok method=ping id=190 bytes=38
[2026-09-04 20:43:45.965] daemon call ok method=ping id=191 bytes=38
[2026-09-04 20:43:50.969] daemon call ok method=ping id=192 bytes=38
[2026-09-04 20:43:55.993] daemon call ok method=ping id=193 bytes=38
[2026-09-04 20:44:00.968] daemon call ok method=ping id=194 bytes=38
[2026-09-04 20:44:05.970] daemon call ok method=ping id=195 bytes=38
[2026-09-04 20:44:10.963] daemon call ok method=ping id=196 bytes=38
[2026-09-04 20:44:15.969] daemon call ok method=ping id=197 bytes=38
[2026-09-04 20:44:20.969] daemon call ok method=ping id=198 bytes=38
[2026-09-04 20:44:25.963] daemon call ok method=ping id=199 bytes=38
[2026-09-04 20:44:30.975] daemon call ok method=ping id=200 bytes=38
[2026-09-04 20:44:35.963] daemon call ok method=ping id=201 bytes=38
[2026-09-04 20:44:40.967] daemon call ok method=ping id=202 bytes=38
[2026-09-04 20:44:45.962] daemon call ok method=ping id=203 bytes=38
[2026-09-04 20:44:50.972] daemon call ok method=ping id=204 bytes=38
[2026-09-04 20:44:55.968] daemon call ok method=ping id=205 bytes=38
[2026-09-04 20:45:00.974] daemon call ok method=ping id=206 bytes=38
[2026-09-04 20:45:05.981] daemon call ok method=ping id=207 bytes=38
[2026-09-04 20:45:10.967] daemon call ok method=ping id=208 bytes=38
[2026-09-04 20:45:15.969] daemon call ok method=ping id=209 bytes=38
[2026-09-04 20:45:20.963] daemon call ok method=ping id=210 bytes=38
[2026-09-04 20:45:25.976] daemon call ok method=ping id=211 bytes=38
[2026-09-04 20:45:30.967] daemon call ok method=ping id=212 bytes=38
[2026-09-04 20:45:35.965] daemon call ok method=ping id=213 bytes=38
[2026-09-04 20:45:40.978] daemon call ok method=ping id=214 bytes=38
[2026-09-04 20:45:45.967] daemon call ok method=ping id=215 bytes=38
[2026-09-04 20:45:50.970] daemon call ok method=ping id=216 bytes=38
[2026-09-04 20:45:55.972] daemon call ok method=ping id=217 bytes=38
[2026-09-04 20:46:00.968] daemon call ok method=ping id=218 bytes=38
[2026-09-04 20:46:05.967] daemon call ok method=ping id=219 bytes=38
[2026-09-04 20:46:10.587] daemon notify queued method=notifications/event bytes=675
[2026-09-04 20:46:10.963] daemon call ok method=ping id=220 bytes=38
[2026-09-04 20:46:15.971] daemon call ok method=ping id=221 bytes=38
[2026-09-04 20:46:20.963] daemon call ok method=ping id=222 bytes=38
[2026-09-04 20:46:25.965] daemon call ok method=ping id=223 bytes=38
[2026-09-04 20:46:30.971] daemon call ok method=ping id=224 bytes=38
[2026-09-04 20:46:35.972] daemon call ok method=ping id=225 bytes=38
[2026-09-04 20:46:40.963] daemon call ok method=ping id=226 bytes=38
[2026-09-04 20:46:45.964] daemon call ok method=ping id=227 bytes=38
[2026-09-04 20:46:50.970] daemon call ok method=ping id=228 bytes=38
[2026-09-04 20:46:55.967] daemon call ok method=ping id=229 bytes=38
[2026-09-04 20:47:00.966] daemon call ok method=ping id=230 bytes=38
[2026-09-04 20:47:05.964] daemon call ok method=ping id=231 bytes=38
[2026-09-04 20:47:10.966] daemon call ok method=ping id=232 bytes=38
[2026-09-04 20:47:15.963] daemon call ok method=ping id=233 bytes=38
[2026-09-04 20:47:20.966] daemon call ok method=ping id=234 bytes=38
[2026-09-04 20:47:25.988] daemon call ok method=ping id=235 bytes=38
[2026-09-04 20:47:30.964] daemon call ok method=ping id=236 bytes=38
[2026-09-04 20:47:35.967] daemon call ok method=ping id=237 bytes=38
[2026-09-04 20:47:40.966] daemon call ok method=ping id=238 bytes=38
[2026-09-04 20:47:45.968] daemon call ok method=ping id=239 bytes=38
[2026-09-04 20:47:50.981] daemon call ok method=ping id=240 bytes=38
[2026-09-04 20:47:55.966] daemon call ok method=ping id=241 bytes=38
[2026-09-04 20:48:00.970] daemon call ok method=ping id=242 bytes=38
[2026-09-04 20:48:05.963] daemon call ok method=ping id=243 bytes=38
[2026-09-04 20:48:10.971] daemon call ok method=ping id=244 bytes=38
[2026-09-04 20:48:15.964] daemon call ok method=ping id=245 bytes=38
[2026-09-04 20:48:20.968] daemon call ok method=ping id=246 bytes=38
[2026-09-04 20:48:25.964] daemon call ok method=ping id=247 bytes=38
[2026-09-04 20:48:30.964] daemon call ok method=ping id=248 bytes=38
[2026-09-04 20:48:35.967] daemon call ok method=ping id=249 bytes=38
[2026-09-04 20:48:40.965] daemon call ok method=ping id=250 bytes=38
[2026-09-04 20:48:45.965] daemon call ok method=ping id=251 bytes=38
[2026-09-04 20:48:50.980] daemon call ok method=ping id=252 bytes=38
[2026-09-04 20:48:55.965] daemon call ok method=ping id=253 bytes=38
[2026-09-04 20:49:00.965] daemon call ok method=ping id=254 bytes=38
[2026-09-04 20:49:05.965] daemon call ok method=ping id=255 bytes=38
[2026-09-04 20:49:10.965] daemon call ok method=ping id=256 bytes=38
[2026-09-04 20:49:15.965] daemon call ok method=ping id=257 bytes=38
[2026-09-04 20:49:20.967] daemon call ok method=ping id=258 bytes=38
[2026-09-04 20:49:25.967] daemon call ok method=ping id=259 bytes=38
[2026-09-04 20:49:30.965] daemon call ok method=ping id=260 bytes=38
[2026-09-04 20:49:35.970] daemon call ok method=ping id=261 bytes=38
[2026-09-04 20:49:40.967] daemon call ok method=ping id=262 bytes=38
[2026-09-04 20:49:45.965] daemon call ok method=ping id=263 bytes=38
[2026-09-04 20:49:50.965] daemon call ok method=ping id=264 bytes=38
[2026-09-04 20:49:55.965] daemon call ok method=ping id=265 bytes=38
[2026-09-04 20:50:00.965] daemon call ok method=ping id=266 bytes=38
[2026-09-04 20:50:05.964] daemon call ok method=ping id=267 bytes=38
[2026-09-04 20:50:10.977] daemon call ok method=ping id=268 bytes=38
[2026-09-04 20:50:15.966] daemon call ok method=ping id=269 bytes=38
[2026-09-04 20:50:20.967] daemon call ok method=ping id=270 bytes=38
[2026-09-04 20:50:25.968] daemon call ok method=ping id=271 bytes=38
[2026-09-04 20:50:30.971] daemon call ok method=ping id=272 bytes=38
[2026-09-04 20:50:35.995] daemon call ok method=ping id=273 bytes=38
[2026-09-04 20:50:40.967] daemon call ok method=ping id=274 bytes=38
[2026-09-04 20:50:45.968] daemon call ok method=ping id=275 bytes=38
[2026-09-04 20:50:50.966] daemon call ok method=ping id=276 bytes=38
[2026-09-04 20:50:55.966] daemon call ok method=ping id=277 bytes=38
[2026-09-04 20:51:00.965] daemon call ok method=ping id=278 bytes=38
[2026-09-04 20:51:05.966] daemon call ok method=ping id=279 bytes=38
[2026-09-04 20:51:10.968] daemon call ok method=ping id=280 bytes=38
[2026-09-04 20:51:15.965] daemon call ok method=ping id=281 bytes=38
[2026-09-04 20:51:20.965] daemon call ok method=ping id=282 bytes=38
[2026-09-04 20:51:25.966] daemon call ok method=ping id=283 bytes=38
[2026-09-04 20:51:30.971] daemon call ok method=ping id=284 bytes=38
[2026-09-04 20:51:35.965] daemon call ok method=ping id=285 bytes=38
[2026-09-04 20:51:40.977] daemon call ok method=ping id=286 bytes=38
[2026-09-04 20:51:45.965] daemon call ok method=ping id=287 bytes=38
[2026-09-04 20:51:50.966] daemon call ok method=ping id=288 bytes=38
[2026-09-04 20:51:55.966] daemon call ok method=ping id=289 bytes=38
[2026-09-04 20:52:00.967] daemon call ok method=ping id=290 bytes=38
[2026-09-04 20:52:06.024] daemon call ok method=ping id=291 bytes=38
[2026-09-04 20:52:10.969] daemon call ok method=ping id=292 bytes=38
[2026-09-04 20:52:15.966] daemon call ok method=ping id=293 bytes=38
[2026-09-04 20:52:20.967] daemon call ok method=ping id=294 bytes=38
[2026-09-04 20:52:25.968] daemon call ok method=ping id=295 bytes=38
[2026-09-04 20:52:30.966] daemon call ok method=ping id=296 bytes=38
[2026-09-04 20:52:35.976] daemon call ok method=ping id=297 bytes=38
[2026-09-04 20:52:41.005] daemon call ok method=ping id=298 bytes=38
[2026-09-04 20:52:45.981] daemon call ok method=ping id=299 bytes=38
[2026-09-04 20:52:50.987] daemon call ok method=ping id=300 bytes=38
[2026-09-04 20:52:55.997] daemon call ok method=ping id=301 bytes=38
[2026-09-04 20:53:00.989] daemon call ok method=ping id=302 bytes=38
[2026-09-04 20:53:05.988] daemon call ok method=ping id=303 bytes=38
[2026-09-04 20:53:10.990] daemon call ok method=ping id=304 bytes=38
[2026-09-04 20:53:15.987] daemon call ok method=ping id=305 bytes=38
[2026-09-04 20:53:20.996] daemon call ok method=ping id=306 bytes=38
[2026-09-04 20:53:25.989] daemon call ok method=ping id=307 bytes=38
[2026-09-04 20:53:30.989] daemon call ok method=ping id=308 bytes=38
[2026-09-04 20:53:35.986] daemon call ok method=ping id=309 bytes=38
[2026-09-04 20:53:40.988] daemon call ok method=ping id=310 bytes=38
[2026-09-04 20:53:45.991] daemon call ok method=ping id=311 bytes=38
[2026-09-04 20:53:50.988] daemon call ok method=ping id=312 bytes=38
[2026-09-04 20:53:55.989] daemon call ok method=ping id=313 bytes=38
[2026-09-04 20:54:00.988] daemon call ok method=ping id=314 bytes=38
[2026-09-04 20:54:05.988] daemon call ok method=ping id=315 bytes=38
[2026-09-04 20:54:10.991] daemon call ok method=ping id=316 bytes=38
[2026-09-04 20:54:15.989] daemon call ok method=ping id=317 bytes=38
[2026-09-04 20:54:20.988] daemon call ok method=ping id=318 bytes=38
[2026-09-04 20:54:25.989] daemon call ok method=ping id=319 bytes=38
[2026-09-04 20:54:30.989] daemon call ok method=ping id=320 bytes=38
[2026-09-04 20:54:35.989] daemon call ok method=ping id=321 bytes=38
[2026-09-04 20:54:40.987] daemon call ok method=ping id=322 bytes=38
[2026-09-04 20:54:45.988] daemon call ok method=ping id=323 bytes=38
[2026-09-04 20:54:50.988] daemon call ok method=ping id=324 bytes=38
[2026-09-04 20:54:56.043] daemon call ok method=ping id=325 bytes=38
[2026-09-04 20:55:00.990] daemon call ok method=ping id=326 bytes=38
[2026-09-04 20:55:06.000] daemon call ok method=ping id=327 bytes=38
[2026-09-04 20:55:10.997] daemon call ok method=ping id=328 bytes=38
[2026-09-04 20:55:15.989] daemon call ok method=ping id=329 bytes=38
[2026-09-04 20:55:20.996] daemon call ok method=ping id=330 bytes=38
[2026-09-04 20:55:25.988] daemon call ok method=ping id=331 bytes=38
[2026-09-04 20:55:31.013] daemon call ok method=ping id=332 bytes=38
[2026-09-04 20:55:35.988] daemon call ok method=ping id=333 bytes=38
[2026-09-04 20:55:40.991] daemon call ok method=ping id=334 bytes=38
[2026-09-04 20:55:45.989] daemon call ok method=ping id=335 bytes=38
[2026-09-04 20:55:50.994] daemon call ok method=ping id=336 bytes=38
[2026-09-04 20:55:55.989] daemon call ok method=ping id=337 bytes=38
[2026-09-04 20:56:00.989] daemon call ok method=ping id=338 bytes=38
[2026-09-04 20:56:06.008] daemon call ok method=ping id=339 bytes=38
[2026-09-04 20:56:10.989] daemon call ok method=ping id=340 bytes=38
[2026-09-04 20:56:15.991] daemon call ok method=ping id=341 bytes=38
[2026-09-04 20:56:20.989] daemon call ok method=ping id=342 bytes=38
[2026-09-04 20:56:25.990] daemon call ok method=ping id=343 bytes=38
[2026-09-04 20:56:30.989] daemon call ok method=ping id=344 bytes=38
[2026-09-04 20:56:35.998] daemon call ok method=ping id=345 bytes=38
[2026-09-04 20:56:40.989] daemon call ok method=ping id=346 bytes=38
[2026-09-04 20:56:45.991] daemon call ok method=ping id=347 bytes=38
[2026-09-04 20:56:50.990] daemon call ok method=ping id=348 bytes=38
[2026-09-04 20:56:55.990] daemon call ok method=ping id=349 bytes=38
[2026-09-04 20:57:00.990] daemon call ok method=ping id=350 bytes=38
[2026-09-04 20:57:05.989] daemon call ok method=ping id=351 bytes=38
[2026-09-04 20:57:10.989] daemon call ok method=ping id=352 bytes=38
[2026-09-04 20:57:15.990] daemon call ok method=ping id=353 bytes=38
[2026-09-04 20:57:20.992] daemon call ok method=ping id=354 bytes=38
[2026-09-04 20:57:25.990] daemon call ok method=ping id=355 bytes=38
[2026-09-04 20:57:30.992] daemon call ok method=ping id=356 bytes=38
[2026-09-04 20:57:35.991] daemon call ok method=ping id=357 bytes=38
[2026-09-04 20:57:40.990] daemon call ok method=ping id=358 bytes=38
[2026-09-04 20:57:45.990] daemon call ok method=ping id=359 bytes=38
[2026-09-04 20:57:50.990] daemon call ok method=ping id=360 bytes=38
[2026-09-04 20:57:55.990] daemon call ok method=ping id=361 bytes=38
[2026-09-04 21:03:01.067] run start daemon_tcp=127.0.0.1:8443 request_timeout=30s heartbeat=5s stdio_keepalive=45s
[2026-09-04 21:03:01.078] daemon dial begin tcp=127.0.0.1:8443
[2026-09-04 21:03:01.090] daemon call ok method=initialize id=1 bytes=257
[2026-09-04 21:03:01.111] daemon initialize ok
[2026-09-04 21:03:01.148] daemon call ok method=events/subscribe id=2 bytes=125
[2026-09-04 21:03:01.157] events/subscribe ok client_id=ide-ide-proxy
[2026-09-04 21:03:01.191] daemon notify queued method=notifications/event bytes=304
[2026-09-04 21:03:06.173] daemon notify queued method=notifications/message bytes=230
[2026-09-04 21:03:06.180] daemon call ok method=ping id=3 bytes=36
[2026-09-04 21:03:11.331] daemon call ok method=ping id=4 bytes=36
[2026-09-04 21:03:16.173] daemon call ok method=ping id=5 bytes=36
[2026-09-04 21:03:21.173] daemon call ok method=ping id=6 bytes=36
[2026-09-04 21:03:26.173] daemon call ok method=ping id=7 bytes=36
[2026-09-04 21:03:31.172] daemon call ok method=ping id=8 bytes=36
[2026-09-04 21:03:36.173] daemon call ok method=ping id=9 bytes=36
[2026-09-04 21:03:41.173] daemon call ok method=ping id=10 bytes=37
[2026-09-04 21:03:46.172] daemon call ok method=ping id=11 bytes=37
[2026-09-04 21:03:51.172] daemon call ok method=ping id=12 bytes=37
[2026-09-04 21:03:56.173] daemon call ok method=ping id=13 bytes=37
[2026-09-04 21:04:01.173] daemon call ok method=ping id=14 bytes=37
[2026-09-04 21:04:06.173] daemon call ok method=ping id=15 bytes=37
[2026-09-04 21:04:11.173] daemon call ok method=ping id=16 bytes=37
[2026-09-04 21:04:16.173] daemon call ok method=ping id=17 bytes=37
[2026-09-04 21:04:21.173] daemon call ok method=ping id=18 bytes=37
[2026-09-04 21:04:26.173] daemon call ok method=ping id=19 bytes=37
[2026-09-04 21:04:31.184] daemon call ok method=ping id=20 bytes=37
[2026-09-04 21:04:36.173] daemon call ok method=ping id=21 bytes=37
[2026-09-04 21:04:41.174] daemon call ok method=ping id=22 bytes=37
[2026-09-04 21:04:46.174] daemon call ok method=ping id=23 bytes=37
[2026-09-04 21:04:51.174] daemon call ok method=ping id=24 bytes=37
[2026-09-04 21:04:56.174] daemon call ok method=ping id=25 bytes=37
[2026-09-04 21:05:01.174] daemon call ok method=ping id=26 bytes=37
[2026-09-04 21:05:06.173] daemon call ok method=ping id=27 bytes=37
[2026-09-04 21:05:11.177] daemon call ok method=ping id=28 bytes=37
[2026-09-04 21:05:16.175] daemon call ok method=ping id=29 bytes=37
[2026-09-04 21:05:21.175] daemon call ok method=ping id=30 bytes=37
[2026-09-04 21:05:26.174] daemon call ok method=ping id=31 bytes=37
[2026-09-04 21:05:31.183] daemon call ok method=ping id=32 bytes=37
[2026-09-04 21:05:36.174] daemon call ok method=ping id=33 bytes=37
[2026-09-04 21:05:41.174] daemon call ok method=ping id=34 bytes=37
[2026-09-04 21:05:46.175] daemon call ok method=ping id=35 bytes=37
[2026-09-04 21:05:51.174] daemon call ok method=ping id=36 bytes=37
[2026-09-04 21:05:56.174] daemon call ok method=ping id=37 bytes=37
[2026-09-04 21:06:01.176] daemon call ok method=ping id=38 bytes=37
[2026-09-04 21:06:06.175] daemon call ok method=ping id=39 bytes=37
[2026-09-04 21:06:11.174] daemon call ok method=ping id=40 bytes=37
[2026-09-04 21:06:16.174] daemon call ok method=ping id=41 bytes=37
[2026-09-04 21:06:21.175] daemon call ok method=ping id=42 bytes=37
[2026-09-04 21:06:26.175] daemon call ok method=ping id=43 bytes=37
[2026-09-04 21:06:31.176] daemon call ok method=ping id=44 bytes=37
[2026-09-04 21:06:36.176] daemon call ok method=ping id=45 bytes=37
[2026-09-04 21:06:41.175] daemon call ok method=ping id=46 bytes=37
[2026-09-04 21:06:46.175] daemon call ok method=ping id=47 bytes=37
[2026-09-04 21:06:51.178] daemon call ok method=ping id=48 bytes=37
[2026-09-04 21:06:56.175] daemon call ok method=ping id=49 bytes=37
[2026-09-04 21:07:01.176] daemon call ok method=ping id=50 bytes=37
[2026-09-04 21:07:06.175] daemon call ok method=ping id=51 bytes=37
[2026-09-04 21:07:11.177] daemon call ok method=ping id=52 bytes=37
[2026-09-04 21:07:16.176] daemon call ok method=ping id=53 bytes=37
[2026-09-04 21:07:21.176] daemon call ok method=ping id=54 bytes=37
[2026-09-04 21:07:26.176] daemon call ok method=ping id=55 bytes=37
[2026-09-04 21:07:31.177] daemon call ok method=ping id=56 bytes=37
[2026-09-04 21:07:36.176] daemon call ok method=ping id=57 bytes=37
[2026-09-04 21:07:41.176] daemon call ok method=ping id=58 bytes=37
[2026-09-04 21:07:46.176] daemon call ok method=ping id=59 bytes=37
[2026-09-04 21:07:51.176] daemon call ok method=ping id=60 bytes=37
[2026-09-04 21:07:56.176] daemon call ok method=ping id=61 bytes=37
[2026-09-04 21:08:01.177] daemon call ok method=ping id=62 bytes=37
[2026-09-04 21:08:06.177] daemon call ok method=ping id=63 bytes=37
[2026-09-04 21:08:11.176] daemon call ok method=ping id=64 bytes=37
[2026-09-04 21:08:16.177] daemon call ok method=ping id=65 bytes=37
[2026-09-04 21:08:21.176] daemon call ok method=ping id=66 bytes=37
[2026-09-04 21:08:26.185] daemon call ok method=ping id=67 bytes=37
[2026-09-04 21:08:31.177] daemon call ok method=ping id=68 bytes=37
[2026-09-04 21:08:36.181] daemon call ok method=ping id=69 bytes=37
[2026-09-04 21:08:41.176] daemon call ok method=ping id=70 bytes=37
[2026-09-04 21:08:46.178] daemon call ok method=ping id=71 bytes=37
[2026-09-04 21:08:51.179] daemon call ok method=ping id=72 bytes=37
[2026-09-04 21:08:56.179] daemon call ok method=ping id=73 bytes=37
[2026-09-04 21:09:01.180] daemon call ok method=ping id=74 bytes=37
[2026-09-04 21:09:06.177] daemon call ok method=ping id=75 bytes=37
[2026-09-04 21:09:11.177] daemon call ok method=ping id=76 bytes=37
[2026-09-04 21:09:16.177] daemon call ok method=ping id=77 bytes=37
[2026-09-04 21:09:21.176] daemon call ok method=ping id=78 bytes=37
[2026-09-04 21:09:26.183] daemon call ok method=ping id=79 bytes=37
[2026-09-04 21:09:31.178] daemon call ok method=ping id=80 bytes=37
[2026-09-04 21:09:36.178] daemon call ok method=ping id=81 bytes=37
[2026-09-04 21:09:41.178] daemon call ok method=ping id=82 bytes=37
[2026-09-04 21:09:46.178] daemon call ok method=ping id=83 bytes=37
[2026-09-04 21:09:51.178] daemon call ok method=ping id=84 bytes=37
[2026-09-04 21:09:56.177] daemon call ok method=ping id=85 bytes=37
[2026-09-04 21:10:01.179] daemon call ok method=ping id=86 bytes=37
[2026-09-04 21:10:06.183] daemon call ok method=ping id=87 bytes=37
[2026-09-04 21:10:11.179] daemon call ok method=ping id=88 bytes=37
[2026-09-04 21:10:16.178] daemon call ok method=ping id=89 bytes=37
[2026-09-04 21:10:21.176] daemon call ok method=ping id=90 bytes=37
[2026-09-04 21:10:26.178] daemon call ok method=ping id=91 bytes=37
[2026-09-04 21:10:31.180] daemon call ok method=ping id=92 bytes=37
[2026-09-04 21:10:36.178] daemon call ok method=ping id=93 bytes=37
[2026-09-04 21:10:41.179] daemon call ok method=ping id=94 bytes=37
[2026-09-04 21:10:46.178] daemon call ok method=ping id=95 bytes=37
[2026-09-04 21:10:51.181] daemon call ok method=ping id=96 bytes=37
[2026-09-04 21:10:56.178] daemon call ok method=ping id=97 bytes=37
[2026-09-04 21:11:01.179] daemon call ok method=ping id=98 bytes=37
[2026-09-04 21:11:06.178] daemon call ok method=ping id=99 bytes=37
[2026-09-04 21:11:11.180] daemon call ok method=ping id=100 bytes=38
[2026-09-04 21:11:16.178] daemon call ok method=ping id=101 bytes=38
[2026-09-04 21:11:21.178] daemon call ok method=ping id=102 bytes=38
[2026-09-04 21:11:26.179] daemon call ok method=ping id=103 bytes=38
[2026-09-04 21:11:31.179] daemon call ok method=ping id=104 bytes=38
[2026-09-04 21:11:36.180] daemon call ok method=ping id=105 bytes=38
[2026-09-04 21:11:41.180] daemon call ok method=ping id=106 bytes=38
[2026-09-04 21:11:46.180] daemon call ok method=ping id=107 bytes=38
[2026-09-04 21:11:51.179] daemon call ok method=ping id=108 bytes=38
[2026-09-04 21:11:56.179] daemon call ok method=ping id=109 bytes=38
[2026-09-04 21:12:01.179] daemon call ok method=ping id=110 bytes=38
[2026-09-04 21:12:06.179] daemon call ok method=ping id=111 bytes=38
[2026-09-04 21:12:11.179] daemon call ok method=ping id=112 bytes=38
[2026-09-04 21:12:16.205] daemon call ok method=ping id=113 bytes=38
[2026-09-04 21:12:21.180] daemon call ok method=ping id=114 bytes=38
[2026-09-04 21:12:26.179] daemon call ok method=ping id=115 bytes=38
[2026-09-04 21:12:31.180] daemon call ok method=ping id=116 bytes=38
[2026-09-04 21:12:36.180] daemon call ok method=ping id=117 bytes=38
[2026-09-04 21:12:41.179] daemon call ok method=ping id=118 bytes=38
[2026-09-04 21:12:46.180] daemon call ok method=ping id=119 bytes=38
[2026-09-04 21:12:51.180] daemon call ok method=ping id=120 bytes=38
[2026-09-04 21:12:56.180] daemon call ok method=ping id=121 bytes=38
[2026-09-04 21:13:01.181] daemon call ok method=ping id=122 bytes=38
[2026-09-04 21:13:06.181] daemon call ok method=ping id=123 bytes=38
[2026-09-04 21:13:11.180] daemon call ok method=ping id=124 bytes=38
[2026-09-04 21:13:16.180] daemon call ok method=ping id=125 bytes=38
[2026-09-04 21:13:21.180] daemon call ok method=ping id=126 bytes=38
[2026-09-04 21:13:26.181] daemon call ok method=ping id=127 bytes=38
[2026-09-04 21:13:31.181] daemon call ok method=ping id=128 bytes=38
[2026-09-04 21:13:36.180] daemon call ok method=ping id=129 bytes=38
[2026-09-04 21:13:41.180] daemon call ok method=ping id=130 bytes=38
[2026-09-04 21:13:46.181] daemon call ok method=ping id=131 bytes=38
[2026-09-04 21:13:51.180] daemon call ok method=ping id=132 bytes=38
[2026-09-04 21:13:56.184] daemon call ok method=ping id=133 bytes=38
[2026-09-04 21:14:01.181] daemon call ok method=ping id=134 bytes=38
[2026-09-04 21:14:06.182] daemon call ok method=ping id=135 bytes=38
[2026-09-04 21:14:11.180] daemon call ok method=ping id=136 bytes=38
[2026-09-04 21:14:16.186] daemon call ok method=ping id=137 bytes=38
[2026-09-04 21:14:21.183] daemon call ok method=ping id=138 bytes=38
[2026-09-04 21:14:26.182] daemon call ok method=ping id=139 bytes=38
[2026-09-04 21:14:31.182] daemon call ok method=ping id=140 bytes=38
[2026-09-04 21:14:36.180] daemon call ok method=ping id=141 bytes=38
[2026-09-04 21:14:41.181] daemon call ok method=ping id=142 bytes=38
[2026-09-04 21:14:46.182] daemon call ok method=ping id=143 bytes=38
[2026-09-04 21:14:51.180] daemon call ok method=ping id=144 bytes=38
[2026-09-04 21:14:56.181] daemon call ok method=ping id=145 bytes=38
[2026-09-04 21:15:01.177] daemon call ok method=ping id=146 bytes=38
[2026-09-04 21:15:06.175] daemon call ok method=ping id=147 bytes=38
[2026-09-04 21:15:11.173] daemon call ok method=ping id=148 bytes=38
[2026-09-04 21:15:16.171] daemon call ok method=ping id=149 bytes=38
[2026-09-04 21:15:21.179] daemon call ok method=ping id=150 bytes=38
[2026-09-04 21:15:26.168] daemon call ok method=ping id=151 bytes=38
[2026-09-04 21:15:31.167] daemon call ok method=ping id=152 bytes=38
[2026-09-04 21:15:36.166] daemon call ok method=ping id=153 bytes=38
[2026-09-04 21:15:41.165] daemon call ok method=ping id=154 bytes=38
[2026-09-04 21:15:46.166] daemon call ok method=ping id=155 bytes=38
[2026-09-04 21:15:51.165] daemon call ok method=ping id=156 bytes=38
[2026-09-04 21:15:56.165] daemon call ok method=ping id=157 bytes=38
[2026-09-04 21:16:01.164] daemon call ok method=ping id=158 bytes=38
[2026-09-04 21:16:06.166] daemon call ok method=ping id=159 bytes=38
[2026-09-04 21:16:11.165] daemon call ok method=ping id=160 bytes=38
[2026-09-04 21:16:16.165] daemon call ok method=ping id=161 bytes=38
[2026-09-04 21:16:21.165] daemon call ok method=ping id=162 bytes=38
[2026-09-04 21:16:26.165] daemon call ok method=ping id=163 bytes=38
[2026-09-04 21:16:31.165] daemon call ok method=ping id=164 bytes=38
[2026-09-04 21:16:36.165] daemon call ok method=ping id=165 bytes=38
[2026-09-04 21:16:41.165] daemon call ok method=ping id=166 bytes=38
[2026-09-04 21:16:46.167] daemon call ok method=ping id=167 bytes=38
[2026-09-04 21:16:51.165] daemon call ok method=ping id=168 bytes=38
[2026-09-04 21:16:56.164] daemon call ok method=ping id=169 bytes=38
[2026-09-04 21:17:01.166] daemon call ok method=ping id=170 bytes=38
[2026-09-04 21:17:06.165] daemon call ok method=ping id=171 bytes=38
[2026-09-04 21:17:11.164] daemon call ok method=ping id=172 bytes=38
[2026-09-04 21:17:16.166] daemon call ok method=ping id=173 bytes=38
[2026-09-04 21:17:21.165] daemon call ok method=ping id=174 bytes=38
[2026-09-04 21:17:26.164] daemon call ok method=ping id=175 bytes=38
[2026-09-04 21:17:31.166] daemon call ok method=ping id=176 bytes=38
[2026-09-04 21:17:36.164] daemon call ok method=ping id=177 bytes=38
[2026-09-04 21:17:41.166] daemon call ok method=ping id=178 bytes=38
[2026-09-04 21:17:46.165] daemon call ok method=ping id=179 bytes=38
[2026-09-04 21:17:51.166] daemon call ok method=ping id=180 bytes=38
[2026-09-04 21:17:56.166] daemon call ok method=ping id=181 bytes=38
[2026-09-04 21:18:01.165] daemon call ok method=ping id=182 bytes=38
[2026-09-04 21:18:06.167] daemon call ok method=ping id=183 bytes=38
[2026-09-04 21:18:11.164] daemon call ok method=ping id=184 bytes=38
[2026-09-04 21:18:16.166] daemon call ok method=ping id=185 bytes=38
[2026-09-04 21:18:21.166] daemon call ok method=ping id=186 bytes=38
[2026-09-04 21:18:26.166] daemon call ok method=ping id=187 bytes=38
[2026-09-04 21:18:31.166] daemon call ok method=ping id=188 bytes=38
[2026-09-04 21:18:36.166] daemon call ok method=ping id=189 bytes=38
[2026-09-04 21:18:41.166] daemon call ok method=ping id=190 bytes=38
[2026-09-04 21:18:46.169] daemon call ok method=ping id=191 bytes=38
[2026-09-04 21:18:51.165] daemon call ok method=ping id=192 bytes=38
[2026-09-04 21:18:56.166] daemon call ok method=ping id=193 bytes=38
[2026-09-04 21:19:01.166] daemon call ok method=ping id=194 bytes=38
[2026-09-04 21:19:06.166] daemon call ok method=ping id=195 bytes=38
[2026-09-04 21:19:11.166] daemon call ok method=ping id=196 bytes=38
[2026-09-04 21:19:16.166] daemon call ok method=ping id=197 bytes=38
[2026-09-04 21:19:21.166] daemon call ok method=ping id=198 bytes=38
[2026-09-04 21:19:26.167] daemon call ok method=ping id=199 bytes=38
[2026-09-04 21:19:31.167] daemon call ok method=ping id=200 bytes=38
[2026-09-04 21:19:36.166] daemon call ok method=ping id=201 bytes=38
[2026-09-04 21:19:41.166] daemon call ok method=ping id=202 bytes=38
[2026-09-04 21:19:46.165] daemon call ok method=ping id=203 bytes=38
[2026-09-04 21:19:51.165] daemon call ok method=ping id=204 bytes=38
[2026-09-04 21:19:56.166] daemon call ok method=ping id=205 bytes=38
[2026-09-04 21:20:01.186] daemon call ok method=ping id=206 bytes=38
[2026-09-04 21:20:06.166] daemon call ok method=ping id=207 bytes=38
[2026-09-04 21:20:11.182] daemon call ok method=ping id=208 bytes=38
[2026-09-04 21:20:16.166] daemon call ok method=ping id=209 bytes=38
[2026-09-04 21:20:21.169] daemon call ok method=ping id=210 bytes=38
[2026-09-04 21:20:26.167] daemon call ok method=ping id=211 bytes=38
[2026-09-04 21:20:31.168] daemon call ok method=ping id=212 bytes=38
[2026-09-04 21:20:36.167] daemon call ok method=ping id=213 bytes=38
[2026-09-04 21:20:41.168] daemon call ok method=ping id=214 bytes=38
[2026-09-04 21:20:46.167] daemon call ok method=ping id=215 bytes=38
[2026-09-04 21:20:51.169] daemon call ok method=ping id=216 bytes=38
[2026-09-04 21:20:56.167] daemon call ok method=ping id=217 bytes=38
[2026-09-04 21:21:01.168] daemon call ok method=ping id=218 bytes=38
[2026-09-04 21:21:06.165] daemon call ok method=ping id=219 bytes=38
[2026-09-04 21:21:11.168] daemon call ok method=ping id=220 bytes=38
[2026-09-04 21:21:16.167] daemon call ok method=ping id=221 bytes=38
[2026-09-04 21:21:21.167] daemon call ok method=ping id=222 bytes=38
[2026-09-04 21:21:26.169] daemon call ok method=ping id=223 bytes=38
[2026-09-04 21:21:31.166] daemon call ok method=ping id=224 bytes=38
[2026-09-04 21:21:36.167] daemon call ok method=ping id=225 bytes=38
[2026-09-04 21:21:41.168] daemon call ok method=ping id=226 bytes=38
[2026-09-04 21:21:46.166] daemon call ok method=ping id=227 bytes=38
[2026-09-04 21:21:51.167] daemon call ok method=ping id=228 bytes=38
[2026-09-04 21:21:56.168] daemon call ok method=ping id=229 bytes=38
[2026-09-04 21:22:01.166] daemon call ok method=ping id=230 bytes=38
[2026-09-04 21:22:06.178] daemon call ok method=ping id=231 bytes=38
[2026-09-04 21:22:11.166] daemon call ok method=ping id=232 bytes=38
[2026-09-04 21:22:16.168] daemon call ok method=ping id=233 bytes=38
[2026-09-04 21:22:21.167] daemon call ok method=ping id=234 bytes=38
[2026-09-04 21:22:26.169] daemon call ok method=ping id=235 bytes=38
[2026-09-04 21:22:31.169] daemon call ok method=ping id=236 bytes=38
[2026-09-04 21:22:36.216] daemon call ok method=ping id=237 bytes=38
[2026-09-04 21:22:41.167] daemon call ok method=ping id=238 bytes=38
[2026-09-04 21:22:46.167] daemon call ok method=ping id=239 bytes=38
[2026-09-04 21:22:51.167] daemon call ok method=ping id=240 bytes=38
[2026-09-04 21:22:56.168] daemon call ok method=ping id=241 bytes=38
[2026-09-04 21:23:01.166] daemon call ok method=ping id=242 bytes=38
[2026-09-04 21:23:06.166] daemon call ok method=ping id=243 bytes=38
[2026-09-04 21:23:11.168] daemon call ok method=ping id=244 bytes=38
[2026-09-04 21:23:16.168] daemon call ok method=ping id=245 bytes=38
[2026-09-04 21:23:21.168] daemon call ok method=ping id=246 bytes=38
[2026-09-04 21:23:26.167] daemon call ok method=ping id=247 bytes=38
[2026-09-04 21:23:31.166] daemon call ok method=ping id=248 bytes=38
[2026-09-04 21:23:36.169] daemon call ok method=ping id=249 bytes=38
[2026-09-04 21:23:41.169] daemon call ok method=ping id=250 bytes=38
[2026-09-04 21:23:46.169] daemon call ok method=ping id=251 bytes=38
[2026-09-04 21:23:51.169] daemon call ok method=ping id=252 bytes=38
[2026-09-04 21:23:56.169] daemon call ok method=ping id=253 bytes=38
[2026-09-04 21:24:01.171] daemon call ok method=ping id=254 bytes=38
[2026-09-04 21:24:06.166] daemon call ok method=ping id=255 bytes=38
[2026-09-04 21:24:11.177] daemon call ok method=ping id=256 bytes=38
[2026-09-04 21:24:16.177] daemon call ok method=ping id=257 bytes=38
[2026-09-04 21:24:21.168] daemon call ok method=ping id=258 bytes=38
[2026-09-04 21:24:26.167] daemon call ok method=ping id=259 bytes=38
[2026-09-04 21:24:31.167] daemon call ok method=ping id=260 bytes=38
[2026-09-04 21:24:36.167] daemon call ok method=ping id=261 bytes=38
[2026-09-04 21:24:41.167] daemon call ok method=ping id=262 bytes=38
[2026-09-04 21:24:46.167] daemon call ok method=ping id=263 bytes=38
[2026-09-04 21:24:51.167] daemon call ok method=ping id=264 bytes=38
[2026-09-04 21:24:56.168] daemon call ok method=ping id=265 bytes=38
[2026-09-04 21:25:01.168] daemon call ok method=ping id=266 bytes=38
[2026-09-04 21:25:06.167] daemon call ok method=ping id=267 bytes=38
[2026-09-04 21:25:11.167] daemon call ok method=ping id=268 bytes=38
[2026-09-04 21:25:16.169] daemon call ok method=ping id=269 bytes=38
[2026-09-04 21:25:21.167] daemon call ok method=ping id=270 bytes=38
[2026-09-04 21:25:26.168] daemon call ok method=ping id=271 bytes=38
[2026-09-04 21:25:31.168] daemon call ok method=ping id=272 bytes=38
[2026-09-04 21:25:36.168] daemon call ok method=ping id=273 bytes=38
[2026-09-04 21:25:41.168] daemon call ok method=ping id=274 bytes=38
[2026-09-04 21:25:46.167] daemon call ok method=ping id=275 bytes=38
[2026-09-04 21:25:51.167] daemon call ok method=ping id=276 bytes=38
[2026-09-04 21:25:56.168] daemon call ok method=ping id=277 bytes=38
[2026-09-04 21:26:01.169] daemon call ok method=ping id=278 bytes=38
[2026-09-04 21:26:06.167] daemon call ok method=ping id=279 bytes=38
[2026-09-04 21:26:11.168] daemon call ok method=ping id=280 bytes=38
[2026-09-04 21:26:16.168] daemon call ok method=ping id=281 bytes=38
[2026-09-04 21:26:21.168] daemon call ok method=ping id=282 bytes=38
[2026-09-04 21:26:26.169] daemon call ok method=ping id=283 bytes=38
[2026-09-04 21:26:31.167] daemon call ok method=ping id=284 bytes=38
[2026-09-04 21:26:36.168] daemon call ok method=ping id=285 bytes=38
[2026-09-04 21:26:41.169] daemon call ok method=ping id=286 bytes=38
[2026-09-04 21:26:46.176] daemon call ok method=ping id=287 bytes=38
[2026-09-04 21:26:51.168] daemon call ok method=ping id=288 bytes=38
[2026-09-04 21:26:56.168] daemon call ok method=ping id=289 bytes=38
[2026-09-04 21:27:01.168] daemon call ok method=ping id=290 bytes=38
[2026-09-04 21:27:06.168] daemon call ok method=ping id=291 bytes=38
[2026-09-04 21:27:11.168] daemon call ok method=ping id=292 bytes=38
[2026-09-04 21:27:16.168] daemon call ok method=ping id=293 bytes=38
[2026-09-04 21:27:21.168] daemon call ok method=ping id=294 bytes=38
[2026-09-04 21:27:26.172] daemon call ok method=ping id=295 bytes=38
[2026-09-04 21:27:31.168] daemon call ok method=ping id=296 bytes=38
[2026-09-04 21:27:36.169] daemon call ok method=ping id=297 bytes=38
[2026-09-04 21:27:41.168] daemon call ok method=ping id=298 bytes=38
[2026-09-04 21:27:46.168] daemon call ok method=ping id=299 bytes=38
[2026-09-04 21:27:51.169] daemon call ok method=ping id=300 bytes=38
[2026-09-04 21:27:56.169] daemon call ok method=ping id=301 bytes=38
[2026-09-04 21:28:01.169] daemon call ok method=ping id=302 bytes=38
[2026-09-04 21:28:06.169] daemon call ok method=ping id=303 bytes=38
[2026-09-04 21:28:11.179] daemon call ok method=ping id=304 bytes=38
[2026-09-04 21:28:16.170] daemon call ok method=ping id=305 bytes=38
[2026-09-04 21:28:21.168] daemon call ok method=ping id=306 bytes=38
[2026-09-04 21:28:26.169] daemon call ok method=ping id=307 bytes=38
[2026-09-04 21:28:31.168] daemon call ok method=ping id=308 bytes=38
[2026-09-04 21:28:36.170] daemon call ok method=ping id=309 bytes=38
[2026-09-04 21:28:41.173] daemon call ok method=ping id=310 bytes=38
[2026-09-04 21:28:46.169] daemon call ok method=ping id=311 bytes=38
[2026-09-04 21:28:51.171] daemon call ok method=ping id=312 bytes=38
[2026-09-04 21:28:56.169] daemon call ok method=ping id=313 bytes=38
[2026-09-04 21:29:01.170] daemon call ok method=ping id=314 bytes=38
[2026-09-04 21:29:06.171] daemon call ok method=ping id=315 bytes=38
[2026-09-04 21:29:11.169] daemon call ok method=ping id=316 bytes=38
[2026-09-04 21:29:16.169] daemon call ok method=ping id=317 bytes=38
[2026-09-04 21:29:21.170] daemon call ok method=ping id=318 bytes=38
[2026-09-04 21:29:26.169] daemon call ok method=ping id=319 bytes=38
[2026-09-04 21:29:31.171] daemon call ok method=ping id=320 bytes=38
[2026-09-04 21:29:36.170] daemon call ok method=ping id=321 bytes=38
[2026-09-04 21:29:41.172] daemon call ok method=ping id=322 bytes=38
[2026-09-04 21:29:46.170] daemon call ok method=ping id=323 bytes=38
[2026-09-04 21:29:51.170] daemon call ok method=ping id=324 bytes=38
[2026-09-04 21:29:56.173] daemon call ok method=ping id=325 bytes=38
[2026-09-04 21:30:01.172] daemon call ok method=ping id=326 bytes=38
[2026-09-04 21:30:06.169] daemon call ok method=ping id=327 bytes=38
[2026-09-04 21:30:11.171] daemon call ok method=ping id=328 bytes=38
[2026-09-04 21:30:16.169] daemon call ok method=ping id=329 bytes=38
[2026-09-04 21:30:21.171] daemon call ok method=ping id=330 bytes=38
[2026-09-04 21:30:26.172] daemon call ok method=ping id=331 bytes=38
[2026-09-04 21:30:31.171] daemon call ok method=ping id=332 bytes=38
[2026-09-04 21:30:36.172] daemon call ok method=ping id=333 bytes=38
[2026-09-04 21:30:41.172] daemon call ok method=ping id=334 bytes=38
[2026-09-04 21:30:46.171] daemon call ok method=ping id=335 bytes=38
[2026-09-04 21:30:51.174] daemon call ok method=ping id=336 bytes=38
[2026-09-04 21:30:56.170] daemon call ok method=ping id=337 bytes=38
[2026-09-04 21:31:01.173] daemon call ok method=ping id=338 bytes=38
[2026-09-04 21:31:06.171] daemon call ok method=ping id=339 bytes=38
[2026-09-04 21:31:11.173] daemon call ok method=ping id=340 bytes=38
[2026-09-04 21:31:16.171] daemon call ok method=ping id=341 bytes=38
[2026-09-04 21:31:21.171] daemon call ok method=ping id=342 bytes=38
[2026-09-04 21:31:26.172] daemon call ok method=ping id=343 bytes=38
[2026-09-04 21:31:31.171] daemon call ok method=ping id=344 bytes=38
[2026-09-04 21:31:36.172] daemon call ok method=ping id=345 bytes=38
[2026-09-04 21:31:41.172] daemon call ok method=ping id=346 bytes=38
[2026-09-04 21:31:46.172] daemon call ok method=ping id=347 bytes=38
[2026-09-04 21:31:51.170] daemon call ok method=ping id=348 bytes=38
[2026-09-04 21:31:56.174] daemon call ok method=ping id=349 bytes=38
[2026-09-04 21:32:01.174] daemon call ok method=ping id=350 bytes=38
[2026-09-04 21:32:06.173] daemon call ok method=ping id=351 bytes=38
[2026-09-04 21:32:11.171] daemon call ok method=ping id=352 bytes=38
[2026-09-04 21:32:16.174] daemon call ok method=ping id=353 bytes=38
[2026-09-04 21:32:21.173] daemon call ok method=ping id=354 bytes=38
[2026-09-04 21:32:26.173] daemon call ok method=ping id=355 bytes=38
[2026-09-04 21:32:31.171] daemon call ok method=ping id=356 bytes=38
[2026-09-04 21:32:36.173] daemon call ok method=ping id=357 bytes=38
[2026-09-04 21:32:41.173] daemon call ok method=ping id=358 bytes=38
[2026-09-04 21:32:46.181] daemon call ok method=ping id=359 bytes=38
[2026-09-04 21:32:51.173] daemon call ok method=ping id=360 bytes=38
[2026-09-04 21:32:56.171] daemon call ok method=ping id=361 bytes=38
